timestamp,holiday,tavg,tmin,tmax,prcp_x,snow,wspd_x,wpgt_x,pres_x,temp,dwpt,rhum,prcp_y,wspd_y,wpgt_y,pres_y,tsun,event_name,market_day,special_friday,value
2023-11-30 00:00:00,,0.8,-1.4,3.9,16.4,0.0,3.4,32.8,1002.5,-1.4,-2.0,96.0,0.0,7.2,14.8,1006.6,0.0,Christkindlemarkt,0,0,94.0
2023-11-30 01:00:00,,0.8,-1.4,3.9,16.4,0.0,3.4,32.8,1002.5,-1.4,-2.0,96.0,0.0,3.6,15.1,1005.8,0.0,Christkindlemarkt,0,0,91.14285714285714
2023-11-30 02:00:00,,0.8,-1.4,3.9,16.4,0.0,3.4,32.8,1002.5,-1.2,-2.2,93.0,0.0,3.6,9.4,1005.4,0.0,Christkindlemarkt,0,0,89.0
2023-11-30 03:00:00,,0.8,-1.4,3.9,16.4,0.0,3.4,32.8,1002.5,-0.7,-2.6,87.0,0.0,0.0,11.2,1004.8,0.0,Christkindlemarkt,0,0,89.0
2023-11-30 04:00:00,,0.8,-1.4,3.9,16.4,0.0,3.4,32.8,1002.5,0.0,-2.1,86.0,0.0,3.6,10.1,1004.3,0.0,Christkindlemarkt,0,0,89.0
2023-11-30 05:00:00,,0.8,-1.4,3.9,16.4,0.0,3.4,32.8,1002.5,-0.3,-1.4,92.0,0.2,3.6,10.4,1004.3,0.0,Christkindlemarkt,0,0,89.0
2023-11-30 06:00:00,,0.8,-1.4,3.9,16.4,0.0,3.4,32.8,1002.5,0.2,-0.9,92.0,0.2,3.6,7.6,1003.1,0.0,Christkindlemarkt,0,0,89.14285714285714
2023-11-30 07:00:00,,0.8,-1.4,3.9,16.4,0.0,3.4,32.8,1002.5,0.3,-0.4,95.0,0.3,3.6,7.9,1002.6,0.0,Christkindlemarkt,0,0,99.28571428571429
2023-11-30 08:00:00,,0.8,-1.4,3.9,16.4,0.0,3.4,32.8,1002.5,0.3,-0.1,97.0,0.4,3.6,7.6,1002.4,0.0,Christkindlemarkt,0,0,136.0
2023-11-30 09:00:00,,0.8,-1.4,3.9,16.4,0.0,3.4,32.8,1002.5,1.7,-0.4,86.0,0.4,7.2,9.0,1003.2,0.0,Christkindlemarkt,0,0,202.14285714285714
2023-11-30 10:00:00,,0.8,-1.4,3.9,16.4,0.0,3.4,32.8,1002.5,0.6,0.5,99.0,1.0,3.6,9.0,1002.0,0.0,Christkindlemarkt,0,0,234.33333333333334
2023-11-30 11:00:00,,0.8,-1.4,3.9,16.4,0.0,3.4,32.8,1002.5,0.6,0.5,99.0,2.0,3.6,7.9,1001.0,0.0,Christkindlemarkt,0,0,214.28571428571428
2023-11-30 12:00:00,,0.8,-1.4,3.9,16.4,0.0,3.4,32.8,1002.5,2.4,1.1,91.0,0.8,3.6,10.8,1001.2,0.0,Christkindlemarkt,0,0,204.625
2023-11-30 13:00:00,,0.8,-1.4,3.9,16.4,0.0,3.4,32.8,1002.5,1.1,1.0,99.0,2.0,3.6,7.6,1000.4,0.0,Christkindlemarkt,0,0,215.85714285714286
2023-11-30 14:00:00,,0.8,-1.4,3.9,16.4,0.0,3.4,32.8,1002.5,1.4,1.3,99.0,2.0,0.0,6.5,1000.5,0.0,Christkindlemarkt,0,0,238.85714285714286
2023-11-30 15:00:00,,0.8,-1.4,3.9,16.4,0.0,3.4,32.8,1002.5,1.4,1.3,99.0,0.5,0.0,7.2,1000.6,0.0,Christkindlemarkt,0,0,247.71428571428572
2023-11-30 16:00:00,,0.8,-1.4,3.9,16.4,0.0,3.4,32.8,1002.5,1.5,1.4,99.0,2.0,3.6,14.4,1000.9,0.0,Christkindlemarkt,0,0,246.66666666666666
2023-11-30 17:00:00,,0.8,-1.4,3.9,16.4,0.0,3.4,32.8,1002.5,1.4,1.3,99.0,1.0,0.0,13.7,1000.9,0.0,Christkindlemarkt,0,0,242.0
2023-11-30 18:00:00,,0.8,-1.4,3.9,16.4,0.0,3.4,32.8,1002.5,3.9,2.1,88.0,1.4,6.5,27.7,1000.1,0.0,Christkindlemarkt,0,0,250.28571428571428
2023-11-30 19:00:00,,0.8,-1.4,3.9,16.4,0.0,3.4,32.8,1002.5,1.7,1.6,99.0,1.0,3.6,25.2,1000.3,0.0,Christkindlemarkt,0,0,270.0
2023-11-30 20:00:00,,0.8,-1.4,3.9,16.4,0.0,3.4,32.8,1002.5,2.2,2.1,99.0,0.2,3.6,32.8,1000.4,0.0,Christkindlemarkt,0,0,253.85714285714286
2023-11-30 21:00:00,,0.8,-1.4,3.9,16.4,0.0,3.4,32.8,1002.5,2.6,2.5,99.0,0.7,3.6,14.8,1000.9,0.0,Christkindlemarkt,0,0,212.0
2023-11-30 22:00:00,,0.8,-1.4,3.9,16.4,0.0,3.4,32.8,1002.5,2.6,2.5,99.0,0.3,7.2,29.2,1000.6,0.0,Christkindlemarkt,0,0,154.28571428571428
2023-11-30 23:00:00,,0.8,-1.4,3.9,16.4,0.0,3.4,32.8,1002.5,2.8,2.7,99.0,0.1,3.6,16.2,1001.1,0.0,Christkindlemarkt,0,0,118.42857142857143
2023-12-01 00:00:00,,2.8,0.2,4.7,28.7,0.0,3.0,16.2,1001.0,3.4,3.3,99.0,0.5,3.6,15.1,1000.2,0.0,Christkindlemarkt,0,0,107.25
2023-12-01 01:00:00,,2.8,0.2,4.7,28.7,0.0,3.0,16.2,1001.0,3.2,3.1,99.0,0.7,3.6,8.6,999.9,0.0,Christkindlemarkt,0,0,99.28571428571429
2023-12-01 02:00:00,,2.8,0.2,4.7,28.7,0.0,3.0,16.2,1001.0,3.5,3.4,99.0,0.6,0.0,6.1,1000.1,0.0,Christkindlemarkt,0,0,99.0
2023-12-01 03:00:00,,2.8,0.2,4.7,28.7,0.0,3.0,16.2,1001.0,3.2,3.1,99.0,1.2,3.6,6.1,1000.3,0.0,Christkindlemarkt,0,0,99.0
2023-12-01 04:00:00,,2.8,0.2,4.7,28.7,0.0,3.0,16.2,1001.0,3.4,3.3,99.0,2.0,3.6,7.9,1000.0,0.0,Christkindlemarkt,0,0,99.0
2023-12-01 05:00:00,,2.8,0.2,4.7,28.7,0.0,3.0,16.2,1001.0,3.7,3.6,99.0,1.0,3.6,11.2,1000.4,0.0,Christkindlemarkt,0,0,99.5
2023-12-01 06:00:00,,2.8,0.2,4.7,28.7,0.0,3.0,16.2,1001.0,3.7,3.6,99.0,1.1,3.6,7.2,1000.6,0.0,Christkindlemarkt,0,0,101.0
2023-12-01 07:00:00,,2.8,0.2,4.7,28.7,0.0,3.0,16.2,1001.0,3.8,3.7,99.0,1.0,0.0,11.9,1000.8,0.0,Christkindlemarkt,0,0,112.57142857142857
2023-12-01 08:00:00,,2.8,0.2,4.7,28.7,0.0,3.0,16.2,1001.0,3.9,3.8,99.0,0.9,3.6,15.5,1001.3,0.0,Christkindlemarkt,0,0,151.0
2023-12-01 09:00:00,,2.8,0.2,4.7,28.7,0.0,3.0,16.2,1001.0,4.4,4.4,100.0,0.9,3.6,14.4,1001.8,0.0,Christkindlemarkt,0,0,208.57142857142858
2023-12-01 10:00:00,,2.8,0.2,4.7,28.7,0.0,3.0,16.2,1001.0,4.7,4.7,100.0,0.9,3.6,9.0,1001.6,0.0,Christkindlemarkt,0,0,244.125
2023-12-01 11:00:00,,2.8,0.2,4.7,28.7,0.0,3.0,16.2,1001.0,4.5,4.4,99.0,1.0,3.6,10.1,1000.9,0.0,Christkindlemarkt,0,0,230.71428571428572
2023-12-01 12:00:00,,2.8,0.2,4.7,28.7,0.0,3.0,16.2,1001.0,4.4,4.0,97.0,1.2,3.6,8.6,1000.3,0.0,Christkindlemarkt,0,0,222.42857142857142
2023-12-01 13:00:00,,2.8,0.2,4.7,28.7,0.0,3.0,16.2,1001.0,3.8,3.2,96.0,1.0,7.2,14.4,1000.9,0.0,Christkindlemarkt,0,0,247.42857142857142
2023-12-01 14:00:00,,2.8,0.2,4.7,28.7,0.0,3.0,16.2,1001.0,3.0,2.6,97.0,2.0,3.6,13.7,1001.2,0.0,Christkindlemarkt,0,0,279.0
2023-12-01 15:00:00,,2.8,0.2,4.7,28.7,0.0,3.0,16.2,1001.0,2.3,2.0,98.0,1.8,3.6,6.8,1002.0,0.0,Christkindlemarkt,0,0,319.375
2023-12-01 16:00:00,,2.8,0.2,4.7,28.7,0.0,3.0,16.2,1001.0,1.9,1.6,98.0,2.0,3.6,6.1,1001.7,0.0,Christkindlemarkt,0,0,314.14285714285717
2023-12-01 17:00:00,,2.8,0.2,4.7,28.7,0.0,3.0,16.2,1001.0,1.3,1.2,99.0,2.0,3.6,7.2,1001.6,0.0,Christkindlemarkt,0,0,331.14285714285717
2023-12-01 18:00:00,,2.8,0.2,4.7,28.7,0.0,3.0,16.2,1001.0,0.8,0.7,99.0,1.6,3.6,4.3,1001.6,0.0,Christkindlemarkt,0,0,350.2857142857143
2023-12-01 19:00:00,,2.8,0.2,4.7,28.7,0.0,3.0,16.2,1001.0,0.4,0.3,99.0,1.0,0.0,3.2,1001.7,0.0,Christkindlemarkt,0,0,363.42857142857144
2023-12-01 20:00:00,,2.8,0.2,4.7,28.7,0.0,3.0,16.2,1001.0,0.3,0.2,99.0,1.0,0.0,4.3,1001.7,0.0,Christkindlemarkt,0,0,357.0
2023-12-01 21:00:00,,2.8,0.2,4.7,28.7,0.0,3.0,16.2,1001.0,0.2,0.1,99.0,1.2,0.0,4.7,1001.7,0.0,Christkindlemarkt,0,0,343.2857142857143
2023-12-01 22:00:00,,2.8,0.2,4.7,28.7,0.0,3.0,16.2,1001.0,0.4,0.3,99.0,2.0,3.6,9.0,1001.7,0.0,Christkindlemarkt,0,0,291.2857142857143
2023-12-01 23:00:00,,2.8,0.2,4.7,28.7,0.0,3.0,16.2,1001.0,0.3,0.2,99.0,1.0,0.0,10.8,1001.7,0.0,Christkindlemarkt,0,0,223.71428571428572
2023-12-02 00:00:00,,-0.5,-2.2,0.5,29.4,160.0,3.3,28.4,1009.8,0.5,0.4,99.0,2.0,3.6,11.9,1001.8,0.0,Christkindlemarkt,0,0,180.0
2023-12-02 01:00:00,,-0.5,-2.2,0.5,29.4,160.0,3.3,28.4,1009.8,0.3,0.2,99.0,2.0,3.6,11.5,1001.5,0.0,Christkindlemarkt,0,0,153.5
2023-12-02 02:00:00,,-0.5,-2.2,0.5,29.4,160.0,3.3,28.4,1009.8,0.4,0.3,99.0,2.0,3.6,6.8,1001.8,0.0,Christkindlemarkt,0,0,132.57142857142858
2023-12-02 03:00:00,,-0.5,-2.2,0.5,29.4,160.0,3.3,28.4,1009.8,0.4,0.3,99.0,1.4,3.6,12.2,1001.9,0.0,Christkindlemarkt,0,0,127.14285714285714
2023-12-02 04:00:00,,-0.5,-2.2,0.5,29.4,160.0,3.3,28.4,1009.8,0.4,0.3,99.0,3.0,3.6,9.7,1002.5,0.0,Christkindlemarkt,0,0,122.85714285714286
2023-12-02 05:00:00,,-0.5,-2.2,0.5,29.4,160.0,3.3,28.4,1009.8,0.2,0.1,99.0,4.0,3.6,19.4,1003.4,0.0,Christkindlemarkt,0,0,122.14285714285714
2023-12-02 06:00:00,,-0.5,-2.2,0.5,29.4,160.0,3.3,28.4,1009.8,0.2,0.1,99.0,1.6,3.6,23.4,1004.1,0.0,Christkindlemarkt,0,0,123.875
2023-12-02 07:00:00,,-0.5,-2.2,0.5,29.4,160.0,3.3,28.4,1009.8,0.0,-0.1,99.0,2.0,7.2,25.2,1004.9,0.0,Christkindlemarkt,1,0,136.42857142857142
2023-12-02 08:00:00,,-0.5,-2.2,0.5,29.4,160.0,3.3,28.4,1009.8,-0.2,-0.3,99.0,1.0,3.6,28.4,1006.2,0.0,Christkindlemarkt,1,0,199.42857142857142
2023-12-02 09:00:00,,-0.5,-2.2,0.5,29.4,160.0,3.3,28.4,1009.8,-0.2,-0.3,99.0,1.3,3.6,25.6,1007.2,0.0,Christkindlemarkt,1,0,329.7142857142857
2023-12-02 10:00:00,,-0.5,-2.2,0.5,29.4,160.0,3.3,28.4,1009.8,-0.4,-0.5,99.0,1.0,3.6,23.0,1008.4,0.0,Christkindlemarkt,1,0,404.85714285714283
2023-12-02 11:00:00,,-0.5,-2.2,0.5,29.4,160.0,3.3,28.4,1009.8,-0.4,-0.5,99.0,1.0,3.6,22.7,1009.1,0.0,Christkindlemarkt,1,0,406.25
2023-12-02 12:00:00,,-0.5,-2.2,0.5,29.4,160.0,3.3,28.4,1009.8,-0.3,-0.6,98.0,0.9,3.6,16.2,1010.0,0.0,Christkindlemarkt,1,0,408.2857142857143
2023-12-02 13:00:00,,-0.5,-2.2,0.5,29.4,160.0,3.3,28.4,1009.8,-0.3,-1.0,95.0,0.2,3.6,15.5,1011.1,0.0,Christkindlemarkt,0,0,411.57142857142856
2023-12-02 14:00:00,,-0.5,-2.2,0.5,29.4,160.0,3.3,28.4,1009.8,-0.5,-1.1,96.0,0.6,3.6,16.9,1012.3,0.0,Christkindlemarkt,0,0,402.5
2023-12-02 15:00:00,,-0.5,-2.2,0.5,29.4,160.0,3.3,28.4,1009.8,-0.7,-1.0,98.0,1.0,3.6,22.7,1013.7,0.0,Christkindlemarkt,0,0,407.42857142857144
2023-12-02 16:00:00,,-0.5,-2.2,0.5,29.4,160.0,3.3,28.4,1009.8,-1.4,-2.0,96.0,0.3,3.6,16.2,1015.5,0.0,Christkindlemarkt,0,0,367.0
2023-12-02 17:00:00,,-0.5,-2.2,0.5,29.4,160.0,3.3,28.4,1009.8,-1.5,-2.1,96.0,0.5,3.6,16.2,1016.9,0.0,Christkindlemarkt,0,0,335.14285714285717
2023-12-02 18:00:00,,-0.5,-2.2,0.5,29.4,160.0,3.3,28.4,1009.8,-1.7,-2.3,96.0,1.0,0.0,20.5,1018.1,0.0,Christkindlemarkt,0,0,389.0
2023-12-02 19:00:00,,-0.5,-2.2,0.5,29.4,160.0,3.3,28.4,1009.8,-1.8,-2.8,93.0,0.2,3.6,10.8,1019.1,0.0,Christkindlemarkt,0,0,387.42857142857144
2023-12-02 20:00:00,,-0.5,-2.2,0.5,29.4,160.0,3.3,28.4,1009.8,-1.9,-2.9,93.0,0.8,0.0,9.7,1020.3,0.0,Christkindlemarkt,0,0,347.14285714285717
2023-12-02 21:00:00,,-0.5,-2.2,0.5,29.4,160.0,3.3,28.4,1009.8,-2.1,-2.7,96.0,0.5,3.6,11.9,1021.1,0.0,Christkindlemarkt,0,0,322.57142857142856
2023-12-02 22:00:00,,-0.5,-2.2,0.5,29.4,160.0,3.3,28.4,1009.8,-2.2,-2.8,96.0,0.1,3.6,12.6,1021.9,0.0,Christkindlemarkt,0,0,292.0
2023-12-02 23:00:00,,-0.5,-2.2,0.5,29.4,160.0,3.3,28.4,1009.8,-2.3,-3.0,95.0,0.1,0.0,7.9,1022.6,0.0,Christkindlemarkt,0,0,232.875
2023-12-03 00:00:00,,-3.7,-7.6,-0.2,0.1,200.0,1.7,17.6,1025.2,-2.3,-3.6,91.0,0.0,3.6,9.4,1023.0,0.0,Christkindlemarkt,0,0,190.0
2023-12-03 01:00:00,,-3.7,-7.6,-0.2,0.1,200.0,1.7,17.6,1025.2,-2.6,-3.6,93.0,0.0,0.0,6.8,1023.4,0.0,Christkindlemarkt,0,0,158.0
2023-12-03 02:00:00,,-3.7,-7.6,-0.2,0.1,200.0,1.7,17.6,1025.2,-2.9,-3.4,96.0,0.0,0.0,6.5,1024.0,0.0,Christkindlemarkt,0,0,144.57142857142858
2023-12-03 03:00:00,,-3.7,-7.6,-0.2,0.1,200.0,1.7,17.6,1025.2,-3.0,-3.5,96.0,0.0,0.0,9.0,1024.5,0.0,Christkindlemarkt,0,0,138.42857142857142
2023-12-03 04:00:00,,-3.7,-7.6,-0.2,0.1,200.0,1.7,17.6,1025.2,-3.6,-3.9,98.0,0.0,3.6,7.9,1024.8,0.0,Christkindlemarkt,0,0,137.375
2023-12-03 05:00:00,,-3.7,-7.6,-0.2,0.1,200.0,1.7,17.6,1025.2,-4.8,-4.9,99.0,0.0,3.6,9.7,1025.5,0.0,Christkindlemarkt,0,0,137.0
2023-12-03 06:00:00,,-3.7,-7.6,-0.2,0.1,200.0,1.7,17.6,1025.2,-4.2,-4.3,99.0,0.0,3.6,11.5,1025.8,0.0,Christkindlemarkt,0,0,137.0
2023-12-03 07:00:00,,-3.7,-7.6,-0.2,0.1,200.0,1.7,17.6,1025.2,-6.4,-6.8,97.0,0.0,3.6,17.6,1026.9,0.0,Christkindlemarkt,0,0,53.42857142857143
2023-12-03 08:00:00,,-3.7,-7.6,-0.2,0.1,200.0,1.7,17.6,1025.2,-6.0,-6.1,99.0,0.0,0.0,16.6,1027.2,0.0,Christkindlemarkt,0,0,38.57142857142857
2023-12-03 09:00:00,,-3.7,-7.6,-0.2,0.1,200.0,1.7,17.6,1025.2,-3.7,-3.8,99.0,0.0,0.0,16.9,1026.8,45.0,Christkindlemarkt,0,0,41.714285714285715
2023-12-03 10:00:00,,-3.7,-7.6,-0.2,0.1,200.0,1.7,17.6,1025.2,-1.9,-3.9,86.0,0.0,0.0,11.5,1026.3,60.0,Christkindlemarkt,0,0,52.0
2023-12-03 11:00:00,,-3.7,-7.6,-0.2,0.1,200.0,1.7,17.6,1025.2,-1.7,-3.9,85.0,0.0,3.6,9.0,1026.3,60.0,Christkindlemarkt,0,0,57.285714285714285
2023-12-03 12:00:00,,-3.7,-7.6,-0.2,0.1,200.0,1.7,17.6,1025.2,-0.2,-4.3,74.0,0.0,3.6,12.6,1025.3,60.0,Christkindlemarkt,0,0,72.375
2023-12-03 13:00:00,,-3.7,-7.6,-0.2,0.1,200.0,1.7,17.6,1025.2,-0.3,-3.7,78.0,0.0,7.2,5.0,1025.0,60.0,Christkindlemarkt,0,0,94.57142857142857
2023-12-03 14:00:00,,-3.7,-7.6,-0.2,0.1,200.0,1.7,17.6,1025.2,-0.7,-3.9,79.0,0.0,3.6,6.8,1025.0,60.0,Christkindlemarkt,0,0,129.28571428571428
2023-12-03 15:00:00,,-3.7,-7.6,-0.2,0.1,200.0,1.7,17.6,1025.2,-1.1,-3.6,83.0,0.0,0.0,10.1,1025.1,60.0,Christkindlemarkt,0,0,132.28571428571428
2023-12-03 16:00:00,,-3.7,-7.6,-0.2,0.1,200.0,1.7,17.6,1025.2,-3.2,-4.0,94.0,0.0,0.0,8.6,1025.5,13.0,Christkindlemarkt,0,0,132.42857142857142
2023-12-03 17:00:00,,-3.7,-7.6,-0.2,0.1,200.0,1.7,17.6,1025.2,-4.7,-5.0,98.0,0.0,0.0,10.1,1026.2,0.0,Christkindlemarkt,0,0,139.5
2023-12-03 18:00:00,,-3.7,-7.6,-0.2,0.1,200.0,1.7,17.6,1025.2,-6.0,-6.1,99.0,0.0,0.0,7.6,1026.4,0.0,Christkindlemarkt,0,0,142.42857142857142
2023-12-03 19:00:00,,-3.7,-7.6,-0.2,0.1,200.0,1.7,17.6,1025.2,-5.8,-5.9,99.0,0.0,0.0,13.7,1025.8,0.0,Christkindlemarkt,0,0,108.28571428571429
2023-12-03 20:00:00,,-3.7,-7.6,-0.2,0.1,200.0,1.7,17.6,1025.2,-7.5,-8.0,96.0,0.0,3.6,13.3,1025.6,0.0,Christkindlemarkt,0,0,72.71428571428571
2023-12-03 21:00:00,,-3.7,-7.6,-0.2,0.1,200.0,1.7,17.6,1025.2,-7.0,-7.3,98.0,0.0,0.0,6.8,1024.4,0.0,Christkindlemarkt,0,0,46.42857142857143
2023-12-03 22:00:00,,-3.7,-7.6,-0.2,0.1,200.0,1.7,17.6,1025.2,-7.6,-8.0,97.0,0.0,0.0,10.1,1023.9,0.0,Christkindlemarkt,0,0,30.375
2023-12-03 23:00:00,,-3.7,-7.6,-0.2,0.1,200.0,1.7,17.6,1025.2,-7.9,-8.4,96.0,0.0,3.6,8.3,1023.2,0.0,Christkindlemarkt,0,0,27.857142857142858
2023-12-04 00:00:00,,-3.9,-8.4,1.0,0.0,170.0,2.6,37.4,1016.1,-8.1,-8.4,98.0,0.0,0.0,7.6,1022.7,0.0,Christkindlemarkt,0,0,27.0
2023-12-04 01:00:00,,-3.9,-8.4,1.0,0.0,170.0,2.6,37.4,1016.1,-8.2,-8.7,96.0,0.0,3.6,6.8,1021.8,0.0,Christkindlemarkt,0,0,27.0
2023-12-04 02:00:00,,-3.9,-8.4,1.0,0.0,170.0,2.6,37.4,1016.1,-8.4,-8.9,96.0,0.0,0.0,10.4,1021.2,0.0,Christkindlemarkt,0,0,26.0
2023-12-04 03:00:00,,-3.9,-8.4,1.0,0.0,170.0,2.6,37.4,1016.1,-8.1,-8.5,97.0,0.0,3.6,9.7,1021.2,0.0,Christkindlemarkt,0,0,26.0
2023-12-04 04:00:00,,-3.9,-8.4,1.0,0.0,170.0,2.6,37.4,1016.1,-7.1,-7.5,97.0,0.0,3.6,5.8,1020.3,0.0,Christkindlemarkt,0,0,26.0
2023-12-04 05:00:00,,-3.9,-8.4,1.0,0.0,170.0,2.6,37.4,1016.1,-8.2,-9.0,94.0,0.0,0.0,7.2,1020.3,0.0,Christkindlemarkt,0,0,26.142857142857142
2023-12-04 06:00:00,,-3.9,-8.4,1.0,0.0,170.0,2.6,37.4,1016.1,-7.3,-7.8,96.0,0.0,3.6,4.7,1019.5,0.0,Christkindlemarkt,0,0,27.571428571428573
2023-12-04 07:00:00,,-3.9,-8.4,1.0,0.0,170.0,2.6,37.4,1016.1,-6.8,-7.3,96.0,0.0,0.0,7.2,1018.4,0.0,Christkindlemarkt,0,0,47.285714285714285
2023-12-04 08:00:00,,-3.9,-8.4,1.0,0.0,170.0,2.6,37.4,1016.1,-6.5,-7.2,95.0,0.0,0.0,10.4,1018.3,0.0,Christkindlemarkt,0,0,104.75
2023-12-04 09:00:00,,-3.9,-8.4,1.0,0.0,170.0,2.6,37.4,1016.1,-5.3,-5.7,97.0,0.0,3.6,8.3,1017.3,0.0,Christkindlemarkt,0,0,317.14285714285717
2023-12-04 10:00:00,,-3.9,-8.4,1.0,0.0,170.0,2.6,37.4,1016.1,-4.2,-4.5,98.0,0.0,0.0,12.2,1016.9,0.0,Christkindlemarkt,0,0,409.42857142857144
2023-12-04 11:00:00,,-3.9,-8.4,1.0,0.0,170.0,2.6,37.4,1016.1,-3.1,-3.5,97.0,0.0,3.6,10.8,1016.2,6.0,Christkindlemarkt,0,0,353.0
2023-12-04 12:00:00,,-3.9,-8.4,1.0,0.0,170.0,2.6,37.4,1016.1,-1.4,-2.0,96.0,0.0,3.6,11.2,1015.0,38.0,Christkindlemarkt,0,0,299.7142857142857
2023-12-04 13:00:00,,-3.9,-8.4,1.0,0.0,170.0,2.6,37.4,1016.1,-1.2,-2.3,92.0,0.0,3.6,10.8,1014.5,56.0,Christkindlemarkt,0,0,275.2857142857143
2023-12-04 14:00:00,,-3.9,-8.4,1.0,0.0,170.0,2.6,37.4,1016.1,0.1,-2.3,84.0,0.0,3.6,9.0,1013.6,48.0,Christkindlemarkt,0,0,306.85714285714283
2023-12-04 15:00:00,,-3.9,-8.4,1.0,0.0,170.0,2.6,37.4,1016.1,-0.9,-2.6,88.0,0.0,0.0,9.0,1012.5,0.0,Christkindlemarkt,0,0,345.2857142857143
2023-12-04 16:00:00,,-3.9,-8.4,1.0,0.0,170.0,2.6,37.4,1016.1,-0.9,-1.7,94.0,0.0,3.6,11.5,1012.1,0.0,Christkindlemarkt,0,0,313.57142857142856
2023-12-04 17:00:00,,-3.9,-8.4,1.0,0.0,170.0,2.6,37.4,1016.1,-1.1,-1.9,94.0,0.0,0.0,7.2,1011.6,0.0,Christkindlemarkt,0,0,285.75
2023-12-04 18:00:00,,-3.9,-8.4,1.0,0.0,170.0,2.6,37.4,1016.1,-0.3,-0.9,96.0,0.0,3.6,19.8,1010.4,0.0,Christkindlemarkt,0,0,292.85714285714283
2023-12-04 19:00:00,,-3.9,-8.4,1.0,0.0,170.0,2.6,37.4,1016.1,0.4,0.0,97.0,0.0,3.6,30.6,1009.9,0.0,Christkindlemarkt,0,0,265.7142857142857
2023-12-04 20:00:00,,-3.9,-8.4,1.0,0.0,170.0,2.6,37.4,1016.1,1.0,0.4,96.0,0.0,3.6,37.4,1009.1,0.0,Christkindlemarkt,0,0,221.57142857142858
2023-12-04 21:00:00,,-3.9,-8.4,1.0,0.0,170.0,2.6,37.4,1016.1,-0.9,-1.5,96.0,0.0,7.2,19.4,1009.7,0.0,Christkindlemarkt,0,0,177.875
2023-12-04 22:00:00,,-3.9,-8.4,1.0,0.0,170.0,2.6,37.4,1016.1,-0.3,-0.9,96.0,0.0,3.6,18.4,1009.9,0.0,Christkindlemarkt,0,0,148.42857142857142
2023-12-04 23:00:00,,-3.9,-8.4,1.0,0.0,170.0,2.6,37.4,1016.1,-0.1,-0.5,97.0,0.0,3.6,12.2,1010.3,0.0,Christkindlemarkt,0,0,139.85714285714286
2023-12-05 00:00:00,,1.3,-0.1,3.9,1.0,140.0,2.6,31.0,1011.6,0.3,0.0,98.0,0.2,3.6,11.2,1009.9,0.0,Christkindlemarkt,0,0,136.0
2023-12-05 01:00:00,,1.3,-0.1,3.9,1.0,140.0,2.6,31.0,1011.6,0.0,-0.3,98.0,0.5,3.6,10.4,1010.2,0.0,Christkindlemarkt,0,0,136.0
2023-12-05 02:00:00,,1.3,-0.1,3.9,1.0,140.0,2.6,31.0,1011.6,0.0,-0.3,98.0,0.0,3.6,8.6,1010.7,0.0,Christkindlemarkt,0,0,136.0
2023-12-05 03:00:00,,1.3,-0.1,3.9,1.0,140.0,2.6,31.0,1011.6,0.2,0.1,99.0,0.0,3.6,15.1,1009.7,0.0,Christkindlemarkt,0,0,136.0
2023-12-05 04:00:00,,1.3,-0.1,3.9,1.0,140.0,2.6,31.0,1011.6,0.3,0.2,99.0,0.0,3.6,15.5,1009.8,0.0,Christkindlemarkt,0,0,136.0
2023-12-05 05:00:00,,1.3,-0.1,3.9,1.0,140.0,2.6,31.0,1011.6,0.2,0.1,99.0,0.0,3.6,31.0,1010.0,0.0,Christkindlemarkt,0,0,136.71428571428572
2023-12-05 06:00:00,,1.3,-0.1,3.9,1.0,140.0,2.6,31.0,1011.6,0.4,0.0,97.0,0.0,3.6,25.9,1010.5,0.0,Christkindlemarkt,0,0,138.57142857142858
2023-12-05 07:00:00,,1.3,-0.1,3.9,1.0,140.0,2.6,31.0,1011.6,0.4,0.3,99.0,0.0,3.6,13.0,1011.0,0.0,Christkindlemarkt,0,0,91.0
2023-12-05 08:00:00,,1.3,-0.1,3.9,1.0,140.0,2.6,31.0,1011.6,1.1,1.0,99.0,0.0,0.0,16.6,1011.1,0.0,Christkindlemarkt,0,0,134.28571428571428
2023-12-05 09:00:00,,1.3,-0.1,3.9,1.0,140.0,2.6,31.0,1011.6,1.9,1.3,96.0,0.0,0.0,25.2,1011.1,0.0,Christkindlemarkt,0,0,234.57142857142858
2023-12-05 10:00:00,,1.3,-0.1,3.9,1.0,140.0,2.6,31.0,1011.6,2.0,1.0,93.0,0.0,0.0,16.9,1011.8,0.0,Christkindlemarkt,0,0,271.7142857142857
2023-12-05 11:00:00,,1.3,-0.1,3.9,1.0,140.0,2.6,31.0,1011.6,2.8,1.9,94.0,0.0,3.6,21.6,1011.7,0.0,Christkindlemarkt,0,0,235.83333333333334
2023-12-05 12:00:00,,1.3,-0.1,3.9,1.0,140.0,2.6,31.0,1011.6,3.5,1.5,87.0,0.0,0.0,13.3,1011.2,0.0,Christkindlemarkt,0,0,218.42857142857142
2023-12-05 13:00:00,,1.3,-0.1,3.9,1.0,140.0,2.6,31.0,1011.6,3.9,0.9,81.0,0.0,0.0,19.8,1010.9,16.0,Christkindlemarkt,0,0,205.71428571428572
2023-12-05 14:00:00,,1.3,-0.1,3.9,1.0,140.0,2.6,31.0,1011.6,3.3,1.7,89.0,0.0,0.0,18.7,1011.1,2.0,Christkindlemarkt,0,0,262.125
2023-12-05 15:00:00,,1.3,-0.1,3.9,1.0,140.0,2.6,31.0,1011.6,3.1,1.5,89.0,0.0,3.6,10.8,1011.5,26.0,Christkindlemarkt,0,0,259.0
2023-12-05 16:00:00,,1.3,-0.1,3.9,1.0,140.0,2.6,31.0,1011.6,1.1,1.0,99.0,0.0,0.0,11.2,1012.4,9.0,Christkindlemarkt,0,0,225.14285714285714
2023-12-05 17:00:00,,1.3,-0.1,3.9,1.0,140.0,2.6,31.0,1011.6,0.3,0.3,100.0,0.0,3.6,13.3,1013.0,0.0,Christkindlemarkt,0,0,180.28571428571428
2023-12-05 18:00:00,,1.3,-0.1,3.9,1.0,140.0,2.6,31.0,1011.6,1.3,1.2,99.0,0.0,7.2,14.4,1013.3,0.0,Christkindlemarkt,0,0,166.57142857142858
2023-12-05 19:00:00,,1.3,-0.1,3.9,1.0,140.0,2.6,31.0,1011.6,1.4,1.0,97.0,0.0,3.6,17.6,1013.8,0.0,Christkindlemarkt,0,0,140.5
2023-12-06 07:00:00,,2.2,1.5,3.7,8.6,20.0,3.0,26.6,1017.3,1.6,1.5,99.0,0.4,3.6,16.2,1016.3,0.0,Christkindlemarkt,1,0,72.0
2023-12-06 08:00:00,,2.2,1.5,3.7,8.6,20.0,3.0,26.6,1017.3,1.7,1.6,99.0,0.0,3.6,21.6,1016.6,0.0,Christkindlemarkt,1,0,166.28571428571428
2023-12-06 09:00:00,,2.2,1.5,3.7,8.6,20.0,3.0,26.6,1017.3,2.2,1.9,98.0,0.0,0.0,26.6,1017.1,0.0,Christkindlemarkt,1,0,286.57142857142856
2023-12-06 10:00:00,,2.2,1.5,3.7,8.6,20.0,3.0,26.6,1017.3,3.1,2.1,93.0,0.0,3.6,25.2,1017.0,0.0,Christkindlemarkt,1,0,355.0
2023-12-06 11:00:00,,2.2,1.5,3.7,8.6,20.0,3.0,26.6,1017.3,3.1,1.8,91.0,0.0,3.6,15.5,1016.9,0.0,Christkindlemarkt,1,0,336.2857142857143
2023-12-06 12:00:00,,2.2,1.5,3.7,8.6,20.0,3.0,26.6,1017.3,3.7,2.2,90.0,0.3,3.6,17.3,1016.7,0.0,Christkindlemarkt,1,0,277.625
2023-12-06 13:00:00,,2.2,1.5,3.7,8.6,20.0,3.0,26.6,1017.3,3.5,2.2,91.0,0.2,0.0,7.6,1016.9,0.0,Christkindlemarkt,0,0,279.14285714285717
2023-12-06 14:00:00,,2.2,1.5,3.7,8.6,20.0,3.0,26.6,1017.3,3.0,2.3,95.0,0.1,3.6,7.6,1017.4,0.0,Christkindlemarkt,0,0,301.85714285714283
2023-12-06 15:00:00,,2.2,1.5,3.7,8.6,20.0,3.0,26.6,1017.3,2.6,2.0,96.0,0.2,3.6,13.7,1018.1,0.0,Christkindlemarkt,0,0,362.57142857142856
2023-12-06 16:00:00,,2.2,1.5,3.7,8.6,20.0,3.0,26.6,1017.3,2.1,1.8,98.0,0.4,3.6,14.0,1018.8,0.0,Christkindlemarkt,0,0,384.7142857142857
2023-12-06 17:00:00,,2.2,1.5,3.7,8.6,20.0,3.0,26.6,1017.3,2.2,2.1,99.0,0.6,3.6,10.8,1019.5,0.0,Christkindlemarkt,0,0,325.0
2023-12-06 18:00:00,,2.2,1.5,3.7,8.6,20.0,3.0,26.6,1017.3,1.8,1.7,99.0,0.7,3.6,9.4,1020.4,0.0,Christkindlemarkt,0,0,247.0
2023-12-06 19:00:00,,2.2,1.5,3.7,8.6,20.0,3.0,26.6,1017.3,2.6,2.5,99.0,0.7,3.6,9.4,1020.7,0.0,Christkindlemarkt,0,0,278.57142857142856
2023-12-06 20:00:00,,2.2,1.5,3.7,8.6,20.0,3.0,26.6,1017.3,1.5,1.4,99.0,0.1,3.6,8.6,1021.3,0.0,Christkindlemarkt,0,0,250.71428571428572
2023-12-06 21:00:00,,2.2,1.5,3.7,8.6,20.0,3.0,26.6,1017.3,1.6,1.5,99.0,0.4,3.6,10.1,1021.3,0.0,Christkindlemarkt,0,0,150.0
2023-12-06 22:00:00,,2.2,1.5,3.7,8.6,20.0,3.0,26.6,1017.3,2.4,2.1,98.0,0.8,3.6,7.6,1021.4,0.0,Christkindlemarkt,0,0,62.75
2023-12-06 23:00:00,,2.2,1.5,3.7,8.6,20.0,3.0,26.6,1017.3,2.1,1.7,97.0,0.5,3.6,7.2,1021.5,0.0,Christkindlemarkt,0,0,40.857142857142854
2023-12-07 00:00:00,,1.4,-1.6,4.9,3.6,0.0,2.9,22.3,1020.3,1.4,1.3,99.0,0.6,3.6,9.7,1021.9,0.0,Christkindlemarkt,0,0,30.142857142857142
2023-12-07 01:00:00,,1.4,-1.6,4.9,3.6,0.0,2.9,22.3,1020.3,1.5,1.4,99.0,1.8,3.6,9.7,1022.2,0.0,Christkindlemarkt,0,0,22.0
2023-12-07 02:00:00,,1.4,-1.6,4.9,3.6,0.0,2.9,22.3,1020.3,1.9,1.8,99.0,0.6,0.0,9.7,1022.4,0.0,Christkindlemarkt,0,0,19.0
2023-12-07 03:00:00,,1.4,-1.6,4.9,3.6,0.0,2.9,22.3,1020.3,1.8,1.7,99.0,0.0,3.6,13.7,1022.7,0.0,Christkindlemarkt,0,0,19.0
2023-12-07 04:00:00,,1.4,-1.6,4.9,3.6,0.0,2.9,22.3,1020.3,1.7,1.6,99.0,0.1,3.6,15.8,1022.8,0.0,Christkindlemarkt,0,0,19.285714285714285
2023-12-07 05:00:00,,1.4,-1.6,4.9,3.6,0.0,2.9,22.3,1020.3,0.9,0.8,99.0,0.0,3.6,10.8,1022.9,0.0,Christkindlemarkt,0,0,20.428571428571427
2023-12-07 06:00:00,,1.4,-1.6,4.9,3.6,0.0,2.9,22.3,1020.3,0.6,0.5,99.0,0.0,3.6,16.2,1023.0,0.0,Christkindlemarkt,0,0,26.714285714285715
2023-12-07 07:00:00,,1.4,-1.6,4.9,3.6,0.0,2.9,22.3,1020.3,0.6,0.5,99.0,0.0,0.0,15.8,1023.0,0.0,Christkindlemarkt,0,0,67.57142857142857
2023-12-07 08:00:00,,1.4,-1.6,4.9,3.6,0.0,2.9,22.3,1020.3,0.7,0.7,100.0,0.0,3.6,10.4,1023.0,0.0,Christkindlemarkt,0,0,156.25
2023-12-07 09:00:00,,1.4,-1.6,4.9,3.6,0.0,2.9,22.3,1020.3,1.9,1.2,95.0,0.0,3.6,22.3,1022.7,40.0,Christkindlemarkt,0,0,250.0
2023-12-07 10:00:00,,1.4,-1.6,4.9,3.6,0.0,2.9,22.3,1020.3,2.9,0.3,83.0,0.0,3.6,18.7,1022.1,60.0,Christkindlemarkt,0,0,306.2857142857143
2023-12-07 11:00:00,,1.4,-1.6,4.9,3.6,0.0,2.9,22.3,1020.3,3.9,0.2,77.0,0.0,3.6,16.2,1021.1,59.0,Christkindlemarkt,0,0,295.57142857142856
2023-12-07 12:00:00,,1.4,-1.6,4.9,3.6,0.0,2.9,22.3,1020.3,4.2,-0.2,73.0,0.0,3.6,13.7,1020.3,59.0,Christkindlemarkt,0,0,263.7142857142857
2023-12-07 13:00:00,,1.4,-1.6,4.9,3.6,0.0,2.9,22.3,1020.3,4.7,-0.1,71.0,0.0,3.6,6.8,1019.1,60.0,Christkindlemarkt,0,0,275.75
2023-12-07 14:00:00,,1.4,-1.6,4.9,3.6,0.0,2.9,22.3,1020.3,4.9,-0.3,69.0,0.0,3.6,6.5,1018.5,60.0,Christkindlemarkt,0,0,333.0
2023-12-07 15:00:00,,1.4,-1.6,4.9,3.6,0.0,2.9,22.3,1020.3,2.4,-1.0,78.0,0.0,3.6,9.0,1018.9,55.0,Christkindlemarkt,0,0,350.8
2023-12-07 16:00:00,,1.4,-1.6,4.9,3.6,0.0,2.9,22.3,1020.3,1.1,-1.5,83.0,0.0,3.6,14.4,1018.4,0.0,Christkindlemarkt,0,0,308.85714285714283
2023-12-07 17:00:00,,1.4,-1.6,4.9,3.6,0.0,2.9,22.3,1020.3,-0.4,-2.0,89.0,0.0,3.6,13.0,1018.1,0.0,Christkindlemarkt,0,0,263.14285714285717
2023-12-07 18:00:00,,1.4,-1.6,4.9,3.6,0.0,2.9,22.3,1020.3,-0.8,-2.1,91.0,0.0,3.6,11.2,1017.4,0.0,Christkindlemarkt,0,0,300.14285714285717
2023-12-07 19:00:00,,1.4,-1.6,4.9,3.6,0.0,2.9,22.3,1020.3,-1.2,-2.3,92.0,0.0,0.0,9.4,1017.1,0.0,Christkindlemarkt,0,0,406.57142857142856
2023-12-07 20:00:00,,1.4,-1.6,4.9,3.6,0.0,2.9,22.3,1020.3,-1.6,-2.0,97.0,0.0,0.0,9.7,1017.0,0.0,Christkindlemarkt,0,0,397.375
2023-12-07 21:00:00,,1.4,-1.6,4.9,3.6,0.0,2.9,22.3,1020.3,-1.4,-2.2,94.0,0.0,0.0,8.3,1016.0,0.0,Christkindlemarkt,0,0,361.0
2023-12-07 22:00:00,,1.4,-1.6,4.9,3.6,0.0,2.9,22.3,1020.3,-1.2,-2.3,92.0,0.0,3.6,7.2,1015.2,0.0,Christkindlemarkt,0,0,289.85714285714283
2023-12-07 23:00:00,,1.4,-1.6,4.9,3.6,0.0,2.9,22.3,1020.3,-1.2,-2.6,90.0,0.0,0.0,10.1,1015.1,0.0,Christkindlemarkt,0,0,205.14285714285714
2023-12-08 00:00:00,holiday,2.0,-1.5,4.2,6.4,0.0,2.7,31.7,1014.3,-1.5,-2.5,93.0,0.0,3.6,9.0,1014.4,0.0,Christkindlemarkt,0,0,156.0
2023-12-08 01:00:00,holiday,2.0,-1.5,4.2,6.4,0.0,2.7,31.7,1014.3,-0.9,-2.0,92.0,0.0,3.6,10.8,1013.6,0.0,Christkindlemarkt,0,0,95.875
2023-12-08 02:00:00,holiday,2.0,-1.5,4.2,6.4,0.0,2.7,31.7,1014.3,0.5,-1.1,89.0,0.0,3.6,9.0,1012.8,0.0,Christkindlemarkt,0,0,61.714285714285715
2023-12-08 03:00:00,holiday,2.0,-1.5,4.2,6.4,0.0,2.7,31.7,1014.3,0.4,-1.0,90.0,0.0,3.6,9.3,1012.9,,Christkindlemarkt,0,0,46.0
2023-12-08 04:00:00,holiday,2.0,-1.5,4.2,6.4,0.0,2.7,31.7,1014.3,0.6,-1.2,88.0,0.0,3.6,13.3,1013.9,0.0,Christkindlemarkt,0,0,41.57142857142857
2023-12-08 05:00:00,holiday,2.0,-1.5,4.2,6.4,0.0,2.7,31.7,1014.3,1.6,0.4,92.0,0.0,3.6,17.6,1013.7,0.0,Christkindlemarkt,0,0,41.857142857142854
2023-12-08 06:00:00,holiday,2.0,-1.5,4.2,6.4,0.0,2.7,31.7,1014.3,1.7,-0.1,88.0,0.0,3.6,23.8,1014.0,0.0,Christkindlemarkt,0,0,39.125
2023-12-08 07:00:00,holiday,2.0,-1.5,4.2,6.4,0.0,2.7,31.7,1014.3,1.5,0.2,91.0,0.0,3.6,27.7,1014.2,0.0,Christkindlemarkt,0,0,40.57142857142857
2023-12-08 08:00:00,holiday,2.0,-1.5,4.2,6.4,0.0,2.7,31.7,1014.3,1.5,0.2,91.0,0.0,0.0,10.4,1013.9,0.0,Christkindlemarkt,0,0,43.57142857142857
2023-12-08 09:00:00,holiday,2.0,-1.5,4.2,6.4,0.0,2.7,31.7,1014.3,2.0,0.2,88.0,0.0,3.6,12.6,1013.9,0.0,Christkindlemarkt,0,0,71.85714285714286
2023-12-08 10:00:00,holiday,2.0,-1.5,4.2,6.4,0.0,2.7,31.7,1014.3,2.4,0.1,85.0,0.0,3.6,11.2,1013.8,0.0,Christkindlemarkt,0,0,174.0
2023-12-08 11:00:00,holiday,2.0,-1.5,4.2,6.4,0.0,2.7,31.7,1014.3,2.8,1.6,92.0,0.3,3.6,10.8,1013.9,0.0,Christkindlemarkt,0,0,220.57142857142858
2023-12-08 12:00:00,holiday,2.0,-1.5,4.2,6.4,0.0,2.7,31.7,1014.3,3.4,2.5,94.0,0.1,3.6,14.0,1013.5,0.0,Christkindlemarkt,0,0,207.57142857142858
2023-12-08 13:00:00,holiday,2.0,-1.5,4.2,6.4,0.0,2.7,31.7,1014.3,4.2,3.5,95.0,0.1,3.6,31.7,1013.0,0.0,Christkindlemarkt,0,0,217.28571428571428
2023-12-08 14:00:00,holiday,2.0,-1.5,4.2,6.4,0.0,2.7,31.7,1014.3,4.0,3.6,97.0,0.7,0.0,25.2,1013.0,0.0,Christkindlemarkt,0,0,221.14285714285714
2023-12-08 15:00:00,holiday,2.0,-1.5,4.2,6.4,0.0,2.7,31.7,1014.3,3.5,3.4,99.0,0.8,3.6,22.7,1013.8,0.0,Christkindlemarkt,0,0,217.5
2023-12-08 16:00:00,holiday,2.0,-1.5,4.2,6.4,0.0,2.7,31.7,1014.3,3.8,3.7,99.0,1.0,3.6,23.0,1014.2,0.0,Christkindlemarkt,0,0,201.42857142857142
2023-12-08 17:00:00,holiday,2.0,-1.5,4.2,6.4,0.0,2.7,31.7,1014.3,3.1,3.0,99.0,1.0,0.0,21.2,1015.1,0.0,Christkindlemarkt,0,0,176.85714285714286
2023-12-08 18:00:00,holiday,2.0,-1.5,4.2,6.4,0.0,2.7,31.7,1014.3,2.9,2.8,99.0,1.0,0.0,21.6,1015.5,0.0,Christkindlemarkt,0,0,196.85714285714286
2023-12-08 19:00:00,holiday,2.0,-1.5,4.2,6.4,0.0,2.7,31.7,1014.3,3.2,3.1,99.0,0.1,0.0,20.9,1016.1,0.0,Christkindlemarkt,0,0,210.0
2023-12-08 20:00:00,holiday,2.0,-1.5,4.2,6.4,0.0,2.7,31.7,1014.3,3.1,3.0,99.0,0.3,3.6,19.1,1016.3,0.0,Christkindlemarkt,0,0,190.75
2023-12-08 21:00:00,holiday,2.0,-1.5,4.2,6.4,0.0,2.7,31.7,1014.3,3.4,3.3,99.0,0.5,3.6,28.1,1016.5,0.0,Christkindlemarkt,0,0,167.57142857142858
2023-12-08 22:00:00,holiday,2.0,-1.5,4.2,6.4,0.0,2.7,31.7,1014.3,2.7,2.6,99.0,0.5,3.6,23.4,1017.1,0.0,Christkindlemarkt,0,0,126.28571428571429
2023-12-08 23:00:00,holiday,2.0,-1.5,4.2,6.4,0.0,2.7,31.7,1014.3,2.7,2.6,99.0,0.5,0.0,22.3,1017.9,0.0,Christkindlemarkt,0,0,94.57142857142857
2023-12-09 00:00:00,,4.5,2.4,7.4,10.8,0.0,3.8,43.9,1013.3,3.3,3.2,99.0,0.6,0.0,11.5,1018.0,0.0,Christkindlemarkt,0,0,65.57142857142857
2023-12-09 01:00:00,,4.5,2.4,7.4,10.8,0.0,3.8,43.9,1013.3,2.8,2.7,99.0,0.3,3.6,12.6,1018.2,0.0,Christkindlemarkt,0,0,46.75
2023-12-09 02:00:00,,4.5,2.4,7.4,10.8,0.0,3.8,43.9,1013.3,2.6,2.5,99.0,0.0,0.0,13.0,1018.6,0.0,Christkindlemarkt,0,0,26.0
2023-12-09 03:00:00,,4.5,2.4,7.4,10.8,0.0,3.8,43.9,1013.3,3.1,3.0,99.0,0.0,3.6,16.7,1018.8,,Christkindlemarkt,0,0,22.571428571428573
2023-12-09 04:00:00,,4.5,2.4,7.4,10.8,0.0,3.8,43.9,1013.3,2.4,2.3,99.0,0.0,0.0,15.8,1017.9,0.0,Christkindlemarkt,0,0,22.0
2023-12-09 05:00:00,,4.5,2.4,7.4,10.8,0.0,3.8,43.9,1013.3,2.8,2.7,99.0,0.0,3.6,23.8,1017.9,0.0,Christkindlemarkt,0,0,22.0
2023-12-09 06:00:00,,4.5,2.4,7.4,10.8,0.0,3.8,43.9,1013.3,3.2,3.1,99.0,0.0,3.6,27.4,1018.1,0.0,Christkindlemarkt,0,0,22.0
2023-12-09 07:00:00,,4.5,2.4,7.4,10.8,0.0,3.8,43.9,1013.3,2.8,2.7,99.0,0.0,3.6,20.9,1018.1,0.0,Christkindlemarkt,1,0,26.714285714285715
2023-12-09 08:00:00,,4.5,2.4,7.4,10.8,0.0,3.8,43.9,1013.3,3.3,3.3,100.0,0.0,3.6,29.9,1017.6,0.0,Christkindlemarkt,1,0,78.85714285714286
2023-12-09 09:00:00,,4.5,2.4,7.4,10.8,0.0,3.8,43.9,1013.3,3.7,3.6,99.0,0.0,3.6,25.9,1017.2,14.0,Christkindlemarkt,1,0,271.57142857142856
2023-12-09 10:00:00,,4.5,2.4,7.4,10.8,0.0,3.8,43.9,1013.3,5.3,3.5,88.0,0.0,3.6,28.8,1016.0,37.0,Christkindlemarkt,1,0,410.85714285714283
2023-12-09 11:00:00,,4.5,2.4,7.4,10.8,0.0,3.8,43.9,1013.3,5.7,3.5,86.0,0.0,3.6,22.7,1015.0,21.0,Christkindlemarkt,1,0,407.0
2023-12-09 12:00:00,,4.5,2.4,7.4,10.8,0.0,3.8,43.9,1013.3,5.4,4.0,91.0,0.0,3.6,23.0,1013.9,0.0,Christkindlemarkt,1,0,400.0
2023-12-09 13:00:00,,4.5,2.4,7.4,10.8,0.0,3.8,43.9,1013.3,5.2,4.0,92.0,0.0,3.6,21.6,1012.4,10.0,Christkindlemarkt,0,0,398.85714285714283
2023-12-09 14:00:00,,4.5,2.4,7.4,10.8,0.0,3.8,43.9,1013.3,6.2,3.4,82.0,0.0,0.0,32.0,1010.0,26.0,Christkindlemarkt,0,0,407.7142857142857
2023-12-09 15:00:00,,4.5,2.4,7.4,10.8,0.0,3.8,43.9,1013.3,6.1,3.4,83.0,0.0,3.6,31.3,1009.8,0.0,Christkindlemarkt,0,0,383.42857142857144
2023-12-09 16:00:00,,4.5,2.4,7.4,10.8,0.0,3.8,43.9,1013.3,5.0,4.3,95.0,0.3,3.6,11.9,1008.8,0.0,Christkindlemarkt,0,0,321.875
2023-12-09 17:00:00,,4.5,2.4,7.4,10.8,0.0,3.8,43.9,1013.3,4.6,4.5,99.0,1.0,3.6,27.7,1007.7,0.0,Christkindlemarkt,0,0,259.85714285714283
2023-12-09 18:00:00,,4.5,2.4,7.4,10.8,0.0,3.8,43.9,1013.3,5.3,4.6,95.0,0.5,3.6,39.2,1005.9,0.0,Christkindlemarkt,0,0,311.85714285714283
2023-12-09 19:00:00,,4.5,2.4,7.4,10.8,0.0,3.8,43.9,1013.3,6.1,4.9,92.0,1.0,7.2,41.4,1005.1,0.0,Christkindlemarkt,0,0,361.2857142857143
2023-12-09 20:00:00,,4.5,2.4,7.4,10.8,0.0,3.8,43.9,1013.3,6.4,5.4,93.0,4.0,10.8,43.9,1003.9,0.0,Christkindlemarkt,0,0,349.7142857142857
2023-12-09 21:00:00,,4.5,2.4,7.4,10.8,0.0,3.8,43.9,1013.3,7.4,5.4,87.0,1.6,14.4,39.2,1004.5,0.0,Christkindlemarkt,0,0,306.57142857142856
2023-12-09 22:00:00,,4.5,2.4,7.4,10.8,0.0,3.8,43.9,1013.3,6.0,5.0,93.0,1.0,3.6,29.2,1008.2,0.0,Christkindlemarkt,0,0,198.5
2023-12-09 23:00:00,,4.5,2.4,7.4,10.8,0.0,3.8,43.9,1013.3,8.1,5.6,84.0,1.0,21.6,43.6,1009.2,0.0,Christkindlemarkt,0,0,145.57142857142858
2023-12-10 00:00:00,,7.9,6.0,10.2,14.4,0.0,9.5,59.0,1015.3,8.1,4.7,79.0,0.9,10.8,37.1,1009.7,0.0,Christkindlemarkt,0,0,107.14285714285714
2023-12-10 01:00:00,,7.9,6.0,10.2,14.4,0.0,9.5,59.0,1015.3,6.9,5.4,90.0,0.5,14.4,41.8,1012.0,0.0,Christkindlemarkt,0,0,87.0
2023-12-10 02:00:00,,7.9,6.0,10.2,14.4,0.0,9.5,59.0,1015.3,6.3,4.9,91.0,3.0,14.4,52.2,1014.1,0.0,Christkindlemarkt,0,0,55.125
2023-12-10 03:00:00,,7.9,6.0,10.2,14.4,0.0,9.5,59.0,1015.3,7.9,3.4,73.0,0.4,14.4,39.6,1014.1,0.0,Christkindlemarkt,0,0,42.0
2023-12-10 04:00:00,,7.9,6.0,10.2,14.4,0.0,9.5,59.0,1015.3,8.1,2.3,67.0,0.6,10.8,33.5,1014.2,0.0,Christkindlemarkt,0,0,37.0
2023-12-10 05:00:00,,7.9,6.0,10.2,14.4,0.0,9.5,59.0,1015.3,8.0,2.7,69.0,1.3,10.8,14.0,1015.5,0.0,Christkindlemarkt,0,0,35.42857142857143
2023-12-10 06:00:00,,7.9,6.0,10.2,14.4,0.0,9.5,59.0,1015.3,7.6,2.9,72.0,2.6,10.8,31.7,1016.5,0.0,Christkindlemarkt,0,0,35.0
2023-12-10 07:00:00,,7.9,6.0,10.2,14.4,0.0,9.5,59.0,1015.3,8.0,1.8,65.0,1.7,10.8,21.6,1016.7,0.0,Christkindlemarkt,0,0,34.125
2023-12-10 08:00:00,,7.9,6.0,10.2,14.4,0.0,9.5,59.0,1015.3,8.3,1.9,64.0,1.7,7.2,28.4,1017.6,0.0,Christkindlemarkt,0,0,31.428571428571427
2023-12-10 09:00:00,,7.9,6.0,10.2,14.4,0.0,9.5,59.0,1015.3,7.2,4.0,80.0,0.5,7.2,27.7,1018.8,0.0,Christkindlemarkt,0,0,32.714285714285715
2023-12-10 10:00:00,,7.9,6.0,10.2,14.4,0.0,9.5,59.0,1015.3,9.6,2.0,59.0,0.0,10.8,19.1,1018.6,0.0,Christkindlemarkt,0,0,40.285714285714285
2023-12-10 11:00:00,,7.9,6.0,10.2,14.4,0.0,9.5,59.0,1015.3,9.5,1.6,58.0,0.2,14.4,28.8,1018.8,0.0,Christkindlemarkt,0,0,61.42857142857143
2023-12-10 12:00:00,,7.9,6.0,10.2,14.4,0.0,9.5,59.0,1015.3,10.2,0.8,52.0,0.0,10.8,28.1,1018.1,1.0,Christkindlemarkt,0,0,76.75
2023-12-10 13:00:00,,7.9,6.0,10.2,14.4,0.0,9.5,59.0,1015.3,9.9,1.3,55.0,0.0,10.8,31.0,1017.6,0.0,Christkindlemarkt,0,0,102.42857142857143
2023-12-10 14:00:00,,7.9,6.0,10.2,14.4,0.0,9.5,59.0,1015.3,8.5,2.9,68.0,0.0,7.2,22.3,1017.9,0.0,Christkindlemarkt,0,0,176.71428571428572
2023-12-10 15:00:00,,7.9,6.0,10.2,14.4,0.0,9.5,59.0,1015.3,7.9,2.8,70.0,0.0,7.2,24.8,1017.1,0.0,Christkindlemarkt,0,0,220.42857142857142
2023-12-10 16:00:00,,7.9,6.0,10.2,14.4,0.0,9.5,59.0,1015.3,7.6,2.5,70.0,0.0,3.6,27.0,1016.4,0.0,Christkindlemarkt,0,0,234.14285714285714
2023-12-10 17:00:00,,7.9,6.0,10.2,14.4,0.0,9.5,59.0,1015.3,6.0,2.6,79.0,0.0,3.6,25.6,1016.3,0.0,Christkindlemarkt,0,0,244.0
2023-12-10 18:00:00,,7.9,6.0,10.2,14.4,0.0,9.5,59.0,1015.3,6.3,2.2,75.0,0.0,3.6,36.0,1015.4,0.0,Christkindlemarkt,0,0,174.85714285714286
2023-12-10 19:00:00,,7.9,6.0,10.2,14.4,0.0,9.5,59.0,1015.3,7.0,1.5,68.0,0.0,3.6,43.6,1014.2,0.0,Christkindlemarkt,0,0,116.14285714285714
2023-12-10 20:00:00,,7.9,6.0,10.2,14.4,0.0,9.5,59.0,1015.3,7.4,1.2,65.0,0.0,7.2,59.0,1013.9,0.0,Christkindlemarkt,0,0,65.85714285714286
2023-12-10 21:00:00,,7.9,6.0,10.2,14.4,0.0,9.5,59.0,1015.3,7.6,1.2,64.0,0.0,7.2,40.7,1012.4,0.0,Christkindlemarkt,0,0,39.57142857142857
2023-12-10 22:00:00,,7.9,6.0,10.2,14.4,0.0,9.5,59.0,1015.3,7.6,1.7,66.0,0.0,3.6,45.7,1011.0,0.0,Christkindlemarkt,0,0,24.571428571428573
2023-12-10 23:00:00,,7.9,6.0,10.2,14.4,0.0,9.5,59.0,1015.3,7.4,2.5,71.0,0.1,3.6,36.0,1010.8,0.0,Christkindlemarkt,0,0,17.875
2023-12-11 00:00:00,,7.1,4.4,8.2,47.9,0.0,8.0,43.6,1011.6,6.7,1.2,68.0,1.8,12.2,19.8,1010.0,0.0,Christkindlemarkt,0,0,15.428571428571429
2023-12-11 01:00:00,,7.1,4.4,8.2,47.9,0.0,8.0,43.6,1011.6,6.6,1.7,71.0,3.2,10.4,20.9,1011.0,0.0,Christkindlemarkt,0,0,13.142857142857142
2023-12-11 02:00:00,,7.1,4.4,8.2,47.9,0.0,8.0,43.6,1011.6,6.1,2.4,77.0,2.1,13.3,26.3,1011.0,0.0,Christkindlemarkt,0,0,13.0
2023-12-11 03:00:00,,7.1,4.4,8.2,47.9,0.0,8.0,43.6,1011.6,7.7,5.7,87.0,4.8,7.2,27.8,1010.9,,Christkindlemarkt,0,0,13.0
2023-12-11 04:00:00,,7.1,4.4,8.2,47.9,0.0,8.0,43.6,1011.6,8.0,5.6,85.0,2.5,7.2,25.9,1011.1,,Christkindlemarkt,0,0,13.0
2023-12-11 05:00:00,,7.1,4.4,8.2,47.9,0.0,8.0,43.6,1011.6,7.9,5.9,87.0,5.9,3.6,25.9,1010.4,,Christkindlemarkt,0,0,13.0
2023-12-11 06:00:00,,7.1,4.4,8.2,47.9,0.0,8.0,43.6,1011.6,4.4,2.1,85.0,3.1,10.4,43.6,1011.0,0.0,Christkindlemarkt,0,0,15.571428571428571
2023-12-11 07:00:00,,7.1,4.4,8.2,47.9,0.0,8.0,43.6,1011.6,8.1,5.7,85.0,3.6,7.2,37.1,1009.8,0.0,Christkindlemarkt,0,0,62.57142857142857
2023-12-11 08:00:00,,7.1,4.4,8.2,47.9,0.0,8.0,43.6,1011.6,8.2,5.7,84.0,6.4,3.6,38.2,1009.4,0.0,Christkindlemarkt,0,0,158.625
2023-12-11 09:00:00,,7.1,4.4,8.2,47.9,0.0,8.0,43.6,1011.6,7.6,6.5,93.0,2.4,14.4,40.7,1010.5,0.0,Christkindlemarkt,0,0,235.42857142857142
2023-12-11 10:00:00,,7.1,4.4,8.2,47.9,0.0,8.0,43.6,1011.6,7.6,7.0,96.0,4.0,7.2,40.0,1011.5,0.0,Christkindlemarkt,0,0,265.85714285714283
2023-12-11 11:00:00,,7.1,4.4,8.2,47.9,0.0,8.0,43.6,1011.6,6.9,5.4,90.0,1.8,11.9,37.4,1009.9,0.0,Christkindlemarkt,0,0,244.14285714285714
2023-12-11 12:00:00,,7.1,4.4,8.2,47.9,0.0,8.0,43.6,1011.6,7.4,7.0,97.0,1.0,7.2,29.2,1010.0,0.0,Christkindlemarkt,0,0,214.0
2023-12-11 13:00:00,,7.1,4.4,8.2,47.9,0.0,8.0,43.6,1011.6,7.9,6.0,88.0,1.8,12.6,36.0,1010.2,0.0,Christkindlemarkt,0,0,232.71428571428572
2023-12-11 14:00:00,,7.1,4.4,8.2,47.9,0.0,8.0,43.6,1011.6,7.5,7.4,99.0,2.0,7.2,28.4,1011.4,0.0,Christkindlemarkt,0,0,275.7142857142857
2023-12-11 15:00:00,,7.1,4.4,8.2,47.9,0.0,8.0,43.6,1011.6,7.6,7.2,97.0,0.3,7.2,33.8,1012.2,0.0,Christkindlemarkt,0,0,258.0
2023-12-11 16:00:00,,7.1,4.4,8.2,47.9,0.0,8.0,43.6,1011.6,7.4,7.1,98.0,0.2,10.8,35.6,1012.9,0.0,Christkindlemarkt,0,0,258.57142857142856
2023-12-11 17:00:00,,7.1,4.4,8.2,47.9,0.0,8.0,43.6,1011.6,7.1,6.7,97.0,0.0,10.8,38.2,1013.6,0.0,Christkindlemarkt,0,0,209.0
2023-12-11 18:00:00,,7.1,4.4,8.2,47.9,0.0,8.0,43.6,1011.6,7.0,6.3,95.0,0.0,3.6,40.7,1013.6,0.0,Christkindlemarkt,0,0,172.75
2023-12-11 19:00:00,,7.1,4.4,8.2,47.9,0.0,8.0,43.6,1011.6,6.9,5.8,93.0,0.0,7.2,38.5,1013.9,0.0,Christkindlemarkt,0,0,166.14285714285714
2023-12-11 20:00:00,,7.1,4.4,8.2,47.9,0.0,8.0,43.6,1011.6,6.8,5.7,93.0,0.0,3.6,34.6,1014.3,0.0,Christkindlemarkt,0,0,118.28571428571429
2023-12-11 21:00:00,,7.1,4.4,8.2,47.9,0.0,8.0,43.6,1011.6,5.3,3.6,89.0,0.3,6.5,37.8,1013.7,0.0,Christkindlemarkt,0,0,72.0
2023-12-11 22:00:00,,7.1,4.4,8.2,47.9,0.0,8.0,43.6,1011.6,6.3,5.9,97.0,0.6,3.6,40.3,1014.9,0.0,Christkindlemarkt,0,0,30.571428571428573
2023-12-11 23:00:00,,7.1,4.4,8.2,47.9,0.0,8.0,43.6,1011.6,6.0,5.7,98.0,0.1,0.0,42.5,1014.9,0.0,Christkindlemarkt,0,0,19.428571428571427
2023-12-12 00:00:00,,7.5,6.0,9.4,21.5,0.0,5.7,46.1,1010.4,6.5,6.1,97.0,0.1,3.6,34.9,1014.5,0.0,Christkindlemarkt,0,0,8.5
2023-12-12 01:00:00,,7.5,6.0,9.4,21.5,0.0,5.7,46.1,1010.4,6.9,6.3,96.0,0.1,10.8,39.6,1014.3,0.0,Christkindlemarkt,0,0,6.0
2023-12-12 02:00:00,,7.5,6.0,9.4,21.5,0.0,5.7,46.1,1010.4,6.9,6.0,94.0,0.3,10.8,41.0,1014.6,0.0,Christkindlemarkt,0,0,6.0
2023-12-12 03:00:00,,7.5,6.0,9.4,21.5,0.0,5.7,46.1,1010.4,6.5,6.1,97.0,0.3,7.2,38.2,1014.0,0.0,Christkindlemarkt,0,0,6.0
2023-12-12 04:00:00,,7.5,6.0,9.4,21.5,0.0,5.7,46.1,1010.4,6.8,6.2,96.0,0.1,7.2,40.3,1013.6,0.0,Christkindlemarkt,0,0,6.0
2023-12-12 05:00:00,,7.5,6.0,9.4,21.5,0.0,5.7,46.1,1010.4,6.4,6.1,98.0,2.0,7.2,39.6,1013.5,0.0,Christkindlemarkt,0,0,6.714285714285714
2023-12-12 06:00:00,,7.5,6.0,9.4,21.5,0.0,5.7,46.1,1010.4,6.2,5.9,98.0,1.7,3.6,37.4,1013.4,0.0,Christkindlemarkt,0,0,11.0
2023-12-12 07:00:00,,7.5,6.0,9.4,21.5,0.0,5.7,46.1,1010.4,6.4,6.3,99.0,0.8,3.6,30.6,1013.4,0.0,Christkindlemarkt,0,0,64.0
2023-12-12 08:00:00,,7.5,6.0,9.4,21.5,0.0,5.7,46.1,1010.4,7.2,5.7,90.0,3.4,11.2,37.8,1012.1,0.0,Christkindlemarkt,0,0,153.71428571428572
2023-12-12 09:00:00,,7.5,6.0,9.4,21.5,0.0,5.7,46.1,1010.4,7.4,5.9,90.0,1.4,10.4,46.1,1012.0,0.0,Christkindlemarkt,0,0,248.75
2023-12-12 10:00:00,,7.5,6.0,9.4,21.5,0.0,5.7,46.1,1010.4,7.0,6.7,98.0,0.9,3.6,39.6,1011.9,0.0,Christkindlemarkt,0,0,290.85714285714283
2023-12-12 11:00:00,,7.5,6.0,9.4,21.5,0.0,5.7,46.1,1010.4,7.3,7.0,98.0,0.9,3.6,32.8,1010.7,0.0,Christkindlemarkt,0,0,267.0
2023-12-12 12:00:00,,7.5,6.0,9.4,21.5,0.0,5.7,46.1,1010.4,8.0,6.8,92.0,0.5,0.0,39.2,1009.7,0.0,Christkindlemarkt,0,0,238.42857142857142
2023-12-12 13:00:00,,7.5,6.0,9.4,21.5,0.0,5.7,46.1,1010.4,9.1,6.4,83.0,0.3,10.8,36.4,1007.9,0.0,Christkindlemarkt,0,0,253.71428571428572
2023-12-12 14:00:00,,7.5,6.0,9.4,21.5,0.0,5.7,46.1,1010.4,8.9,7.7,92.0,0.3,3.6,36.7,1007.7,0.0,Christkindlemarkt,0,0,272.85714285714283
2023-12-12 15:00:00,,7.5,6.0,9.4,21.5,0.0,5.7,46.1,1010.4,9.1,7.5,90.0,1.1,3.6,39.6,1007.0,0.0,Christkindlemarkt,0,0,276.875
2023-12-12 16:00:00,,7.5,6.0,9.4,21.5,0.0,5.7,46.1,1010.4,8.8,8.0,95.0,0.6,0.0,30.2,1006.8,0.0,Christkindlemarkt,0,0,224.14285714285714
2023-12-12 17:00:00,,7.5,6.0,9.4,21.5,0.0,5.7,46.1,1010.4,9.4,8.2,92.0,2.0,10.8,37.8,1006.6,0.0,Christkindlemarkt,0,0,201.28571428571428
2023-12-12 18:00:00,,7.5,6.0,9.4,21.5,0.0,5.7,46.1,1010.4,8.9,8.1,95.0,0.9,3.6,41.4,1006.8,0.0,Christkindlemarkt,0,0,224.28571428571428
2023-12-12 19:00:00,,7.5,6.0,9.4,21.5,0.0,5.7,46.1,1010.4,7.2,6.1,93.0,0.6,8.3,24.8,1006.1,0.0,Christkindlemarkt,0,0,242.25
2023-12-12 20:00:00,,7.5,6.0,9.4,21.5,0.0,5.7,46.1,1010.4,7.0,6.3,95.0,0.9,6.8,24.8,1006.1,0.0,Christkindlemarkt,0,0,198.42857142857142
2023-12-12 21:00:00,,7.5,6.0,9.4,21.5,0.0,5.7,46.1,1010.4,8.3,8.2,99.0,1.4,3.6,24.8,1006.3,0.0,Christkindlemarkt,0,0,112.0
2023-12-12 22:00:00,,7.5,6.0,9.4,21.5,0.0,5.7,46.1,1010.4,8.2,8.2,100.0,0.8,3.6,24.8,1005.9,0.0,Christkindlemarkt,0,0,55.57142857142857
2023-12-12 23:00:00,,7.5,6.0,9.4,21.5,0.0,5.7,46.1,1010.4,8.2,8.1,99.0,1.0,3.6,19.1,1005.9,0.0,Christkindlemarkt,0,0,24.857142857142858
2023-12-13 00:00:00,,7.0,5.1,8.2,9.0,0.0,3.9,32.0,1003.6,6.9,5.8,93.0,1.5,7.2,23.0,1005.0,0.0,Christkindlemarkt,0,0,14.428571428571429
2023-12-13 01:00:00,,7.0,5.1,8.2,9.0,0.0,3.9,32.0,1003.6,7.6,7.5,99.0,0.1,3.6,17.6,1005.3,0.0,Christkindlemarkt,0,0,12.75
2023-12-13 02:00:00,,7.0,5.1,8.2,9.0,0.0,3.9,32.0,1003.6,7.8,7.7,99.0,0.2,3.6,14.0,1004.8,0.0,Christkindlemarkt,0,0,11.428571428571429
2023-12-13 03:00:00,,7.0,5.1,8.2,9.0,0.0,3.9,32.0,1003.6,6.8,5.7,93.0,0.1,8.3,15.8,1004.5,0.0,Christkindlemarkt,0,0,11.0
2023-12-13 04:00:00,,7.0,5.1,8.2,9.0,0.0,3.9,32.0,1003.6,7.3,7.2,99.0,0.0,3.6,16.9,1004.0,0.0,Christkindlemarkt,0,0,11.0
2023-12-13 05:00:00,,7.0,5.1,8.2,9.0,0.0,3.9,32.0,1003.6,5.1,4.4,95.0,0.5,6.8,20.9,1003.1,0.0,Christkindlemarkt,0,0,11.0
2023-12-13 06:00:00,,7.0,5.1,8.2,9.0,0.0,3.9,32.0,1003.6,7.3,7.2,99.0,0.2,3.6,28.8,1003.2,0.0,Christkindlemarkt,0,0,13.714285714285714
2023-12-13 07:00:00,,7.0,5.1,8.2,9.0,0.0,3.9,32.0,1003.6,6.8,6.8,100.0,0.0,3.6,28.4,1002.7,0.0,Christkindlemarkt,1,0,66.42857142857143
2023-12-13 08:00:00,,7.0,5.1,8.2,9.0,0.0,3.9,32.0,1003.6,6.9,6.6,98.0,0.1,3.6,26.3,1002.8,0.0,Christkindlemarkt,1,0,178.85714285714286
2023-12-13 09:00:00,,7.0,5.1,8.2,9.0,0.0,3.9,32.0,1003.6,7.1,6.8,98.0,0.0,3.6,21.6,1002.4,0.0,Christkindlemarkt,1,0,306.85714285714283
2023-12-13 10:00:00,,7.0,5.1,8.2,9.0,0.0,3.9,32.0,1003.6,7.5,6.6,94.0,0.0,3.6,32.0,1002.8,0.0,Christkindlemarkt,1,0,380.2857142857143
2023-12-13 11:00:00,,7.0,5.1,8.2,9.0,0.0,3.9,32.0,1003.6,7.7,7.4,98.0,0.4,3.6,31.0,1002.2,0.0,Christkindlemarkt,1,0,325.625
2023-12-13 12:00:00,,7.0,5.1,8.2,9.0,0.0,3.9,32.0,1003.6,7.9,6.7,92.0,0.2,3.6,19.1,1002.0,0.0,Christkindlemarkt,1,0,271.2857142857143
2023-12-13 13:00:00,,7.0,5.1,8.2,9.0,0.0,3.9,32.0,1003.6,7.5,7.1,97.0,0.7,3.6,21.6,1001.8,0.0,Christkindlemarkt,0,0,249.85714285714286
2023-12-13 14:00:00,,7.0,5.1,8.2,9.0,0.0,3.9,32.0,1003.6,7.3,7.0,98.0,0.2,3.6,12.6,1001.8,0.0,Christkindlemarkt,0,0,310.14285714285717
2023-12-13 15:00:00,,7.0,5.1,8.2,9.0,0.0,3.9,32.0,1003.6,7.2,6.9,98.0,0.1,3.6,22.0,1001.9,0.0,Christkindlemarkt,0,0,378.85714285714283
2023-12-13 16:00:00,,7.0,5.1,8.2,9.0,0.0,3.9,32.0,1003.6,6.9,6.8,99.0,0.2,0.0,24.1,1002.2,0.0,Christkindlemarkt,0,0,319.375
2023-12-13 17:00:00,,7.0,5.1,8.2,9.0,0.0,3.9,32.0,1003.6,7.0,6.9,99.0,0.4,0.0,14.4,1003.1,0.0,Christkindlemarkt,0,0,292.57142857142856
2023-12-13 18:00:00,,7.0,5.1,8.2,9.0,0.0,3.9,32.0,1003.6,6.4,5.0,91.0,0.2,3.6,12.2,1004.1,0.0,Christkindlemarkt,0,0,317.42857142857144
2023-12-13 19:00:00,,7.0,5.1,8.2,9.0,0.0,3.9,32.0,1003.6,6.4,5.7,95.0,0.1,3.6,24.1,1004.3,0.0,Christkindlemarkt,0,0,284.7142857142857
2023-12-13 20:00:00,,7.0,5.1,8.2,9.0,0.0,3.9,32.0,1003.6,6.0,5.3,95.0,1.1,3.6,12.6,1004.9,0.0,Christkindlemarkt,0,0,213.125
2023-12-13 21:00:00,,7.0,5.1,8.2,9.0,0.0,3.9,32.0,1003.6,6.1,5.2,94.0,0.3,3.6,16.2,1005.8,0.0,Christkindlemarkt,0,0,145.28571428571428
2023-12-13 22:00:00,,7.0,5.1,8.2,9.0,0.0,3.9,32.0,1003.6,6.2,5.5,95.0,1.4,7.2,23.0,1006.2,0.0,Christkindlemarkt,0,0,62.57142857142857
2023-12-13 23:00:00,,7.0,5.1,8.2,9.0,0.0,3.9,32.0,1003.6,6.8,4.6,86.0,1.2,7.2,20.5,1006.8,0.0,Christkindlemarkt,0,0,26.428571428571427
2023-12-14 00:00:00,,5.5,4.4,6.8,20.2,0.0,4.5,20.5,1016.9,6.1,4.7,91.0,0.4,0.0,14.8,1007.5,0.0,Christkindlemarkt,0,0,14.857142857142858
2023-12-14 01:00:00,,5.5,4.4,6.8,20.2,0.0,4.5,20.5,1016.9,6.3,5.3,93.0,0.2,7.2,16.6,1008.2,0.0,Christkindlemarkt,0,0,9.857142857142858
2023-12-14 02:00:00,,5.5,4.4,6.8,20.2,0.0,4.5,20.5,1016.9,5.7,5.1,96.0,0.1,3.6,14.0,1009.1,0.0,Christkindlemarkt,0,0,7.25
2023-12-14 03:00:00,,5.5,4.4,6.8,20.2,0.0,4.5,20.5,1016.9,5.5,5.2,98.0,0.7,3.6,8.6,1009.9,0.0,Christkindlemarkt,0,0,7.0
2023-12-14 04:00:00,,5.5,4.4,6.8,20.2,0.0,4.5,20.5,1016.9,5.6,5.5,99.0,2.0,0.0,19.1,1010.7,0.0,Christkindlemarkt,0,0,6.857142857142857
2023-12-14 05:00:00,,5.5,4.4,6.8,20.2,0.0,4.5,20.5,1016.9,5.1,5.0,99.0,1.0,7.2,15.5,1011.9,0.0,Christkindlemarkt,0,0,7.714285714285714
2023-12-14 06:00:00,,5.5,4.4,6.8,20.2,0.0,4.5,20.5,1016.9,5.1,3.9,92.0,1.0,3.6,17.3,1012.7,0.0,Christkindlemarkt,0,0,10.285714285714286
2023-12-14 07:00:00,,5.5,4.4,6.8,20.2,0.0,4.5,20.5,1016.9,4.7,4.3,97.0,0.8,3.6,14.4,1014.0,0.0,Christkindlemarkt,0,0,53.5
2023-12-14 08:00:00,,5.5,4.4,6.8,20.2,0.0,4.5,20.5,1016.9,4.9,4.6,98.0,1.0,7.2,9.0,1014.9,0.0,Christkindlemarkt,0,0,150.85714285714286
2023-12-14 09:00:00,,5.5,4.4,6.8,20.2,0.0,4.5,20.5,1016.9,5.1,4.7,97.0,0.8,3.6,12.2,1016.0,0.0,Christkindlemarkt,0,0,260.2857142857143
2023-12-14 10:00:00,,5.5,4.4,6.8,20.2,0.0,4.5,20.5,1016.9,5.4,5.0,97.0,0.1,3.6,14.4,1017.0,0.0,Christkindlemarkt,0,0,315.14285714285717
2023-12-14 11:00:00,,5.5,4.4,6.8,20.2,0.0,4.5,20.5,1016.9,5.6,5.2,97.0,0.4,3.6,12.2,1017.6,0.0,Christkindlemarkt,0,0,291.85714285714283
2023-12-14 12:00:00,,5.5,4.4,6.8,20.2,0.0,4.5,20.5,1016.9,5.9,5.3,96.0,0.2,3.6,16.2,1018.2,0.0,Christkindlemarkt,0,0,268.0
2023-12-14 13:00:00,,5.5,4.4,6.8,20.2,0.0,4.5,20.5,1016.9,5.8,4.6,92.0,0.6,3.6,13.0,1018.8,0.0,Christkindlemarkt,0,0,258.14285714285717
2023-12-14 14:00:00,,5.5,4.4,6.8,20.2,0.0,4.5,20.5,1016.9,5.9,5.0,94.0,2.0,7.2,19.4,1019.4,0.0,Christkindlemarkt,0,0,278.14285714285717
2023-12-14 15:00:00,,5.5,4.4,6.8,20.2,0.0,4.5,20.5,1016.9,6.0,5.0,93.0,0.5,3.6,9.4,1020.5,0.0,Christkindlemarkt,0,0,273.0
2023-12-14 16:00:00,,5.5,4.4,6.8,20.2,0.0,4.5,20.5,1016.9,5.8,4.8,93.0,2.0,7.2,10.4,1021.7,0.0,Christkindlemarkt,0,0,239.14285714285714
2023-12-14 17:00:00,,5.5,4.4,6.8,20.2,0.0,4.5,20.5,1016.9,5.4,4.0,91.0,1.0,3.6,10.1,1022.7,0.0,Christkindlemarkt,0,0,249.75
2023-12-14 18:00:00,,5.5,4.4,6.8,20.2,0.0,4.5,20.5,1016.9,5.4,4.5,94.0,0.6,3.6,8.3,1023.6,0.0,Christkindlemarkt,0,0,317.42857142857144
2023-12-14 19:00:00,,5.5,4.4,6.8,20.2,0.0,4.5,20.5,1016.9,5.3,4.9,97.0,0.4,3.6,10.4,1024.4,0.0,Christkindlemarkt,0,0,402.85714285714283
2023-12-14 20:00:00,,5.5,4.4,6.8,20.2,0.0,4.5,20.5,1016.9,4.4,3.5,94.0,1.1,11.9,10.4,1026.6,0.0,Christkindlemarkt,0,0,371.7142857142857
2023-12-14 21:00:00,,5.5,4.4,6.8,20.2,0.0,4.5,20.5,1016.9,5.7,5.6,99.0,1.5,3.6,9.0,1026.1,0.0,Christkindlemarkt,0,0,305.57142857142856
2023-12-14 22:00:00,,5.5,4.4,6.8,20.2,0.0,4.5,20.5,1016.9,5.6,4.9,95.0,0.6,3.6,7.9,1026.9,0.0,Christkindlemarkt,0,0,227.25
2023-12-14 23:00:00,,5.5,4.4,6.8,20.2,0.0,4.5,20.5,1016.9,4.4,3.8,96.0,0.9,11.9,19.8,1028.8,0.0,Christkindlemarkt,0,0,74.71428571428571
2023-12-15 00:00:00,,4.8,1.7,7.1,7.4,0.0,3.7,29.5,1036.1,5.2,4.8,97.0,1.0,0.0,19.1,1028.5,0.0,Christkindlemarkt,0,0,33.285714285714285
2023-12-15 01:00:00,,4.8,1.7,7.1,7.4,0.0,3.7,29.5,1036.1,4.2,3.8,97.0,1.4,14.4,20.2,1030.1,0.0,Christkindlemarkt,0,0,23.285714285714285
2023-12-15 02:00:00,,4.8,1.7,7.1,7.4,0.0,3.7,29.5,1036.1,5.6,4.7,94.0,1.2,3.6,23.0,1029.9,0.0,Christkindlemarkt,0,0,21.0
2023-12-15 03:00:00,,4.8,1.7,7.1,7.4,0.0,3.7,29.5,1036.1,4.4,3.5,94.0,0.9,3.6,27.4,1031.5,0.0,Christkindlemarkt,0,0,16.125
2023-12-15 04:00:00,,4.8,1.7,7.1,7.4,0.0,3.7,29.5,1036.1,4.3,2.2,86.0,0.7,0.0,29.5,1033.1,0.0,Christkindlemarkt,0,0,16.0
2023-12-15 05:00:00,,4.8,1.7,7.1,7.4,0.0,3.7,29.5,1036.1,4.6,1.6,81.0,0.3,3.6,25.6,1033.7,0.0,Christkindlemarkt,0,0,16.428571428571427
2023-12-15 06:00:00,,4.8,1.7,7.1,7.4,0.0,3.7,29.5,1036.1,4.4,2.4,87.0,0.2,3.6,10.1,1034.5,0.0,Christkindlemarkt,0,0,20.857142857142858
2023-12-15 07:00:00,,4.8,1.7,7.1,7.4,0.0,3.7,29.5,1036.1,4.2,2.4,88.0,0.4,3.6,13.0,1035.5,0.0,Christkindlemarkt,0,0,58.25
2023-12-15 08:00:00,,4.8,1.7,7.1,7.4,0.0,3.7,29.5,1036.1,3.4,2.7,95.0,0.3,3.6,15.1,1036.7,0.0,Christkindlemarkt,0,0,128.42857142857142
2023-12-15 09:00:00,,4.8,1.7,7.1,7.4,0.0,3.7,29.5,1036.1,4.3,2.2,86.0,0.0,4.3,16.6,1037.7,0.0,Christkindlemarkt,0,0,228.42857142857142
2023-12-15 10:00:00,,4.8,1.7,7.1,7.4,0.0,3.7,29.5,1036.1,6.1,2.2,76.0,0.1,3.6,11.5,1037.0,14.0,Christkindlemarkt,0,0,294.85714285714283
2023-12-15 11:00:00,,4.8,1.7,7.1,7.4,0.0,3.7,29.5,1036.1,6.6,1.5,70.0,0.0,7.2,11.5,1036.8,49.0,Christkindlemarkt,0,0,274.2857142857143
2023-12-15 12:00:00,,4.8,1.7,7.1,7.4,0.0,3.7,29.5,1036.1,7.1,0.3,62.0,0.0,3.6,12.6,1037.0,40.0,Christkindlemarkt,0,0,254.85714285714286
2023-12-15 13:00:00,,4.8,1.7,7.1,7.4,0.0,3.7,29.5,1036.1,6.8,1.1,67.0,0.0,3.6,9.0,1037.3,1.0,Christkindlemarkt,0,0,268.625
2023-12-15 14:00:00,,4.8,1.7,7.1,7.4,0.0,3.7,29.5,1036.1,5.7,0.8,71.0,0.0,5.4,8.3,1038.4,0.0,Christkindlemarkt,0,0,322.7142857142857
2023-12-15 15:00:00,,4.8,1.7,7.1,7.4,0.0,3.7,29.5,1036.1,6.0,1.5,73.0,0.0,0.0,5.8,1038.1,0.0,Christkindlemarkt,0,0,358.42857142857144
2023-12-15 16:00:00,,4.8,1.7,7.1,7.4,0.0,3.7,29.5,1036.1,5.5,2.5,81.0,0.0,0.0,7.9,1039.2,0.0,Christkindlemarkt,0,0,358.0
2023-12-15 17:00:00,,4.8,1.7,7.1,7.4,0.0,3.7,29.5,1036.1,5.4,2.7,83.0,0.0,3.6,9.4,1039.4,0.0,Christkindlemarkt,0,0,348.7142857142857
2023-12-15 18:00:00,,4.8,1.7,7.1,7.4,0.0,3.7,29.5,1036.1,5.1,2.3,82.0,0.0,3.6,18.0,1039.2,0.0,Christkindlemarkt,0,0,377.75
2023-12-15 19:00:00,,4.8,1.7,7.1,7.4,0.0,3.7,29.5,1036.1,3.7,2.4,91.0,0.0,3.6,9.0,1040.5,0.0,Christkindlemarkt,0,0,394.57142857142856
2023-12-15 20:00:00,,4.8,1.7,7.1,7.4,0.0,3.7,29.5,1036.1,3.3,1.0,85.0,0.0,3.2,9.4,1041.1,0.0,Christkindlemarkt,0,0,391.7142857142857
2023-12-15 21:00:00,,4.8,1.7,7.1,7.4,0.0,3.7,29.5,1036.1,2.9,2.3,96.0,0.0,0.0,15.5,1041.5,0.0,Christkindlemarkt,0,0,355.14285714285717
2023-12-15 22:00:00,,4.8,1.7,7.1,7.4,0.0,3.7,29.5,1036.1,1.7,1.4,98.0,0.0,0.0,9.7,1041.7,0.0,Christkindlemarkt,0,0,285.0
2023-12-15 23:00:00,,4.8,1.7,7.1,7.4,0.0,3.7,29.5,1036.1,-1.1,-2.4,91.0,0.0,5.4,7.2,1041.6,0.0,Christkindlemarkt,0,0,201.125
2023-12-16 00:00:00,,1.0,-2.4,5.8,0.0,0.0,3.2,13.0,1043.0,-2.0,-3.4,90.0,0.0,5.8,11.5,1042.1,0.0,Christkindlemarkt,0,0,124.71428571428571
2023-12-16 01:00:00,,1.0,-2.4,5.8,0.0,0.0,3.2,13.0,1043.0,0.1,0.0,99.0,0.0,0.0,12.2,1042.8,0.0,Christkindlemarkt,0,0,76.71428571428571
2023-12-16 02:00:00,,1.0,-2.4,5.8,0.0,0.0,3.2,13.0,1043.0,-0.1,-0.2,99.0,0.0,3.6,10.1,1043.2,0.0,Christkindlemarkt,0,0,49.714285714285715
2023-12-16 03:00:00,,1.0,-2.4,5.8,0.0,0.0,3.2,13.0,1043.0,0.1,0.0,99.0,0.0,3.6,9.4,1043.5,0.0,Christkindlemarkt,0,0,37.142857142857146
2023-12-16 04:00:00,,1.0,-2.4,5.8,0.0,0.0,3.2,13.0,1043.0,-0.4,-0.4,100.0,0.0,0.0,11.2,1043.9,0.0,Christkindlemarkt,0,0,31.0
2023-12-16 05:00:00,,1.0,-2.4,5.8,0.0,0.0,3.2,13.0,1043.0,-0.6,-0.7,99.0,0.0,0.0,10.4,1044.0,0.0,Christkindlemarkt,0,0,29.714285714285715
2023-12-16 06:00:00,,1.0,-2.4,5.8,0.0,0.0,3.2,13.0,1043.0,-2.4,-4.1,88.0,0.0,10.1,10.4,1043.0,0.0,Christkindlemarkt,0,0,29.857142857142858
2023-12-16 07:00:00,,1.0,-2.4,5.8,0.0,0.0,3.2,13.0,1043.0,-1.1,-1.2,99.0,0.0,0.0,7.2,1044.3,0.0,Christkindlemarkt,1,0,36.42857142857143
2023-12-16 08:00:00,,1.0,-2.4,5.8,0.0,0.0,3.2,13.0,1043.0,-1.4,-1.5,99.0,0.0,0.0,9.4,1044.5,0.0,Christkindlemarkt,1,0,91.71428571428571
2023-12-16 09:00:00,,1.0,-2.4,5.8,0.0,0.0,3.2,13.0,1043.0,1.3,-2.5,76.0,0.0,8.3,7.9,1044.5,31.0,Christkindlemarkt,1,0,280.875
2023-12-16 10:00:00,,1.0,-2.4,5.8,0.0,0.0,3.2,13.0,1043.0,3.0,0.6,84.0,0.0,3.6,6.8,1044.1,60.0,Christkindlemarkt,1,0,400.42857142857144
2023-12-16 11:00:00,,1.0,-2.4,5.8,0.0,0.0,3.2,13.0,1043.0,3.9,0.8,80.0,0.0,3.6,6.5,1044.0,60.0,Christkindlemarkt,1,0,404.2857142857143
2023-12-16 12:00:00,,1.0,-2.4,5.8,0.0,0.0,3.2,13.0,1043.0,5.0,-0.6,67.0,0.0,3.6,5.4,1042.7,60.0,Christkindlemarkt,1,0,392.85714285714283
2023-12-16 13:00:00,,1.0,-2.4,5.8,0.0,0.0,3.2,13.0,1043.0,5.6,0.2,68.0,0.0,3.6,6.8,1042.0,60.0,Christkindlemarkt,0,0,383.85714285714283
2023-12-16 14:00:00,,1.0,-2.4,5.8,0.0,0.0,3.2,13.0,1043.0,5.8,0.5,69.0,0.0,3.6,10.8,1042.0,60.0,Christkindlemarkt,0,0,407.125
2023-12-16 15:00:00,,1.0,-2.4,5.8,0.0,0.0,3.2,13.0,1043.0,4.5,0.1,73.0,0.0,4.0,5.8,1042.3,60.0,Christkindlemarkt,0,0,402.7142857142857
2023-12-16 16:00:00,,1.0,-2.4,5.8,0.0,0.0,3.2,13.0,1043.0,2.9,0.9,87.0,0.0,0.0,7.2,1042.0,15.0,Christkindlemarkt,0,0,381.8
2023-12-16 17:00:00,,1.0,-2.4,5.8,0.0,0.0,3.2,13.0,1043.0,1.8,0.6,92.0,0.0,0.0,9.0,1042.2,0.0,Christkindlemarkt,0,0,400.0
2023-12-16 18:00:00,,1.0,-2.4,5.8,0.0,0.0,3.2,13.0,1043.0,1.5,0.6,94.0,0.0,0.0,10.4,1042.5,0.0,Christkindlemarkt,0,0,419.7142857142857
2023-12-16 19:00:00,,1.0,-2.4,5.8,0.0,0.0,3.2,13.0,1043.0,-0.3,-3.2,81.0,0.0,4.0,9.4,1042.4,0.0,Christkindlemarkt,0,0,347.0
2023-12-16 20:00:00,,1.0,-2.4,5.8,0.0,0.0,3.2,13.0,1043.0,-1.9,-4.2,84.0,0.0,6.5,13.0,1042.6,0.0,Christkindlemarkt,0,0,277.14285714285717
2023-12-16 21:00:00,,1.0,-2.4,5.8,0.0,0.0,3.2,13.0,1043.0,-0.4,-0.7,98.0,0.0,3.6,12.2,1043.1,0.0,Christkindlemarkt,0,0,216.85714285714286
2023-12-16 22:00:00,,1.0,-2.4,5.8,0.0,0.0,3.2,13.0,1043.0,-1.0,-1.1,99.0,0.0,3.6,9.7,1043.7,0.0,Christkindlemarkt,0,0,162.57142857142858
2023-12-16 23:00:00,,1.0,-2.4,5.8,0.0,0.0,3.2,13.0,1043.0,-2.2,-5.4,79.0,0.0,6.8,10.4,1042.8,0.0,Christkindlemarkt,0,0,133.42857142857142
2023-12-17 00:00:00,,0.9,-2.6,4.2,0.0,0.0,4.5,15.5,1041.5,-0.4,-0.5,99.0,0.0,0.0,8.6,1043.0,0.0,Christkindlemarkt,0,0,94.0
2023-12-17 01:00:00,,0.9,-2.6,4.2,0.0,0.0,4.5,15.5,1041.5,-1.1,-1.2,99.0,0.0,3.6,11.2,1042.5,0.0,Christkindlemarkt,0,0,72.71428571428571
2023-12-17 02:00:00,,0.9,-2.6,4.2,0.0,0.0,4.5,15.5,1041.5,-2.3,-6.7,72.0,0.0,7.9,13.7,1040.9,0.0,Christkindlemarkt,0,0,47.57142857142857
2023-12-17 03:00:00,,0.9,-2.6,4.2,0.0,0.0,4.5,15.5,1041.5,-1.5,-1.6,99.0,0.0,3.6,8.3,1043.2,0.0,Christkindlemarkt,0,0,36.0
2023-12-17 04:00:00,,0.9,-2.6,4.2,0.0,0.0,4.5,15.5,1041.5,-1.7,-1.8,99.0,0.0,3.6,8.3,1043.1,0.0,Christkindlemarkt,0,0,27.714285714285715
2023-12-17 05:00:00,,0.9,-2.6,4.2,0.0,0.0,4.5,15.5,1041.5,-1.0,-7.0,64.0,0.0,6.1,8.3,1041.8,0.0,Christkindlemarkt,0,0,25.375
2023-12-17 06:00:00,,0.9,-2.6,4.2,0.0,0.0,4.5,15.5,1041.5,-1.6,-1.7,99.0,0.0,3.6,9.0,1043.1,0.0,Christkindlemarkt,0,0,25.857142857142858
2023-12-17 07:00:00,,0.9,-2.6,4.2,0.0,0.0,4.5,15.5,1041.5,-2.6,-2.7,99.0,0.0,0.0,6.1,1043.2,0.0,Christkindlemarkt,0,0,25.571428571428573
2023-12-17 08:00:00,,0.9,-2.6,4.2,0.0,0.0,4.5,15.5,1041.5,1.3,-6.5,56.0,0.0,9.7,5.4,1040.6,0.0,Christkindlemarkt,0,0,23.285714285714285
2023-12-17 09:00:00,,0.9,-2.6,4.2,0.0,0.0,4.5,15.5,1041.5,-0.1,-0.1,100.0,0.0,0.0,5.0,1042.8,29.0,Christkindlemarkt,0,0,27.428571428571427
2023-12-17 10:00:00,,0.9,-2.6,4.2,0.0,0.0,4.5,15.5,1041.5,2.5,0.2,85.0,0.0,3.6,5.8,1042.1,59.0,Christkindlemarkt,0,0,32.5
2023-12-17 11:00:00,,0.9,-2.6,4.2,0.0,0.0,4.5,15.5,1041.5,4.0,1.4,83.0,0.0,3.6,8.3,1041.0,60.0,Christkindlemarkt,0,0,42.42857142857143
2023-12-17 12:00:00,,0.9,-2.6,4.2,0.0,0.0,4.5,15.5,1041.5,4.2,1.4,82.0,0.0,7.2,9.0,1040.4,60.0,Christkindlemarkt,0,0,55.57142857142857
2023-12-17 13:00:00,,0.9,-2.6,4.2,0.0,0.0,4.5,15.5,1041.5,3.9,1.6,85.0,0.0,7.2,10.8,1040.3,40.0,Christkindlemarkt,0,0,85.85714285714286
2023-12-17 14:00:00,,0.9,-2.6,4.2,0.0,0.0,4.5,15.5,1041.5,3.1,1.5,89.0,0.0,7.2,10.4,1040.2,0.0,Christkindlemarkt,0,0,146.28571428571428
2023-12-17 15:00:00,,0.9,-2.6,4.2,0.0,0.0,4.5,15.5,1041.5,2.6,1.6,93.0,0.0,7.2,11.9,1040.0,0.0,Christkindlemarkt,0,0,202.625
2023-12-17 16:00:00,,0.9,-2.6,4.2,0.0,0.0,4.5,15.5,1041.5,2.2,1.3,94.0,0.0,3.6,13.7,1040.4,0.0,Christkindlemarkt,0,0,201.0
2023-12-17 17:00:00,,0.9,-2.6,4.2,0.0,0.0,4.5,15.5,1041.5,2.1,1.4,95.0,0.0,3.6,9.7,1040.6,0.0,Christkindlemarkt,0,0,181.0
2023-12-17 18:00:00,,0.9,-2.6,4.2,0.0,0.0,4.5,15.5,1041.5,2.1,1.4,95.0,0.0,3.6,7.6,1041.0,0.0,Christkindlemarkt,0,0,181.57142857142858
2023-12-17 19:00:00,,0.9,-2.6,4.2,0.0,0.0,4.5,15.5,1041.5,2.5,-0.1,83.0,0.0,4.3,6.8,1040.5,0.0,Christkindlemarkt,0,0,127.71428571428571
2023-12-17 20:00:00,,0.9,-2.6,4.2,0.0,0.0,4.5,15.5,1041.5,1.9,1.6,98.0,0.0,3.6,11.5,1041.4,0.0,Christkindlemarkt,0,0,61.714285714285715
2023-12-17 21:00:00,,0.9,-2.6,4.2,0.0,0.0,4.5,15.5,1041.5,1.4,1.3,99.0,0.0,3.6,13.3,1041.2,0.0,Christkindlemarkt,0,0,21.5
2023-12-17 22:00:00,,0.9,-2.6,4.2,0.0,0.0,4.5,15.5,1041.5,1.6,1.5,99.0,0.0,3.6,15.5,1040.9,0.0,Christkindlemarkt,0,0,9.428571428571429
2023-12-17 23:00:00,,0.9,-2.6,4.2,0.0,0.0,4.5,15.5,1041.5,1.0,-3.7,71.0,0.0,6.8,15.1,1039.3,0.0,Christkindlemarkt,0,0,7.0
2023-12-18 00:00:00,,1.5,-1.2,8.1,0.0,0.0,5.2,15.1,1037.4,1.1,1.0,99.0,0.0,3.6,15.1,1041.0,0.0,Christkindlemarkt,0,0,7.571428571428571
2023-12-18 01:00:00,,1.5,-1.2,8.1,0.0,0.0,5.2,15.1,1037.4,-0.7,-4.4,76.0,0.0,7.9,13.0,1038.3,0.0,Christkindlemarkt,0,0,8.0
2023-12-18 02:00:00,,1.5,-1.2,8.1,0.0,0.0,5.2,15.1,1037.4,-0.9,-3.9,80.0,0.0,8.3,13.0,1038.5,0.0,Christkindlemarkt,0,0,8.0
2023-12-18 03:00:00,,1.5,-1.2,8.1,0.0,0.0,5.2,15.1,1037.4,0.3,0.2,99.0,0.0,3.6,8.3,1040.1,0.0,Christkindlemarkt,0,0,8.0
2023-12-18 04:00:00,,1.5,-1.2,8.1,0.0,0.0,5.2,15.1,1037.4,0.0,-0.1,99.0,0.0,3.6,8.3,1040.2,0.0,Christkindlemarkt,0,0,8.0
2023-12-18 05:00:00,,1.5,-1.2,8.1,0.0,0.0,5.2,15.1,1037.4,-1.2,-4.2,80.0,0.0,9.0,9.0,1037.4,0.0,Christkindlemarkt,0,0,8.142857142857142
2023-12-18 06:00:00,,1.5,-1.2,8.1,0.0,0.0,5.2,15.1,1037.4,-0.6,-4.5,75.0,0.0,9.0,10.1,1037.3,0.0,Christkindlemarkt,0,0,11.125
2023-12-18 07:00:00,,1.5,-1.2,8.1,0.0,0.0,5.2,15.1,1037.4,-0.4,-0.5,99.0,0.0,3.6,10.8,1040.1,0.0,Christkindlemarkt,0,0,64.14285714285714
2023-12-18 08:00:00,,1.5,-1.2,8.1,0.0,0.0,5.2,15.1,1037.4,-0.3,-0.4,99.0,0.0,3.6,8.6,1040.2,0.0,Christkindlemarkt,0,0,156.57142857142858
2023-12-18 09:00:00,,1.5,-1.2,8.1,0.0,0.0,5.2,15.1,1037.4,5.4,-4.2,50.0,0.0,9.4,9.7,1037.2,0.0,Christkindlemarkt,0,0,244.14285714285714
2023-12-18 10:00:00,,1.5,-1.2,8.1,0.0,0.0,5.2,15.1,1037.4,8.1,-4.4,41.0,0.0,6.1,6.1,1037.2,0.0,Christkindlemarkt,0,0,295.14285714285717
2023-12-18 11:00:00,,1.5,-1.2,8.1,0.0,0.0,5.2,15.1,1037.4,0.8,0.7,99.0,0.0,3.6,6.5,1038.8,0.0,Christkindlemarkt,0,0,273.375
2023-12-18 12:00:00,,1.5,-1.2,8.1,0.0,0.0,5.2,15.1,1037.4,1.3,1.2,99.0,0.0,3.6,10.4,1037.9,0.0,Christkindlemarkt,0,0,235.71428571428572
2023-12-18 13:00:00,,1.5,-1.2,8.1,0.0,0.0,5.2,15.1,1037.4,1.8,1.7,99.0,0.0,3.6,9.4,1037.2,0.0,Christkindlemarkt,0,0,234.28571428571428
2023-12-18 14:00:00,,1.5,-1.2,8.1,0.0,0.0,5.2,15.1,1037.4,7.3,0.0,60.0,0.0,2.5,7.6,1034.8,0.0,Christkindlemarkt,0,0,287.14285714285717
2023-12-18 15:00:00,,1.5,-1.2,8.1,0.0,0.0,5.2,15.1,1037.4,5.9,0.8,70.0,0.0,2.9,9.0,1034.4,0.0,Christkindlemarkt,0,0,312.0
2023-12-18 16:00:00,,1.5,-1.2,8.1,0.0,0.0,5.2,15.1,1037.4,5.7,0.5,69.0,0.0,3.6,10.8,1034.0,0.0,Christkindlemarkt,0,0,283.375
2023-12-18 17:00:00,,1.5,-1.2,8.1,0.0,0.0,5.2,15.1,1037.4,0.9,0.8,99.0,0.0,3.6,8.6,1036.3,0.0,Christkindlemarkt,0,0,235.28571428571428
2023-12-18 18:00:00,,1.5,-1.2,8.1,0.0,0.0,5.2,15.1,1037.4,0.4,0.3,99.0,0.0,3.6,7.6,1036.4,0.0,Christkindlemarkt,0,0,231.57142857142858
2023-12-18 19:00:00,,1.5,-1.2,8.1,0.0,0.0,5.2,15.1,1037.4,0.2,0.2,100.0,0.0,7.2,12.6,1036.3,0.0,Christkindlemarkt,0,0,207.0
2023-12-18 20:00:00,,1.5,-1.2,8.1,0.0,0.0,5.2,15.1,1037.4,0.6,-2.8,78.0,0.0,8.3,10.1,1033.1,0.0,Christkindlemarkt,0,0,146.71428571428572
2023-12-18 21:00:00,,1.5,-1.2,8.1,0.0,0.0,5.2,15.1,1037.4,-0.5,-0.6,99.0,0.0,3.6,9.4,1035.3,0.0,Christkindlemarkt,0,0,81.875
2023-12-18 22:00:00,,1.5,-1.2,8.1,0.0,0.0,5.2,15.1,1037.4,-0.3,-0.4,99.0,0.0,3.6,9.7,1035.4,0.0,Christkindlemarkt,0,0,34.714285714285715
2023-12-18 23:00:00,,1.5,-1.2,8.1,0.0,0.0,5.2,15.1,1037.4,-1.0,-4.4,78.0,0.0,6.5,15.5,1033.4,0.0,Christkindlemarkt,0,0,12.0
2023-12-19 00:00:00,,1.3,-1.4,6.3,0.0,0.0,4.4,25.9,1028.8,0.0,-0.1,99.0,0.0,3.6,11.5,1034.8,0.0,Christkindlemarkt,0,0,9.0
2023-12-19 01:00:00,,1.3,-1.4,6.3,0.0,0.0,4.4,25.9,1028.8,-0.2,-0.3,99.0,0.0,7.2,17.6,1034.1,0.0,Christkindlemarkt,0,0,9.0
2023-12-19 02:00:00,,1.3,-1.4,6.3,0.0,0.0,4.4,25.9,1028.8,-0.5,-0.6,99.0,0.0,0.0,23.0,1034.6,0.0,Christkindlemarkt,0,0,9.0
2023-12-19 03:00:00,,1.3,-1.4,6.3,0.0,0.0,4.4,25.9,1028.8,-0.8,-0.9,99.0,0.0,3.6,25.9,1033.4,0.0,Christkindlemarkt,0,0,9.0
2023-12-19 04:00:00,,1.3,-1.4,6.3,0.0,0.0,4.4,25.9,1028.8,-1.2,-1.3,99.0,0.0,3.6,9.7,1033.5,0.0,Christkindlemarkt,0,0,9.571428571428571
2023-12-19 05:00:00,,1.3,-1.4,6.3,0.0,0.0,4.4,25.9,1028.8,-1.4,-1.5,99.0,0.0,3.6,16.9,1032.8,0.0,Christkindlemarkt,0,0,11.428571428571429
2023-12-19 06:00:00,,1.3,-1.4,6.3,0.0,0.0,4.4,25.9,1028.8,-1.4,-1.5,99.0,0.0,3.6,7.9,1032.7,0.0,Christkindlemarkt,0,0,14.714285714285714
2023-12-19 07:00:00,,1.3,-1.4,6.3,0.0,0.0,4.4,25.9,1028.8,-0.3,-6.7,62.0,0.0,8.6,10.1,1029.7,0.0,Christkindlemarkt,0,0,58.857142857142854
2023-12-19 08:00:00,,1.3,-1.4,6.3,0.0,0.0,4.4,25.9,1028.8,2.1,-6.7,52.0,0.0,11.2,10.1,1029.3,0.0,Christkindlemarkt,0,0,149.375
2023-12-19 09:00:00,,1.3,-1.4,6.3,0.0,0.0,4.4,25.9,1028.8,6.3,-6.7,39.0,0.0,11.5,15.5,1028.1,19.0,Christkindlemarkt,0,0,258.7142857142857
2023-12-19 10:00:00,,1.3,-1.4,6.3,0.0,0.0,4.4,25.9,1028.8,-0.1,-0.2,99.0,0.0,7.2,15.5,1030.7,56.0,Christkindlemarkt,0,0,309.85714285714283
2023-12-19 11:00:00,,1.3,-1.4,6.3,0.0,0.0,4.4,25.9,1028.8,1.2,1.1,99.0,0.0,3.6,10.8,1030.2,0.0,Christkindlemarkt,0,0,281.7142857142857
2023-12-19 12:00:00,,1.3,-1.4,6.3,0.0,0.0,4.4,25.9,1028.8,1.6,1.5,99.0,0.0,3.6,15.8,1028.2,31.0,Christkindlemarkt,0,0,273.375
2023-12-19 13:00:00,,1.3,-1.4,6.3,0.0,0.0,4.4,25.9,1028.8,2.4,2.3,99.0,0.0,3.6,13.0,1027.0,51.0,Christkindlemarkt,0,0,278.14285714285717
2023-12-19 14:00:00,,1.3,-1.4,6.3,0.0,0.0,4.4,25.9,1028.8,3.1,3.1,100.0,0.0,3.6,9.7,1026.4,60.0,Christkindlemarkt,0,0,337.57142857142856
2023-12-19 15:00:00,,1.3,-1.4,6.3,0.0,0.0,4.4,25.9,1028.8,3.4,3.4,100.0,0.0,3.6,8.3,1025.2,59.0,Christkindlemarkt,0,0,332.42857142857144
2023-12-19 16:00:00,,1.3,-1.4,6.3,0.0,0.0,4.4,25.9,1028.8,2.1,2.0,99.0,0.0,3.6,7.9,1025.3,16.0,Christkindlemarkt,0,0,303.2857142857143
2023-12-19 17:00:00,,1.3,-1.4,6.3,0.0,0.0,4.4,25.9,1028.8,2.3,2.2,99.0,0.0,0.0,12.6,1025.0,0.0,Christkindlemarkt,0,0,274.75
2023-12-19 18:00:00,,1.3,-1.4,6.3,0.0,0.0,4.4,25.9,1028.8,2.8,2.7,99.0,0.0,3.6,12.6,1024.5,0.0,Christkindlemarkt,0,0,295.2857142857143
2023-12-19 19:00:00,,1.3,-1.4,6.3,0.0,0.0,4.4,25.9,1028.8,2.8,2.7,99.0,0.0,3.6,14.4,1024.2,0.0,Christkindlemarkt,0,0,269.2857142857143
2023-12-19 20:00:00,,1.3,-1.4,6.3,0.0,0.0,4.4,25.9,1028.8,1.8,1.7,99.0,0.0,0.0,15.8,1023.1,0.0,Christkindlemarkt,0,0,199.71428571428572
2023-12-19 21:00:00,,1.3,-1.4,6.3,0.0,0.0,4.4,25.9,1028.8,2.7,2.3,97.0,0.0,3.6,21.6,1022.4,0.0,Christkindlemarkt,0,0,110.42857142857143
2023-12-19 22:00:00,,1.3,-1.4,6.3,0.0,0.0,4.4,25.9,1028.8,3.1,2.4,95.0,0.0,3.6,24.1,1023.2,0.0,Christkindlemarkt,0,0,51.57142857142857
2023-12-19 23:00:00,,1.3,-1.4,6.3,0.0,0.0,4.4,25.9,1028.8,3.6,1.5,86.0,0.0,3.6,19.4,1022.8,0.0,Christkindlemarkt,0,0,18.75
2023-12-20 00:00:00,,3.7,0.8,5.6,5.3,0.0,4.7,35.3,1022.2,3.5,1.2,85.0,0.0,3.6,16.9,1021.2,0.0,Christkindlemarkt,0,0,15.0
2023-12-20 01:00:00,,3.7,0.8,5.6,5.3,0.0,4.7,35.3,1022.2,3.3,1.7,89.0,0.0,3.6,13.7,1020.9,0.0,Christkindlemarkt,0,0,13.428571428571429
2023-12-20 02:00:00,,3.7,0.8,5.6,5.3,0.0,4.7,35.3,1022.2,3.3,1.3,87.0,0.0,3.6,12.6,1020.6,0.0,Christkindlemarkt,0,0,11.285714285714286
2023-12-20 03:00:00,,3.7,0.8,5.6,5.3,0.0,4.7,35.3,1022.2,3.3,2.0,91.0,0.0,7.2,12.2,1020.2,0.0,Christkindlemarkt,0,0,11.0
2023-12-20 04:00:00,,3.7,0.8,5.6,5.3,0.0,4.7,35.3,1022.2,3.6,1.6,87.0,0.0,3.6,35.3,1020.6,0.0,Christkindlemarkt,0,0,10.857142857142858
2023-12-20 05:00:00,,3.7,0.8,5.6,5.3,0.0,4.7,35.3,1022.2,3.9,1.8,86.0,0.4,3.6,18.7,1020.5,0.0,Christkindlemarkt,0,0,10.0
2023-12-20 06:00:00,,3.7,0.8,5.6,5.3,0.0,4.7,35.3,1022.2,3.9,2.4,90.0,1.6,7.2,11.5,1021.9,0.0,Christkindlemarkt,0,0,12.0
2023-12-20 07:00:00,,3.7,0.8,5.6,5.3,0.0,4.7,35.3,1022.2,4.5,4.1,97.0,1.0,3.6,16.9,1021.9,0.0,Christkindlemarkt,1,0,60.285714285714285
2023-12-20 08:00:00,,3.7,0.8,5.6,5.3,0.0,4.7,35.3,1022.2,5.6,4.2,91.0,0.3,3.6,14.4,1021.8,0.0,Christkindlemarkt,1,0,166.42857142857142
2023-12-20 09:00:00,,3.7,0.8,5.6,5.3,0.0,4.7,35.3,1022.2,5.2,4.8,97.0,0.4,0.0,20.5,1022.1,0.0,Christkindlemarkt,1,0,309.75
2023-12-20 10:00:00,,3.7,0.8,5.6,5.3,0.0,4.7,35.3,1022.2,5.0,4.7,98.0,0.5,3.6,9.7,1022.1,0.0,Christkindlemarkt,1,0,400.57142857142856
2023-12-20 11:00:00,,3.7,0.8,5.6,5.3,0.0,4.7,35.3,1022.2,5.0,4.3,95.0,0.5,7.2,9.4,1021.6,0.0,Christkindlemarkt,1,0,352.0
2023-12-20 12:00:00,,3.7,0.8,5.6,5.3,0.0,4.7,35.3,1022.2,5.2,4.8,97.0,0.4,3.6,7.2,1021.4,0.0,Christkindlemarkt,1,0,284.0
2023-12-20 13:00:00,,3.7,0.8,5.6,5.3,0.0,4.7,35.3,1022.2,5.3,3.9,91.0,0.1,3.6,22.0,1021.9,0.0,Christkindlemarkt,0,0,264.875
2023-12-20 14:00:00,,3.7,0.8,5.6,5.3,0.0,4.7,35.3,1022.2,5.3,3.6,89.0,0.1,7.2,21.2,1022.0,0.0,Christkindlemarkt,0,0,301.2857142857143
2023-12-20 15:00:00,,3.7,0.8,5.6,5.3,0.0,4.7,35.3,1022.2,4.3,3.1,92.0,0.0,7.2,20.9,1023.2,27.0,Christkindlemarkt,0,0,314.85714285714283
2023-12-20 16:00:00,,3.7,0.8,5.6,5.3,0.0,4.7,35.3,1022.2,3.4,2.1,91.0,0.0,7.2,18.4,1023.3,0.0,Christkindlemarkt,0,0,302.0
2023-12-20 17:00:00,,3.7,0.8,5.6,5.3,0.0,4.7,35.3,1022.2,2.4,0.8,89.0,0.0,7.2,20.5,1023.6,0.0,Christkindlemarkt,0,0,289.0
2023-12-20 18:00:00,,3.7,0.8,5.6,5.3,0.0,4.7,35.3,1022.2,2.1,0.5,89.0,0.0,3.6,21.2,1024.2,0.0,Christkindlemarkt,0,0,285.125
2023-12-20 19:00:00,,3.7,0.8,5.6,5.3,0.0,4.7,35.3,1022.2,2.2,0.4,88.0,0.0,7.2,15.8,1024.9,0.0,Christkindlemarkt,0,0,286.85714285714283
2023-12-20 20:00:00,,3.7,0.8,5.6,5.3,0.0,4.7,35.3,1022.2,0.8,-0.7,90.0,0.0,3.6,16.9,1024.2,0.0,Christkindlemarkt,0,0,227.0
2023-12-20 21:00:00,,3.7,0.8,5.6,5.3,0.0,4.7,35.3,1022.2,1.7,0.4,91.0,0.0,3.6,12.2,1023.3,0.0,Christkindlemarkt,0,0,161.28571428571428
2023-12-20 22:00:00,,3.7,0.8,5.6,5.3,0.0,4.7,35.3,1022.2,1.6,0.3,91.0,0.0,3.6,16.9,1022.6,0.0,Christkindlemarkt,0,0,98.42857142857143
2023-12-20 23:00:00,,3.7,0.8,5.6,5.3,0.0,4.7,35.3,1022.2,2.2,0.6,89.0,0.0,3.6,16.6,1022.5,0.0,Christkindlemarkt,0,0,43.57142857142857
2023-12-21 00:00:00,,4.9,2.1,8.0,7.2,0.0,7.2,51.1,1013.0,2.1,0.5,89.0,0.0,3.6,12.2,1021.0,0.0,Christkindlemarkt,0,0,21.625
2023-12-21 01:00:00,,4.9,2.1,8.0,7.2,0.0,7.2,51.1,1013.0,2.3,0.4,87.0,0.5,3.6,23.4,1020.3,0.0,Christkindlemarkt,0,0,17.714285714285715
2023-12-21 02:00:00,,4.9,2.1,8.0,7.2,0.0,7.2,51.1,1013.0,2.5,0.4,86.0,0.1,7.2,14.0,1019.8,0.0,Christkindlemarkt,0,0,12.571428571428571
2023-12-21 03:00:00,,4.9,2.1,8.0,7.2,0.0,7.2,51.1,1013.0,2.6,0.3,85.0,0.0,3.6,17.6,1019.2,0.0,Christkindlemarkt,0,0,11.714285714285714
2023-12-21 04:00:00,,4.9,2.1,8.0,7.2,0.0,7.2,51.1,1013.0,2.6,0.5,86.0,0.2,3.6,24.8,1018.2,0.0,Christkindlemarkt,0,0,11.25
2023-12-21 05:00:00,,4.9,2.1,8.0,7.2,0.0,7.2,51.1,1013.0,2.9,0.3,83.0,0.0,7.2,28.4,1017.2,0.0,Christkindlemarkt,0,0,12.142857142857142
2023-12-21 06:00:00,,4.9,2.1,8.0,7.2,0.0,7.2,51.1,1013.0,3.4,0.6,82.0,0.0,10.8,31.0,1016.6,0.0,Christkindlemarkt,0,0,14.571428571428571
2023-12-21 07:00:00,,4.9,2.1,8.0,7.2,0.0,7.2,51.1,1013.0,3.7,0.6,80.0,0.0,7.2,21.2,1015.4,0.0,Christkindlemarkt,0,0,64.0
2023-12-21 08:00:00,,4.9,2.1,8.0,7.2,0.0,7.2,51.1,1013.0,4.2,0.9,79.0,0.0,3.6,29.5,1015.3,0.0,Christkindlemarkt,0,0,141.28571428571428
2023-12-21 09:00:00,,4.9,2.1,8.0,7.2,0.0,7.2,51.1,1013.0,5.0,1.3,77.0,0.0,3.6,25.9,1015.0,0.0,Christkindlemarkt,0,0,244.85714285714286
2023-12-21 10:00:00,,4.9,2.1,8.0,7.2,0.0,7.2,51.1,1013.0,5.3,1.6,77.0,0.0,3.6,26.6,1014.3,0.0,Christkindlemarkt,0,0,311.0
2023-12-21 11:00:00,,4.9,2.1,8.0,7.2,0.0,7.2,51.1,1013.0,5.9,1.8,75.0,0.1,3.6,28.1,1012.3,0.0,Christkindlemarkt,0,0,313.57142857142856
2023-12-21 12:00:00,,4.9,2.1,8.0,7.2,0.0,7.2,51.1,1013.0,5.7,2.3,79.0,0.3,3.6,26.6,1010.8,0.0,Christkindlemarkt,0,0,255.42857142857142
2023-12-21 13:00:00,,4.9,2.1,8.0,7.2,0.0,7.2,51.1,1013.0,5.2,3.0,86.0,0.5,3.6,18.4,1009.9,0.0,Christkindlemarkt,0,0,242.85714285714286
2023-12-21 14:00:00,,4.9,2.1,8.0,7.2,0.0,7.2,51.1,1013.0,5.5,3.5,87.0,0.3,7.2,31.3,1008.3,0.0,Christkindlemarkt,0,0,303.85714285714283
2023-12-21 15:00:00,,4.9,2.1,8.0,7.2,0.0,7.2,51.1,1013.0,5.6,3.8,88.0,0.8,3.6,26.3,1007.6,0.0,Christkindlemarkt,0,0,359.0
2023-12-21 16:00:00,,4.9,2.1,8.0,7.2,0.0,7.2,51.1,1013.0,5.7,3.9,88.0,0.2,3.6,29.9,1007.4,0.0,Christkindlemarkt,0,0,340.0
2023-12-21 17:00:00,,4.9,2.1,8.0,7.2,0.0,7.2,51.1,1013.0,6.5,4.5,87.0,1.0,10.8,28.4,1007.1,0.0,Christkindlemarkt,0,0,321.25
2023-12-21 18:00:00,,4.9,2.1,8.0,7.2,0.0,7.2,51.1,1013.0,7.0,4.7,85.0,0.4,14.4,38.9,1006.6,0.0,Christkindlemarkt,0,0,333.0
2023-12-21 19:00:00,,4.9,2.1,8.0,7.2,0.0,7.2,51.1,1013.0,7.5,5.0,84.0,0.5,14.4,42.1,1006.5,0.0,Christkindlemarkt,0,0,345.125
2023-12-21 20:00:00,,4.9,2.1,8.0,7.2,0.0,7.2,51.1,1013.0,7.7,5.3,85.0,0.5,14.4,46.4,1006.8,0.0,Christkindlemarkt,0,0,268.85714285714283
2023-12-21 21:00:00,,4.9,2.1,8.0,7.2,0.0,7.2,51.1,1013.0,8.0,5.5,84.0,0.5,14.4,51.1,1007.0,0.0,Christkindlemarkt,0,0,197.85714285714286
2023-12-21 22:00:00,,4.9,2.1,8.0,7.2,0.0,7.2,51.1,1013.0,7.5,5.6,88.0,1.3,18.0,42.5,1007.4,0.0,Christkindlemarkt,0,0,135.42857142857142
2023-12-21 23:00:00,,4.9,2.1,8.0,7.2,0.0,7.2,51.1,1013.0,7.1,5.7,91.0,1.4,18.0,44.3,1007.8,0.0,Christkindlemarkt,0,0,75.57142857142857
2023-12-22 00:00:00,,7.9,5.6,9.5,17.9,0.0,12.0,46.8,1010.6,6.9,5.5,91.0,1.2,10.8,46.8,1008.1,0.0,Christkindlemarkt,0,0,44.125
2023-12-22 01:00:00,,7.9,5.6,9.5,17.9,0.0,12.0,46.8,1010.6,6.7,5.8,94.0,0.1,14.4,37.4,1007.8,0.0,Christkindlemarkt,0,0,30.285714285714285
2023-12-22 02:00:00,,7.9,5.6,9.5,17.9,0.0,12.0,46.8,1010.6,6.3,5.4,94.0,1.0,7.2,44.3,1008.6,0.0,Christkindlemarkt,0,0,22.857142857142858
2023-12-22 03:00:00,,7.9,5.6,9.5,17.9,0.0,12.0,46.8,1010.6,6.2,5.0,92.0,1.0,10.8,27.0,1008.9,0.0,Christkindlemarkt,0,0,19.0
2023-12-22 04:00:00,,7.9,5.6,9.5,17.9,0.0,12.0,46.8,1010.6,5.7,5.0,95.0,0.5,10.8,35.3,1009.6,0.0,Christkindlemarkt,0,0,18.714285714285715
2023-12-22 05:00:00,,7.9,5.6,9.5,17.9,0.0,12.0,46.8,1010.6,5.6,4.7,94.0,0.6,3.6,30.2,1010.0,0.0,Christkindlemarkt,0,0,19.125
2023-12-22 06:00:00,,7.9,5.6,9.5,17.9,0.0,12.0,46.8,1010.6,8.2,3.8,74.0,0.6,10.8,30.2,1009.8,0.0,Christkindlemarkt,0,0,22.142857142857142
2023-12-22 07:00:00,,7.9,5.6,9.5,17.9,0.0,12.0,46.8,1010.6,8.2,3.1,70.0,0.5,10.8,28.1,1010.5,0.0,Christkindlemarkt,0,0,55.0
2023-12-22 08:00:00,,7.9,5.6,9.5,17.9,0.0,12.0,46.8,1010.6,8.1,3.2,71.0,0.3,14.4,33.5,1011.1,0.0,Christkindlemarkt,0,0,125.42857142857143
2023-12-22 09:00:00,,7.9,5.6,9.5,17.9,0.0,12.0,46.8,1010.6,8.5,2.7,67.0,0.3,10.8,39.6,1011.7,0.0,Christkindlemarkt,0,0,230.28571428571428
2023-12-22 10:00:00,,7.9,5.6,9.5,17.9,0.0,12.0,46.8,1010.6,7.6,3.8,77.0,0.4,10.8,41.8,1012.1,0.0,Christkindlemarkt,0,0,282.5
2023-12-22 11:00:00,,7.9,5.6,9.5,17.9,0.0,12.0,46.8,1010.6,8.1,3.4,72.0,0.6,10.8,38.9,1012.0,0.0,Christkindlemarkt,0,0,265.7142857142857
2023-12-22 12:00:00,,7.9,5.6,9.5,17.9,0.0,12.0,46.8,1010.6,8.4,3.2,70.0,0.4,14.4,34.9,1010.6,0.0,Christkindlemarkt,0,0,250.71428571428572
2023-12-22 13:00:00,,7.9,5.6,9.5,17.9,0.0,12.0,46.8,1010.6,7.6,3.6,76.0,1.6,14.4,37.4,1010.4,0.0,Christkindlemarkt,0,0,285.57142857142856
2023-12-22 14:00:00,,7.9,5.6,9.5,17.9,0.0,12.0,46.8,1010.6,7.8,4.2,78.0,0.3,14.4,28.4,1010.0,0.0,Christkindlemarkt,0,0,301.57142857142856
2023-12-22 15:00:00,,7.9,5.6,9.5,17.9,0.0,12.0,46.8,1010.6,8.5,4.5,76.0,0.8,14.4,39.2,1010.1,0.0,Christkindlemarkt,0,0,341.875
2023-12-22 16:00:00,,7.9,5.6,9.5,17.9,0.0,12.0,46.8,1010.6,8.7,4.9,77.0,0.1,10.8,40.3,1010.4,0.0,Christkindlemarkt,0,0,310.0
2023-12-22 17:00:00,,7.9,5.6,9.5,17.9,0.0,12.0,46.8,1010.6,9.1,5.1,76.0,0.8,10.8,40.3,1010.9,0.0,Christkindlemarkt,0,0,262.85714285714283
2023-12-22 18:00:00,,7.9,5.6,9.5,17.9,0.0,12.0,46.8,1010.6,9.2,4.8,74.0,1.2,10.8,37.8,1011.2,0.0,Christkindlemarkt,0,0,237.71428571428572
2023-12-22 19:00:00,,7.9,5.6,9.5,17.9,0.0,12.0,46.8,1010.6,9.2,5.0,75.0,1.1,10.8,43.2,1011.8,0.0,Christkindlemarkt,0,0,240.14285714285714
2023-12-22 20:00:00,,7.9,5.6,9.5,17.9,0.0,12.0,46.8,1010.6,9.4,5.0,74.0,1.0,18.0,44.3,1013.0,0.0,Christkindlemarkt,0,0,241.625
2023-12-22 21:00:00,,7.9,5.6,9.5,17.9,0.0,12.0,46.8,1010.6,9.4,4.4,71.0,1.5,10.8,41.8,1013.7,0.0,Christkindlemarkt,0,0,200.57142857142858
2023-12-22 22:00:00,,7.9,5.6,9.5,17.9,0.0,12.0,46.8,1010.6,9.5,4.1,69.0,0.6,14.4,42.5,1014.0,0.0,Christkindlemarkt,0,0,152.42857142857142
2023-12-22 23:00:00,,7.9,5.6,9.5,17.9,0.0,12.0,46.8,1010.6,9.4,3.8,68.0,0.4,10.8,42.1,1014.9,0.0,Christkindlemarkt,0,0,121.57142857142857
2023-12-23 00:00:00,,8.8,5.5,10.7,5.9,0.0,9.2,45.7,1017.9,8.8,3.6,70.0,0.5,14.4,45.7,1015.2,0.0,Christkindlemarkt,0,0,91.14285714285714
2023-12-23 01:00:00,,8.8,5.5,10.7,5.9,0.0,9.2,45.7,1017.9,9.2,3.2,66.0,0.4,14.4,41.0,1015.5,0.0,Christkindlemarkt,0,0,59.125
2023-12-23 02:00:00,,8.8,5.5,10.7,5.9,0.0,9.2,45.7,1017.9,9.0,3.2,67.0,1.2,14.4,38.2,1016.6,0.0,Christkindlemarkt,0,0,34.57142857142857
2023-12-23 03:00:00,,8.8,5.5,10.7,5.9,0.0,9.2,45.7,1017.9,8.7,3.1,68.0,0.8,14.4,40.3,1017.2,0.0,Christkindlemarkt,0,0,31.0
2023-12-23 04:00:00,,8.8,5.5,10.7,5.9,0.0,9.2,45.7,1017.9,8.7,2.9,67.0,0.7,10.8,38.5,1017.5,0.0,Christkindlemarkt,0,0,26.857142857142858
2023-12-23 05:00:00,,8.8,5.5,10.7,5.9,0.0,9.2,45.7,1017.9,8.2,3.5,72.0,0.9,10.8,37.4,1017.8,0.0,Christkindlemarkt,0,0,25.0
2023-12-23 06:00:00,,8.8,5.5,10.7,5.9,0.0,9.2,45.7,1017.9,8.8,2.6,65.0,0.5,7.2,28.1,1017.3,0.0,Christkindlemarkt,0,0,25.125
2023-12-23 07:00:00,,8.8,5.5,10.7,5.9,0.0,9.2,45.7,1017.9,9.1,2.2,62.0,0.2,14.4,24.8,1017.3,0.0,Christkindlemarkt,1,0,39.857142857142854
2023-12-23 08:00:00,,8.8,5.5,10.7,5.9,0.0,9.2,45.7,1017.9,9.4,1.3,57.0,0.3,14.4,22.3,1017.6,0.0,Christkindlemarkt,1,0,113.57142857142857
2023-12-23 09:00:00,,8.8,5.5,10.7,5.9,0.0,9.2,45.7,1017.9,9.4,1.5,58.0,0.0,7.2,18.0,1017.4,0.0,Christkindlemarkt,1,0,254.85714285714286
2023-12-23 10:00:00,,8.8,5.5,10.7,5.9,0.0,9.2,45.7,1017.9,9.7,1.6,57.0,0.0,10.8,18.7,1018.1,0.0,Christkindlemarkt,1,0,364.85714285714283
2023-12-23 11:00:00,,8.8,5.5,10.7,5.9,0.0,9.2,45.7,1017.9,9.8,1.7,57.0,0.0,10.8,19.4,1018.1,0.0,Christkindlemarkt,1,0,397.5
2023-12-23 12:00:00,,8.8,5.5,10.7,5.9,0.0,9.2,45.7,1017.9,10.3,1.9,56.0,0.0,10.8,10.1,1017.5,0.0,Christkindlemarkt,1,0,366.14285714285717
2023-12-23 13:00:00,,8.8,5.5,10.7,5.9,0.0,9.2,45.7,1017.9,10.5,2.1,56.0,0.0,10.8,19.1,1017.0,0.0,Christkindlemarkt,0,0,298.0
2023-12-23 14:00:00,,8.8,5.5,10.7,5.9,0.0,9.2,45.7,1017.9,10.7,2.0,55.0,0.0,7.2,27.7,1017.2,0.0,Christkindlemarkt,0,0,277.2857142857143
2023-12-23 15:00:00,,8.8,5.5,10.7,5.9,0.0,9.2,45.7,1017.9,9.3,3.1,65.0,0.0,3.6,23.0,1017.8,0.0,Christkindlemarkt,0,0,263.42857142857144
2023-12-23 16:00:00,,8.8,5.5,10.7,5.9,0.0,9.2,45.7,1017.9,8.8,2.8,66.0,0.0,3.6,19.4,1018.5,0.0,Christkindlemarkt,0,0,247.5
2023-12-23 17:00:00,,8.8,5.5,10.7,5.9,0.0,9.2,45.7,1017.9,8.1,2.8,69.0,0.0,3.6,19.4,1019.0,0.0,Christkindlemarkt,0,0,225.42857142857142
2023-12-23 18:00:00,,8.8,5.5,10.7,5.9,0.0,9.2,45.7,1017.9,8.5,2.5,66.0,0.0,7.2,30.6,1019.1,0.0,Christkindlemarkt,0,0,252.14285714285714
2023-12-23 19:00:00,,8.8,5.5,10.7,5.9,0.0,9.2,45.7,1017.9,8.0,3.1,71.0,0.0,7.2,23.8,1019.9,0.0,Christkindlemarkt,0,0,248.42857142857142
2023-12-23 20:00:00,,8.8,5.5,10.7,5.9,0.0,9.2,45.7,1017.9,6.2,2.8,79.0,0.0,3.6,14.8,1020.7,0.0,Christkindlemarkt,0,0,212.42857142857142
2023-12-23 21:00:00,,8.8,5.5,10.7,5.9,0.0,9.2,45.7,1017.9,6.2,3.4,82.0,0.0,3.6,20.9,1021.0,0.0,Christkindlemarkt,0,0,193.375
2023-12-23 22:00:00,,8.8,5.5,10.7,5.9,0.0,9.2,45.7,1017.9,5.5,2.1,79.0,0.0,3.6,14.4,1021.4,0.0,Christkindlemarkt,0,0,141.57142857142858
2023-12-23 23:00:00,,8.8,5.5,10.7,5.9,0.0,9.2,45.7,1017.9,6.1,1.4,72.0,0.0,3.6,22.0,1021.5,0.0,Christkindlemarkt,0,0,104.57142857142857
2023-12-24 00:00:00,,6.2,2.4,8.8,5.5,0.0,4.2,38.2,1020.0,6.8,1.3,68.0,0.0,3.6,18.0,1021.3,0.0,,0,0,76.42857142857143
2023-12-24 01:00:00,,6.2,2.4,8.8,5.5,0.0,4.2,38.2,1020.0,7.2,1.1,65.0,0.0,7.2,22.3,1021.3,0.0,,0,0,56.57142857142857
2023-12-24 02:00:00,,6.2,2.4,8.8,5.5,0.0,4.2,38.2,1020.0,7.2,1.1,65.0,0.0,7.2,22.7,1021.1,0.0,,0,0,34.75
2023-12-24 03:00:00,,6.2,2.4,8.8,5.5,0.0,4.2,38.2,1020.0,5.6,2.1,78.0,0.0,3.6,16.2,1021.3,0.0,,0,0,26.0
2023-12-24 04:00:00,,6.2,2.4,8.8,5.5,0.0,4.2,38.2,1020.0,3.7,1.7,87.0,0.0,3.6,18.0,1021.8,0.0,,0,0,24.0
2023-12-24 05:00:00,,6.2,2.4,8.8,5.5,0.0,4.2,38.2,1020.0,3.4,1.0,84.0,0.0,3.6,22.7,1021.5,0.0,,0,0,24.0
2023-12-24 06:00:00,,6.2,2.4,8.8,5.5,0.0,4.2,38.2,1020.0,2.4,0.9,90.0,0.0,0.0,27.7,1021.0,0.0,,0,0,24.0
2023-12-24 07:00:00,,6.2,2.4,8.8,5.5,0.0,4.2,38.2,1020.0,3.3,0.9,84.0,0.0,3.6,16.9,1021.2,0.0,,0,0,23.5
2023-12-24 08:00:00,,6.2,2.4,8.8,5.5,0.0,4.2,38.2,1020.0,2.8,0.9,87.0,0.0,0.0,20.2,1021.0,0.0,,0,0,22.285714285714285
2023-12-24 09:00:00,,6.2,2.4,8.8,5.5,0.0,4.2,38.2,1020.0,5.6,1.1,73.0,0.0,7.2,29.2,1020.4,11.0,,0,0,23.714285714285715
2023-12-24 10:00:00,,6.2,2.4,8.8,5.5,0.0,4.2,38.2,1020.0,6.9,0.6,64.0,0.0,7.2,29.2,1020.2,8.0,,0,0,35.285714285714285
2023-12-24 11:00:00,,6.2,2.4,8.8,5.5,0.0,4.2,38.2,1020.0,7.1,1.2,66.0,0.0,7.2,25.2,1019.1,12.0,,0,0,38.57142857142857
2023-12-24 12:00:00,,6.2,2.4,8.8,5.5,0.0,4.2,38.2,1020.0,7.4,0.8,63.0,0.0,3.6,29.2,1018.6,0.0,,0,0,30.875
2023-12-24 13:00:00,,6.2,2.4,8.8,5.5,0.0,4.2,38.2,1020.0,7.6,1.9,67.0,0.0,3.6,27.4,1018.2,0.0,,0,0,30.142857142857142
2023-12-24 14:00:00,,6.2,2.4,8.8,5.5,0.0,4.2,38.2,1020.0,7.6,1.9,67.0,0.4,3.6,23.4,1018.2,0.0,,0,0,32.714285714285715
2023-12-24 15:00:00,,6.2,2.4,8.8,5.5,0.0,4.2,38.2,1020.0,7.1,4.1,81.0,0.7,0.0,17.3,1018.6,0.0,,0,0,32.714285714285715
2023-12-24 16:00:00,,6.2,2.4,8.8,5.5,0.0,4.2,38.2,1020.0,7.3,4.4,82.0,0.1,3.6,19.1,1018.8,0.0,,0,0,38.714285714285715
2023-12-24 17:00:00,,6.2,2.4,8.8,5.5,0.0,4.2,38.2,1020.0,7.5,5.8,89.0,0.5,3.6,19.4,1019.2,0.0,,0,0,12.125
2023-12-24 18:00:00,,6.2,2.4,8.8,5.5,0.0,4.2,38.2,1020.0,6.7,6.0,95.0,1.1,3.6,13.0,1019.4,0.0,,0,0,9.714285714285714
2023-12-24 19:00:00,,6.2,2.4,8.8,5.5,0.0,4.2,38.2,1020.0,6.9,5.8,93.0,0.5,11.2,19.8,1018.5,0.0,,0,0,9.857142857142858
2023-12-24 20:00:00,,6.2,2.4,8.8,5.5,0.0,4.2,38.2,1020.0,6.8,6.7,99.0,0.7,3.6,25.2,1019.5,0.0,,0,0,10.428571428571429
2023-12-24 21:00:00,,6.2,2.4,8.8,5.5,0.0,4.2,38.2,1020.0,7.0,6.9,99.0,0.9,3.6,30.6,1019.3,0.0,,0,0,15.428571428571429
2023-12-24 22:00:00,,6.2,2.4,8.8,5.5,0.0,4.2,38.2,1020.0,8.8,6.9,88.0,0.6,3.6,38.2,1018.9,0.0,,0,0,26.875
2023-12-24 23:00:00,,6.2,2.4,8.8,5.5,0.0,4.2,38.2,1020.0,7.4,5.9,90.0,0.0,9.7,40.3,1017.8,0.0,,0,0,25.857142857142858
2023-12-25 00:00:00,holiday,7.6,1.8,11.2,0.0,0.0,3.7,40.3,1018.2,8.2,7.0,92.0,0.0,3.6,36.4,1017.7,0.0,,0,0,20.857142857142858
2023-12-25 01:00:00,holiday,7.6,1.8,11.2,0.0,0.0,3.7,40.3,1018.2,8.9,7.2,89.0,0.0,3.6,33.8,1017.4,0.0,,0,0,17.571428571428573
2023-12-25 02:00:00,holiday,7.6,1.8,11.2,0.0,0.0,3.7,40.3,1018.2,8.6,7.4,92.0,0.0,3.6,18.4,1018.1,0.0,,0,0,15.0
2023-12-25 03:00:00,holiday,7.6,1.8,11.2,0.0,0.0,3.7,40.3,1018.2,9.0,7.6,91.0,0.0,3.6,31.3,1017.6,0.0,,0,0,15.0
2023-12-25 04:00:00,holiday,7.6,1.8,11.2,0.0,0.0,3.7,40.3,1018.2,10.0,6.3,78.0,0.0,7.2,29.2,1017.2,0.0,,0,0,15.0
2023-12-25 05:00:00,holiday,7.6,1.8,11.2,0.0,0.0,3.7,40.3,1018.2,8.6,6.9,89.0,0.0,0.0,34.6,1016.8,0.0,,0,0,15.0
2023-12-25 06:00:00,holiday,7.6,1.8,11.2,0.0,0.0,3.7,40.3,1018.2,8.1,7.3,95.0,0.0,0.0,29.9,1017.2,0.0,,0,0,15.0
2023-12-25 07:00:00,holiday,7.6,1.8,11.2,0.0,0.0,3.7,40.3,1018.2,8.2,6.2,87.0,0.0,0.0,32.8,1017.5,0.0,,0,0,15.142857142857142
2023-12-25 08:00:00,holiday,7.6,1.8,11.2,0.0,0.0,3.7,40.3,1018.2,7.3,6.1,92.0,0.0,0.0,20.9,1017.7,0.0,,0,0,16.0
2023-12-25 09:00:00,holiday,7.6,1.8,11.2,0.0,0.0,3.7,40.3,1018.2,8.9,7.2,89.0,0.0,3.6,14.4,1018.2,8.0,,0,0,16.428571428571427
2023-12-25 10:00:00,holiday,7.6,1.8,11.2,0.0,0.0,3.7,40.3,1018.2,11.2,6.9,75.0,0.0,3.6,17.3,1018.3,48.0,,0,0,28.857142857142858
2023-12-25 11:00:00,holiday,7.6,1.8,11.2,0.0,0.0,3.7,40.3,1018.2,11.1,1.6,52.0,0.0,7.2,13.7,1018.3,58.0,,0,0,34.0
2023-12-25 12:00:00,holiday,7.6,1.8,11.2,0.0,0.0,3.7,40.3,1018.2,10.5,2.6,58.0,0.0,10.8,19.4,1018.2,52.0,,0,0,23.857142857142858
2023-12-25 13:00:00,holiday,7.6,1.8,11.2,0.0,0.0,3.7,40.3,1018.2,10.2,1.6,55.0,0.0,10.8,22.7,1018.4,60.0,,0,0,22.875
2023-12-25 14:00:00,holiday,7.6,1.8,11.2,0.0,0.0,3.7,40.3,1018.2,10.8,0.8,50.0,0.0,3.6,13.7,1017.8,60.0,,0,0,24.571428571428573
2023-12-25 15:00:00,holiday,7.6,1.8,11.2,0.0,0.0,3.7,40.3,1018.2,8.9,1.6,60.0,0.0,3.6,8.6,1017.7,34.0,,0,0,23.142857142857142
2023-12-25 16:00:00,holiday,7.6,1.8,11.2,0.0,0.0,3.7,40.3,1018.2,7.8,3.3,73.0,0.0,3.6,10.8,1018.1,19.0,,0,0,18.571428571428573
2023-12-25 17:00:00,holiday,7.6,1.8,11.2,0.0,0.0,3.7,40.3,1018.2,5.0,3.2,88.0,0.0,3.6,9.4,1018.9,0.0,,0,0,19.571428571428573
2023-12-25 18:00:00,holiday,7.6,1.8,11.2,0.0,0.0,3.7,40.3,1018.2,4.1,2.3,88.0,0.0,0.0,21.2,1019.4,0.0,,0,0,21.875
2023-12-25 19:00:00,holiday,7.6,1.8,11.2,0.0,0.0,3.7,40.3,1018.2,3.0,2.3,95.0,0.0,0.0,10.1,1019.9,0.0,,0,0,20.285714285714285
2023-12-25 20:00:00,holiday,7.6,1.8,11.2,0.0,0.0,3.7,40.3,1018.2,2.6,2.2,97.0,0.0,3.6,9.4,1020.0,0.0,,0,0,29.285714285714285
2023-12-25 21:00:00,holiday,7.6,1.8,11.2,0.0,0.0,3.7,40.3,1018.2,2.4,2.1,98.0,0.0,3.6,10.8,1019.8,0.0,,0,0,40.857142857142854
2023-12-25 22:00:00,holiday,7.6,1.8,11.2,0.0,0.0,3.7,40.3,1018.2,1.8,1.7,99.0,0.0,0.0,14.4,1019.5,0.0,,0,0,53.57142857142857
2023-12-25 23:00:00,holiday,7.6,1.8,11.2,0.0,0.0,3.7,40.3,1018.2,1.4,1.3,99.0,0.0,3.6,9.4,1019.6,0.0,,0,0,54.5
2023-12-26 00:00:00,holiday,3.0,-0.5,8.4,0.0,0.0,3.7,24.5,1022.0,0.8,0.7,99.0,0.0,0.0,5.8,1019.3,0.0,,0,0,41.57142857142857
2023-12-26 01:00:00,holiday,3.0,-0.5,8.4,0.0,0.0,3.7,24.5,1022.0,0.7,0.6,99.0,0.0,0.0,11.9,1019.2,0.0,,0,0,27.857142857142858
2023-12-26 02:00:00,holiday,3.0,-0.5,8.4,0.0,0.0,3.7,24.5,1022.0,0.6,0.5,99.0,0.0,3.6,11.2,1019.4,0.0,,0,0,22.142857142857142
2023-12-26 03:00:00,holiday,3.0,-0.5,8.4,0.0,0.0,3.7,24.5,1022.0,-0.5,-0.6,99.0,0.0,3.6,8.6,1019.7,0.0,,0,0,17.571428571428573
2023-12-26 04:00:00,holiday,3.0,-0.5,8.4,0.0,0.0,3.7,24.5,1022.0,0.5,0.4,99.0,0.0,3.6,10.8,1019.9,0.0,,0,0,15.0
2023-12-26 05:00:00,holiday,3.0,-0.5,8.4,0.0,0.0,3.7,24.5,1022.0,0.6,0.5,99.0,0.0,0.0,9.4,1020.0,0.0,,0,0,14.0
2023-12-26 06:00:00,holiday,3.0,-0.5,8.4,0.0,0.0,3.7,24.5,1022.0,0.8,0.8,100.0,0.0,3.6,9.0,1020.3,0.0,,0,0,14.0
2023-12-26 07:00:00,holiday,3.0,-0.5,8.4,0.0,0.0,3.7,24.5,1022.0,1.5,1.4,99.0,0.0,3.6,13.0,1021.2,0.0,,0,0,14.0
2023-12-26 08:00:00,holiday,3.0,-0.5,8.4,0.0,0.0,3.7,24.5,1022.0,0.9,0.8,99.0,0.0,3.6,9.4,1021.8,0.0,,0,0,14.0
2023-12-26 09:00:00,holiday,3.0,-0.5,8.4,0.0,0.0,3.7,24.5,1022.0,4.3,1.5,82.0,0.0,4.7,11.9,1022.7,0.0,,0,0,15.875
2023-12-26 10:00:00,holiday,3.0,-0.5,8.4,0.0,0.0,3.7,24.5,1022.0,3.9,3.5,97.0,0.0,3.6,13.0,1022.6,0.0,,0,0,18.142857142857142
2023-12-26 11:00:00,holiday,3.0,-0.5,8.4,0.0,0.0,3.7,24.5,1022.0,5.4,3.7,89.0,0.0,3.6,11.1,1022.1,,,0,0,19.428571428571427
2023-12-26 12:00:00,holiday,3.0,-0.5,8.4,0.0,0.0,3.7,24.5,1022.0,6.2,3.9,85.0,0.0,3.6,11.1,1022.3,,,0,0,40.142857142857146
2023-12-26 13:00:00,holiday,3.0,-0.5,8.4,0.0,0.0,3.7,24.5,1022.0,7.7,3.7,76.0,0.0,7.2,11.1,1022.2,,,0,0,43.714285714285715
2023-12-26 14:00:00,holiday,3.0,-0.5,8.4,0.0,0.0,3.7,24.5,1022.0,8.4,2.6,67.0,0.0,3.6,13.0,1021.9,59.0,,0,0,37.625
2023-12-26 15:00:00,holiday,3.0,-0.5,8.4,0.0,0.0,3.7,24.5,1022.0,7.7,3.4,74.0,0.0,8.3,11.5,1022.2,60.0,,0,0,37.714285714285715
2023-12-26 16:00:00,holiday,3.0,-0.5,8.4,0.0,0.0,3.7,24.5,1022.0,5.5,1.6,76.0,0.0,10.1,22.0,1022.2,19.0,,0,0,38.142857142857146
2023-12-26 17:00:00,holiday,3.0,-0.5,8.4,0.0,0.0,3.7,24.5,1022.0,3.5,2.2,91.0,0.0,3.6,18.0,1024.1,0.0,,0,0,38.42857142857143
2023-12-26 18:00:00,holiday,3.0,-0.5,8.4,0.0,0.0,3.7,24.5,1022.0,3.5,2.8,95.0,0.0,3.6,15.1,1024.6,0.0,,0,0,46.285714285714285
2023-12-26 19:00:00,holiday,3.0,-0.5,8.4,0.0,0.0,3.7,24.5,1022.0,1.4,-1.2,83.0,0.0,5.0,24.5,1025.2,0.0,,0,0,45.875
2023-12-26 20:00:00,holiday,3.0,-0.5,8.4,0.0,0.0,3.7,24.5,1022.0,2.4,1.8,96.0,0.0,0.0,18.7,1025.5,0.0,,0,0,44.0
2023-12-26 21:00:00,holiday,3.0,-0.5,8.4,0.0,0.0,3.7,24.5,1022.0,3.0,2.4,96.0,0.0,3.6,23.0,1025.2,0.0,,0,0,36.714285714285715
2023-12-26 22:00:00,holiday,3.0,-0.5,8.4,0.0,0.0,3.7,24.5,1022.0,1.7,1.4,98.0,0.0,3.6,22.3,1025.7,0.0,,0,0,31.857142857142858
2023-12-26 23:00:00,holiday,3.0,-0.5,8.4,0.0,0.0,3.7,24.5,1022.0,0.9,0.8,99.0,0.0,0.0,15.1,1026.4,0.0,,0,0,28.571428571428573
2023-12-27 00:00:00,,2.2,-0.6,8.6,0.0,0.0,2.1,21.2,1023.8,0.2,0.1,99.0,0.0,0.0,12.6,1026.4,0.0,,0,0,27.75
2023-12-27 01:00:00,,2.2,-0.6,8.6,0.0,0.0,2.1,21.2,1023.8,0.1,0.0,99.0,0.0,3.6,8.3,1026.6,0.0,,0,0,22.0
2023-12-27 02:00:00,,2.2,-0.6,8.6,0.0,0.0,2.1,21.2,1023.8,-0.1,-0.2,99.0,0.0,3.6,8.6,1026.4,0.0,,0,0,13.571428571428571
2023-12-27 03:00:00,,2.2,-0.6,8.6,0.0,0.0,2.1,21.2,1023.8,-0.1,-0.2,99.0,0.0,0.0,9.7,1026.0,0.0,,0,0,12.285714285714286
2023-12-27 04:00:00,,2.2,-0.6,8.6,0.0,0.0,2.1,21.2,1023.8,-0.3,-0.4,99.0,0.0,0.0,8.6,1025.8,0.0,,0,0,13.0
2023-12-27 05:00:00,,2.2,-0.6,8.6,0.0,0.0,2.1,21.2,1023.8,-0.2,-0.3,99.0,0.0,0.0,9.4,1025.4,0.0,,0,0,13.0
2023-12-27 06:00:00,,2.2,-0.6,8.6,0.0,0.0,2.1,21.2,1023.8,-0.3,-0.6,98.0,0.0,3.6,11.9,1025.7,0.0,,0,0,12.857142857142858
2023-12-27 07:00:00,,2.2,-0.6,8.6,0.0,0.0,2.1,21.2,1023.8,-0.4,-0.5,99.0,0.0,3.6,14.0,1025.3,0.0,,1,0,27.0
2023-12-27 08:00:00,,2.2,-0.6,8.6,0.0,0.0,2.1,21.2,1023.8,-0.6,-0.9,98.0,0.0,0.0,21.2,1025.8,0.0,,1,0,63.0
2023-12-27 09:00:00,,2.2,-0.6,8.6,0.0,0.0,2.1,21.2,1023.8,2.1,0.3,88.0,0.0,3.6,18.4,1025.5,25.0,,1,0,162.0
2023-12-27 10:00:00,,2.2,-0.6,8.6,0.0,0.0,2.1,21.2,1023.8,4.3,-1.3,67.0,0.0,3.6,14.8,1024.7,60.0,,1,0,286.7142857142857
2023-12-27 11:00:00,,2.2,-0.6,8.6,0.0,0.0,2.1,21.2,1023.8,5.8,1.1,72.0,0.0,3.6,7.2,1023.6,60.0,,1,0,330.85714285714283
2023-12-27 12:00:00,,2.2,-0.6,8.6,0.0,0.0,2.1,21.2,1023.8,8.0,-0.3,56.0,0.0,0.0,9.0,1022.0,60.0,,1,0,304.85714285714283
2023-12-27 13:00:00,,2.2,-0.6,8.6,0.0,0.0,2.1,21.2,1023.8,8.6,1.5,61.0,0.0,3.6,9.0,1020.9,59.0,,0,0,269.2857142857143
2023-12-27 14:00:00,,2.2,-0.6,8.6,0.0,0.0,2.1,21.2,1023.8,6.9,3.3,78.0,0.0,7.2,9.7,1020.4,57.0,,0,0,258.125
2023-12-27 15:00:00,,2.2,-0.6,8.6,0.0,0.0,2.1,21.2,1023.8,5.2,2.7,84.0,0.0,3.6,8.3,1020.7,1.0,,0,0,271.85714285714283
2023-12-27 16:00:00,,2.2,-0.6,8.6,0.0,0.0,2.1,21.2,1023.8,3.5,1.9,89.0,0.0,0.0,6.8,1021.2,7.0,,0,0,238.0
2023-12-27 17:00:00,,2.2,-0.6,8.6,0.0,0.0,2.1,21.2,1023.8,2.8,1.9,94.0,0.0,0.0,8.3,1021.1,0.0,,0,0,174.28571428571428
2023-12-27 18:00:00,,2.2,-0.6,8.6,0.0,0.0,2.1,21.2,1023.8,2.5,2.1,97.0,0.0,0.0,5.8,1021.2,0.0,,0,0,128.0
2023-12-27 19:00:00,,2.2,-0.6,8.6,0.0,0.0,2.1,21.2,1023.8,1.5,1.2,98.0,0.0,3.6,7.6,1021.4,0.0,,0,0,114.75
2023-12-27 20:00:00,,2.2,-0.6,8.6,0.0,0.0,2.1,21.2,1023.8,0.7,0.3,97.0,0.0,0.0,8.6,1022.5,0.0,,0,0,116.0
2023-12-27 21:00:00,,2.2,-0.6,8.6,0.0,0.0,2.1,21.2,1023.8,0.5,0.1,97.0,0.0,3.6,9.7,1022.5,0.0,,0,0,126.71428571428571
2023-12-27 22:00:00,,2.2,-0.6,8.6,0.0,0.0,2.1,21.2,1023.8,0.3,0.2,99.0,0.0,3.6,9.7,1022.8,0.0,,0,0,124.28571428571429
2023-12-27 23:00:00,,2.2,-0.6,8.6,0.0,0.0,2.1,21.2,1023.8,-0.8,-0.9,99.0,0.0,0.0,10.4,1023.2,0.0,,0,0,98.71428571428571
2023-12-28 00:00:00,,2.7,-0.8,6.4,0.0,0.0,3.5,37.1,1023.0,-0.4,-0.7,98.0,0.0,3.6,24.8,1022.8,0.0,,0,0,71.25
2023-12-28 01:00:00,,2.7,-0.8,6.4,0.0,0.0,3.5,37.1,1023.0,-0.8,-0.9,99.0,0.0,3.6,9.4,1023.2,0.0,,0,0,55.714285714285715
2023-12-28 02:00:00,,2.7,-0.8,6.4,0.0,0.0,3.5,37.1,1023.0,-0.1,-0.2,99.0,0.0,3.6,26.6,1023.7,0.0,,0,0,38.0
2023-12-28 03:00:00,,2.7,-0.8,6.4,0.0,0.0,3.5,37.1,1023.0,-0.5,-0.9,97.0,0.0,3.6,11.5,1024.1,0.0,,0,0,29.714285714285715
2023-12-28 04:00:00,,2.7,-0.8,6.4,0.0,0.0,3.5,37.1,1023.0,-0.3,-0.9,96.0,0.0,3.6,17.3,1023.9,0.0,,0,0,22.571428571428573
2023-12-28 05:00:00,,2.7,-0.8,6.4,0.0,0.0,3.5,37.1,1023.0,-0.1,-1.1,93.0,0.0,3.6,13.7,1024.2,0.0,,0,0,21.0
2023-12-28 06:00:00,,2.7,-0.8,6.4,0.0,0.0,3.5,37.1,1023.0,-0.3,-1.0,95.0,0.0,3.6,18.7,1024.4,0.0,,0,0,22.142857142857142
2023-12-28 07:00:00,,2.7,-0.8,6.4,0.0,0.0,3.5,37.1,1023.0,-0.6,-2.0,90.0,0.0,3.6,30.6,1024.2,0.0,,0,0,40.42857142857143
2023-12-28 08:00:00,,2.7,-0.8,6.4,0.0,0.0,3.5,37.1,1023.0,1.1,-1.1,85.0,0.0,7.2,37.1,1023.8,0.0,,0,0,79.71428571428571
2023-12-28 09:00:00,,2.7,-0.8,6.4,0.0,0.0,3.5,37.1,1023.0,1.7,0.2,90.0,0.0,3.6,33.8,1024.0,10.0,,0,0,152.14285714285714
2023-12-28 10:00:00,,2.7,-0.8,6.4,0.0,0.0,3.5,37.1,1023.0,3.3,1.2,86.0,0.0,3.6,32.0,1023.5,5.0,,0,0,231.875
2023-12-28 11:00:00,,2.7,-0.8,6.4,0.0,0.0,3.5,37.1,1023.0,5.3,0.9,73.0,0.0,3.6,30.6,1022.9,0.0,,0,0,293.85714285714283
2023-12-28 12:00:00,,2.7,-0.8,6.4,0.0,0.0,3.5,37.1,1023.0,6.0,1.5,73.0,0.0,0.0,13.0,1022.3,0.0,,0,0,297.7142857142857
2023-12-28 13:00:00,,2.7,-0.8,6.4,0.0,0.0,3.5,37.1,1023.0,5.8,2.4,79.0,0.0,3.6,8.6,1021.9,0.0,,0,0,289.7142857142857
2023-12-28 14:00:00,,2.7,-0.8,6.4,0.0,0.0,3.5,37.1,1023.0,6.4,1.5,71.0,0.0,3.6,7.2,1021.8,0.0,,0,0,300.57142857142856
2023-12-28 15:00:00,,2.7,-0.8,6.4,0.0,0.0,3.5,37.1,1023.0,5.4,2.4,81.0,0.0,3.6,7.9,1022.7,0.0,,0,0,295.75
2023-12-28 16:00:00,,2.7,-0.8,6.4,0.0,0.0,3.5,37.1,1023.0,5.2,2.2,81.0,0.0,3.6,12.2,1021.9,0.0,,0,0,256.57142857142856
2023-12-28 17:00:00,,2.7,-0.8,6.4,0.0,0.0,3.5,37.1,1023.0,5.3,2.3,81.0,0.0,3.6,12.6,1022.0,0.0,,0,0,163.14285714285714
2023-12-28 18:00:00,,2.7,-0.8,6.4,0.0,0.0,3.5,37.1,1023.0,5.4,2.4,81.0,0.0,3.6,11.5,1021.6,0.0,,0,0,127.85714285714286
2023-12-28 19:00:00,,2.7,-0.8,6.4,0.0,0.0,3.5,37.1,1023.0,4.3,1.8,84.0,0.0,3.6,24.8,1022.0,0.0,,0,0,128.0
2023-12-28 20:00:00,,2.7,-0.8,6.4,0.0,0.0,3.5,37.1,1023.0,4.8,2.2,83.0,0.0,3.6,13.0,1022.6,0.0,,0,0,138.625
2023-12-28 21:00:00,,2.7,-0.8,6.4,0.0,0.0,3.5,37.1,1023.0,4.8,2.0,82.0,0.0,3.6,9.4,1022.0,0.0,,0,0,121.42857142857143
2023-12-28 22:00:00,,2.7,-0.8,6.4,0.0,0.0,3.5,37.1,1023.0,4.9,2.1,82.0,0.0,3.6,8.6,1022.4,0.0,,0,0,81.57142857142857
2023-12-28 23:00:00,,2.7,-0.8,6.4,0.0,0.0,3.5,37.1,1023.0,4.8,2.0,82.0,0.0,3.6,18.0,1022.7,0.0,,0,0,51.0
2023-12-29 00:00:00,,6.9,4.2,11.1,0.5,0.0,3.8,37.1,1020.2,4.8,1.6,80.0,0.0,3.6,29.5,1022.1,0.0,,0,0,37.285714285714285
2023-12-29 01:00:00,,6.9,4.2,11.1,0.5,0.0,3.8,37.1,1020.2,4.2,1.4,82.0,0.0,3.6,27.4,1021.8,0.0,,0,0,27.25
2023-12-29 02:00:00,,6.9,4.2,11.1,0.5,0.0,3.8,37.1,1020.2,4.5,1.7,82.0,0.0,3.6,33.5,1021.5,0.0,,0,0,24.571428571428573
2023-12-29 03:00:00,,6.9,4.2,11.1,0.5,0.0,3.8,37.1,1020.2,4.7,1.5,80.0,0.0,3.6,37.1,1021.1,0.0,,0,0,24.0
2023-12-29 04:00:00,,6.9,4.2,11.1,0.5,0.0,3.8,37.1,1020.2,4.5,2.0,84.0,0.0,3.6,34.6,1020.5,0.0,,0,0,24.0
2023-12-29 05:00:00,,6.9,4.2,11.1,0.5,0.0,3.8,37.1,1020.2,4.5,2.0,84.0,0.0,3.6,17.6,1020.8,0.0,,0,0,24.0
2023-12-29 06:00:00,,6.9,4.2,11.1,0.5,0.0,3.8,37.1,1020.2,4.5,1.9,83.0,0.0,3.6,14.0,1020.9,0.0,,0,0,25.0
2023-12-29 07:00:00,,6.9,4.2,11.1,0.5,0.0,3.8,37.1,1020.2,5.4,2.6,82.0,0.0,0.0,25.2,1021.0,0.0,,0,0,38.0
2023-12-29 08:00:00,,6.9,4.2,11.1,0.5,0.0,3.8,37.1,1020.2,6.0,2.5,78.0,0.0,3.6,21.6,1021.1,0.0,,0,0,71.57142857142857
2023-12-29 09:00:00,,6.9,4.2,11.1,0.5,0.0,3.8,37.1,1020.2,6.2,2.3,76.0,0.0,3.6,31.7,1021.2,0.0,,0,0,140.71428571428572
2023-12-29 10:00:00,,6.9,4.2,11.1,0.5,0.0,3.8,37.1,1020.2,7.1,2.2,71.0,0.0,0.0,25.9,1021.1,0.0,,0,0,216.28571428571428
2023-12-29 11:00:00,,6.9,4.2,11.1,0.5,0.0,3.8,37.1,1020.2,8.1,2.5,68.0,0.0,3.6,24.1,1020.4,0.0,,0,0,255.0
2023-12-29 12:00:00,,6.9,4.2,11.1,0.5,0.0,3.8,37.1,1020.2,8.6,2.2,64.0,0.0,7.2,20.9,1019.9,0.0,,0,0,275.1666666666667
2023-12-29 13:00:00,,6.9,4.2,11.1,0.5,0.0,3.8,37.1,1020.2,10.1,3.8,65.0,0.0,3.6,23.8,1018.6,0.0,,0,0,265.0
2023-12-29 14:00:00,,6.9,4.2,11.1,0.5,0.0,3.8,37.1,1020.2,11.1,2.6,56.0,0.0,7.2,21.2,1018.3,0.0,,0,0,274.42857142857144
2023-12-29 15:00:00,,6.9,4.2,11.1,0.5,0.0,3.8,37.1,1020.2,10.2,4.6,68.0,0.0,3.6,19.4,1018.4,0.0,,0,0,309.375
2023-12-29 16:00:00,,6.9,4.2,11.1,0.5,0.0,3.8,37.1,1020.2,8.6,4.8,77.0,0.0,3.6,13.3,1018.5,0.0,,0,0,236.0
2023-12-29 17:00:00,,6.9,4.2,11.1,0.5,0.0,3.8,37.1,1020.2,7.1,4.2,82.0,0.0,3.6,16.9,1018.5,0.0,,0,0,144.0
2023-12-29 18:00:00,,6.9,4.2,11.1,0.5,0.0,3.8,37.1,1020.2,8.2,4.8,79.0,0.0,3.6,18.0,1018.9,0.0,,0,0,121.0
2023-12-29 19:00:00,,6.9,4.2,11.1,0.5,0.0,3.8,37.1,1020.2,7.6,4.7,82.0,0.0,3.6,9.7,1019.3,0.0,,0,0,127.85714285714286
2023-12-29 20:00:00,,6.9,4.2,11.1,0.5,0.0,3.8,37.1,1020.2,8.5,4.9,78.0,0.0,3.6,25.2,1018.9,0.0,,0,0,138.5
2023-12-29 21:00:00,,6.9,4.2,11.1,0.5,0.0,3.8,37.1,1020.2,8.3,3.9,74.0,0.0,3.6,19.1,1019.2,0.0,,0,0,138.14285714285714
2023-12-29 22:00:00,,6.9,4.2,11.1,0.5,0.0,3.8,37.1,1020.2,7.1,3.5,78.0,0.5,7.2,20.2,1019.2,0.0,,0,0,122.0
2023-12-29 23:00:00,,6.9,4.2,11.1,0.5,0.0,3.8,37.1,1020.2,7.4,4.2,80.0,0.1,3.6,28.1,1019.4,0.0,,0,0,94.14285714285714
2023-12-30 00:00:00,,6.1,1.6,11.1,0.4,0.0,3.0,31.7,1019.5,7.4,4.2,80.0,0.0,3.6,21.6,1019.4,0.0,,0,0,65.0
2023-12-30 01:00:00,,6.1,1.6,11.1,0.4,0.0,3.0,31.7,1019.5,6.9,4.9,87.0,0.3,3.6,25.2,1019.7,0.0,,0,0,38.75
2023-12-30 02:00:00,,6.1,1.6,11.1,0.4,0.0,3.0,31.7,1019.5,6.3,3.6,83.0,0.0,3.6,24.5,1020.1,0.0,,0,0,20.857142857142858
2023-12-30 03:00:00,,6.1,1.6,11.1,0.4,0.0,3.0,31.7,1019.5,6.5,3.1,79.0,0.0,3.6,22.2,1020.5,,,0,0,15.714285714285714
2023-12-30 04:00:00,,6.1,1.6,11.1,0.4,0.0,3.0,31.7,1019.5,5.3,3.3,87.0,0.0,3.6,23.0,1020.8,0.0,,0,0,13.0
2023-12-30 05:00:00,,6.1,1.6,11.1,0.4,0.0,3.0,31.7,1019.5,4.5,3.0,90.0,0.0,3.6,23.8,1020.9,0.0,,0,0,13.0
2023-12-30 06:00:00,,6.1,1.6,11.1,0.4,0.0,3.0,31.7,1019.5,4.6,2.1,84.0,0.0,7.2,27.0,1021.0,0.0,,0,0,13.714285714285714
2023-12-30 07:00:00,,6.1,1.6,11.1,0.4,0.0,3.0,31.7,1019.5,3.9,1.8,86.0,0.0,3.6,27.4,1021.7,0.0,,1,0,18.571428571428573
2023-12-30 08:00:00,,6.1,1.6,11.1,0.4,0.0,3.0,31.7,1019.5,4.6,1.4,80.0,0.0,7.2,31.7,1021.5,0.0,,1,0,61.57142857142857
2023-12-30 09:00:00,,6.1,1.6,11.1,0.4,0.0,3.0,31.7,1019.5,5.9,2.4,78.0,0.0,3.6,30.6,1021.5,25.0,,1,0,181.75
2023-12-30 10:00:00,,6.1,1.6,11.1,0.4,0.0,3.0,31.7,1019.5,7.8,2.3,68.0,0.0,3.6,26.6,1021.3,60.0,,1,0,306.42857142857144
2023-12-30 11:00:00,,6.1,1.6,11.1,0.4,0.0,3.0,31.7,1019.5,9.0,2.8,65.0,0.0,3.6,25.9,1020.2,60.0,,1,0,335.42857142857144
2023-12-30 12:00:00,,6.1,1.6,11.1,0.4,0.0,3.0,31.7,1019.5,10.0,3.1,62.0,0.0,3.6,18.0,1019.2,60.0,,1,0,300.2857142857143
2023-12-30 13:00:00,,6.1,1.6,11.1,0.4,0.0,3.0,31.7,1019.5,10.3,4.0,65.0,0.0,3.2,14.8,1018.9,60.0,,0,0,239.71428571428572
2023-12-30 14:00:00,,6.1,1.6,11.1,0.4,0.0,3.0,31.7,1019.5,11.1,2.1,54.0,0.0,3.6,11.2,1017.7,60.0,,0,0,189.25
2023-12-30 15:00:00,,6.1,1.6,11.1,0.4,0.0,3.0,31.7,1019.5,10.4,3.4,62.0,0.0,0.0,4.7,1017.5,52.0,,0,0,143.14285714285714
2023-12-30 16:00:00,,6.1,1.6,11.1,0.4,0.0,3.0,31.7,1019.5,6.5,2.9,78.0,0.0,0.0,7.6,1017.9,1.0,,0,0,103.42857142857143
2023-12-30 17:00:00,,6.1,1.6,11.1,0.4,0.0,3.0,31.7,1019.5,4.6,2.9,89.0,0.0,0.0,7.2,1018.3,0.0,,0,0,67.14285714285714
2023-12-30 18:00:00,,6.1,1.6,11.1,0.4,0.0,3.0,31.7,1019.5,3.8,3.1,95.0,0.0,0.0,6.8,1018.6,0.0,,0,0,76.28571428571429
2023-12-30 19:00:00,,6.1,1.6,11.1,0.4,0.0,3.0,31.7,1019.5,3.8,2.5,91.0,0.0,0.0,4.7,1018.4,0.0,,0,0,90.25
2023-12-30 20:00:00,,6.1,1.6,11.1,0.4,0.0,3.0,31.7,1019.5,2.3,1.4,94.0,0.0,3.6,11.5,1018.4,0.0,,0,0,105.14285714285714
2023-12-30 21:00:00,,6.1,1.6,11.1,0.4,0.0,3.0,31.7,1019.5,2.8,1.5,91.0,0.0,3.6,14.8,1017.7,0.0,,0,0,119.85714285714286
2023-12-30 22:00:00,,6.1,1.6,11.1,0.4,0.0,3.0,31.7,1019.5,1.6,1.3,98.0,0.0,0.0,10.4,1017.1,0.0,,0,0,111.85714285714286
2023-12-30 23:00:00,,6.1,1.6,11.1,0.4,0.0,3.0,31.7,1019.5,1.3,0.9,97.0,0.0,0.0,7.9,1016.4,0.0,,0,0,91.57142857142857
2023-12-31 00:00:00,,3.4,-0.5,7.3,7.7,0.0,4.5,38.5,1011.7,0.6,0.0,96.0,0.0,3.6,6.1,1015.8,0.0,,0,0,67.25
2023-12-31 01:00:00,,3.4,-0.5,7.3,7.7,0.0,4.5,38.5,1011.7,-0.2,-0.8,96.0,0.0,0.0,7.6,1015.3,0.0,,0,0,46.285714285714285
2023-12-31 02:00:00,,3.4,-0.5,7.3,7.7,0.0,4.5,38.5,1011.7,-0.5,-0.8,98.0,0.0,3.6,14.4,1014.5,0.0,,0,0,25.285714285714285
2023-12-31 03:00:00,,3.4,-0.5,7.3,7.7,0.0,4.5,38.5,1011.7,-0.5,-0.8,98.0,0.0,0.0,14.8,1013.4,,,0,0,15.0
2023-12-31 04:00:00,,3.4,-0.5,7.3,7.7,0.0,4.5,38.5,1011.7,0.2,-0.4,96.0,0.0,3.6,16.7,1011.9,,,0,0,12.285714285714286
2023-12-31 05:00:00,,3.4,-0.5,7.3,7.7,0.0,4.5,38.5,1011.7,0.4,-1.4,88.0,0.0,3.6,27.7,1010.9,0.0,,0,0,12.0
2023-12-31 06:00:00,,3.4,-0.5,7.3,7.7,0.0,4.5,38.5,1011.7,2.0,-0.4,84.0,0.0,3.6,22.3,1009.3,0.0,,0,0,12.0
2023-12-31 07:00:00,,3.4,-0.5,7.3,7.7,0.0,4.5,38.5,1011.7,1.5,-0.7,85.0,0.0,3.6,18.0,1009.4,0.0,,0,0,12.0
2023-12-31 08:00:00,,3.4,-0.5,7.3,7.7,0.0,4.5,38.5,1011.7,3.1,2.1,93.0,0.0,10.8,22.7,1011.5,0.0,,0,0,11.142857142857142
2023-12-31 09:00:00,,3.4,-0.5,7.3,7.7,0.0,4.5,38.5,1011.7,4.1,2.0,86.0,0.0,3.6,17.3,1011.2,0.0,,0,0,13.857142857142858
2023-12-31 10:00:00,,3.4,-0.5,7.3,7.7,0.0,4.5,38.5,1011.7,4.2,2.1,86.0,0.0,3.6,14.8,1010.3,0.0,,0,0,21.625
2023-12-31 11:00:00,,3.4,-0.5,7.3,7.7,0.0,4.5,38.5,1011.7,5.6,2.9,83.0,0.0,3.6,5.0,1008.7,1.0,,0,0,22.285714285714285
2023-12-31 12:00:00,,3.4,-0.5,7.3,7.7,0.0,4.5,38.5,1011.7,6.7,3.0,77.0,0.0,7.2,11.5,1007.0,10.0,,0,0,30.857142857142858
2023-12-31 13:00:00,,3.4,-0.5,7.3,7.7,0.0,4.5,38.5,1011.7,7.2,3.6,78.0,0.0,7.2,38.5,1007.5,40.0,,0,0,26.571428571428573
2023-12-31 14:00:00,,3.4,-0.5,7.3,7.7,0.0,4.5,38.5,1011.7,7.3,3.3,76.0,0.0,10.8,34.2,1009.7,10.0,,0,0,34.857142857142854
2023-12-31 15:00:00,,3.4,-0.5,7.3,7.7,0.0,4.5,38.5,1011.7,7.3,2.4,71.0,0.0,10.8,30.6,1010.6,0.0,,0,0,71.875
2023-12-31 16:00:00,,3.4,-0.5,7.3,7.7,0.0,4.5,38.5,1011.7,5.6,4.4,92.0,2.0,7.2,21.6,1012.1,0.0,,0,0,206.57142857142858
2023-12-31 17:00:00,,3.4,-0.5,7.3,7.7,0.0,4.5,38.5,1011.7,4.7,3.7,93.0,3.0,3.6,11.5,1012.7,0.0,,0,0,215.42857142857142
2023-12-31 18:00:00,,3.4,-0.5,7.3,7.7,0.0,4.5,38.5,1011.7,4.4,4.0,97.0,2.2,0.0,13.0,1012.8,0.0,,0,0,213.85714285714286
2023-12-31 19:00:00,,3.4,-0.5,7.3,7.7,0.0,4.5,38.5,1011.7,4.6,3.7,94.0,0.3,7.2,21.6,1012.5,0.0,,0,0,71.0
2023-12-31 20:00:00,,3.4,-0.5,7.3,7.7,0.0,4.5,38.5,1011.7,3.9,3.3,96.0,0.2,3.6,22.3,1012.6,0.0,,0,0,53.25
2023-12-31 21:00:00,,3.4,-0.5,7.3,7.7,0.0,4.5,38.5,1011.7,4.2,3.6,96.0,0.0,3.6,29.9,1012.5,0.0,,0,0,48.0
2023-12-31 22:00:00,,3.4,-0.5,7.3,7.7,0.0,4.5,38.5,1011.7,4.1,3.4,95.0,0.0,3.6,24.5,1013.0,0.0,,0,0,36.0
2023-12-31 23:00:00,,3.4,-0.5,7.3,7.7,0.0,4.5,38.5,1011.7,3.6,3.2,97.0,0.0,3.6,25.2,1013.0,0.0,,0,0,35.285714285714285
2024-01-01 00:00:00,holiday,4.6,1.6,8.7,1.4,0.0,4.8,33.5,1015.4,3.4,3.1,98.0,0.0,3.6,26.3,1013.4,0.0,,0,0,29.857142857142858
2024-01-01 01:00:00,holiday,4.6,1.6,8.7,1.4,0.0,4.8,33.5,1015.4,3.2,3.1,99.0,0.0,3.6,24.1,1013.9,0.0,,0,0,25.0
2024-01-01 02:00:00,holiday,4.6,1.6,8.7,1.4,0.0,4.8,33.5,1015.4,2.7,2.6,99.0,0.0,3.6,21.2,1014.0,0.0,,0,0,22.0
2024-01-01 03:00:00,holiday,4.6,1.6,8.7,1.4,0.0,4.8,33.5,1015.4,1.6,1.5,99.0,0.0,3.6,20.2,1014.0,0.0,,0,0,21.857142857142858
2024-01-01 04:00:00,holiday,4.6,1.6,8.7,1.4,0.0,4.8,33.5,1015.4,3.0,2.6,97.0,0.0,3.6,26.3,1014.1,0.0,,0,0,21.0
2024-01-01 05:00:00,holiday,4.6,1.6,8.7,1.4,0.0,4.8,33.5,1015.4,3.3,2.9,97.0,0.3,7.2,23.8,1014.6,0.0,,0,0,18.285714285714285
2024-01-01 06:00:00,holiday,4.6,1.6,8.7,1.4,0.0,4.8,33.5,1015.4,4.3,2.5,88.0,0.8,7.2,27.4,1014.5,0.0,,0,0,17.125
2024-01-01 07:00:00,holiday,4.6,1.6,8.7,1.4,0.0,4.8,33.5,1015.4,3.1,2.7,97.0,0.1,7.2,23.8,1015.7,0.0,,0,0,17.571428571428573
2024-01-01 08:00:00,holiday,4.6,1.6,8.7,1.4,0.0,4.8,33.5,1015.4,3.6,2.9,95.0,0.0,3.6,22.0,1015.9,0.0,,0,0,17.857142857142858
2024-01-01 09:00:00,holiday,4.6,1.6,8.7,1.4,0.0,4.8,33.5,1015.4,4.1,3.1,93.0,0.0,3.6,28.8,1015.9,0.0,,0,0,18.142857142857142
2024-01-01 10:00:00,holiday,4.6,1.6,8.7,1.4,0.0,4.8,33.5,1015.4,5.5,2.7,82.0,0.0,3.6,27.7,1016.0,0.0,,0,0,17.571428571428573
2024-01-01 11:00:00,holiday,4.6,1.6,8.7,1.4,0.0,4.8,33.5,1015.4,6.3,2.6,77.0,0.0,7.2,33.5,1015.6,7.0,,0,0,16.0
2024-01-01 12:00:00,holiday,4.6,1.6,8.7,1.4,0.0,4.8,33.5,1015.4,6.8,2.9,76.0,0.0,7.2,20.9,1015.3,11.0,,0,0,18.25
2024-01-01 13:00:00,holiday,4.6,1.6,8.7,1.4,0.0,4.8,33.5,1015.4,8.6,2.2,64.0,0.2,10.8,20.9,1014.8,1.0,,0,0,19.285714285714285
2024-01-01 14:00:00,holiday,4.6,1.6,8.7,1.4,0.0,4.8,33.5,1015.4,8.7,1.1,59.0,0.0,7.2,14.4,1014.5,13.0,,0,0,21.285714285714285
2024-01-01 15:00:00,holiday,4.6,1.6,8.7,1.4,0.0,4.8,33.5,1015.4,7.7,2.0,67.0,0.0,3.6,25.2,1015.2,0.0,,0,0,48.42857142857143
2024-01-01 16:00:00,holiday,4.6,1.6,8.7,1.4,0.0,4.8,33.5,1015.4,6.6,2.7,76.0,0.0,3.6,14.0,1015.8,0.0,,0,0,157.5
2024-01-01 17:00:00,holiday,4.6,1.6,8.7,1.4,0.0,4.8,33.5,1015.4,5.7,2.9,82.0,0.0,3.6,10.1,1016.7,0.0,,0,0,166.28571428571428
2024-01-01 18:00:00,holiday,4.6,1.6,8.7,1.4,0.0,4.8,33.5,1015.4,5.0,3.0,87.0,0.0,3.6,10.1,1017.0,0.0,,0,0,163.0
2024-01-01 19:00:00,holiday,4.6,1.6,8.7,1.4,0.0,4.8,33.5,1015.4,3.6,2.3,91.0,0.0,3.6,18.7,1017.3,0.0,,0,0,35.857142857142854
2024-01-01 20:00:00,holiday,4.6,1.6,8.7,1.4,0.0,4.8,33.5,1015.4,3.9,1.6,85.0,0.0,3.6,25.9,1017.5,0.0,,0,0,19.571428571428573
2024-01-01 21:00:00,holiday,4.6,1.6,8.7,1.4,0.0,4.8,33.5,1015.4,2.4,0.6,88.0,0.0,3.6,31.3,1017.5,0.0,,0,0,12.625
2024-01-01 22:00:00,holiday,4.6,1.6,8.7,1.4,0.0,4.8,33.5,1015.4,3.3,0.9,84.0,0.0,3.6,29.9,1016.4,0.0,,0,0,9.571428571428571
2024-01-01 23:00:00,holiday,4.6,1.6,8.7,1.4,0.0,4.8,33.5,1015.4,1.3,-0.3,89.0,0.0,3.6,26.3,1016.2,0.0,,0,0,8.285714285714286
2024-01-02 00:00:00,,4.7,1.0,8.2,3.2,0.0,2.3,36.0,1009.3,1.4,-0.2,89.0,0.0,3.6,25.6,1015.8,0.0,,0,0,7.0
2024-01-02 01:00:00,,4.7,1.0,8.2,3.2,0.0,2.3,36.0,1009.3,1.0,0.1,94.0,0.0,0.0,19.1,1015.4,0.0,,0,0,7.0
2024-01-02 02:00:00,,4.7,1.0,8.2,3.2,0.0,2.3,36.0,1009.3,1.2,-0.6,88.0,0.0,3.6,35.3,1014.4,0.0,,0,0,7.0
2024-01-02 03:00:00,,4.7,1.0,8.2,3.2,0.0,2.3,36.0,1009.3,1.5,-0.7,85.0,0.0,0.0,31.3,1013.8,0.0,,0,0,7.0
2024-01-02 04:00:00,,4.7,1.0,8.2,3.2,0.0,2.3,36.0,1009.3,1.0,-0.6,89.0,0.0,0.0,13.7,1013.1,0.0,,0,0,7.0
2024-01-02 05:00:00,,4.7,1.0,8.2,3.2,0.0,2.3,36.0,1009.3,3.2,-1.6,71.0,0.0,3.6,34.9,1012.0,0.0,,0,0,7.0
2024-01-02 06:00:00,,4.7,1.0,8.2,3.2,0.0,2.3,36.0,1009.3,2.5,-0.9,78.0,0.0,3.6,27.4,1011.0,0.0,,0,0,8.0
2024-01-02 07:00:00,,4.7,1.0,8.2,3.2,0.0,2.3,36.0,1009.3,2.7,-1.7,73.0,0.0,3.6,29.5,1010.4,0.0,,0,0,39.0
2024-01-02 08:00:00,,4.7,1.0,8.2,3.2,0.0,2.3,36.0,1009.3,4.3,-1.7,65.0,0.0,3.6,28.8,1010.4,0.0,,0,0,84.0
2024-01-02 09:00:00,,4.7,1.0,8.2,3.2,0.0,2.3,36.0,1009.3,4.4,0.2,74.0,0.0,0.0,10.8,1010.4,0.0,,0,0,144.28571428571428
2024-01-02 10:00:00,,4.7,1.0,8.2,3.2,0.0,2.3,36.0,1009.3,5.4,-0.7,65.0,0.0,0.0,18.0,1010.5,0.0,,0,0,204.42857142857142
2024-01-02 11:00:00,,4.7,1.0,8.2,3.2,0.0,2.3,36.0,1009.3,7.0,-0.2,60.0,0.0,3.6,11.2,1009.6,0.0,,0,0,231.71428571428572
2024-01-02 12:00:00,,4.7,1.0,8.2,3.2,0.0,2.3,36.0,1009.3,8.2,-1.9,49.0,0.0,3.6,8.6,1007.8,0.0,,0,0,246.28571428571428
2024-01-02 13:00:00,,4.7,1.0,8.2,3.2,0.0,2.3,36.0,1009.3,8.2,0.2,57.0,0.0,0.0,7.6,1007.0,0.0,,0,0,261.25
2024-01-02 14:00:00,,4.7,1.0,8.2,3.2,0.0,2.3,36.0,1009.3,7.9,1.5,64.0,0.0,3.6,9.7,1006.6,0.0,,0,0,275.14285714285717
2024-01-02 15:00:00,,4.7,1.0,8.2,3.2,0.0,2.3,36.0,1009.3,7.6,2.7,71.0,0.0,0.0,7.2,1006.2,0.0,,0,0,270.7142857142857
2024-01-02 16:00:00,,4.7,1.0,8.2,3.2,0.0,2.3,36.0,1009.3,6.9,3.7,80.0,0.1,0.0,6.8,1006.1,0.0,,0,0,202.14285714285714
2024-01-02 17:00:00,,4.7,1.0,8.2,3.2,0.0,2.3,36.0,1009.3,6.2,4.4,88.0,0.1,3.6,15.1,1006.3,0.0,,0,0,125.25
2024-01-02 18:00:00,,4.7,1.0,8.2,3.2,0.0,2.3,36.0,1009.3,5.6,4.6,93.0,0.4,3.6,12.6,1005.4,0.0,,0,0,80.0
2024-01-02 19:00:00,,4.7,1.0,8.2,3.2,0.0,2.3,36.0,1009.3,6.3,4.1,86.0,0.2,3.6,26.3,1004.2,0.0,,0,0,67.57142857142857
2024-01-02 20:00:00,,4.7,1.0,8.2,3.2,0.0,2.3,36.0,1009.3,6.4,4.4,87.0,0.4,3.6,36.0,1003.9,0.0,,0,0,74.85714285714286
2024-01-02 21:00:00,,4.7,1.0,8.2,3.2,0.0,2.3,36.0,1009.3,6.7,4.7,87.0,1.7,0.0,31.7,1003.9,0.0,,0,0,55.0
2024-01-02 22:00:00,,4.7,1.0,8.2,3.2,0.0,2.3,36.0,1009.3,7.0,5.0,87.0,0.3,3.6,32.4,1003.5,0.0,,0,0,31.375
2024-01-02 23:00:00,,4.7,1.0,8.2,3.2,0.0,2.3,36.0,1009.3,7.4,5.0,85.0,0.4,3.6,19.8,1004.0,0.0,,0,0,20.0
2024-01-03 00:00:00,,8.4,6.2,13.3,12.5,0.0,5.8,54.0,1004.8,7.2,5.2,87.0,0.7,3.6,10.8,1004.2,0.0,,0,0,11.0
2024-01-03 01:00:00,,8.4,6.2,13.3,12.5,0.0,5.8,54.0,1004.8,6.6,5.5,93.0,3.0,3.6,10.4,1004.6,0.0,,0,0,9.142857142857142
2024-01-03 02:00:00,,8.4,6.2,13.3,12.5,0.0,5.8,54.0,1004.8,7.9,6.2,89.0,4.7,7.2,23.4,1005.2,0.0,,0,0,8.142857142857142
2024-01-03 03:00:00,,8.4,6.2,13.3,12.5,0.0,5.8,54.0,1004.8,8.3,5.2,81.0,0.0,3.6,30.2,1005.1,0.0,,0,0,7.0
2024-01-03 04:00:00,,8.4,6.2,13.3,12.5,0.0,5.8,54.0,1004.8,7.1,5.1,87.0,0.0,3.6,19.1,1004.5,0.0,,0,0,7.0
2024-01-03 05:00:00,,8.4,6.2,13.3,12.5,0.0,5.8,54.0,1004.8,6.9,5.8,93.0,0.5,3.6,22.7,1005.2,0.0,,0,0,7.0
2024-01-03 06:00:00,,8.4,6.2,13.3,12.5,0.0,5.8,54.0,1004.8,6.8,5.4,91.0,0.0,3.6,24.1,1005.4,0.0,,0,0,7.428571428571429
2024-01-03 07:00:00,,8.4,6.2,13.3,12.5,0.0,5.8,54.0,1004.8,7.7,4.6,81.0,0.0,7.2,25.9,1005.9,0.0,,1,0,33.57142857142857
2024-01-03 08:00:00,,8.4,6.2,13.3,12.5,0.0,5.8,54.0,1004.8,8.3,3.5,72.0,0.0,7.2,27.4,1006.6,0.0,,1,0,97.0
2024-01-03 09:00:00,,8.4,6.2,13.3,12.5,0.0,5.8,54.0,1004.8,7.4,4.0,79.0,0.1,3.6,24.1,1006.2,9.0,,1,0,197.0
2024-01-03 10:00:00,,8.4,6.2,13.3,12.5,0.0,5.8,54.0,1004.8,8.3,4.1,75.0,0.0,3.6,27.0,1007.0,13.0,,1,0,280.85714285714283
2024-01-03 11:00:00,,8.4,6.2,13.3,12.5,0.0,5.8,54.0,1004.8,9.0,4.4,73.0,0.0,12.2,20.2,1006.3,17.0,,1,0,297.2857142857143
2024-01-03 12:00:00,,8.4,6.2,13.3,12.5,0.0,5.8,54.0,1004.8,9.5,3.9,68.0,0.0,9.7,27.4,1005.7,15.0,,1,0,262.2857142857143
2024-01-03 13:00:00,,8.4,6.2,13.3,12.5,0.0,5.8,54.0,1004.8,10.2,3.7,64.0,0.0,9.4,25.2,1004.9,16.0,,0,0,243.71428571428572
2024-01-03 14:00:00,,8.4,6.2,13.3,12.5,0.0,5.8,54.0,1004.8,13.3,4.4,55.0,0.0,3.6,22.3,1002.6,44.0,,0,0,261.0
2024-01-03 15:00:00,,8.4,6.2,13.3,12.5,0.0,5.8,54.0,1004.8,12.2,4.9,61.0,0.0,3.6,16.6,1002.7,60.0,,0,0,257.7142857142857
2024-01-03 16:00:00,,8.4,6.2,13.3,12.5,0.0,5.8,54.0,1004.8,10.0,5.0,71.0,0.0,3.6,13.0,1003.1,7.0,,0,0,201.14285714285714
2024-01-03 17:00:00,,8.4,6.2,13.3,12.5,0.0,5.8,54.0,1004.8,7.9,4.7,80.0,0.0,0.0,16.9,1003.4,0.0,,0,0,131.42857142857142
2024-01-03 18:00:00,,8.4,6.2,13.3,12.5,0.0,5.8,54.0,1004.8,6.2,2.8,79.0,0.0,3.6,18.7,1002.7,0.0,,0,0,83.75
2024-01-03 19:00:00,,8.4,6.2,13.3,12.5,0.0,5.8,54.0,1004.8,9.5,1.9,59.0,1.7,0.0,46.4,1002.2,0.0,,0,0,62.857142857142854
2024-01-03 20:00:00,,8.4,6.2,13.3,12.5,0.0,5.8,54.0,1004.8,8.2,5.3,82.0,1.0,18.0,54.0,1005.8,0.0,,0,0,61.57142857142857
2024-01-03 21:00:00,,8.4,6.2,13.3,12.5,0.0,5.8,54.0,1004.8,8.5,4.9,78.0,0.0,14.4,32.0,1006.1,0.0,,0,0,65.28571428571429
2024-01-03 22:00:00,,8.4,6.2,13.3,12.5,0.0,5.8,54.0,1004.8,7.9,4.7,80.0,0.4,7.2,28.1,1005.9,0.0,,0,0,69.42857142857143
2024-01-03 23:00:00,,8.4,6.2,13.3,12.5,0.0,5.8,54.0,1004.8,8.4,4.2,75.0,0.7,10.8,32.0,1006.7,0.0,,0,0,67.28571428571429
2024-01-04 00:00:00,,7.8,1.3,11.1,10.8,0.0,7.4,37.4,1010.1,9.1,3.3,67.0,1.5,10.8,29.5,1006.4,0.0,,0,0,51.875
2024-01-04 01:00:00,,7.8,1.3,11.1,10.8,0.0,7.4,37.4,1010.1,9.0,3.0,66.0,1.0,10.8,36.0,1006.9,0.0,,0,0,32.57142857142857
2024-01-04 02:00:00,,7.8,1.3,11.1,10.8,0.0,7.4,37.4,1010.1,8.1,3.9,75.0,1.6,7.2,36.0,1007.9,0.0,,0,0,17.142857142857142
2024-01-04 03:00:00,,7.8,1.3,11.1,10.8,0.0,7.4,37.4,1010.1,9.0,3.0,66.0,1.3,14.4,25.9,1007.9,0.0,,0,0,16.0
2024-01-04 04:00:00,,7.8,1.3,11.1,10.8,0.0,7.4,37.4,1010.1,8.6,3.0,68.0,0.8,10.8,37.4,1008.4,0.0,,0,0,14.285714285714286
2024-01-04 05:00:00,,7.8,1.3,11.1,10.8,0.0,7.4,37.4,1010.1,9.2,2.3,62.0,0.7,14.4,33.8,1008.8,0.0,,0,0,14.0
2024-01-04 06:00:00,,7.8,1.3,11.1,10.8,0.0,7.4,37.4,1010.1,7.9,3.4,73.0,2.0,7.2,33.5,1010.2,0.0,,0,0,14.0
2024-01-04 07:00:00,,7.8,1.3,11.1,10.8,0.0,7.4,37.4,1010.1,8.5,2.5,66.0,1.0,7.2,27.0,1011.1,0.0,,0,0,38.57142857142857
2024-01-04 08:00:00,,7.8,1.3,11.1,10.8,0.0,7.4,37.4,1010.1,8.7,2.3,64.0,0.2,7.2,32.4,1011.3,0.0,,0,0,87.25
2024-01-04 09:00:00,,7.8,1.3,11.1,10.8,0.0,7.4,37.4,1010.1,8.9,1.3,59.0,0.0,3.6,22.7,1011.4,0.0,,0,0,154.71428571428572
2024-01-04 10:00:00,,7.8,1.3,11.1,10.8,0.0,7.4,37.4,1010.1,9.1,2.2,62.0,0.0,10.8,23.0,1011.8,0.0,,0,0,217.0
2024-01-04 11:00:00,,7.8,1.3,11.1,10.8,0.0,7.4,37.4,1010.1,9.2,2.5,63.0,0.0,3.6,32.8,1011.7,0.0,,0,0,244.28571428571428
2024-01-04 12:00:00,,7.8,1.3,11.1,10.8,0.0,7.4,37.4,1010.1,10.1,1.7,56.0,0.0,10.8,21.6,1011.2,0.0,,0,0,239.28571428571428
2024-01-04 13:00:00,,7.8,1.3,11.1,10.8,0.0,7.4,37.4,1010.1,10.7,2.0,55.0,0.0,10.8,20.5,1010.6,2.0,,0,0,224.5
2024-01-04 14:00:00,,7.8,1.3,11.1,10.8,0.0,7.4,37.4,1010.1,11.1,1.9,53.0,0.0,10.8,15.1,1010.8,5.0,,0,0,225.85714285714286
2024-01-04 15:00:00,,7.8,1.3,11.1,10.8,0.0,7.4,37.4,1010.1,10.9,1.7,53.0,0.0,7.2,14.0,1010.6,55.0,,0,0,233.71428571428572
2024-01-04 16:00:00,,7.8,1.3,11.1,10.8,0.0,7.4,37.4,1010.1,7.6,3.5,75.0,0.0,3.6,13.3,1011.0,8.0,,0,0,208.0
2024-01-04 17:00:00,,7.8,1.3,11.1,10.8,0.0,7.4,37.4,1010.1,5.3,2.1,80.0,0.0,0.0,11.2,1011.1,0.0,,0,0,154.42857142857142
2024-01-04 18:00:00,,7.8,1.3,11.1,10.8,0.0,7.4,37.4,1010.1,4.6,2.8,88.0,0.0,3.6,11.2,1011.5,0.0,,0,0,103.5
2024-01-04 19:00:00,,7.8,1.3,11.1,10.8,0.0,7.4,37.4,1010.1,5.4,1.5,76.0,0.0,7.2,27.0,1011.4,0.0,,0,0,95.85714285714286
2024-01-04 20:00:00,,7.8,1.3,11.1,10.8,0.0,7.4,37.4,1010.1,3.1,1.1,87.0,0.0,0.0,21.2,1011.6,0.0,,0,0,99.57142857142857
2024-01-04 21:00:00,,7.8,1.3,11.1,10.8,0.0,7.4,37.4,1010.1,2.6,1.6,93.0,0.0,0.0,24.8,1011.5,0.0,,0,0,74.14285714285714
2024-01-04 22:00:00,,7.8,1.3,11.1,10.8,0.0,7.4,37.4,1010.1,1.3,0.4,94.0,0.0,3.6,14.4,1011.1,0.0,,0,0,56.142857142857146
2024-01-04 23:00:00,,7.8,1.3,11.1,10.8,0.0,7.4,37.4,1010.1,1.6,0.7,94.0,0.0,0.0,19.8,1010.4,0.0,,0,0,26.0
2024-01-05 00:00:00,,3.9,1.5,6.7,7.1,0.0,2.4,31.7,1006.6,1.5,0.8,95.0,0.0,3.6,11.5,1009.4,0.0,,0,0,14.571428571428571
2024-01-05 01:00:00,,3.9,1.5,6.7,7.1,0.0,2.4,31.7,1006.6,2.1,0.6,90.0,0.0,0.0,10.1,1008.4,0.0,,0,0,12.0
2024-01-05 02:00:00,,3.9,1.5,6.7,7.1,0.0,2.4,31.7,1006.6,2.6,0.7,87.0,0.0,0.0,31.7,1008.1,0.0,,0,0,10.125
2024-01-05 03:00:00,,3.9,1.5,6.7,7.1,0.0,2.4,31.7,1006.6,2.9,0.9,87.0,0.0,3.6,17.3,1007.8,0.0,,0,0,10.0
2024-01-05 04:00:00,,3.9,1.5,6.7,7.1,0.0,2.4,31.7,1006.6,2.7,0.4,85.0,0.0,3.6,11.2,1007.4,0.0,,0,0,10.0
2024-01-05 05:00:00,,3.9,1.5,6.7,7.1,0.0,2.4,31.7,1006.6,2.6,1.1,90.0,0.0,3.6,10.4,1007.1,0.0,,0,0,9.714285714285714
2024-01-05 06:00:00,,3.9,1.5,6.7,7.1,0.0,2.4,31.7,1006.6,2.9,1.3,89.0,0.0,3.6,9.4,1007.0,0.0,,0,0,8.428571428571429
2024-01-05 07:00:00,,3.9,1.5,6.7,7.1,0.0,2.4,31.7,1006.6,2.9,1.1,88.0,0.0,3.6,19.4,1007.2,0.0,,0,0,33.125
2024-01-05 08:00:00,,3.9,1.5,6.7,7.1,0.0,2.4,31.7,1006.6,2.5,0.9,89.0,0.0,0.0,31.3,1007.1,0.0,,0,0,72.71428571428571
2024-01-05 09:00:00,,3.9,1.5,6.7,7.1,0.0,2.4,31.7,1006.6,3.7,0.9,82.0,0.0,3.6,12.2,1006.5,0.0,,0,0,128.71428571428572
2024-01-05 10:00:00,,3.9,1.5,6.7,7.1,0.0,2.4,31.7,1006.6,4.7,0.5,74.0,0.0,3.6,14.8,1006.5,0.0,,0,0,185.14285714285714
2024-01-05 11:00:00,,3.9,1.5,6.7,7.1,0.0,2.4,31.7,1006.6,5.8,0.7,70.0,0.0,3.6,13.0,1005.9,0.0,,0,0,201.14285714285714
2024-01-05 12:00:00,,3.9,1.5,6.7,7.1,0.0,2.4,31.7,1006.6,6.7,1.0,67.0,0.0,0.0,7.6,1005.1,0.0,,0,0,186.71428571428572
2024-01-05 13:00:00,,3.9,1.5,6.7,7.1,0.0,2.4,31.7,1006.6,6.1,3.3,82.0,0.2,3.6,8.6,1005.2,0.0,,0,0,189.42857142857142
2024-01-05 14:00:00,,3.9,1.5,6.7,7.1,0.0,2.4,31.7,1006.6,5.6,3.1,84.0,0.1,3.6,7.9,1005.4,0.0,,0,0,209.0
2024-01-05 15:00:00,,3.9,1.5,6.7,7.1,0.0,2.4,31.7,1006.6,5.4,4.2,92.0,0.5,3.6,4.0,1005.5,0.0,,0,0,223.85714285714286
2024-01-05 16:00:00,,3.9,1.5,6.7,7.1,0.0,2.4,31.7,1006.6,4.9,4.2,95.0,0.4,0.0,5.8,1005.5,0.0,,0,0,181.0
2024-01-05 17:00:00,,3.9,1.5,6.7,7.1,0.0,2.4,31.7,1006.6,4.7,4.1,96.0,0.9,3.6,9.4,1005.4,0.0,,0,0,117.0
2024-01-05 18:00:00,,3.9,1.5,6.7,7.1,0.0,2.4,31.7,1006.6,4.4,4.0,97.0,0.7,0.0,12.6,1005.5,0.0,,0,0,106.28571428571429
2024-01-05 19:00:00,,3.9,1.5,6.7,7.1,0.0,2.4,31.7,1006.6,4.5,4.2,98.0,0.5,3.6,8.3,1005.6,0.0,,0,0,141.42857142857142
2024-01-05 20:00:00,,3.9,1.5,6.7,7.1,0.0,2.4,31.7,1006.6,4.2,4.1,99.0,0.8,3.6,6.5,1005.6,0.0,,0,0,170.71428571428572
2024-01-05 21:00:00,,3.9,1.5,6.7,7.1,0.0,2.4,31.7,1006.6,4.4,4.3,99.0,1.0,3.6,6.5,1005.6,0.0,,0,0,169.0
2024-01-05 22:00:00,,3.9,1.5,6.7,7.1,0.0,2.4,31.7,1006.6,4.3,4.2,99.0,2.0,0.0,6.1,1005.5,0.0,,0,0,152.75
2024-01-05 23:00:00,,3.9,1.5,6.7,7.1,0.0,2.4,31.7,1006.6,4.5,3.8,95.0,2.0,3.6,11.9,1005.7,0.0,,0,0,127.14285714285714
2024-01-06 00:00:00,holiday,3.3,1.7,4.5,17.5,0.0,2.4,11.9,1008.9,4.1,3.5,96.0,1.1,0.0,7.6,1005.8,0.0,,0,0,83.42857142857143
2024-01-06 01:00:00,holiday,3.3,1.7,4.5,17.5,0.0,2.4,11.9,1008.9,3.9,3.2,95.0,1.0,3.6,6.5,1006.0,0.0,,0,0,54.142857142857146
2024-01-06 02:00:00,holiday,3.3,1.7,4.5,17.5,0.0,2.4,11.9,1008.9,3.6,2.9,95.0,1.0,3.6,5.0,1006.8,0.0,,0,0,38.42857142857143
2024-01-06 03:00:00,holiday,3.3,1.7,4.5,17.5,0.0,2.4,11.9,1008.9,3.4,2.7,95.0,1.0,3.6,6.8,1007.0,0.0,,0,0,25.857142857142858
2024-01-06 04:00:00,holiday,3.3,1.7,4.5,17.5,0.0,2.4,11.9,1008.9,3.1,2.8,98.0,0.8,3.6,10.8,1007.3,0.0,,0,0,23.5
2024-01-06 05:00:00,holiday,3.3,1.7,4.5,17.5,0.0,2.4,11.9,1008.9,3.6,2.7,94.0,0.6,3.6,10.1,1007.8,0.0,,0,0,22.714285714285715
2024-01-06 06:00:00,holiday,3.3,1.7,4.5,17.5,0.0,2.4,11.9,1008.9,3.2,2.9,98.0,1.0,3.6,4.3,1008.2,0.0,,0,0,21.0
2024-01-06 07:00:00,holiday,3.3,1.7,4.5,17.5,0.0,2.4,11.9,1008.9,3.0,2.9,99.0,1.0,0.0,5.8,1009.0,0.0,,1,0,21.285714285714285
2024-01-06 08:00:00,holiday,3.3,1.7,4.5,17.5,0.0,2.4,11.9,1008.9,3.0,2.7,98.0,0.3,0.0,6.8,1009.4,0.0,,1,0,23.375
2024-01-06 09:00:00,holiday,3.3,1.7,4.5,17.5,0.0,2.4,11.9,1008.9,3.1,2.7,97.0,0.4,0.0,5.0,1009.7,0.0,,1,0,37.142857142857146
2024-01-06 10:00:00,holiday,3.3,1.7,4.5,17.5,0.0,2.4,11.9,1008.9,3.4,2.4,93.0,0.5,3.6,7.9,1010.1,0.0,,1,0,48.142857142857146
2024-01-06 11:00:00,holiday,3.3,1.7,4.5,17.5,0.0,2.4,11.9,1008.9,3.6,2.6,93.0,0.4,3.6,9.4,1009.9,0.0,,1,0,54.857142857142854
2024-01-06 12:00:00,holiday,3.3,1.7,4.5,17.5,0.0,2.4,11.9,1008.9,3.9,2.6,91.0,0.4,0.0,7.2,1009.5,0.0,,1,0,59.714285714285715
2024-01-06 13:00:00,holiday,3.3,1.7,4.5,17.5,0.0,2.4,11.9,1008.9,4.0,2.8,92.0,0.3,3.6,6.5,1009.0,0.0,,0,0,46.75
2024-01-06 14:00:00,holiday,3.3,1.7,4.5,17.5,0.0,2.4,11.9,1008.9,4.0,3.3,95.0,0.4,3.6,4.7,1009.2,0.0,,0,0,39.857142857142854
2024-01-06 15:00:00,holiday,3.3,1.7,4.5,17.5,0.0,2.4,11.9,1008.9,3.8,3.2,96.0,0.4,0.0,5.8,1009.6,0.0,,0,0,37.0
2024-01-06 16:00:00,holiday,3.3,1.7,4.5,17.5,0.0,2.4,11.9,1008.9,3.4,3.3,99.0,0.3,3.6,8.6,1010.1,0.0,,0,0,30.714285714285715
2024-01-06 17:00:00,holiday,3.3,1.7,4.5,17.5,0.0,2.4,11.9,1008.9,3.2,2.9,98.0,0.5,3.6,7.2,1010.3,0.0,,0,0,41.714285714285715
2024-01-06 18:00:00,holiday,3.3,1.7,4.5,17.5,0.0,2.4,11.9,1008.9,2.8,2.5,98.0,0.6,3.6,5.8,1010.6,0.0,,0,0,61.57142857142857
2024-01-06 19:00:00,holiday,3.3,1.7,4.5,17.5,0.0,2.4,11.9,1008.9,2.8,2.7,99.0,0.7,0.0,5.0,1010.7,0.0,,0,0,92.75
2024-01-06 20:00:00,holiday,3.3,1.7,4.5,17.5,0.0,2.4,11.9,1008.9,2.7,2.3,97.0,1.0,3.6,5.8,1010.6,0.0,,0,0,110.57142857142857
2024-01-06 21:00:00,holiday,3.3,1.7,4.5,17.5,0.0,2.4,11.9,1008.9,1.7,1.6,99.0,0.8,2.9,7.2,1011.0,0.0,,0,0,113.16666666666667
2024-01-06 22:00:00,holiday,3.3,1.7,4.5,17.5,0.0,2.4,11.9,1008.9,1.9,1.5,97.0,1.0,0.0,5.4,1010.8,0.0,,0,0,103.85714285714286
2024-01-06 23:00:00,holiday,3.3,1.7,4.5,17.5,0.0,2.4,11.9,1008.9,1.7,1.3,97.0,1.0,3.6,7.9,1010.8,0.0,,0,0,83.71428571428571
2024-01-07 00:00:00,,1.6,0.0,3.0,8.5,0.0,6.1,36.0,1013.3,1.3,0.9,97.0,0.9,0.0,5.8,1011.1,0.0,,0,0,60.0
2024-01-07 01:00:00,,1.6,0.0,3.0,8.5,0.0,6.1,36.0,1013.3,1.4,1.3,99.0,0.3,3.6,5.4,1011.1,0.0,,0,0,45.285714285714285
2024-01-07 02:00:00,,1.6,0.0,3.0,8.5,0.0,6.1,36.0,1013.3,1.4,1.3,99.0,0.2,3.6,5.4,1011.2,0.0,,0,0,32.57142857142857
2024-01-07 03:00:00,,1.6,0.0,3.0,8.5,0.0,6.1,36.0,1013.3,1.5,1.4,99.0,0.4,3.6,6.1,1011.1,0.0,,0,0,25.0
2024-01-07 04:00:00,,1.6,0.0,3.0,8.5,0.0,6.1,36.0,1013.3,1.6,1.5,99.0,0.3,3.6,10.1,1011.1,0.0,,0,0,21.714285714285715
2024-01-07 05:00:00,,1.6,0.0,3.0,8.5,0.0,6.1,36.0,1013.3,1.7,1.4,98.0,0.5,3.6,9.0,1011.4,0.0,,0,0,19.125
2024-01-07 06:00:00,,1.6,0.0,3.0,8.5,0.0,6.1,36.0,1013.3,1.5,1.4,99.0,0.5,0.0,9.4,1011.8,0.0,,0,0,19.0
2024-01-07 07:00:00,,1.6,0.0,3.0,8.5,0.0,6.1,36.0,1013.3,1.1,1.0,99.0,0.6,3.6,10.1,1012.2,0.0,,0,0,20.285714285714285
2024-01-07 08:00:00,,1.6,0.0,3.0,8.5,0.0,6.1,36.0,1013.3,0.9,0.8,99.0,0.7,3.6,7.6,1012.8,0.0,,0,0,23.571428571428573
2024-01-07 09:00:00,,1.6,0.0,3.0,8.5,0.0,6.1,36.0,1013.3,0.9,0.8,99.0,0.8,3.6,6.5,1013.1,0.0,,0,0,27.571428571428573
2024-01-07 10:00:00,,1.6,0.0,3.0,8.5,0.0,6.1,36.0,1013.3,1.6,1.5,99.0,0.5,3.6,8.3,1013.2,0.0,,0,0,40.5
2024-01-07 11:00:00,,1.6,0.0,3.0,8.5,0.0,6.1,36.0,1013.3,2.5,2.1,97.0,0.2,3.6,10.1,1013.0,0.0,,0,0,44.714285714285715
2024-01-07 12:00:00,,1.6,0.0,3.0,8.5,0.0,6.1,36.0,1013.3,3.0,2.4,96.0,0.3,7.2,25.9,1012.7,0.0,,0,0,54.142857142857146
2024-01-07 13:00:00,,1.6,0.0,3.0,8.5,0.0,6.1,36.0,1013.3,3.0,2.0,93.0,0.1,7.2,25.9,1012.8,0.0,,0,0,54.857142857142854
2024-01-07 14:00:00,,1.6,0.0,3.0,8.5,0.0,6.1,36.0,1013.3,2.8,1.3,90.0,0.2,10.8,29.9,1013.2,0.0,,0,0,44.0
2024-01-07 15:00:00,,1.6,0.0,3.0,8.5,0.0,6.1,36.0,1013.3,2.3,1.1,92.0,0.3,7.2,32.4,1013.9,0.0,,0,0,35.125
2024-01-07 16:00:00,,1.6,0.0,3.0,8.5,0.0,6.1,36.0,1013.3,1.9,0.7,92.0,0.2,7.2,28.4,1014.5,0.0,,0,0,33.42857142857143
2024-01-07 17:00:00,,1.6,0.0,3.0,8.5,0.0,6.1,36.0,1013.3,1.8,-0.1,87.0,0.2,10.8,34.6,1015.1,0.0,,0,0,36.5
2024-01-07 18:00:00,,1.6,0.0,3.0,8.5,0.0,6.1,36.0,1013.3,1.3,-0.2,90.0,0.2,10.8,28.4,1015.6,0.0,,0,0,48.857142857142854
2024-01-07 19:00:00,,1.6,0.0,3.0,8.5,0.0,6.1,36.0,1013.3,1.3,-0.9,85.0,0.1,7.2,22.7,1016.2,0.0,,0,0,50.125
2024-01-07 20:00:00,,1.6,0.0,3.0,8.5,0.0,6.1,36.0,1013.3,0.0,-1.4,90.0,0.0,17.3,36.0,1017.6,0.0,,0,0,32.57142857142857
2024-01-07 21:00:00,,1.6,0.0,3.0,8.5,0.0,6.1,36.0,1013.3,1.1,-2.0,80.0,0.0,10.8,26.6,1016.9,0.0,,0,0,22.285714285714285
2024-01-07 22:00:00,,1.6,0.0,3.0,8.5,0.0,6.1,36.0,1013.3,1.0,-2.2,79.0,0.0,10.8,32.4,1017.0,0.0,,0,0,14.571428571428571
2024-01-07 23:00:00,,1.6,0.0,3.0,8.5,0.0,6.1,36.0,1013.3,0.7,-1.9,83.0,0.0,3.6,33.8,1017.1,0.0,,0,0,12.285714285714286
2024-01-08 00:00:00,,-1.4,-2.6,0.7,0.0,0.0,7.1,43.6,1020.8,0.5,-2.6,80.0,0.0,7.2,40.3,1017.5,0.0,,0,0,11.0
2024-01-08 01:00:00,,-1.4,-2.6,0.7,0.0,0.0,7.1,43.6,1020.8,-0.3,-2.8,83.0,0.0,7.2,43.6,1018.0,0.0,,0,0,11.0
2024-01-08 02:00:00,,-1.4,-2.6,0.7,0.0,0.0,7.1,43.6,1020.8,-1.9,-3.8,87.0,0.0,20.9,35.3,1019.2,0.0,,0,0,11.0
2024-01-08 03:00:00,,-1.4,-2.6,0.7,0.0,0.0,7.1,43.6,1020.8,-0.8,-4.3,77.0,0.0,7.2,33.8,1018.6,0.0,,0,0,11.0
2024-01-08 04:00:00,,-1.4,-2.6,0.7,0.0,0.0,7.1,43.6,1020.8,-1.1,-4.6,77.0,0.0,3.6,39.6,1019.0,0.0,,0,0,11.0
2024-01-08 05:00:00,,-1.4,-2.6,0.7,0.0,0.0,7.1,43.6,1020.8,-1.3,-4.6,78.0,0.0,3.6,41.8,1019.1,0.0,,0,0,11.875
2024-01-08 06:00:00,,-1.4,-2.6,0.7,0.0,0.0,7.1,43.6,1020.8,-1.5,-5.0,77.0,0.0,3.6,34.2,1019.7,0.0,,0,0,14.714285714285714
2024-01-08 07:00:00,,-1.4,-2.6,0.7,0.0,0.0,7.1,43.6,1020.8,-2.2,-6.0,75.0,0.0,10.8,29.2,1020.3,0.0,,0,0,75.0
2024-01-08 08:00:00,,-1.4,-2.6,0.7,0.0,0.0,7.1,43.6,1020.8,-2.5,-6.2,76.0,0.0,10.8,25.9,1020.9,0.0,,0,0,151.57142857142858
2024-01-08 09:00:00,,-1.4,-2.6,0.7,0.0,0.0,7.1,43.6,1020.8,-2.4,-6.1,76.0,0.0,7.2,30.6,1021.2,0.0,,0,0,201.42857142857142
2024-01-08 10:00:00,,-1.4,-2.6,0.7,0.0,0.0,7.1,43.6,1020.8,-1.9,-5.6,76.0,0.0,7.2,23.0,1021.4,0.0,,0,0,229.5
2024-01-08 11:00:00,,-1.4,-2.6,0.7,0.0,0.0,7.1,43.6,1020.8,-1.5,-5.4,75.0,0.0,7.2,24.8,1021.4,0.0,,0,0,200.57142857142858
2024-01-08 12:00:00,,-1.4,-2.6,0.7,0.0,0.0,7.1,43.6,1020.8,-0.9,-5.0,74.0,0.0,7.2,28.8,1020.9,0.0,,0,0,157.85714285714286
2024-01-08 13:00:00,,-1.4,-2.6,0.7,0.0,0.0,7.1,43.6,1020.8,-0.8,-5.2,72.0,0.0,3.6,30.2,1020.8,0.0,,0,0,166.14285714285714
2024-01-08 14:00:00,,-1.4,-2.6,0.7,0.0,0.0,7.1,43.6,1020.8,-2.0,-4.7,82.0,0.0,17.3,34.2,1021.6,0.0,,0,0,186.71428571428572
2024-01-08 15:00:00,,-1.4,-2.6,0.7,0.0,0.0,7.1,43.6,1020.8,-0.9,-5.1,73.0,0.0,3.6,31.0,1021.6,0.0,,0,0,201.25
2024-01-08 16:00:00,,-1.4,-2.6,0.7,0.0,0.0,7.1,43.6,1020.8,-1.4,-4.9,77.0,0.0,3.6,30.2,1022.0,0.0,,0,0,165.66666666666666
2024-01-08 17:00:00,,-1.4,-2.6,0.7,0.0,0.0,7.1,43.6,1020.8,-1.6,-5.1,77.0,0.0,7.2,16.2,1022.5,0.0,,0,0,127.71428571428571
2024-01-08 18:00:00,,-1.4,-2.6,0.7,0.0,0.0,7.1,43.6,1020.8,-1.6,-5.3,76.0,0.0,7.2,21.6,1022.9,0.0,,0,0,62.75
2024-01-08 19:00:00,,-1.4,-2.6,0.7,0.0,0.0,7.1,43.6,1020.8,-2.2,-5.4,79.0,0.0,3.6,15.5,1023.3,0.0,,0,0,54.0
2024-01-08 20:00:00,,-1.4,-2.6,0.7,0.0,0.0,7.1,43.6,1020.8,-2.6,-5.2,82.0,0.0,3.6,7.9,1023.6,0.0,,0,0,42.42857142857143
2024-01-08 21:00:00,,-1.4,-2.6,0.7,0.0,0.0,7.1,43.6,1020.8,-1.9,-5.2,78.0,0.0,7.2,18.7,1023.7,0.0,,0,0,32.42857142857143
2024-01-08 22:00:00,,-1.4,-2.6,0.7,0.0,0.0,7.1,43.6,1020.8,-1.8,-5.3,77.0,0.0,7.2,21.6,1023.7,0.0,,0,0,21.0
2024-01-08 23:00:00,,-1.4,-2.6,0.7,0.0,0.0,7.1,43.6,1020.8,-6.1,-8.1,86.0,0.0,9.4,26.3,1024.9,0.0,,0,0,14.25
2024-01-09 00:00:00,,-2.7,-8.2,-1.1,0.0,0.0,5.2,27.0,1025.4,-2.1,-5.8,76.0,0.0,7.2,27.0,1023.5,0.0,,0,0,13.428571428571429
2024-01-09 01:00:00,,-2.7,-8.2,-1.1,0.0,0.0,5.2,27.0,1025.4,-1.9,-5.7,75.0,0.0,7.2,22.7,1023.5,0.0,,0,0,13.0
2024-01-09 02:00:00,,-2.7,-8.2,-1.1,0.0,0.0,5.2,27.0,1025.4,-8.2,-10.4,84.0,0.0,6.8,6.5,1025.3,0.0,,0,0,13.0
2024-01-09 03:00:00,,-2.7,-8.2,-1.1,0.0,0.0,5.2,27.0,1025.4,-2.2,-5.9,76.0,0.0,7.2,8.6,1024.1,0.0,,0,0,13.0
2024-01-09 04:00:00,,-2.7,-8.2,-1.1,0.0,0.0,5.2,27.0,1025.4,-2.3,-5.8,77.0,0.0,7.2,7.9,1024.0,0.0,,0,0,13.75
2024-01-09 05:00:00,,-2.7,-8.2,-1.1,0.0,0.0,5.2,27.0,1025.4,-2.2,-6.0,75.0,0.0,3.6,6.8,1024.1,0.0,,0,0,14.714285714285714
2024-01-09 06:00:00,,-2.7,-8.2,-1.1,0.0,0.0,5.2,27.0,1025.4,-2.4,-5.7,78.0,0.0,3.6,10.1,1024.4,0.0,,0,0,18.428571428571427
2024-01-09 07:00:00,,-2.7,-8.2,-1.1,0.0,0.0,5.2,27.0,1025.4,-2.4,-6.1,76.0,0.0,3.6,12.6,1024.7,0.0,,0,0,71.57142857142857
2024-01-09 08:00:00,,-2.7,-8.2,-1.1,0.0,0.0,5.2,27.0,1025.4,-2.4,-6.2,75.0,0.0,3.6,13.7,1025.1,0.0,,0,0,152.57142857142858
2024-01-09 09:00:00,,-2.7,-8.2,-1.1,0.0,0.0,5.2,27.0,1025.4,-4.9,-8.3,77.0,0.0,4.7,15.5,1026.8,0.0,,0,0,230.125
2024-01-09 10:00:00,,-2.7,-8.2,-1.1,0.0,0.0,5.2,27.0,1025.4,-2.1,-6.5,72.0,0.0,7.2,13.0,1025.5,0.0,,0,0,250.0
2024-01-09 11:00:00,,-2.7,-8.2,-1.1,0.0,0.0,5.2,27.0,1025.4,-1.7,-6.3,71.0,0.0,7.2,13.7,1025.3,0.0,,0,0,218.0
2024-01-09 12:00:00,,-2.7,-8.2,-1.1,0.0,0.0,5.2,27.0,1025.4,-1.3,-5.7,72.0,0.0,7.2,13.0,1024.9,0.0,,0,0,199.28571428571428
2024-01-09 13:00:00,,-2.7,-8.2,-1.1,0.0,0.0,5.2,27.0,1025.4,-1.1,-6.1,69.0,0.0,3.6,12.6,1024.7,0.0,,0,0,197.85714285714286
2024-01-09 14:00:00,,-2.7,-8.2,-1.1,0.0,0.0,5.2,27.0,1025.4,-1.2,-5.8,71.0,0.0,3.6,17.6,1025.3,0.0,,0,0,204.5
2024-01-09 15:00:00,,-2.7,-8.2,-1.1,0.0,0.0,5.2,27.0,1025.4,-1.8,-5.5,76.0,0.0,7.2,16.9,1025.6,0.0,,0,0,197.14285714285714
2024-01-09 16:00:00,,-2.7,-8.2,-1.1,0.0,0.0,5.2,27.0,1025.4,-2.9,-4.9,86.0,0.0,3.2,13.3,1026.2,0.0,,0,0,173.57142857142858
2024-01-09 17:00:00,,-2.7,-8.2,-1.1,0.0,0.0,5.2,27.0,1025.4,-2.3,-5.8,77.0,0.0,3.6,10.1,1026.5,0.0,,0,0,141.42857142857142
2024-01-09 18:00:00,,-2.7,-8.2,-1.1,0.0,0.0,5.2,27.0,1025.4,-2.4,-5.5,79.0,0.0,3.6,12.2,1026.7,0.0,,0,0,111.42857142857143
2024-01-09 19:00:00,,-2.7,-8.2,-1.1,0.0,0.0,5.2,27.0,1025.4,-2.7,-5.8,79.0,0.0,3.6,10.1,1027.0,0.0,,0,0,91.625
2024-01-09 20:00:00,,-2.7,-8.2,-1.1,0.0,0.0,5.2,27.0,1025.4,-2.6,-5.7,79.0,0.0,3.6,10.4,1026.9,0.0,,0,0,62.57142857142857
2024-01-09 21:00:00,,-2.7,-8.2,-1.1,0.0,0.0,5.2,27.0,1025.4,-2.7,-5.7,80.0,0.0,3.6,10.4,1026.8,0.0,,0,0,40.57142857142857
2024-01-09 22:00:00,,-2.7,-8.2,-1.1,0.0,0.0,5.2,27.0,1025.4,-2.7,-5.5,81.0,0.0,3.6,8.3,1027.2,0.0,,0,0,27.571428571428573
2024-01-09 23:00:00,,-2.7,-8.2,-1.1,0.0,0.0,5.2,27.0,1025.4,-2.7,-5.7,80.0,0.0,0.0,9.0,1027.1,0.0,,0,0,17.0
2024-01-10 00:00:00,,-1.3,-4.8,1.1,0.0,10.0,3.3,15.8,1026.9,-2.6,-5.2,82.0,0.0,0.0,9.0,1026.7,0.0,,0,0,13.0
2024-01-10 01:00:00,,-1.3,-4.8,1.1,0.0,10.0,3.3,15.8,1026.9,-2.6,-5.4,81.0,0.0,3.6,8.6,1026.5,0.0,,0,0,13.0
2024-01-10 02:00:00,,-1.3,-4.8,1.1,0.0,10.0,3.3,15.8,1026.9,-2.6,-5.1,83.0,0.0,0.0,7.6,1026.5,0.0,,0,0,13.0
2024-01-10 03:00:00,,-1.3,-4.8,1.1,0.0,10.0,3.3,15.8,1026.9,-2.6,-4.9,84.0,0.0,3.6,5.4,1026.3,0.0,,0,0,13.0
2024-01-10 04:00:00,,-1.3,-4.8,1.1,0.0,10.0,3.3,15.8,1026.9,-2.3,-4.8,83.0,0.0,3.6,6.8,1025.9,0.0,,0,0,13.0
2024-01-10 05:00:00,,-1.3,-4.8,1.1,0.0,10.0,3.3,15.8,1026.9,-4.8,-6.2,90.0,0.0,3.6,6.5,1027.2,0.0,,0,0,12.125
2024-01-10 06:00:00,,-1.3,-4.8,1.1,0.0,10.0,3.3,15.8,1026.9,-1.8,-4.5,82.0,0.0,3.6,8.3,1026.3,0.0,,0,0,17.0
2024-01-10 07:00:00,,-1.3,-4.8,1.1,0.0,10.0,3.3,15.8,1026.9,-2.1,-4.4,84.0,0.0,3.6,12.2,1026.2,0.0,,1,0,67.14285714285714
2024-01-10 08:00:00,,-1.3,-4.8,1.1,0.0,10.0,3.3,15.8,1026.9,-2.4,-4.3,87.0,0.0,3.6,7.2,1026.9,0.0,,1,0,163.71428571428572
2024-01-10 09:00:00,,-1.3,-4.8,1.1,0.0,10.0,3.3,15.8,1026.9,-0.9,-3.6,82.0,0.0,3.6,6.5,1027.2,27.0,,1,0,254.28571428571428
2024-01-10 10:00:00,,-1.3,-4.8,1.1,0.0,10.0,3.3,15.8,1026.9,-0.6,-3.0,84.0,0.0,3.6,7.9,1027.4,27.0,,1,0,295.0
2024-01-10 11:00:00,,-1.3,-4.8,1.1,0.0,10.0,3.3,15.8,1026.9,-0.8,-3.0,85.0,0.0,3.6,7.6,1027.4,0.0,,1,0,263.14285714285717
2024-01-10 12:00:00,,-1.3,-4.8,1.1,0.0,10.0,3.3,15.8,1026.9,0.3,-2.4,82.0,0.0,3.6,10.4,1026.9,57.0,,1,0,212.57142857142858
2024-01-10 13:00:00,,-1.3,-4.8,1.1,0.0,10.0,3.3,15.8,1026.9,1.0,-2.1,80.0,0.0,3.6,10.4,1026.3,60.0,,0,0,188.28571428571428
2024-01-10 14:00:00,,-1.3,-4.8,1.1,0.0,10.0,3.3,15.8,1026.9,1.1,-2.3,78.0,0.0,3.6,12.2,1026.3,60.0,,0,0,215.42857142857142
2024-01-10 15:00:00,,-1.3,-4.8,1.1,0.0,10.0,3.3,15.8,1026.9,0.4,-2.3,82.0,0.0,7.2,15.8,1026.8,21.0,,0,0,215.0
2024-01-10 16:00:00,,-1.3,-4.8,1.1,0.0,10.0,3.3,15.8,1026.9,-0.1,-2.2,86.0,0.0,3.6,9.7,1027.1,0.0,,0,0,208.125
2024-01-10 17:00:00,,-1.3,-4.8,1.1,0.0,10.0,3.3,15.8,1026.9,-0.2,-2.3,86.0,0.0,3.6,7.2,1027.3,0.0,,0,0,161.0
2024-01-10 18:00:00,,-1.3,-4.8,1.1,0.0,10.0,3.3,15.8,1026.9,-0.3,-2.0,88.0,0.0,3.6,7.6,1027.4,0.0,,0,0,105.0
2024-01-10 19:00:00,,-1.3,-4.8,1.1,0.0,10.0,3.3,15.8,1026.9,-0.2,-1.8,89.0,0.0,3.6,9.0,1027.5,0.0,,0,0,78.85714285714286
2024-01-10 20:00:00,,-1.3,-4.8,1.1,0.0,10.0,3.3,15.8,1026.9,-3.1,-5.7,82.0,0.0,4.3,5.8,1026.8,0.0,,0,0,78.5
2024-01-10 21:00:00,,-1.3,-4.8,1.1,0.0,10.0,3.3,15.8,1026.9,-0.2,-1.6,90.0,0.0,3.6,7.9,1027.6,0.0,,0,0,54.57142857142857
2024-01-10 22:00:00,,-1.3,-4.8,1.1,0.0,10.0,3.3,15.8,1026.9,-0.6,-1.7,92.0,0.0,3.6,9.4,1027.6,0.0,,0,0,36.285714285714285
2024-01-10 23:00:00,,-1.3,-4.8,1.1,0.0,10.0,3.3,15.8,1026.9,-5.1,-7.7,82.0,0.0,7.2,9.7,1027.3,0.0,,0,0,29.571428571428573
2024-01-11 00:00:00,,-2.2,-5.6,-0.7,0.0,0.0,4.8,21.2,1029.0,-0.8,-1.8,93.0,0.0,3.6,9.7,1027.2,0.0,,0,0,22.571428571428573
2024-01-11 01:00:00,,-2.2,-5.6,-0.7,0.0,0.0,4.8,21.2,1029.0,-0.8,-1.6,94.0,0.0,3.6,10.8,1027.1,0.0,,0,0,16.0
2024-01-11 02:00:00,,-2.2,-5.6,-0.7,0.0,0.0,4.8,21.2,1029.0,-5.6,-9.0,77.0,0.0,6.8,12.2,1027.6,0.0,,0,0,11.142857142857142
2024-01-11 03:00:00,,-2.2,-5.6,-0.7,0.0,0.0,4.8,21.2,1029.0,-0.8,-1.6,94.0,0.0,7.2,16.2,1027.6,0.0,,0,0,11.0
2024-01-11 04:00:00,,-2.2,-5.6,-0.7,0.0,0.0,4.8,21.2,1029.0,-0.7,-1.5,94.0,0.0,3.6,15.1,1027.4,0.0,,0,0,11.0
2024-01-11 05:00:00,,-2.2,-5.6,-0.7,0.0,0.0,4.8,21.2,1029.0,-1.2,-1.9,95.0,0.0,3.6,14.0,1027.5,0.0,,0,0,10.857142857142858
2024-01-11 06:00:00,,-2.2,-5.6,-0.7,0.0,0.0,4.8,21.2,1029.0,-1.7,-1.8,99.0,0.0,3.6,16.6,1027.4,0.0,,0,0,12.428571428571429
2024-01-11 07:00:00,,-2.2,-5.6,-0.7,0.0,0.0,4.8,21.2,1029.0,-1.9,-2.0,99.0,0.0,3.6,14.4,1028.0,0.0,,0,0,61.5
2024-01-11 08:00:00,,-2.2,-5.6,-0.7,0.0,0.0,4.8,21.2,1029.0,-2.4,-2.8,97.0,0.0,7.2,12.2,1028.9,0.0,,0,0,149.85714285714286
2024-01-11 09:00:00,,-2.2,-5.6,-0.7,0.0,0.0,4.8,21.2,1029.0,-3.0,-6.6,76.0,0.0,4.3,13.0,1029.7,0.0,,0,0,205.14285714285714
2024-01-11 10:00:00,,-2.2,-5.6,-0.7,0.0,0.0,4.8,21.2,1029.0,-2.3,-2.6,98.0,0.0,3.6,13.0,1029.6,0.0,,0,0,238.0
2024-01-11 11:00:00,,-2.2,-5.6,-0.7,0.0,0.0,4.8,21.2,1029.0,-2.1,-2.5,97.0,0.0,3.6,21.2,1029.7,0.0,,0,0,220.75
2024-01-11 12:00:00,,-2.2,-5.6,-0.7,0.0,0.0,4.8,21.2,1029.0,-2.5,-3.1,96.0,0.0,7.2,15.8,1028.8,0.0,,0,0,191.14285714285714
2024-01-11 13:00:00,,-2.2,-5.6,-0.7,0.0,0.0,4.8,21.2,1029.0,-2.4,-3.2,94.0,0.0,7.2,17.3,1029.0,0.0,,0,0,187.0
2024-01-11 14:00:00,,-2.2,-5.6,-0.7,0.0,0.0,4.8,21.2,1029.0,-2.5,-3.9,90.0,0.0,7.2,19.8,1029.1,0.0,,0,0,210.42857142857142
2024-01-11 15:00:00,,-2.2,-5.6,-0.7,0.0,0.0,4.8,21.2,1029.0,-2.3,-3.7,90.0,0.0,3.6,12.2,1029.2,0.0,,0,0,219.57142857142858
2024-01-11 16:00:00,,-2.2,-5.6,-0.7,0.0,0.0,4.8,21.2,1029.0,-2.3,-3.6,91.0,0.0,3.6,20.5,1029.9,0.0,,0,0,182.42857142857142
2024-01-11 17:00:00,,-2.2,-5.6,-0.7,0.0,0.0,4.8,21.2,1029.0,-1.0,-2.7,88.0,0.0,4.3,15.5,1030.1,0.0,,0,0,130.75
2024-01-11 18:00:00,,-2.2,-5.6,-0.7,0.0,0.0,4.8,21.2,1029.0,-2.3,-3.9,89.0,0.0,3.6,14.4,1030.9,0.0,,0,0,104.85714285714286
2024-01-11 19:00:00,,-2.2,-5.6,-0.7,0.0,0.0,4.8,21.2,1029.0,-3.0,-4.4,90.0,0.0,5.0,6.8,1030.7,0.0,,0,0,116.14285714285714
2024-01-11 20:00:00,,-2.2,-5.6,-0.7,0.0,0.0,4.8,21.2,1029.0,-2.3,-3.9,89.0,0.0,3.6,13.0,1031.2,0.0,,0,0,108.71428571428571
2024-01-11 21:00:00,,-2.2,-5.6,-0.7,0.0,0.0,4.8,21.2,1029.0,-1.9,-3.8,87.0,0.0,3.6,9.0,1031.5,0.0,,0,0,82.28571428571429
2024-01-11 22:00:00,,-2.2,-5.6,-0.7,0.0,0.0,4.8,21.2,1029.0,-1.7,-3.4,88.0,0.0,3.6,14.0,1031.5,0.0,,0,0,43.25
2024-01-11 23:00:00,,-2.2,-5.6,-0.7,0.0,0.0,4.8,21.2,1029.0,-1.9,-3.5,89.0,0.0,3.6,14.8,1031.5,0.0,,0,0,16.857142857142858
2024-01-12 00:00:00,,-1.8,-5.7,-0.8,0.0,0.0,4.3,21.2,1031.4,-5.7,-8.6,80.0,0.0,5.0,12.6,1031.2,0.0,,0,0,13.0
2024-01-12 01:00:00,,-1.8,-5.7,-0.8,0.0,0.0,4.3,21.2,1031.4,-2.0,-3.7,88.0,0.0,3.6,13.0,1031.1,0.0,,0,0,9.142857142857142
2024-01-12 02:00:00,,-1.8,-5.7,-0.8,0.0,0.0,4.3,21.2,1031.4,-1.8,-3.5,88.0,0.0,7.2,18.7,1031.6,0.0,,0,0,9.0
2024-01-12 03:00:00,,-1.8,-5.7,-0.8,0.0,0.0,4.3,21.2,1031.4,-2.1,-3.8,88.0,0.0,3.6,19.4,1031.6,0.0,,0,0,9.0
2024-01-12 04:00:00,,-1.8,-5.7,-0.8,0.0,0.0,4.3,21.2,1031.4,-2.1,-3.7,89.0,0.0,3.6,16.9,1031.3,0.0,,0,0,9.0
2024-01-12 05:00:00,,-1.8,-5.7,-0.8,0.0,0.0,4.3,21.2,1031.4,-2.2,-3.6,90.0,0.0,3.6,13.0,1031.4,0.0,,0,0,8.857142857142858
2024-01-12 06:00:00,,-1.8,-5.7,-0.8,0.0,0.0,4.3,21.2,1031.4,-2.1,-3.2,92.0,0.0,3.6,21.2,1031.7,0.0,,0,0,12.857142857142858
2024-01-12 07:00:00,,-1.8,-5.7,-0.8,0.0,0.0,4.3,21.2,1031.4,-1.9,-3.3,90.0,0.0,3.6,18.4,1031.7,0.0,,0,0,54.285714285714285
2024-01-12 08:00:00,,-1.8,-5.7,-0.8,0.0,0.0,4.3,21.2,1031.4,-1.9,-3.6,88.0,0.0,3.6,16.2,1031.9,0.0,,0,0,131.0
2024-01-12 09:00:00,,-1.8,-5.7,-0.8,0.0,0.0,4.3,21.2,1031.4,-1.8,-3.2,90.0,0.0,7.2,11.2,1032.1,0.0,,0,0,188.57142857142858
2024-01-12 10:00:00,,-1.8,-5.7,-0.8,0.0,0.0,4.3,21.2,1031.4,-1.8,-3.5,88.0,0.0,3.6,11.9,1032.4,0.0,,0,0,221.57142857142858
2024-01-12 11:00:00,,-1.8,-5.7,-0.8,0.0,0.0,4.3,21.2,1031.4,-1.6,-3.6,86.0,0.0,3.6,13.0,1032.1,0.0,,0,0,208.57142857142858
2024-01-12 12:00:00,,-1.8,-5.7,-0.8,0.0,0.0,4.3,21.2,1031.4,-1.3,-3.3,86.0,0.0,3.6,11.5,1031.5,0.0,,0,0,179.85714285714286
2024-01-12 13:00:00,,-1.8,-5.7,-0.8,0.0,0.0,4.3,21.2,1031.4,-1.4,-3.8,84.0,0.0,3.6,11.2,1031.1,0.0,,0,0,175.0
2024-01-12 14:00:00,,-1.8,-5.7,-0.8,0.0,0.0,4.3,21.2,1031.4,-1.0,-3.0,86.0,0.0,7.2,10.1,1030.9,0.0,,0,0,194.14285714285714
2024-01-12 15:00:00,,-1.8,-5.7,-0.8,0.0,0.0,4.3,21.2,1031.4,-0.8,-2.5,88.0,0.0,3.6,9.0,1030.9,0.0,,0,0,204.85714285714286
2024-01-12 16:00:00,,-1.8,-5.7,-0.8,0.0,0.0,4.3,21.2,1031.4,-1.1,-3.1,86.0,0.0,3.6,8.3,1030.9,0.0,,0,0,201.42857142857142
2024-01-12 17:00:00,,-1.8,-5.7,-0.8,0.0,0.0,4.3,21.2,1031.4,-1.1,-3.0,87.0,0.0,7.2,13.7,1031.0,0.0,,0,0,141.125
2024-01-12 18:00:00,,-1.8,-5.7,-0.8,0.0,0.0,4.3,21.2,1031.4,-1.4,-3.3,87.0,0.0,3.6,14.0,1031.1,0.0,,0,0,103.0
2024-01-12 19:00:00,,-1.8,-5.7,-0.8,0.0,0.0,4.3,21.2,1031.4,-1.7,-3.4,88.0,0.0,3.6,16.2,1031.3,0.0,,0,0,101.28571428571429
2024-01-12 20:00:00,,-1.8,-5.7,-0.8,0.0,0.0,4.3,21.2,1031.4,-1.8,-3.5,88.0,0.0,0.0,11.9,1031.5,0.0,,0,0,113.71428571428571
2024-01-12 21:00:00,,-1.8,-5.7,-0.8,0.0,0.0,4.3,21.2,1031.4,-1.8,-3.5,88.0,0.0,7.2,8.3,1031.5,0.0,,0,0,117.71428571428571
2024-01-12 22:00:00,,-1.8,-5.7,-0.8,0.0,0.0,4.3,21.2,1031.4,-1.8,-3.2,90.0,0.0,3.6,12.2,1031.4,0.0,,0,0,109.71428571428571
2024-01-12 23:00:00,,-1.8,-5.7,-0.8,0.0,0.0,4.3,21.2,1031.4,-2.0,-3.4,90.0,0.0,3.6,19.1,1031.0,0.0,,0,0,89.0
2024-01-13 00:00:00,,-2.3,-5.2,2.5,0.0,0.0,3.2,21.2,1026.7,-2.1,-3.4,91.0,0.0,0.0,19.1,1030.5,0.0,,0,0,62.714285714285715
2024-01-13 01:00:00,,-2.3,-5.2,2.5,0.0,0.0,3.2,21.2,1026.7,-2.3,-3.3,93.0,0.0,3.6,13.3,1030.3,0.0,,0,0,45.857142857142854
2024-01-13 02:00:00,,-2.3,-5.2,2.5,0.0,0.0,3.2,21.2,1026.7,-2.6,-3.7,92.0,0.0,3.6,13.7,1030.0,0.0,,0,0,23.75
2024-01-13 03:00:00,,-2.3,-5.2,2.5,0.0,0.0,3.2,21.2,1026.7,-2.8,-4.1,91.0,0.0,3.6,21.2,1029.2,0.0,,0,0,14.714285714285714
2024-01-13 04:00:00,,-2.3,-5.2,2.5,0.0,0.0,3.2,21.2,1026.7,-3.2,-4.5,91.0,0.0,3.6,17.6,1028.7,0.0,,0,0,10.142857142857142
2024-01-13 05:00:00,,-2.3,-5.2,2.5,0.0,0.0,3.2,21.2,1026.7,-3.6,-4.4,94.0,0.0,7.2,13.0,1028.5,0.0,,0,0,10.571428571428571
2024-01-13 06:00:00,,-2.3,-5.2,2.5,0.0,0.0,3.2,21.2,1026.7,-3.2,-3.9,95.0,0.0,3.6,11.9,1028.2,0.0,,0,0,11.0
2024-01-13 07:00:00,,-2.3,-5.2,2.5,0.0,0.0,3.2,21.2,1026.7,-3.3,-4.1,94.0,0.0,3.6,13.3,1028.4,0.0,,1,0,18.375
2024-01-13 08:00:00,,-2.3,-5.2,2.5,0.0,0.0,3.2,21.2,1026.7,-2.8,-4.1,91.0,0.0,0.0,13.7,1028.6,0.0,,1,0,69.14285714285714
2024-01-13 09:00:00,,-2.3,-5.2,2.5,0.0,0.0,3.2,21.2,1026.7,-2.5,-4.2,88.0,0.0,0.0,8.3,1028.5,0.0,,1,0,176.85714285714286
2024-01-13 10:00:00,,-2.3,-5.2,2.5,0.0,0.0,3.2,21.2,1026.7,-0.4,-13.3,37.0,0.0,5.4,15.1,1027.5,17.0,,1,0,309.85714285714283
2024-01-13 11:00:00,,-2.3,-5.2,2.5,0.0,0.0,3.2,21.2,1026.7,-2.0,-4.0,86.0,0.0,3.6,17.6,1027.4,36.0,,1,0,341.42857142857144
2024-01-13 12:00:00,,-2.3,-5.2,2.5,0.0,0.0,3.2,21.2,1026.7,2.5,-8.8,43.0,0.0,6.8,14.8,1025.1,0.0,,1,0,260.0
2024-01-13 13:00:00,,-2.3,-5.2,2.5,0.0,0.0,3.2,21.2,1026.7,-0.7,-2.8,86.0,0.0,7.2,17.3,1025.5,0.0,,0,0,182.71428571428572
2024-01-13 14:00:00,,-2.3,-5.2,2.5,0.0,0.0,3.2,21.2,1026.7,-0.1,-3.1,80.0,0.0,3.6,15.8,1024.9,0.0,,0,0,162.14285714285714
2024-01-13 15:00:00,,-2.3,-5.2,2.5,0.0,0.0,3.2,21.2,1026.7,-0.2,-3.2,80.0,0.0,3.6,10.1,1024.4,26.0,,0,0,142.0
2024-01-13 16:00:00,,-2.3,-5.2,2.5,0.0,0.0,3.2,21.2,1026.7,-0.6,-5.6,69.0,0.0,4.3,11.9,1023.3,15.0,,0,0,91.57142857142857
2024-01-13 17:00:00,,-2.3,-5.2,2.5,0.0,0.0,3.2,21.2,1026.7,-2.6,-3.7,92.0,0.0,3.6,9.7,1024.2,0.0,,0,0,56.75
2024-01-13 18:00:00,,-2.3,-5.2,2.5,0.0,0.0,3.2,21.2,1026.7,-3.5,-4.0,96.0,0.0,0.0,8.3,1024.1,0.0,,0,0,70.57142857142857
2024-01-13 19:00:00,,-2.3,-5.2,2.5,0.0,0.0,3.2,21.2,1026.7,-4.2,-4.7,96.0,0.0,0.0,9.0,1023.9,0.0,,0,0,102.57142857142857
2024-01-13 20:00:00,,-2.3,-5.2,2.5,0.0,0.0,3.2,21.2,1026.7,-4.4,-4.8,97.0,0.0,0.0,11.5,1023.7,0.0,,0,0,110.28571428571429
2024-01-13 21:00:00,,-2.3,-5.2,2.5,0.0,0.0,3.2,21.2,1026.7,-4.1,-4.6,96.0,0.0,3.6,11.5,1023.2,0.0,,0,0,129.85714285714286
2024-01-13 22:00:00,,-2.3,-5.2,2.5,0.0,0.0,3.2,21.2,1026.7,-5.2,-5.7,96.0,0.0,3.6,11.2,1022.6,0.0,,0,0,119.625
2024-01-13 23:00:00,,-2.3,-5.2,2.5,0.0,0.0,3.2,21.2,1026.7,-6.0,-6.5,96.0,0.0,3.6,7.9,1022.5,0.0,,0,0,97.14285714285714
2024-01-14 00:00:00,,-4.0,-7.1,-0.9,0.6,0.0,3.2,16.6,1015.6,-4.5,-5.0,96.0,0.0,3.6,7.6,1021.6,0.0,,0,0,74.0
2024-01-14 01:00:00,,-4.0,-7.1,-0.9,0.6,0.0,3.2,16.6,1015.6,-4.1,-4.6,96.0,0.0,3.6,12.2,1020.7,0.0,,0,0,52.714285714285715
2024-01-14 02:00:00,,-4.0,-7.1,-0.9,0.6,0.0,3.2,16.6,1015.6,-7.1,-15.1,53.0,0.0,11.2,10.4,1018.0,0.0,,0,0,29.857142857142858
2024-01-14 03:00:00,,-4.0,-7.1,-0.9,0.6,0.0,3.2,16.6,1015.6,-4.2,-4.3,99.0,0.0,0.0,15.5,1019.5,0.0,,0,0,20.875
2024-01-14 04:00:00,,-4.0,-7.1,-0.9,0.6,0.0,3.2,16.6,1015.6,-4.5,-4.6,99.0,0.0,0.0,13.7,1019.3,0.0,,0,0,18.714285714285715
2024-01-14 05:00:00,,-4.0,-7.1,-0.9,0.6,0.0,3.2,16.6,1015.6,-4.8,-4.9,99.0,0.0,3.6,9.0,1018.7,0.0,,0,0,18.0
2024-01-14 06:00:00,,-4.0,-7.1,-0.9,0.6,0.0,3.2,16.6,1015.6,-5.3,-5.4,99.0,0.0,3.6,9.0,1018.6,0.0,,0,0,18.0
2024-01-14 07:00:00,,-4.0,-7.1,-0.9,0.6,0.0,3.2,16.6,1015.6,-5.6,-5.9,98.0,0.0,3.6,9.0,1018.7,0.0,,0,0,17.714285714285715
2024-01-14 08:00:00,,-4.0,-7.1,-0.9,0.6,0.0,3.2,16.6,1015.6,-6.0,-6.1,99.0,0.0,3.6,13.3,1018.4,0.0,,0,0,19.375
2024-01-14 09:00:00,,-4.0,-7.1,-0.9,0.6,0.0,3.2,16.6,1015.6,-5.9,-6.0,99.0,0.0,3.6,6.8,1018.2,0.0,,0,0,21.714285714285715
2024-01-14 10:00:00,,-4.0,-7.1,-0.9,0.6,0.0,3.2,16.6,1015.6,-4.5,-4.8,98.0,0.0,3.6,7.9,1017.8,0.0,,0,0,28.857142857142858
2024-01-14 11:00:00,,-4.0,-7.1,-0.9,0.6,0.0,3.2,16.6,1015.6,-4.3,-4.4,99.0,0.0,3.6,11.9,1016.6,32.0,,0,0,33.142857142857146
2024-01-14 12:00:00,,-4.0,-7.1,-0.9,0.6,0.0,3.2,16.6,1015.6,-3.5,-3.8,98.0,0.0,0.0,7.9,1015.2,45.0,,0,0,33.57142857142857
2024-01-14 13:00:00,,-4.0,-7.1,-0.9,0.6,0.0,3.2,16.6,1015.6,-3.2,-3.3,99.0,0.0,3.6,9.7,1014.0,32.0,,0,0,37.625
2024-01-14 14:00:00,,-4.0,-7.1,-0.9,0.6,0.0,3.2,16.6,1015.6,-2.5,-2.6,99.0,0.0,3.6,8.3,1012.7,60.0,,0,0,34.142857142857146
2024-01-14 15:00:00,,-4.0,-7.1,-0.9,0.6,0.0,3.2,16.6,1015.6,-2.9,-3.2,98.0,0.0,3.6,6.5,1012.2,60.0,,0,0,30.571428571428573
2024-01-14 16:00:00,,-4.0,-7.1,-0.9,0.6,0.0,3.2,16.6,1015.6,-3.4,-3.7,98.0,0.0,0.0,9.0,1011.6,15.0,,0,0,28.571428571428573
2024-01-14 17:00:00,,-4.0,-7.1,-0.9,0.6,0.0,3.2,16.6,1015.6,-3.1,-3.2,99.0,0.0,3.6,14.4,1011.2,0.0,,0,0,29.714285714285715
2024-01-14 18:00:00,,-4.0,-7.1,-0.9,0.6,0.0,3.2,16.6,1015.6,-3.2,-3.3,99.0,0.0,7.2,12.2,1010.2,0.0,,0,0,36.714285714285715
2024-01-14 19:00:00,,-4.0,-7.1,-0.9,0.6,0.0,3.2,16.6,1015.6,-2.3,-2.4,99.0,0.0,3.6,15.5,1010.1,0.0,,0,0,37.25
2024-01-14 20:00:00,,-4.0,-7.1,-0.9,0.6,0.0,3.2,16.6,1015.6,-2.2,-2.3,99.0,0.0,0.0,9.0,1009.8,0.0,,0,0,26.142857142857142
2024-01-14 21:00:00,,-4.0,-7.1,-0.9,0.6,0.0,3.2,16.6,1015.6,-2.0,-2.1,99.0,0.2,3.6,11.5,1009.4,0.0,,0,0,18.714285714285715
2024-01-14 22:00:00,,-4.0,-7.1,-0.9,0.6,0.0,3.2,16.6,1015.6,-0.9,-1.0,99.0,0.4,0.0,16.6,1009.2,0.0,,0,0,10.285714285714286
2024-01-14 23:00:00,,-4.0,-7.1,-0.9,0.6,0.0,3.2,16.6,1015.6,-1.0,-1.1,99.0,0.5,3.6,22.3,1009.5,0.0,,0,0,9.5
2024-01-15 00:00:00,,1.5,-1.0,3.5,3.8,0.0,6.8,35.6,1008.9,-0.6,-0.7,99.0,0.1,7.2,14.8,1008.6,0.0,,0,0,9.0
2024-01-15 01:00:00,,1.5,-1.0,3.5,3.8,0.0,6.8,35.6,1008.9,-0.7,-1.3,96.0,0.1,3.6,14.8,1008.3,0.0,,0,0,9.0
2024-01-15 02:00:00,,1.5,-1.0,3.5,3.8,0.0,6.8,35.6,1008.9,-0.6,-0.9,98.0,0.0,3.6,13.7,1008.6,0.0,,0,0,9.0
2024-01-15 03:00:00,,1.5,-1.0,3.5,3.8,0.0,6.8,35.6,1008.9,1.1,0.4,95.0,0.0,3.6,35.6,1008.4,0.0,,0,0,9.0
2024-01-15 04:00:00,,1.5,-1.0,3.5,3.8,0.0,6.8,35.6,1008.9,1.4,-1.0,84.0,0.3,3.6,32.8,1008.2,0.0,,0,0,9.0
2024-01-15 05:00:00,,1.5,-1.0,3.5,3.8,0.0,6.8,35.6,1008.9,1.3,-2.3,77.0,0.3,3.6,24.8,1008.4,0.0,,0,0,8.857142857142858
2024-01-15 06:00:00,,1.5,-1.0,3.5,3.8,0.0,6.8,35.6,1008.9,1.7,-3.8,67.0,0.4,3.6,19.8,1008.4,0.0,,0,0,11.428571428571429
2024-01-15 07:00:00,,1.5,-1.0,3.5,3.8,0.0,6.8,35.6,1008.9,1.5,-3.4,70.0,0.3,3.6,19.8,1008.4,0.0,,0,0,67.42857142857143
2024-01-15 08:00:00,,1.5,-1.0,3.5,3.8,0.0,6.8,35.6,1008.9,1.6,-2.9,72.0,0.2,7.2,18.7,1008.3,0.0,,0,0,147.71428571428572
2024-01-15 09:00:00,,1.5,-1.0,3.5,3.8,0.0,6.8,35.6,1008.9,1.6,-2.5,74.0,0.1,7.2,22.7,1008.7,0.0,,0,0,212.42857142857142
2024-01-15 10:00:00,,1.5,-1.0,3.5,3.8,0.0,6.8,35.6,1008.9,1.5,-4.2,66.0,0.1,7.2,28.4,1008.8,0.0,,0,0,236.5
2024-01-15 11:00:00,,1.5,-1.0,3.5,3.8,0.0,6.8,35.6,1008.9,1.7,-3.8,67.0,0.0,7.2,18.7,1008.0,0.0,,0,0,218.71428571428572
2024-01-15 12:00:00,,1.5,-1.0,3.5,3.8,0.0,6.8,35.6,1008.9,2.3,-5.6,56.0,0.0,7.2,17.3,1007.5,0.0,,0,0,188.14285714285714
2024-01-15 13:00:00,,1.5,-1.0,3.5,3.8,0.0,6.8,35.6,1008.9,2.6,-4.4,60.0,0.0,10.8,21.6,1006.7,0.0,,0,0,197.28571428571428
2024-01-15 14:00:00,,1.5,-1.0,3.5,3.8,0.0,6.8,35.6,1008.9,2.6,-3.5,64.0,0.0,14.4,29.9,1006.8,0.0,,0,0,232.0
2024-01-15 15:00:00,,1.5,-1.0,3.5,3.8,0.0,6.8,35.6,1008.9,3.1,-3.7,61.0,0.0,7.2,24.5,1007.2,0.0,,0,0,229.71428571428572
2024-01-15 16:00:00,,1.5,-1.0,3.5,3.8,0.0,6.8,35.6,1008.9,3.5,-4.5,56.0,0.0,10.8,14.0,1007.9,0.0,,0,0,202.28571428571428
2024-01-15 17:00:00,,1.5,-1.0,3.5,3.8,0.0,6.8,35.6,1008.9,2.1,-2.8,70.0,0.0,7.2,30.2,1009.2,0.0,,0,0,135.42857142857142
2024-01-15 18:00:00,,1.5,-1.0,3.5,3.8,0.0,6.8,35.6,1008.9,1.5,-2.5,75.0,0.3,7.2,33.1,1010.0,0.0,,0,0,74.85714285714286
2024-01-15 19:00:00,,1.5,-1.0,3.5,3.8,0.0,6.8,35.6,1008.9,2.1,-3.4,67.0,0.1,7.2,26.3,1010.9,0.0,,0,0,72.14285714285714
2024-01-15 20:00:00,,1.5,-1.0,3.5,3.8,0.0,6.8,35.6,1008.9,2.0,-4.5,62.0,0.3,10.8,28.8,1011.7,0.0,,0,0,51.375
2024-01-15 21:00:00,,1.5,-1.0,3.5,3.8,0.0,6.8,35.6,1008.9,1.8,-4.9,61.0,0.5,10.8,27.7,1012.6,0.0,,0,0,35.57142857142857
2024-01-15 22:00:00,,1.5,-1.0,3.5,3.8,0.0,6.8,35.6,1008.9,1.3,-5.2,62.0,0.2,3.6,24.8,1013.1,0.0,,0,0,20.857142857142858
2024-01-15 23:00:00,,1.5,-1.0,3.5,3.8,0.0,6.8,35.6,1008.9,0.8,-5.0,65.0,0.0,3.6,22.7,1013.3,0.0,,0,0,13.0
2024-01-16 00:00:00,,0.1,-2.1,3.5,0.0,0.0,2.6,22.7,1011.8,0.5,-4.7,68.0,0.0,3.6,17.3,1013.6,0.0,,0,0,11.25
2024-01-16 01:00:00,,0.1,-2.1,3.5,0.0,0.0,2.6,22.7,1011.8,0.3,-4.9,68.0,0.0,3.6,9.0,1014.1,0.0,,0,0,11.0
2024-01-16 02:00:00,,0.1,-2.1,3.5,0.0,0.0,2.6,22.7,1011.8,0.0,-4.6,71.0,0.0,0.0,15.5,1014.3,0.0,,0,0,11.0
2024-01-16 03:00:00,,0.1,-2.1,3.5,0.0,0.0,2.6,22.7,1011.8,0.1,-5.9,64.0,0.0,3.6,15.1,1014.3,0.0,,0,0,11.0
2024-01-16 04:00:00,,0.1,-2.1,3.5,0.0,0.0,2.6,22.7,1011.8,-0.6,-5.0,72.0,0.0,0.0,7.6,1014.2,0.0,,0,0,11.0
2024-01-16 05:00:00,,0.1,-2.1,3.5,0.0,0.0,2.6,22.7,1011.8,-0.8,-4.2,78.0,0.0,0.0,7.6,1013.9,0.0,,0,0,10.875
2024-01-16 06:00:00,,0.1,-2.1,3.5,0.0,0.0,2.6,22.7,1011.8,-0.9,-4.3,78.0,0.0,0.0,9.4,1013.5,0.0,,0,0,16.0
2024-01-16 07:00:00,,0.1,-2.1,3.5,0.0,0.0,2.6,22.7,1011.8,-1.0,-4.4,78.0,0.0,3.6,10.1,1013.1,0.0,,0,0,71.42857142857143
2024-01-16 08:00:00,,0.1,-2.1,3.5,0.0,0.0,2.6,22.7,1011.8,-1.3,-4.1,81.0,0.0,3.6,20.9,1013.3,0.0,,0,0,163.85714285714286
2024-01-16 09:00:00,,0.1,-2.1,3.5,0.0,0.0,2.6,22.7,1011.8,-0.2,-4.3,74.0,0.0,7.2,14.0,1013.0,32.0,,0,0,227.14285714285714
2024-01-16 10:00:00,,0.1,-2.1,3.5,0.0,0.0,2.6,22.7,1011.8,-0.1,-4.0,75.0,0.0,3.6,7.9,1012.6,60.0,,0,0,241.75
2024-01-16 11:00:00,,0.1,-2.1,3.5,0.0,0.0,2.6,22.7,1011.8,1.6,-3.9,67.0,0.0,0.0,18.0,1011.8,60.0,,0,0,226.57142857142858
2024-01-16 12:00:00,,0.1,-2.1,3.5,0.0,0.0,2.6,22.7,1011.8,2.1,-4.2,63.0,0.0,7.2,18.4,1011.1,35.0,,0,0,197.28571428571428
2024-01-16 13:00:00,,0.1,-2.1,3.5,0.0,0.0,2.6,22.7,1011.8,3.1,-5.1,55.0,0.0,7.2,10.4,1010.2,50.0,,0,0,191.71428571428572
2024-01-16 14:00:00,,0.1,-2.1,3.5,0.0,0.0,2.6,22.7,1011.8,2.9,-4.8,57.0,0.0,3.6,9.4,1009.5,60.0,,0,0,218.57142857142858
2024-01-16 15:00:00,,0.1,-2.1,3.5,0.0,0.0,2.6,22.7,1011.8,3.5,-3.5,60.0,0.0,3.6,7.9,1009.6,60.0,,0,0,231.0
2024-01-16 16:00:00,,0.1,-2.1,3.5,0.0,0.0,2.6,22.7,1011.8,0.7,-2.5,79.0,0.0,0.0,7.9,1009.9,28.0,,0,0,197.71428571428572
2024-01-16 17:00:00,,0.1,-2.1,3.5,0.0,0.0,2.6,22.7,1011.8,-1.2,-3.2,86.0,0.0,0.0,8.3,1010.8,0.0,,0,0,154.28571428571428
2024-01-16 18:00:00,,0.1,-2.1,3.5,0.0,0.0,2.6,22.7,1011.8,-2.1,-3.8,88.0,0.0,0.0,7.2,1010.9,0.0,,0,0,129.57142857142858
2024-01-16 19:00:00,,0.1,-2.1,3.5,0.0,0.0,2.6,22.7,1011.8,-2.0,-3.4,90.0,0.0,0.0,9.0,1010.6,0.0,,0,0,130.57142857142858
2024-01-16 20:00:00,,0.1,-2.1,3.5,0.0,0.0,2.6,22.7,1011.8,-1.1,-3.9,81.0,0.0,0.0,11.9,1009.6,0.0,,0,0,102.28571428571429
2024-01-16 21:00:00,,0.1,-2.1,3.5,0.0,0.0,2.6,22.7,1011.8,-0.9,-4.1,79.0,0.0,3.6,20.9,1008.7,0.0,,0,0,60.875
2024-01-16 22:00:00,,0.1,-2.1,3.5,0.0,0.0,2.6,22.7,1011.8,-0.7,-3.6,81.0,0.0,3.6,20.2,1008.2,0.0,,0,0,29.428571428571427
2024-01-16 23:00:00,,0.1,-2.1,3.5,0.0,0.0,2.6,22.7,1011.8,0.1,-3.5,77.0,0.0,0.0,22.7,1006.7,0.0,,0,0,14.571428571428571
2024-01-17 00:00:00,,2.9,0.1,6.9,9.4,0.0,3.5,49.0,997.6,0.1,-2.6,82.0,0.0,3.6,23.0,1006.3,0.0,,0,0,10.571428571428571
2024-01-17 01:00:00,,2.9,0.1,6.9,9.4,0.0,3.5,49.0,997.6,0.1,-2.0,86.0,0.2,3.6,16.9,1005.4,0.0,,0,0,9.375
2024-01-17 02:00:00,,2.9,0.1,6.9,9.4,0.0,3.5,49.0,997.6,0.1,-1.0,92.0,0.5,3.6,18.0,1004.3,0.0,,0,0,8.857142857142858
2024-01-17 03:00:00,,2.9,0.1,6.9,9.4,0.0,3.5,49.0,997.6,0.4,-1.4,88.0,0.0,3.6,18.5,1003.4,,,0,0,8.0
2024-01-17 04:00:00,,2.9,0.1,6.9,9.4,0.0,3.5,49.0,997.6,0.1,-1.2,91.0,0.0,3.6,18.5,1003.5,,,0,0,8.0
2024-01-17 05:00:00,,2.9,0.1,6.9,9.4,0.0,3.5,49.0,997.6,0.8,-1.0,88.0,0.1,3.6,18.5,1002.0,,,0,0,7.571428571428571
2024-01-17 06:00:00,,2.9,0.1,6.9,9.4,0.0,3.5,49.0,997.6,0.7,-0.5,92.0,0.5,3.6,20.4,1001.4,,,0,0,10.428571428571429
2024-01-17 07:00:00,,2.9,0.1,6.9,9.4,0.0,3.5,49.0,997.6,1.4,0.4,93.0,2.0,3.6,36.0,1000.4,0.0,,1,0,62.25
2024-01-17 08:00:00,,2.9,0.1,6.9,9.4,0.0,3.5,49.0,997.6,1.4,1.1,98.0,1.0,3.6,20.4,999.0,,,1,0,189.71428571428572
2024-01-17 09:00:00,,2.9,0.1,6.9,9.4,0.0,3.5,49.0,997.6,2.2,2.1,99.0,0.5,3.6,42.1,997.9,0.0,,1,0,276.7142857142857
2024-01-17 10:00:00,,2.9,0.1,6.9,9.4,0.0,3.5,49.0,997.6,2.7,2.6,99.0,2.0,0.0,47.5,997.1,0.0,,1,0,292.85714285714283
2024-01-17 11:00:00,,2.9,0.1,6.9,9.4,0.0,3.5,49.0,997.6,4.9,4.8,99.0,2.0,3.6,45.0,994.7,0.0,,1,0,264.85714285714283
2024-01-17 12:00:00,,2.9,0.1,6.9,9.4,0.0,3.5,49.0,997.6,5.7,5.6,99.0,0.0,3.6,49.0,994.4,0.0,,1,0,215.125
2024-01-17 13:00:00,,2.9,0.1,6.9,9.4,0.0,3.5,49.0,997.6,4.5,4.2,98.0,0.1,3.6,15.5,993.8,0.0,,0,0,202.57142857142858
2024-01-17 14:00:00,,2.9,0.1,6.9,9.4,0.0,3.5,49.0,997.6,4.6,4.5,99.0,0.1,3.6,13.3,992.9,0.0,,0,0,220.85714285714286
2024-01-17 15:00:00,,2.9,0.1,6.9,9.4,0.0,3.5,49.0,997.6,4.2,4.1,99.0,0.0,3.6,14.0,992.9,0.0,,0,0,221.42857142857142
2024-01-17 16:00:00,,2.9,0.1,6.9,9.4,0.0,3.5,49.0,997.6,4.4,4.3,99.0,0.2,3.6,18.0,992.1,0.0,,0,0,185.42857142857142
2024-01-17 17:00:00,,2.9,0.1,6.9,9.4,0.0,3.5,49.0,997.6,3.9,3.8,99.0,0.0,3.6,17.6,991.8,0.0,,0,0,149.85714285714286
2024-01-17 18:00:00,,2.9,0.1,6.9,9.4,0.0,3.5,49.0,997.6,4.4,4.3,99.0,0.0,7.2,19.1,992.8,0.0,,0,0,136.875
2024-01-17 19:00:00,,2.9,0.1,6.9,9.4,0.0,3.5,49.0,997.6,4.8,4.7,99.0,0.0,3.6,11.2,992.5,0.0,,0,0,122.14285714285714
2024-01-17 20:00:00,,2.9,0.1,6.9,9.4,0.0,3.5,49.0,997.6,4.3,4.3,100.0,0.0,3.6,21.6,993.0,0.0,,0,0,119.42857142857143
2024-01-17 21:00:00,,2.9,0.1,6.9,9.4,0.0,3.5,49.0,997.6,6.4,5.7,95.0,0.0,3.6,19.1,992.4,0.0,,0,0,82.28571428571429
2024-01-17 22:00:00,,2.9,0.1,6.9,9.4,0.0,3.5,49.0,997.6,6.9,6.5,97.0,0.2,3.6,16.6,992.5,0.0,,0,0,44.57142857142857
2024-01-17 23:00:00,,2.9,0.1,6.9,9.4,0.0,3.5,49.0,997.6,7.2,7.1,99.0,0.7,3.6,16.2,993.1,0.0,,0,0,21.125
2024-01-18 00:00:00,,5.6,-0.2,9.3,16.8,0.0,4.4,45.0,997.1,6.7,6.7,100.0,0.5,3.6,22.0,993.2,0.0,,0,0,17.428571428571427
2024-01-18 01:00:00,,5.6,-0.2,9.3,16.8,0.0,4.4,45.0,997.1,6.7,6.3,97.0,0.4,10.8,35.3,993.5,0.0,,0,0,15.571428571428571
2024-01-18 02:00:00,,5.6,-0.2,9.3,16.8,0.0,4.4,45.0,997.1,6.6,5.9,95.0,1.0,3.6,34.2,993.4,0.0,,0,0,10.142857142857142
2024-01-18 03:00:00,,5.6,-0.2,9.3,16.8,0.0,4.4,45.0,997.1,6.5,5.8,95.0,0.6,7.2,36.0,993.3,0.0,,0,0,9.0
2024-01-18 04:00:00,,5.6,-0.2,9.3,16.8,0.0,4.4,45.0,997.1,6.0,5.6,97.0,0.0,3.6,33.5,993.0,0.0,,0,0,9.0
2024-01-18 08:00:00,,5.6,-0.2,9.3,16.8,0.0,4.4,45.0,997.1,6.3,5.7,96.0,0.1,0.0,27.0,992.9,0.0,,0,0,139.85714285714286
2024-01-18 09:00:00,,5.6,-0.2,9.3,16.8,0.0,4.4,45.0,997.1,6.5,6.4,99.0,0.7,3.6,36.4,992.9,0.0,,0,0,223.42857142857142
2024-01-18 10:00:00,,5.6,-0.2,9.3,16.8,0.0,4.4,45.0,997.1,7.8,7.0,95.0,0.4,3.6,30.6,992.9,0.0,,0,0,276.5
2024-01-18 11:00:00,,5.6,-0.2,9.3,16.8,0.0,4.4,45.0,997.1,8.3,6.8,90.0,0.3,3.6,25.6,993.3,0.0,,0,0,245.0
2024-01-18 12:00:00,,5.6,-0.2,9.3,16.8,0.0,4.4,45.0,997.1,8.6,6.9,89.0,0.8,3.6,22.3,993.2,0.0,,0,0,206.42857142857142
2024-01-18 13:00:00,,5.6,-0.2,9.3,16.8,0.0,4.4,45.0,997.1,9.3,7.6,89.0,1.2,3.6,13.7,993.1,0.0,,0,0,195.42857142857142
2024-01-18 14:00:00,,5.6,-0.2,9.3,16.8,0.0,4.4,45.0,997.1,8.9,7.8,93.0,0.1,3.6,16.6,993.6,0.0,,0,0,223.14285714285714
2024-01-18 15:00:00,,5.6,-0.2,9.3,16.8,0.0,4.4,45.0,997.1,8.3,7.7,96.0,1.6,0.0,39.2,995.5,0.0,,0,0,215.125
2024-01-18 16:00:00,,5.6,-0.2,9.3,16.8,0.0,4.4,45.0,997.1,6.8,6.1,95.0,2.0,7.2,35.3,999.4,0.0,,0,0,192.0
2024-01-18 17:00:00,,5.6,-0.2,9.3,16.8,0.0,4.4,45.0,997.1,3.5,2.3,92.0,0.9,10.8,37.8,1003.1,0.0,,0,0,159.57142857142858
2024-01-18 18:00:00,,5.6,-0.2,9.3,16.8,0.0,4.4,45.0,997.1,1.2,0.9,98.0,1.4,3.6,34.6,1006.1,0.0,,0,0,122.71428571428571
2024-01-18 19:00:00,,5.6,-0.2,9.3,16.8,0.0,4.4,45.0,997.1,0.3,0.2,99.0,2.0,3.6,27.4,1007.6,0.0,,0,0,130.57142857142858
2024-01-18 20:00:00,,5.6,-0.2,9.3,16.8,0.0,4.4,45.0,997.1,0.1,0.0,99.0,0.8,3.6,24.8,1009.0,0.0,,0,0,119.875
2024-01-18 21:00:00,,5.6,-0.2,9.3,16.8,0.0,4.4,45.0,997.1,-0.1,-0.2,99.0,0.6,3.6,22.7,1010.2,0.0,,0,0,91.57142857142857
2024-01-18 22:00:00,,5.6,-0.2,9.3,16.8,0.0,4.4,45.0,997.1,-0.2,-0.3,99.0,0.6,3.6,23.0,1011.1,0.0,,0,0,46.857142857142854
2024-01-18 23:00:00,,5.6,-0.2,9.3,16.8,0.0,4.4,45.0,997.1,-0.3,-0.4,99.0,0.3,3.6,19.4,1011.9,0.0,,0,0,20.857142857142858
2024-01-19 00:00:00,,-1.9,-8.6,0.9,4.4,60.0,3.5,33.1,1021.4,-0.4,-0.5,99.0,0.7,3.6,20.2,1012.7,0.0,,0,0,15.428571428571429
2024-01-19 01:00:00,,-1.9,-8.6,0.9,4.4,60.0,3.5,33.1,1021.4,-0.7,-0.8,99.0,0.3,7.2,28.8,1013.7,0.0,,0,0,14.375
2024-01-19 02:00:00,,-1.9,-8.6,0.9,4.4,60.0,3.5,33.1,1021.4,-1.2,-1.8,96.0,0.2,7.2,33.1,1015.2,0.0,,0,0,12.0
2024-01-19 03:00:00,,-1.9,-8.6,0.9,4.4,60.0,3.5,33.1,1021.4,-1.4,-2.0,96.0,0.8,3.6,22.3,1015.9,0.0,,0,0,12.0
2024-01-19 04:00:00,,-1.9,-8.6,0.9,4.4,60.0,3.5,33.1,1021.4,-1.4,-2.1,95.0,0.1,3.6,18.0,1016.8,0.0,,0,0,12.857142857142858
2024-01-19 05:00:00,,-1.9,-8.6,0.9,4.4,60.0,3.5,33.1,1021.4,-1.5,-2.1,96.0,0.3,3.6,15.8,1017.3,0.0,,0,0,12.571428571428571
2024-01-19 06:00:00,,-1.9,-8.6,0.9,4.4,60.0,3.5,33.1,1021.4,-1.6,-1.9,98.0,0.7,3.6,12.2,1018.1,0.0,,0,0,17.0
2024-01-19 07:00:00,,-1.9,-8.6,0.9,4.4,60.0,3.5,33.1,1021.4,-1.6,-1.9,98.0,0.5,3.6,12.2,1019.2,0.0,,0,0,74.0
2024-01-19 08:00:00,,-1.9,-8.6,0.9,4.4,60.0,3.5,33.1,1021.4,-2.2,-2.3,99.0,0.1,0.0,17.3,1020.5,0.0,,0,0,155.85714285714286
2024-01-19 09:00:00,,-1.9,-8.6,0.9,4.4,60.0,3.5,33.1,1021.4,-1.3,-1.9,96.0,0.1,0.0,10.1,1021.9,0.0,,0,0,209.28571428571428
2024-01-19 10:00:00,,-1.9,-8.6,0.9,4.4,60.0,3.5,33.1,1021.4,-1.3,-4.0,82.0,0.1,6.1,7.9,1023.0,0.0,,0,0,231.71428571428572
2024-01-19 11:00:00,,-1.9,-8.6,0.9,4.4,60.0,3.5,33.1,1021.4,0.4,-3.9,73.0,0.1,3.6,11.5,1023.0,26.0,,0,0,228.625
2024-01-19 12:00:00,,-1.9,-8.6,0.9,4.4,60.0,3.5,33.1,1021.4,0.6,-4.1,71.0,0.1,0.0,12.6,1022.9,50.0,,0,0,170.14285714285714
2024-01-19 13:00:00,,-1.9,-8.6,0.9,4.4,60.0,3.5,33.1,1021.4,0.9,-4.3,68.0,0.0,3.6,12.2,1022.8,40.0,,0,0,170.57142857142858
2024-01-19 14:00:00,,-1.9,-8.6,0.9,4.4,60.0,3.5,33.1,1021.4,0.3,-5.5,65.0,0.0,3.6,13.3,1023.4,59.0,,0,0,181.28571428571428
2024-01-19 15:00:00,,-1.9,-8.6,0.9,4.4,60.0,3.5,33.1,1021.4,-2.1,-5.8,76.0,0.0,7.2,13.0,1024.1,59.0,,0,0,189.28571428571428
2024-01-19 16:00:00,,-1.9,-8.6,0.9,4.4,60.0,3.5,33.1,1021.4,-0.5,-4.7,73.0,0.0,3.6,8.3,1024.7,42.0,,0,0,175.75
2024-01-19 17:00:00,,-1.9,-8.6,0.9,4.4,60.0,3.5,33.1,1021.4,-2.5,-4.1,89.0,0.0,0.0,10.8,1025.6,0.0,,0,0,146.14285714285714
2024-01-19 18:00:00,,-1.9,-8.6,0.9,4.4,60.0,3.5,33.1,1021.4,-4.1,-5.6,89.0,0.0,3.6,11.2,1026.8,0.0,,0,0,132.85714285714286
2024-01-19 19:00:00,,-1.9,-8.6,0.9,4.4,60.0,3.5,33.1,1021.4,-2.9,-5.1,85.0,0.0,3.6,20.5,1027.4,0.0,,0,0,233.42857142857142
2024-01-19 20:00:00,,-1.9,-8.6,0.9,4.4,60.0,3.5,33.1,1021.4,-8.6,-11.7,78.0,0.0,6.5,20.5,1028.1,0.0,,0,0,284.7142857142857
2024-01-19 21:00:00,,-1.9,-8.6,0.9,4.4,60.0,3.5,33.1,1021.4,-5.6,-6.1,96.0,0.0,0.0,7.6,1029.1,0.0,,0,0,292.375
2024-01-19 22:00:00,,-1.9,-8.6,0.9,4.4,60.0,3.5,33.1,1021.4,-5.9,-6.3,97.0,0.0,3.6,23.0,1029.4,0.0,,0,0,262.7142857142857
2024-01-19 23:00:00,,-1.9,-8.6,0.9,4.4,60.0,3.5,33.1,1021.4,-6.0,-6.7,95.0,0.0,3.6,15.8,1030.4,0.0,,0,0,236.0
2024-01-20 00:00:00,,-4.8,-9.3,1.4,0.0,40.0,2.7,15.8,1032.2,-6.9,-7.7,94.0,0.0,0.0,7.9,1030.8,0.0,,0,0,158.25
2024-01-20 01:00:00,,-4.8,-9.3,1.4,0.0,40.0,2.7,15.8,1032.2,-7.3,-7.8,96.0,0.0,3.6,9.0,1030.9,0.0,,0,0,77.71428571428571
2024-01-20 02:00:00,,-4.8,-9.3,1.4,0.0,40.0,2.7,15.8,1032.2,-7.9,-8.6,95.0,0.0,3.6,7.2,1030.9,0.0,,0,0,36.142857142857146
2024-01-20 03:00:00,,-4.8,-9.3,1.4,0.0,40.0,2.7,15.8,1032.2,-7.9,-8.8,93.0,0.0,3.6,10.4,1031.0,0.0,,0,0,29.142857142857142
2024-01-20 04:00:00,,-4.8,-9.3,1.4,0.0,40.0,2.7,15.8,1032.2,-8.4,-9.3,93.0,0.0,3.6,10.4,1031.4,0.0,,0,0,26.142857142857142
2024-01-20 05:00:00,,-4.8,-9.3,1.4,0.0,40.0,2.7,15.8,1032.2,-8.7,-9.6,93.0,0.0,3.6,10.4,1032.3,0.0,,0,0,25.0
2024-01-20 06:00:00,,-4.8,-9.3,1.4,0.0,40.0,2.7,15.8,1032.2,-8.3,-8.8,96.0,0.0,3.6,9.0,1032.6,0.0,,0,0,25.285714285714285
2024-01-20 07:00:00,,-4.8,-9.3,1.4,0.0,40.0,2.7,15.8,1032.2,-9.3,-10.0,95.0,0.0,0.0,10.8,1033.5,0.0,,1,0,28.0
2024-01-20 08:00:00,,-4.8,-9.3,1.4,0.0,40.0,2.7,15.8,1032.2,-9.0,-9.8,94.0,0.0,0.0,10.1,1033.8,0.0,,1,0,64.0
2024-01-20 09:00:00,,-4.8,-9.3,1.4,0.0,40.0,2.7,15.8,1032.2,-5.7,-7.2,89.0,0.0,3.6,15.8,1033.5,37.0,,1,0,171.42857142857142
2024-01-20 10:00:00,,-4.8,-9.3,1.4,0.0,40.0,2.7,15.8,1032.2,-2.9,-12.1,49.0,0.0,6.5,9.4,1033.2,60.0,,1,0,259.0
2024-01-20 11:00:00,,-4.8,-9.3,1.4,0.0,40.0,2.7,15.8,1032.2,-1.9,-7.0,68.0,0.0,3.6,8.6,1033.2,60.0,,1,0,262.42857142857144
2024-01-20 12:00:00,,-4.8,-9.3,1.4,0.0,40.0,2.7,15.8,1032.2,-0.4,-7.0,61.0,0.0,3.6,9.4,1032.5,60.0,,1,0,207.0
2024-01-20 13:00:00,,-4.8,-9.3,1.4,0.0,40.0,2.7,15.8,1032.2,0.4,-7.6,55.0,0.0,3.6,11.9,1031.7,60.0,,0,0,171.28571428571428
2024-01-20 14:00:00,,-4.8,-9.3,1.4,0.0,40.0,2.7,15.8,1032.2,1.3,-6.3,57.0,0.0,3.6,9.7,1031.0,59.0,,0,0,175.85714285714286
2024-01-20 15:00:00,,-4.8,-9.3,1.4,0.0,40.0,2.7,15.8,1032.2,1.4,-5.5,60.0,0.0,3.6,9.4,1031.1,60.0,,0,0,153.75
2024-01-20 16:00:00,,-4.8,-9.3,1.4,0.0,40.0,2.7,15.8,1032.2,-0.4,-5.4,69.0,0.0,3.6,8.3,1031.9,46.0,,0,0,101.85714285714286
2024-01-20 17:00:00,,-4.8,-9.3,1.4,0.0,40.0,2.7,15.8,1032.2,-2.8,-4.8,86.0,0.0,0.0,9.4,1032.2,0.0,,0,0,68.57142857142857
2024-01-20 18:00:00,,-4.8,-9.3,1.4,0.0,40.0,2.7,15.8,1032.2,-4.3,-5.5,91.0,0.0,0.0,7.2,1032.8,0.0,,0,0,102.0
2024-01-20 19:00:00,,-4.8,-9.3,1.4,0.0,40.0,2.7,15.8,1032.2,-4.4,-4.8,97.0,0.0,3.6,8.6,1032.7,0.0,,0,0,216.85714285714286
2024-01-20 20:00:00,,-4.8,-9.3,1.4,0.0,40.0,2.7,15.8,1032.2,-4.3,-4.4,99.0,0.0,0.0,6.8,1032.8,0.0,,0,0,272.625
2024-01-20 21:00:00,,-4.8,-9.3,1.4,0.0,40.0,2.7,15.8,1032.2,-5.4,-5.7,98.0,0.0,3.6,7.9,1032.8,0.0,,0,0,272.2857142857143
2024-01-20 22:00:00,,-4.8,-9.3,1.4,0.0,40.0,2.7,15.8,1032.2,-5.5,-5.9,97.0,0.0,0.0,9.7,1032.8,0.0,,0,0,259.0
2024-01-20 23:00:00,,-4.8,-9.3,1.4,0.0,40.0,2.7,15.8,1032.2,-6.5,-7.0,96.0,0.0,3.6,7.2,1033.1,0.0,,0,0,238.71428571428572
2024-01-21 00:00:00,,-3.6,-7.7,2.0,0.0,30.0,3.0,37.8,1033.4,-7.4,-7.9,96.0,0.0,3.6,6.5,1033.3,0.0,,0,0,150.42857142857142
2024-01-21 01:00:00,,-3.6,-7.7,2.0,0.0,30.0,3.0,37.8,1033.4,-5.8,-6.7,93.0,0.0,3.6,9.4,1033.6,0.0,,0,0,82.5
2024-01-21 02:00:00,,-3.6,-7.7,2.0,0.0,30.0,3.0,37.8,1033.4,-6.4,-6.9,96.0,0.0,0.0,8.3,1033.7,0.0,,0,0,38.0
2024-01-21 03:00:00,,-3.6,-7.7,2.0,0.0,30.0,3.0,37.8,1033.4,-7.2,-7.6,97.0,0.0,0.0,9.4,1033.8,0.0,,0,0,27.142857142857142
2024-01-21 04:00:00,,-3.6,-7.7,2.0,0.0,30.0,3.0,37.8,1033.4,-7.7,-8.5,94.0,0.0,3.6,11.9,1033.5,0.0,,0,0,22.142857142857142
2024-01-21 05:00:00,,-3.6,-7.7,2.0,0.0,30.0,3.0,37.8,1033.4,-7.3,-7.7,97.0,0.0,3.6,12.6,1033.4,0.0,,0,0,21.0
2024-01-21 06:00:00,,-3.6,-7.7,2.0,0.0,30.0,3.0,37.8,1033.4,-7.4,-7.9,96.0,0.0,3.6,10.4,1033.2,0.0,,0,0,21.0
2024-01-21 07:00:00,,-3.6,-7.7,2.0,0.0,30.0,3.0,37.8,1033.4,-7.4,-7.9,96.0,0.0,0.0,10.1,1033.5,0.0,,0,0,21.428571428571427
2024-01-21 08:00:00,,-3.6,-7.7,2.0,0.0,30.0,3.0,37.8,1033.4,-6.8,-7.2,97.0,0.0,3.6,9.7,1034.7,0.0,,0,0,24.142857142857142
2024-01-21 09:00:00,,-3.6,-7.7,2.0,0.0,30.0,3.0,37.8,1033.4,-2.8,-3.8,93.0,0.0,3.6,10.1,1034.0,37.0,,0,0,27.142857142857142
2024-01-21 10:00:00,,-3.6,-7.7,2.0,0.0,30.0,3.0,37.8,1033.4,-2.3,-3.7,90.0,0.0,3.6,28.8,1034.0,60.0,,0,0,33.0
2024-01-21 11:00:00,,-3.6,-7.7,2.0,0.0,30.0,3.0,37.8,1033.4,0.5,-3.8,73.0,0.0,3.6,36.4,1032.8,52.0,,0,0,35.0
2024-01-21 12:00:00,,-3.6,-7.7,2.0,0.0,30.0,3.0,37.8,1033.4,0.4,-3.9,73.0,0.0,3.6,13.3,1032.9,0.0,,0,0,36.875
2024-01-21 13:00:00,,-3.6,-7.7,2.0,0.0,30.0,3.0,37.8,1033.4,0.2,-2.5,82.0,0.0,7.2,12.6,1033.0,8.0,,0,0,32.714285714285715
2024-01-21 14:00:00,,-3.6,-7.7,2.0,0.0,30.0,3.0,37.8,1033.4,1.3,-1.4,82.0,0.0,3.6,8.3,1032.9,34.0,,0,0,27.714285714285715
2024-01-21 15:00:00,,-3.6,-7.7,2.0,0.0,30.0,3.0,37.8,1033.4,2.0,-1.8,76.0,0.0,7.2,9.0,1032.1,60.0,,0,0,29.0
2024-01-21 16:00:00,,-3.6,-7.7,2.0,0.0,30.0,3.0,37.8,1033.4,0.3,-2.7,80.0,0.0,0.0,14.0,1033.2,45.0,,0,0,32.125
2024-01-21 17:00:00,,-3.6,-7.7,2.0,0.0,30.0,3.0,37.8,1033.4,-0.9,-2.0,92.0,0.0,3.6,10.1,1033.7,0.0,,0,0,35.0
2024-01-21 18:00:00,,-3.6,-7.7,2.0,0.0,30.0,3.0,37.8,1033.4,-1.9,-3.0,92.0,0.0,3.6,12.6,1034.0,0.0,,0,0,46.42857142857143
2024-01-21 19:00:00,,-3.6,-7.7,2.0,0.0,30.0,3.0,37.8,1033.4,-2.8,-3.6,94.0,0.0,0.0,35.3,1033.7,0.0,,0,0,39.142857142857146
2024-01-21 20:00:00,,-3.6,-7.7,2.0,0.0,30.0,3.0,37.8,1033.4,-2.5,-3.6,92.0,0.0,3.6,37.8,1033.5,0.0,,0,0,28.428571428571427
2024-01-21 21:00:00,,-3.6,-7.7,2.0,0.0,30.0,3.0,37.8,1033.4,-3.1,-3.9,94.0,0.0,0.0,34.2,1033.0,0.0,,0,0,19.0
2024-01-21 22:00:00,,-3.6,-7.7,2.0,0.0,30.0,3.0,37.8,1033.4,-3.9,-4.7,94.0,0.0,3.6,12.6,1032.3,0.0,,0,0,12.142857142857142
2024-01-21 23:00:00,,-3.6,-7.7,2.0,0.0,30.0,3.0,37.8,1033.4,-3.0,-4.6,89.0,0.0,3.6,18.7,1031.5,0.0,,0,0,10.0
2024-01-22 00:00:00,,1.0,-5.5,7.6,11.6,30.0,4.7,51.1,1026.5,-3.5,-4.5,93.0,0.0,3.6,10.8,1031.2,0.0,,0,0,10.0
2024-01-22 01:00:00,,1.0,-5.5,7.6,11.6,30.0,4.7,51.1,1026.5,-4.9,-5.7,94.0,0.0,0.0,7.6,1030.9,0.0,,0,0,10.0
2024-01-22 02:00:00,,1.0,-5.5,7.6,11.6,30.0,4.7,51.1,1026.5,-5.5,-6.7,91.0,0.0,3.6,33.1,1030.6,0.0,,0,0,10.0
2024-01-22 03:00:00,,1.0,-5.5,7.6,11.6,30.0,4.7,51.1,1026.5,-4.4,-4.9,96.0,0.0,3.6,34.6,1029.4,0.0,,0,0,10.25
2024-01-22 04:00:00,,1.0,-5.5,7.6,11.6,30.0,4.7,51.1,1026.5,-3.7,-4.5,94.0,0.0,3.6,42.5,1028.2,0.0,,0,0,11.0
2024-01-22 05:00:00,,1.0,-5.5,7.6,11.6,30.0,4.7,51.1,1026.5,-3.9,-5.7,87.0,0.0,3.6,51.1,1028.3,0.0,,0,0,10.857142857142858
2024-01-22 06:00:00,,1.0,-5.5,7.6,11.6,30.0,4.7,51.1,1026.5,-2.8,-4.1,91.0,0.0,3.6,15.8,1027.8,0.0,,0,0,13.285714285714286
2024-01-22 07:00:00,,1.0,-5.5,7.6,11.6,30.0,4.7,51.1,1026.5,-3.4,-4.2,94.0,0.0,3.6,16.2,1028.0,0.0,,0,0,66.375
2024-01-22 08:00:00,,1.0,-5.5,7.6,11.6,30.0,4.7,51.1,1026.5,-2.5,-3.9,90.0,0.0,3.6,15.8,1027.6,0.0,,0,0,145.42857142857142
2024-01-22 09:00:00,,1.0,-5.5,7.6,11.6,30.0,4.7,51.1,1026.5,-0.3,-1.9,89.0,0.0,0.0,18.4,1028.4,0.0,,0,0,189.57142857142858
2024-01-22 10:00:00,,1.0,-5.5,7.6,11.6,30.0,4.7,51.1,1026.5,2.0,-2.9,70.0,0.0,7.2,39.6,1026.5,0.0,,0,0,220.0
2024-01-22 11:00:00,,1.0,-5.5,7.6,11.6,30.0,4.7,51.1,1026.5,2.5,-2.8,68.0,0.0,3.6,37.4,1024.7,0.0,,0,0,217.28571428571428
2024-01-22 12:00:00,,1.0,-5.5,7.6,11.6,30.0,4.7,51.1,1026.5,3.8,-2.2,65.0,0.0,3.6,40.7,1023.0,1.0,,0,0,182.28571428571428
2024-01-22 13:00:00,,1.0,-5.5,7.6,11.6,30.0,4.7,51.1,1026.5,4.6,-0.4,70.0,0.0,3.6,19.8,1022.0,4.0,,0,0,173.625
2024-01-22 14:00:00,,1.0,-5.5,7.6,11.6,30.0,4.7,51.1,1026.5,7.3,-1.4,54.0,0.0,10.8,15.8,1022.1,0.0,,0,0,195.0
2024-01-22 15:00:00,,1.0,-5.5,7.6,11.6,30.0,4.7,51.1,1026.5,5.1,0.8,74.0,0.3,0.0,14.8,1021.2,0.0,,0,0,197.0
2024-01-22 16:00:00,,1.0,-5.5,7.6,11.6,30.0,4.7,51.1,1026.5,3.9,1.9,87.0,0.2,7.2,19.8,1021.2,0.0,,0,0,160.14285714285714
2024-01-22 17:00:00,,1.0,-5.5,7.6,11.6,30.0,4.7,51.1,1026.5,4.3,3.9,97.0,2.0,10.8,18.0,1022.0,0.0,,0,0,116.375
2024-01-22 18:00:00,,1.0,-5.5,7.6,11.6,30.0,4.7,51.1,1026.5,4.6,4.3,98.0,2.8,7.2,17.6,1024.2,0.0,,0,0,97.28571428571429
2024-01-22 19:00:00,,1.0,-5.5,7.6,11.6,30.0,4.7,51.1,1026.5,4.2,4.1,99.0,2.0,3.6,18.4,1026.2,0.0,,0,0,88.42857142857143
2024-01-22 20:00:00,,1.0,-5.5,7.6,11.6,30.0,4.7,51.1,1026.5,4.4,4.3,99.0,1.0,7.2,18.4,1026.8,0.0,,0,0,75.85714285714286
2024-01-22 21:00:00,,1.0,-5.5,7.6,11.6,30.0,4.7,51.1,1026.5,7.6,4.5,81.0,2.6,7.2,31.0,1027.1,0.0,,0,0,62.42857142857143
2024-01-22 22:00:00,,1.0,-5.5,7.6,11.6,30.0,4.7,51.1,1026.5,6.6,3.9,83.0,0.7,7.2,23.4,1027.3,0.0,,0,0,55.25
2024-01-22 23:00:00,,1.0,-5.5,7.6,11.6,30.0,4.7,51.1,1026.5,5.3,4.1,92.0,0.5,3.6,12.6,1026.9,0.0,,0,0,49.857142857142854
2024-01-23 00:00:00,,6.3,2.8,8.6,9.1,0.0,5.6,45.0,1032.1,6.1,3.9,86.0,0.0,7.2,24.8,1027.5,0.0,,0,0,47.0
2024-01-23 01:00:00,,6.3,2.8,8.6,9.1,0.0,5.6,45.0,1032.1,5.5,4.1,91.0,0.0,7.2,19.1,1027.6,0.0,,0,0,47.0
2024-01-23 02:00:00,,6.3,2.8,8.6,9.1,0.0,5.6,45.0,1032.1,2.8,1.0,88.0,0.6,16.2,26.3,1029.0,0.0,,0,0,47.0
2024-01-23 03:00:00,,6.3,2.8,8.6,9.1,0.0,5.6,45.0,1032.1,6.7,3.0,77.0,0.4,7.2,19.1,1028.3,0.0,,0,0,47.0
2024-01-23 04:00:00,,6.3,2.8,8.6,9.1,0.0,5.6,45.0,1032.1,6.8,3.0,77.0,1.6,10.8,29.2,1029.3,0.0,,0,0,47.0
2024-01-23 05:00:00,,6.3,2.8,8.6,9.1,0.0,5.6,45.0,1032.1,6.6,2.3,74.0,0.7,3.6,24.8,1029.5,0.0,,0,0,47.0
2024-01-23 06:00:00,,6.3,2.8,8.6,9.1,0.0,5.6,45.0,1032.1,6.9,2.0,71.0,0.8,7.2,26.6,1030.5,0.0,,0,0,51.857142857142854
2024-01-23 07:00:00,,6.3,2.8,8.6,9.1,0.0,5.6,45.0,1032.1,6.2,2.6,78.0,1.0,7.2,28.8,1031.0,0.0,,0,0,79.85714285714286
2024-01-23 08:00:00,,6.3,2.8,8.6,9.1,0.0,5.6,45.0,1032.1,5.4,3.6,88.0,0.8,3.6,35.3,1033.7,0.0,,0,0,159.57142857142858
2024-01-23 09:00:00,,6.3,2.8,8.6,9.1,0.0,5.6,45.0,1032.1,5.3,3.5,88.0,0.5,0.0,18.0,1034.5,0.0,,0,0,225.125
2024-01-23 10:00:00,,6.3,2.8,8.6,9.1,0.0,5.6,45.0,1032.1,5.9,4.1,88.0,0.9,3.6,13.0,1034.5,0.0,,0,0,260.7142857142857
2024-01-23 11:00:00,,6.3,2.8,8.6,9.1,0.0,5.6,45.0,1032.1,7.8,2.7,70.0,0.4,10.8,22.7,1034.5,1.0,,0,0,244.71428571428572
2024-01-23 12:00:00,,6.3,2.8,8.6,9.1,0.0,5.6,45.0,1032.1,8.1,2.3,67.0,0.0,7.2,24.5,1033.8,8.0,,0,0,218.57142857142858
2024-01-23 13:00:00,,6.3,2.8,8.6,9.1,0.0,5.6,45.0,1032.1,8.6,2.8,67.0,0.0,3.6,10.1,1033.6,0.0,,0,0,229.25
2024-01-23 14:00:00,,6.3,2.8,8.6,9.1,0.0,5.6,45.0,1032.1,8.1,3.4,72.0,0.0,3.6,11.2,1033.6,0.0,,0,0,236.0
2024-01-23 15:00:00,,6.3,2.8,8.6,9.1,0.0,5.6,45.0,1032.1,7.6,3.8,77.0,0.0,3.6,7.2,1033.3,0.0,,0,0,230.14285714285714
2024-01-23 16:00:00,,6.3,2.8,8.6,9.1,0.0,5.6,45.0,1032.1,6.9,3.7,80.0,0.0,3.6,12.6,1033.7,0.0,,0,0,215.0
2024-01-23 17:00:00,,6.3,2.8,8.6,9.1,0.0,5.6,45.0,1032.1,6.3,3.6,83.0,0.0,3.6,14.4,1034.6,0.0,,0,0,167.85714285714286
2024-01-23 18:00:00,,6.3,2.8,8.6,9.1,0.0,5.6,45.0,1032.1,5.6,3.3,85.0,0.0,7.2,23.8,1034.7,0.0,,0,0,135.0
2024-01-23 19:00:00,,6.3,2.8,8.6,9.1,0.0,5.6,45.0,1032.1,5.7,3.4,85.0,0.2,0.0,34.2,1034.8,0.0,,0,0,124.14285714285714
2024-01-23 20:00:00,,6.3,2.8,8.6,9.1,0.0,5.6,45.0,1032.1,5.7,3.5,86.0,0.3,3.6,22.7,1034.3,0.0,,0,0,101.28571428571429
2024-01-23 21:00:00,,6.3,2.8,8.6,9.1,0.0,5.6,45.0,1032.1,5.3,3.9,91.0,0.0,3.6,31.7,1033.5,0.0,,0,0,73.42857142857143
2024-01-23 22:00:00,,6.3,2.8,8.6,9.1,0.0,5.6,45.0,1032.1,6.0,3.7,85.0,0.4,7.2,45.0,1033.3,0.0,,0,0,63.285714285714285
2024-01-23 23:00:00,,6.3,2.8,8.6,9.1,0.0,5.6,45.0,1032.1,5.5,4.0,90.0,1.0,7.2,38.9,1033.1,0.0,,0,0,53.285714285714285
2024-01-24 00:00:00,,9.5,5.1,14.1,3.1,0.0,4.4,46.8,1030.1,5.1,4.5,96.0,0.2,3.6,46.8,1032.2,0.0,,0,0,47.0
2024-01-24 01:00:00,,9.5,5.1,14.1,3.1,0.0,4.4,46.8,1030.1,5.8,4.3,90.0,0.0,3.6,43.9,1031.1,0.0,,0,0,46.57142857142857
2024-01-24 02:00:00,,9.5,5.1,14.1,3.1,0.0,4.4,46.8,1030.1,5.6,4.2,91.0,0.0,0.0,31.3,1030.7,0.0,,0,0,47.0
2024-01-24 03:00:00,,9.5,5.1,14.1,3.1,0.0,4.4,46.8,1030.1,5.8,4.4,91.0,0.0,3.6,42.1,1030.2,0.0,,0,0,47.0
2024-01-24 04:00:00,,9.5,5.1,14.1,3.1,0.0,4.4,46.8,1030.1,6.0,5.0,93.0,0.0,3.6,43.9,1029.9,0.0,,0,0,47.0
2024-01-24 05:00:00,,9.5,5.1,14.1,3.1,0.0,4.4,46.8,1030.1,5.7,5.0,95.0,0.0,3.6,38.2,1030.1,0.0,,0,0,46.0
2024-01-24 06:00:00,,9.5,5.1,14.1,3.1,0.0,4.4,46.8,1030.1,6.3,4.5,88.0,0.0,3.6,35.6,1030.0,0.0,,0,0,49.666666666666664
2024-01-24 07:00:00,,9.5,5.1,14.1,3.1,0.0,4.4,46.8,1030.1,5.5,4.3,92.0,0.1,3.6,42.8,1031.0,0.0,,1,0,101.14285714285714
2024-01-24 08:00:00,,9.5,5.1,14.1,3.1,0.0,4.4,46.8,1030.1,6.5,4.5,87.0,0.0,3.6,31.3,1030.4,0.0,,1,0,184.0
2024-01-24 09:00:00,,9.5,5.1,14.1,3.1,0.0,4.4,46.8,1030.1,7.3,5.8,90.0,0.0,7.2,16.6,1030.8,0.0,,1,0,287.57142857142856
2024-01-24 10:00:00,,9.5,5.1,14.1,3.1,0.0,4.4,46.8,1030.1,10.6,6.4,75.0,0.6,3.6,28.4,1030.0,0.0,,1,0,336.42857142857144
2024-01-24 11:00:00,,9.5,5.1,14.1,3.1,0.0,4.4,46.8,1030.1,10.4,6.5,77.0,0.0,3.6,24.8,1029.6,0.0,,1,0,316.5
2024-01-24 12:00:00,,9.5,5.1,14.1,3.1,0.0,4.4,46.8,1030.1,13.6,6.9,64.0,0.0,3.6,23.8,1028.6,0.0,,1,0,247.42857142857142
2024-01-24 13:00:00,,9.5,5.1,14.1,3.1,0.0,4.4,46.8,1030.1,14.0,7.3,64.0,0.0,3.6,25.6,1028.3,0.0,,0,0,240.42857142857142
2024-01-24 14:00:00,,9.5,5.1,14.1,3.1,0.0,4.4,46.8,1030.1,12.7,7.8,72.0,0.2,3.6,18.4,1028.6,0.0,,0,0,240.0
2024-01-24 15:00:00,,9.5,5.1,14.1,3.1,0.0,4.4,46.8,1030.1,14.1,7.4,64.0,0.5,7.2,28.1,1028.3,0.0,,0,0,242.625
2024-01-24 16:00:00,,9.5,5.1,14.1,3.1,0.0,4.4,46.8,1030.1,13.9,7.7,66.0,0.0,7.2,27.0,1028.7,0.0,,0,0,196.14285714285714
2024-01-24 17:00:00,,9.5,5.1,14.1,3.1,0.0,4.4,46.8,1030.1,13.9,7.9,67.0,0.0,7.2,26.6,1029.2,0.0,,0,0,157.28571428571428
2024-01-24 18:00:00,,9.5,5.1,14.1,3.1,0.0,4.4,46.8,1030.1,14.1,7.6,65.0,0.0,3.6,25.2,1029.1,0.0,,0,0,129.85714285714286
2024-01-24 19:00:00,,9.5,5.1,14.1,3.1,0.0,4.4,46.8,1030.1,12.9,8.4,74.0,0.0,0.0,18.4,1029.5,0.0,,0,0,127.85714285714286
2024-01-24 20:00:00,,9.5,5.1,14.1,3.1,0.0,4.4,46.8,1030.1,10.5,9.3,92.0,0.2,7.2,21.6,1030.3,0.0,,0,0,114.875
2024-01-24 21:00:00,,9.5,5.1,14.1,3.1,0.0,4.4,46.8,1030.1,10.5,10.2,98.0,0.0,7.2,19.1,1030.8,0.0,,0,0,86.57142857142857
2024-01-24 22:00:00,,9.5,5.1,14.1,3.1,0.0,4.4,46.8,1030.1,10.7,9.9,95.0,0.3,3.6,15.8,1030.7,0.0,,0,0,76.57142857142857
2024-01-24 23:00:00,,9.5,5.1,14.1,3.1,0.0,4.4,46.8,1030.1,8.3,6.3,87.0,0.3,16.2,18.7,1031.7,0.0,,0,0,67.14285714285714
2024-01-25 00:00:00,,8.5,7.6,9.6,24.7,0.0,3.4,29.9,1031.2,9.6,9.5,99.0,1.5,3.6,14.0,1031.4,0.0,,0,0,59.57142857142857
2024-01-25 01:00:00,,8.5,7.6,9.6,24.7,0.0,3.4,29.9,1031.2,9.5,9.2,98.0,0.8,0.0,13.0,1031.2,0.0,,0,0,56.5
2024-01-25 02:00:00,,8.5,7.6,9.6,24.7,0.0,3.4,29.9,1031.2,9.3,9.0,98.0,2.0,3.6,9.0,1031.0,0.0,,0,0,51.0
2024-01-25 03:00:00,,8.5,7.6,9.6,24.7,0.0,3.4,29.9,1031.2,9.1,9.0,99.0,1.0,3.6,15.5,1031.0,0.0,,0,0,51.0
2024-01-25 04:00:00,,8.5,7.6,9.6,24.7,0.0,3.4,29.9,1031.2,8.8,8.7,99.0,2.0,3.6,13.7,1030.7,0.0,,0,0,51.0
2024-01-25 05:00:00,,8.5,7.6,9.6,24.7,0.0,3.4,29.9,1031.2,8.8,8.7,99.0,2.0,0.0,9.4,1030.7,0.0,,0,0,51.0
2024-01-25 06:00:00,,8.5,7.6,9.6,24.7,0.0,3.4,29.9,1031.2,8.4,8.4,100.0,2.4,3.6,22.7,1031.6,0.0,,0,0,53.875
2024-01-25 07:00:00,,8.5,7.6,9.6,24.7,0.0,3.4,29.9,1031.2,8.1,8.0,99.0,2.0,3.6,17.6,1032.1,0.0,,0,0,105.85714285714286
2024-01-25 08:00:00,,8.5,7.6,9.6,24.7,0.0,3.4,29.9,1031.2,8.0,7.7,98.0,1.0,3.6,11.2,1032.6,0.0,,0,0,186.71428571428572
2024-01-25 09:00:00,,8.5,7.6,9.6,24.7,0.0,3.4,29.9,1031.2,7.9,7.8,99.0,2.3,3.6,6.8,1032.7,0.0,,0,0,254.57142857142858
2024-01-25 10:00:00,,8.5,7.6,9.6,24.7,0.0,3.4,29.9,1031.2,8.2,8.1,99.0,0.8,0.0,8.3,1033.0,0.0,,0,0,284.0
2024-01-25 11:00:00,,8.5,7.6,9.6,24.7,0.0,3.4,29.9,1031.2,8.9,8.4,97.0,0.4,3.6,8.6,1032.4,0.0,,0,0,266.14285714285717
2024-01-25 12:00:00,,8.5,7.6,9.6,24.7,0.0,3.4,29.9,1031.2,8.7,8.4,98.0,1.9,3.6,9.4,1032.0,0.0,,0,0,234.625
2024-01-25 13:00:00,,8.5,7.6,9.6,24.7,0.0,3.4,29.9,1031.2,8.6,8.3,98.0,1.0,3.6,6.8,1031.6,0.0,,0,0,221.85714285714286
2024-01-25 14:00:00,,8.5,7.6,9.6,24.7,0.0,3.4,29.9,1031.2,7.6,6.2,91.0,0.5,4.7,6.5,1031.0,0.0,,0,0,249.42857142857142
2024-01-25 15:00:00,,8.5,7.6,9.6,24.7,0.0,3.4,29.9,1031.2,8.4,8.3,99.0,0.4,3.6,8.3,1030.7,0.0,,0,0,251.71428571428572
2024-01-25 16:00:00,,8.5,7.6,9.6,24.7,0.0,3.4,29.9,1031.2,8.2,8.2,100.0,1.0,3.6,22.0,1030.6,0.0,,0,0,230.625
2024-01-25 17:00:00,,8.5,7.6,9.6,24.7,0.0,3.4,29.9,1031.2,8.4,8.3,99.0,0.1,0.0,28.1,1030.4,0.0,,0,0,187.14285714285714
2024-01-25 18:00:00,,8.5,7.6,9.6,24.7,0.0,3.4,29.9,1031.2,8.4,8.3,99.0,0.3,3.6,29.9,1030.3,0.0,,0,0,166.14285714285714
2024-01-25 19:00:00,,8.5,7.6,9.6,24.7,0.0,3.4,29.9,1031.2,8.3,8.2,99.0,0.0,3.6,26.6,1030.3,0.0,,0,0,169.14285714285714
2024-01-25 20:00:00,,8.5,7.6,9.6,24.7,0.0,3.4,29.9,1031.2,7.9,7.8,99.0,0.3,0.0,25.2,1030.0,0.0,,0,0,157.14285714285714
2024-01-25 21:00:00,,8.5,7.6,9.6,24.7,0.0,3.4,29.9,1031.2,8.1,8.0,99.0,0.4,3.6,27.4,1030.2,0.0,,0,0,130.625
2024-01-25 22:00:00,,8.5,7.6,9.6,24.7,0.0,3.4,29.9,1031.2,7.9,7.8,99.0,0.3,3.6,25.2,1030.2,0.0,,0,0,96.14285714285714
2024-01-25 23:00:00,,8.5,7.6,9.6,24.7,0.0,3.4,29.9,1031.2,7.8,7.7,99.0,0.5,7.2,21.2,1030.4,0.0,,0,0,64.57142857142857
2024-01-26 00:00:00,,8.5,6.2,10.2,10.5,0.0,3.9,36.0,1030.8,7.8,7.8,100.0,0.6,7.2,20.5,1030.4,0.0,,0,0,53.142857142857146
2024-01-26 01:00:00,,8.5,6.2,10.2,10.5,0.0,3.9,36.0,1030.8,7.5,7.5,100.0,0.2,0.0,22.7,1030.3,0.0,,0,0,53.0
2024-01-26 02:00:00,,8.5,6.2,10.2,10.5,0.0,3.9,36.0,1030.8,8.3,7.5,95.0,0.3,3.6,14.4,1030.4,0.0,,0,0,52.0
2024-01-26 03:00:00,,8.5,6.2,10.2,10.5,0.0,3.9,36.0,1030.8,8.3,7.4,94.0,0.0,3.6,10.1,1030.5,0.0,,0,0,52.0
2024-01-26 04:00:00,,8.5,6.2,10.2,10.5,0.0,3.9,36.0,1030.8,7.2,7.1,99.0,0.0,3.6,11.9,1030.9,0.0,,0,0,51.285714285714285
2024-01-26 05:00:00,,8.5,6.2,10.2,10.5,0.0,3.9,36.0,1030.8,6.2,6.2,100.0,0.0,3.6,10.8,1031.0,0.0,,0,0,51.0
2024-01-26 06:00:00,,8.5,6.2,10.2,10.5,0.0,3.9,36.0,1030.8,7.1,7.0,99.0,0.0,3.6,28.8,1031.0,0.0,,0,0,54.42857142857143
2024-01-26 07:00:00,,8.5,6.2,10.2,10.5,0.0,3.9,36.0,1030.8,7.3,6.9,97.0,0.0,3.6,31.7,1031.1,0.0,,0,0,93.125
2024-01-26 08:00:00,,8.5,6.2,10.2,10.5,0.0,3.9,36.0,1030.8,7.4,7.0,97.0,0.0,3.6,27.7,1031.0,0.0,,0,0,164.57142857142858
2024-01-26 09:00:00,,8.5,6.2,10.2,10.5,0.0,3.9,36.0,1030.8,8.1,7.2,94.0,0.0,3.6,31.3,1030.7,0.0,,0,0,232.57142857142858
2024-01-26 10:00:00,,8.5,6.2,10.2,10.5,0.0,3.9,36.0,1030.8,8.9,7.3,90.0,0.0,3.6,36.0,1030.5,0.0,,0,0,269.7142857142857
2024-01-26 11:00:00,,8.5,6.2,10.2,10.5,0.0,3.9,36.0,1030.8,9.6,7.4,86.0,0.0,3.6,28.4,1029.8,0.0,,0,0,258.0
2024-01-26 12:00:00,,8.5,6.2,10.2,10.5,0.0,3.9,36.0,1030.8,10.1,7.3,83.0,0.0,3.6,28.4,1029.0,0.0,,0,0,204.57142857142858
2024-01-26 13:00:00,,8.5,6.2,10.2,10.5,0.0,3.9,36.0,1030.8,10.2,7.8,85.0,0.5,3.6,27.0,1027.9,0.0,,0,0,191.125
2024-01-26 14:00:00,,8.5,6.2,10.2,10.5,0.0,3.9,36.0,1030.8,9.6,7.9,89.0,0.5,0.0,16.9,1028.9,0.0,,0,0,221.85714285714286
2024-01-26 15:00:00,,8.5,6.2,10.2,10.5,0.0,3.9,36.0,1030.8,9.0,8.4,96.0,1.6,3.6,16.6,1029.5,0.0,,0,0,220.42857142857142
2024-01-26 16:00:00,,8.5,6.2,10.2,10.5,0.0,3.9,36.0,1030.8,8.5,8.4,99.0,1.0,3.6,11.2,1030.1,0.0,,0,0,201.28571428571428
2024-01-26 17:00:00,,8.5,6.2,10.2,10.5,0.0,3.9,36.0,1030.8,8.9,8.4,97.0,1.0,7.2,21.6,1030.8,0.0,,0,0,183.75
2024-01-26 18:00:00,,8.5,6.2,10.2,10.5,0.0,3.9,36.0,1030.8,9.9,7.7,86.0,1.8,7.2,26.3,1031.5,0.0,,0,0,220.42857142857142
2024-01-26 19:00:00,,8.5,6.2,10.2,10.5,0.0,3.9,36.0,1030.8,10.0,7.8,86.0,0.2,7.2,16.9,1032.3,0.0,,0,0,341.14285714285717
2024-01-26 20:00:00,,8.5,6.2,10.2,10.5,0.0,3.9,36.0,1030.8,10.1,7.7,85.0,0.7,3.6,14.0,1032.8,0.0,,0,0,387.2857142857143
2024-01-26 21:00:00,,8.5,6.2,10.2,10.5,0.0,3.9,36.0,1030.8,8.7,8.1,96.0,1.0,0.0,23.0,1033.4,0.0,,0,0,364.7142857142857
2024-01-26 22:00:00,,8.5,6.2,10.2,10.5,0.0,3.9,36.0,1030.8,7.9,7.1,95.0,0.6,3.6,18.4,1033.9,0.0,,0,0,333.5
2024-01-26 23:00:00,,8.5,6.2,10.2,10.5,0.0,3.9,36.0,1030.8,7.2,7.1,99.0,0.1,0.0,18.4,1034.6,0.0,,0,0,294.7142857142857
2024-01-27 00:00:00,,5.5,0.9,9.8,0.1,0.0,2.8,18.4,1036.2,6.6,6.0,96.0,0.0,3.6,10.4,1034.7,0.0,,0,0,172.14285714285714
2024-01-27 01:00:00,,5.5,0.9,9.8,0.1,0.0,2.8,18.4,1036.2,6.5,5.1,91.0,0.0,3.6,10.4,1035.2,0.0,,0,0,105.85714285714286
2024-01-27 02:00:00,,5.5,0.9,9.8,0.1,0.0,2.8,18.4,1036.2,5.4,5.1,98.0,0.0,3.6,8.6,1035.7,0.0,,0,0,74.42857142857143
2024-01-27 03:00:00,,5.5,0.9,9.8,0.1,0.0,2.8,18.4,1036.2,5.1,4.5,96.0,0.0,3.6,6.5,1036.0,0.0,,0,0,66.85714285714286
2024-01-27 04:00:00,,5.5,0.9,9.8,0.1,0.0,2.8,18.4,1036.2,4.8,4.4,97.0,0.0,0.0,5.0,1036.6,0.0,,0,0,64.75
2024-01-27 05:00:00,,5.5,0.9,9.8,0.1,0.0,2.8,18.4,1036.2,4.6,4.5,99.0,0.0,0.0,5.8,1036.9,0.0,,0,0,64.0
2024-01-27 06:00:00,,5.5,0.9,9.8,0.1,0.0,2.8,18.4,1036.2,4.3,4.2,99.0,0.0,3.6,7.2,1037.1,0.0,,0,0,64.28571428571429
2024-01-27 07:00:00,,5.5,0.9,9.8,0.1,0.0,2.8,18.4,1036.2,4.4,4.3,99.0,0.0,0.0,4.7,1037.4,0.0,,1,0,71.71428571428571
2024-01-27 08:00:00,,5.5,0.9,9.8,0.1,0.0,2.8,18.4,1036.2,4.7,4.3,97.0,0.0,0.0,6.1,1037.7,0.0,,1,0,137.5
2024-01-27 09:00:00,,5.5,0.9,9.8,0.1,0.0,2.8,18.4,1036.2,5.8,4.0,88.0,0.0,3.6,4.7,1037.5,46.0,,1,0,254.14285714285714
2024-01-27 10:00:00,,5.5,0.9,9.8,0.1,0.0,2.8,18.4,1036.2,7.3,5.8,90.0,0.0,4.3,7.2,1037.6,47.0,,1,0,373.42857142857144
2024-01-27 11:00:00,,5.5,0.9,9.8,0.1,0.0,2.8,18.4,1036.2,7.6,4.5,81.0,0.0,3.6,7.6,1036.8,59.0,,1,0,390.2857142857143
2024-01-27 12:00:00,,5.5,0.9,9.8,0.1,0.0,2.8,18.4,1036.2,8.6,4.8,77.0,0.0,3.6,7.2,1035.8,60.0,,1,0,342.85714285714283
2024-01-27 13:00:00,,5.5,0.9,9.8,0.1,0.0,2.8,18.4,1036.2,9.6,4.8,72.0,0.0,3.6,10.1,1035.0,60.0,,0,0,277.7142857142857
2024-01-27 14:00:00,,5.5,0.9,9.8,0.1,0.0,2.8,18.4,1036.2,9.8,5.2,73.0,0.0,10.8,11.9,1034.8,60.0,,0,0,223.625
2024-01-27 15:00:00,,5.5,0.9,9.8,0.1,0.0,2.8,18.4,1036.2,8.6,6.2,85.0,0.0,4.3,9.0,1034.5,60.0,,0,0,168.71428571428572
2024-01-27 16:00:00,,5.5,0.9,9.8,0.1,0.0,2.8,18.4,1036.2,6.9,4.0,82.0,0.0,3.6,8.3,1035.3,44.0,,0,0,125.71428571428571
2024-01-27 17:00:00,,5.5,0.9,9.8,0.1,0.0,2.8,18.4,1036.2,4.8,3.6,92.0,0.0,3.6,6.8,1035.7,0.0,,0,0,108.28571428571429
2024-01-27 18:00:00,,5.5,0.9,9.8,0.1,0.0,2.8,18.4,1036.2,4.2,3.8,97.0,0.0,0.0,7.2,1036.2,0.0,,0,0,137.14285714285714
2024-01-27 19:00:00,,5.5,0.9,9.8,0.1,0.0,2.8,18.4,1036.2,0.9,-1.0,87.0,0.0,5.4,7.2,1036.1,0.0,,0,0,245.5
2024-01-27 20:00:00,,5.5,0.9,9.8,0.1,0.0,2.8,18.4,1036.2,1.8,1.7,99.0,0.0,0.0,7.6,1037.2,0.0,,0,0,295.7142857142857
2024-01-27 21:00:00,,5.5,0.9,9.8,0.1,0.0,2.8,18.4,1036.2,1.4,1.3,99.0,0.0,0.0,7.9,1037.5,0.0,,0,0,306.85714285714283
2024-01-27 22:00:00,,5.5,0.9,9.8,0.1,0.0,2.8,18.4,1036.2,1.9,1.8,99.0,0.0,3.6,7.9,1037.0,0.0,,0,0,283.14285714285717
2024-01-27 23:00:00,,5.5,0.9,9.8,0.1,0.0,2.8,18.4,1036.2,1.0,0.9,99.0,0.0,0.0,5.8,1036.8,0.0,,0,0,248.25
2024-01-28 00:00:00,,1.3,-1.5,8.5,0.0,0.0,4.0,11.5,1034.7,-0.3,-7.6,58.0,0.0,11.5,8.3,1034.1,0.0,,0,0,141.0
2024-01-28 01:00:00,,1.3,-1.5,8.5,0.0,0.0,4.0,11.5,1034.7,0.1,0.0,99.0,0.0,3.6,8.3,1035.9,0.0,,0,0,91.85714285714286
2024-01-28 02:00:00,,1.3,-1.5,8.5,0.0,0.0,4.0,11.5,1034.7,0.0,-8.9,51.0,0.0,11.5,10.1,1033.6,0.0,,0,0,70.42857142857143
2024-01-28 03:00:00,,1.3,-1.5,8.5,0.0,0.0,4.0,11.5,1034.7,0.1,-9.1,50.0,0.0,11.2,5.4,1033.2,0.0,,0,0,62.857142857142854
2024-01-28 04:00:00,,1.3,-1.5,8.5,0.0,0.0,4.0,11.5,1034.7,-0.1,-0.4,98.0,0.0,0.0,10.8,1035.3,0.0,,0,0,59.0
2024-01-28 05:00:00,,1.3,-1.5,8.5,0.0,0.0,4.0,11.5,1034.7,-0.2,-0.8,96.0,0.0,3.6,6.5,1035.4,0.0,,0,0,58.0
2024-01-28 06:00:00,,1.3,-1.5,8.5,0.0,0.0,4.0,11.5,1034.7,-1.5,-1.9,97.0,0.0,3.6,7.9,1036.0,0.0,,0,0,58.0
2024-01-28 07:00:00,,1.3,-1.5,8.5,0.0,0.0,4.0,11.5,1034.7,-0.3,-0.4,99.0,0.0,0.0,4.7,1036.0,0.0,,0,0,53.42857142857143
2024-01-28 08:00:00,,1.3,-1.5,8.5,0.0,0.0,4.0,11.5,1034.7,0.2,0.2,100.0,0.0,0.0,8.6,1036.3,0.0,,0,0,26.714285714285715
2024-01-28 09:00:00,,1.3,-1.5,8.5,0.0,0.0,4.0,11.5,1034.7,0.6,0.3,98.0,0.0,3.6,6.8,1036.2,0.0,,0,0,28.25
2024-01-28 10:00:00,,1.3,-1.5,8.5,0.0,0.0,4.0,11.5,1034.7,2.7,1.4,91.0,0.0,3.6,9.0,1035.8,0.0,,0,0,32.42857142857143
2024-01-28 11:00:00,,1.3,-1.5,8.5,0.0,0.0,4.0,11.5,1034.7,2.8,1.8,93.0,0.0,3.6,11.5,1035.4,0.0,,0,0,37.42857142857143
2024-01-28 12:00:00,,1.3,-1.5,8.5,0.0,0.0,4.0,11.5,1034.7,2.7,1.4,91.0,0.0,3.6,11.2,1035.1,5.0,,0,0,41.142857142857146
2024-01-28 13:00:00,,1.3,-1.5,8.5,0.0,0.0,4.0,11.5,1034.7,3.3,2.1,92.0,0.0,7.2,9.7,1034.0,50.0,,0,0,40.0
2024-01-28 14:00:00,,1.3,-1.5,8.5,0.0,0.0,4.0,11.5,1034.7,8.5,4.1,74.0,0.0,4.0,11.2,1032.2,17.0,,0,0,25.714285714285715
2024-01-28 15:00:00,,1.3,-1.5,8.5,0.0,0.0,4.0,11.5,1034.7,1.8,1.7,99.0,0.0,3.6,8.6,1034.1,0.0,,0,0,29.625
2024-01-28 16:00:00,,1.3,-1.5,8.5,0.0,0.0,4.0,11.5,1034.7,6.3,4.0,85.0,0.0,3.2,6.1,1032.2,0.0,,0,0,34.285714285714285
2024-01-28 17:00:00,,1.3,-1.5,8.5,0.0,0.0,4.0,11.5,1034.7,1.5,1.4,99.0,0.0,3.6,7.9,1034.2,0.0,,0,0,34.142857142857146
2024-01-28 18:00:00,,1.3,-1.5,8.5,0.0,0.0,4.0,11.5,1034.7,1.0,0.9,99.0,0.0,3.6,8.3,1034.3,0.0,,0,0,43.0
2024-01-28 19:00:00,,1.3,-1.5,8.5,0.0,0.0,4.0,11.5,1034.7,1.0,0.9,99.0,0.0,3.6,6.5,1034.3,0.0,,0,0,40.57142857142857
2024-01-28 20:00:00,,1.3,-1.5,8.5,0.0,0.0,4.0,11.5,1034.7,0.4,0.3,99.0,0.0,0.0,6.1,1034.3,0.0,,0,0,29.25
2024-01-28 21:00:00,,1.3,-1.5,8.5,0.0,0.0,4.0,11.5,1034.7,-0.4,-0.5,99.0,0.0,3.6,5.0,1034.5,0.0,,0,0,17.0
2024-01-28 22:00:00,,1.3,-1.5,8.5,0.0,0.0,4.0,11.5,1034.7,-0.6,-0.7,99.0,0.0,3.6,5.8,1034.4,0.0,,0,0,13.428571428571429
2024-01-28 23:00:00,,1.3,-1.5,8.5,0.0,0.0,4.0,11.5,1034.7,-0.8,-0.9,99.0,0.0,3.6,5.4,1034.7,0.0,,0,0,12.0
2024-01-29 00:00:00,,-0.3,-2.1,2.1,0.0,0.0,3.6,10.8,1034.5,-1.1,-1.2,99.0,0.0,0.0,7.9,1034.5,0.0,,0,0,12.0
2024-01-29 01:00:00,,-0.3,-2.1,2.1,0.0,0.0,3.6,10.8,1034.5,-1.4,-1.5,99.0,0.0,3.6,8.3,1034.8,0.0,,0,0,12.0
2024-01-29 02:00:00,,-0.3,-2.1,2.1,0.0,0.0,3.6,10.8,1034.5,-1.9,-2.0,99.0,0.0,3.6,9.7,1035.0,0.0,,0,0,12.0
2024-01-29 03:00:00,,-0.3,-2.1,2.1,0.0,0.0,3.6,10.8,1034.5,-0.9,-1.0,99.0,0.0,3.6,7.2,1034.6,0.0,,0,0,12.0
2024-01-29 04:00:00,,-0.3,-2.1,2.1,0.0,0.0,3.6,10.8,1034.5,-1.2,-1.3,99.0,0.0,3.6,6.8,1034.7,0.0,,0,0,12.0
2024-01-29 05:00:00,,-0.3,-2.1,2.1,0.0,0.0,3.6,10.8,1034.5,-1.5,-1.6,99.0,0.0,3.6,7.9,1034.8,0.0,,0,0,12.0
2024-01-29 06:00:00,,-0.3,-2.1,2.1,0.0,0.0,3.6,10.8,1034.5,-1.9,-2.0,99.0,0.0,3.6,8.6,1034.9,0.0,,0,0,16.875
2024-01-29 07:00:00,,-0.3,-2.1,2.1,0.0,0.0,3.6,10.8,1034.5,-1.8,-1.9,99.0,0.0,3.6,8.3,1034.9,0.0,,0,0,66.57142857142857
2024-01-29 08:00:00,,-0.3,-2.1,2.1,0.0,0.0,3.6,10.8,1034.5,-2.1,-2.2,99.0,0.0,3.6,8.6,1035.2,0.0,,0,0,145.28571428571428
2024-01-29 09:00:00,,-0.3,-2.1,2.1,0.0,0.0,3.6,10.8,1034.5,-1.9,-2.0,99.0,0.0,3.6,9.7,1035.4,29.0,,0,0,212.28571428571428
2024-01-29 10:00:00,,-0.3,-2.1,2.1,0.0,0.0,3.6,10.8,1034.5,-1.2,-1.3,99.0,0.0,3.6,10.8,1035.3,32.0,,0,0,242.0
2024-01-29 11:00:00,,-0.3,-2.1,2.1,0.0,0.0,3.6,10.8,1034.5,-0.1,-0.2,99.0,0.0,3.6,10.8,1035.0,8.0,,0,0,214.85714285714286
2024-01-29 12:00:00,,-0.3,-2.1,2.1,0.0,0.0,3.6,10.8,1034.5,0.7,0.0,95.0,0.0,3.6,9.4,1034.4,0.0,,0,0,173.42857142857142
2024-01-29 13:00:00,,-0.3,-2.1,2.1,0.0,0.0,3.6,10.8,1034.5,1.6,1.5,99.0,0.0,3.6,10.4,1033.6,35.0,,0,0,173.57142857142858
2024-01-29 14:00:00,,-0.3,-2.1,2.1,0.0,0.0,3.6,10.8,1034.5,2.1,2.0,99.0,0.0,3.6,10.4,1033.2,56.0,,0,0,192.57142857142858
2024-01-29 15:00:00,,-0.3,-2.1,2.1,0.0,0.0,3.6,10.8,1034.5,1.3,1.2,99.0,0.0,3.6,7.6,1033.8,1.0,,0,0,194.42857142857142
2024-01-29 16:00:00,,-0.3,-2.1,2.1,0.0,0.0,3.6,10.8,1034.5,1.1,1.0,99.0,0.0,3.6,5.8,1034.0,0.0,,0,0,164.375
2024-01-29 17:00:00,,-0.3,-2.1,2.1,0.0,0.0,3.6,10.8,1034.5,1.4,1.3,99.0,0.0,3.6,7.6,1034.2,0.0,,0,0,113.42857142857143
2024-01-29 18:00:00,,-0.3,-2.1,2.1,0.0,0.0,3.6,10.8,1034.5,1.0,0.9,99.0,0.0,7.2,5.0,1034.4,0.0,,0,0,65.14285714285714
2024-01-29 19:00:00,,-0.3,-2.1,2.1,0.0,0.0,3.6,10.8,1034.5,0.6,0.5,99.0,0.0,3.6,6.8,1034.6,0.0,,0,0,58.714285714285715
2024-01-29 20:00:00,,-0.3,-2.1,2.1,0.0,0.0,3.6,10.8,1034.5,0.0,-0.1,99.0,0.0,3.6,6.5,1034.7,0.0,,0,0,44.714285714285715
2024-01-29 21:00:00,,-0.3,-2.1,2.1,0.0,0.0,3.6,10.8,1034.5,-0.8,-0.9,99.0,0.0,0.0,5.0,1034.9,0.0,,0,0,31.625
2024-01-29 22:00:00,,-0.3,-2.1,2.1,0.0,0.0,3.6,10.8,1034.5,1.3,-0.8,86.0,0.0,7.6,6.5,1033.0,0.0,,0,0,16.0
2024-01-29 23:00:00,,-0.3,-2.1,2.1,0.0,0.0,3.6,10.8,1034.5,-1.1,-1.1,100.0,0.0,3.6,6.5,1035.2,0.0,,0,0,11.428571428571429
2024-01-30 00:00:00,,1.4,-2.6,9.0,0.0,0.0,2.7,12.2,1035.2,-1.1,-1.2,99.0,0.0,0.0,5.4,1035.2,0.0,,0,0,10.0
2024-01-30 01:00:00,,1.4,-2.6,9.0,0.0,0.0,2.7,12.2,1035.2,-1.1,-1.2,99.0,0.0,0.0,5.0,1035.4,0.0,,0,0,9.0
2024-01-30 02:00:00,,1.4,-2.6,9.0,0.0,0.0,2.7,12.2,1035.2,-0.7,-0.8,99.0,0.0,3.6,5.0,1035.3,0.0,,0,0,9.0
2024-01-30 03:00:00,,1.4,-2.6,9.0,0.0,0.0,2.7,12.2,1035.2,-1.1,-1.2,99.0,0.0,0.0,5.8,1035.4,0.0,,0,0,9.0
2024-01-30 04:00:00,,1.4,-2.6,9.0,0.0,0.0,2.7,12.2,1035.2,-1.4,-1.5,99.0,0.0,0.0,4.3,1035.0,0.0,,0,0,9.0
2024-01-30 05:00:00,,1.4,-2.6,9.0,0.0,0.0,2.7,12.2,1035.2,-1.9,-2.0,99.0,0.0,3.6,5.4,1035.1,0.0,,0,0,9.142857142857142
2024-01-30 06:00:00,,1.4,-2.6,9.0,0.0,0.0,2.7,12.2,1035.2,-2.4,-2.5,99.0,0.0,0.0,5.8,1035.6,0.0,,0,0,13.571428571428571
2024-01-30 07:00:00,,1.4,-2.6,9.0,0.0,0.0,2.7,12.2,1035.2,-2.6,-2.7,99.0,0.0,3.6,8.6,1036.0,0.0,,0,0,65.85714285714286
2024-01-30 08:00:00,,1.4,-2.6,9.0,0.0,0.0,2.7,12.2,1035.2,-2.2,-2.3,99.0,0.0,3.6,6.1,1036.1,0.0,,0,0,153.85714285714286
2024-01-30 09:00:00,,1.4,-2.6,9.0,0.0,0.0,2.7,12.2,1035.2,-1.3,-1.4,99.0,0.0,3.6,7.2,1036.0,7.0,,0,0,224.42857142857142
2024-01-30 10:00:00,,1.4,-2.6,9.0,0.0,0.0,2.7,12.2,1035.2,9.0,-2.6,44.0,0.0,2.5,7.9,1034.4,8.0,,0,0,256.375
2024-01-30 11:00:00,,1.4,-2.6,9.0,0.0,0.0,2.7,12.2,1035.2,0.5,0.1,97.0,0.0,3.6,10.4,1035.6,47.0,,0,0,227.85714285714286
2024-01-30 12:00:00,,1.4,-2.6,9.0,0.0,0.0,2.7,12.2,1035.2,2.2,2.1,99.0,0.0,3.6,10.4,1035.0,37.0,,0,0,201.28571428571428
2024-01-30 13:00:00,,1.4,-2.6,9.0,0.0,0.0,2.7,12.2,1035.2,3.2,2.9,98.0,0.0,3.6,9.7,1034.2,25.0,,0,0,202.42857142857142
2024-01-30 14:00:00,,1.4,-2.6,9.0,0.0,0.0,2.7,12.2,1035.2,4.3,4.3,100.0,0.0,3.6,9.7,1034.2,2.0,,0,0,218.28571428571428
2024-01-30 15:00:00,,1.4,-2.6,9.0,0.0,0.0,2.7,12.2,1035.2,6.8,-0.4,60.0,0.0,4.7,7.9,1033.3,50.0,,0,0,217.75
2024-01-30 16:00:00,,1.4,-2.6,9.0,0.0,0.0,2.7,12.2,1035.2,5.0,3.3,89.0,0.0,3.6,4.7,1034.3,6.0,,0,0,165.42857142857142
2024-01-30 17:00:00,,1.4,-2.6,9.0,0.0,0.0,2.7,12.2,1035.2,4.0,3.3,95.0,0.0,3.6,8.6,1035.0,0.0,,0,0,132.71428571428572
2024-01-30 18:00:00,,1.4,-2.6,9.0,0.0,0.0,2.7,12.2,1035.2,3.3,2.9,97.0,0.0,3.6,8.6,1035.2,0.0,,0,0,111.71428571428571
2024-01-30 19:00:00,,1.4,-2.6,9.0,0.0,0.0,2.7,12.2,1035.2,3.9,3.2,95.0,0.0,3.6,6.5,1035.5,0.0,,0,0,97.75
2024-01-30 20:00:00,,1.4,-2.6,9.0,0.0,0.0,2.7,12.2,1035.2,3.0,2.7,98.0,0.0,3.6,6.5,1036.1,0.0,,0,0,63.57142857142857
2024-01-30 21:00:00,,1.4,-2.6,9.0,0.0,0.0,2.7,12.2,1035.2,3.0,2.6,97.0,0.0,3.6,5.4,1036.2,0.0,,0,0,29.571428571428573
2024-01-30 22:00:00,,1.4,-2.6,9.0,0.0,0.0,2.7,12.2,1035.2,3.2,2.6,96.0,0.0,0.0,12.2,1036.0,0.0,,0,0,14.571428571428571
2024-01-30 23:00:00,,1.4,-2.6,9.0,0.0,0.0,2.7,12.2,1035.2,3.4,2.4,93.0,0.0,3.6,19.8,1035.8,0.0,,0,0,9.166666666666666
2024-01-31 00:00:00,,3.7,0.1,9.2,0.0,0.0,2.4,29.5,1035.2,1.9,1.0,94.0,0.0,3.6,15.1,1036.4,0.0,,0,0,7.0
2024-01-31 01:00:00,,3.7,0.1,9.2,0.0,0.0,2.4,29.5,1035.2,2.0,1.9,99.0,0.0,0.0,7.9,1036.3,0.0,,0,0,7.0
2024-01-31 02:00:00,,3.7,0.1,9.2,0.0,0.0,2.4,29.5,1035.2,1.1,1.1,100.0,0.0,3.6,8.6,1036.4,0.0,,0,0,7.0
2024-01-31 03:00:00,,3.7,0.1,9.2,0.0,0.0,2.4,29.5,1035.2,1.2,1.1,99.0,0.0,0.0,7.9,1036.4,0.0,,0,0,7.0
2024-01-31 04:00:00,,3.7,0.1,9.2,0.0,0.0,2.4,29.5,1035.2,1.0,0.9,99.0,0.0,3.6,8.6,1036.4,0.0,,0,0,7.0
2024-01-31 05:00:00,,3.7,0.1,9.2,0.0,0.0,2.4,29.5,1035.2,1.3,1.2,99.0,0.0,0.0,7.9,1036.2,0.0,,0,0,6.125
2024-01-31 06:00:00,,3.7,0.1,9.2,0.0,0.0,2.4,29.5,1035.2,0.5,-3.1,77.0,0.0,7.9,7.2,1035.1,0.0,,0,0,9.285714285714286
2024-01-31 07:00:00,,3.7,0.1,9.2,0.0,0.0,2.4,29.5,1035.2,0.1,0.0,99.0,0.0,0.0,4.7,1037.7,0.0,,1,0,58.42857142857143
2024-01-31 08:00:00,,3.7,0.1,9.2,0.0,0.0,2.4,29.5,1035.2,0.3,0.2,99.0,0.0,0.0,6.1,1037.8,0.0,,1,0,158.42857142857142
2024-01-31 09:00:00,,3.7,0.1,9.2,0.0,0.0,2.4,29.5,1035.2,2.4,2.3,99.0,0.0,3.6,5.4,1037.1,27.0,,1,0,243.85714285714286
2024-01-31 10:00:00,,3.7,0.1,9.2,0.0,0.0,2.4,29.5,1035.2,9.1,-0.8,50.0,0.0,4.7,8.3,1035.6,12.0,,1,0,263.2857142857143
2024-01-31 11:00:00,,3.7,0.1,9.2,0.0,0.0,2.4,29.5,1035.2,6.1,1.8,74.0,0.0,0.0,13.7,1035.5,37.0,,1,0,255.125
2024-01-31 12:00:00,,3.7,0.1,9.2,0.0,0.0,2.4,29.5,1035.2,5.6,3.6,87.0,0.0,3.6,14.4,1035.2,29.0,,1,0,196.85714285714286
2024-01-31 13:00:00,,3.7,0.1,9.2,0.0,0.0,2.4,29.5,1035.2,6.6,3.7,82.0,0.0,7.2,10.4,1034.3,52.0,,0,0,189.71428571428572
2024-01-31 14:00:00,,3.7,0.1,9.2,0.0,0.0,2.4,29.5,1035.2,8.8,4.6,75.0,0.0,3.6,7.6,1033.5,60.0,,0,0,198.42857142857142
2024-01-31 15:00:00,,3.7,0.1,9.2,0.0,0.0,2.4,29.5,1035.2,9.2,4.8,74.0,0.0,3.6,4.7,1033.0,52.0,,0,0,211.0
2024-01-31 16:00:00,,3.7,0.1,9.2,0.0,0.0,2.4,29.5,1035.2,8.1,4.7,79.0,0.0,3.6,6.8,1033.1,26.0,,0,0,178.75
2024-01-31 17:00:00,,3.7,0.1,9.2,0.0,0.0,2.4,29.5,1035.2,6.2,4.0,86.0,0.0,0.0,4.3,1033.8,0.0,,0,0,119.14285714285714
2024-01-31 18:00:00,,3.7,0.1,9.2,0.0,0.0,2.4,29.5,1035.2,4.4,3.7,95.0,0.0,0.0,5.4,1034.2,0.0,,0,0,96.85714285714286
2024-01-31 19:00:00,,3.7,0.1,9.2,0.0,0.0,2.4,29.5,1035.2,3.4,0.4,81.0,0.0,6.5,8.3,1033.4,0.0,,0,0,101.28571428571429
2024-01-31 20:00:00,,3.7,0.1,9.2,0.0,0.0,2.4,29.5,1035.2,3.1,2.1,93.0,0.0,0.0,29.5,1034.1,0.0,,0,0,103.25
2024-01-31 21:00:00,,3.7,0.1,9.2,0.0,0.0,2.4,29.5,1035.2,2.1,1.7,97.0,0.0,0.0,23.8,1034.0,0.0,,0,0,84.0
2024-01-31 22:00:00,,3.7,0.1,9.2,0.0,0.0,2.4,29.5,1035.2,1.2,0.6,96.0,0.0,0.0,19.4,1034.0,0.0,,0,0,55.714285714285715
2024-01-31 23:00:00,,3.7,0.1,9.2,0.0,0.0,2.4,29.5,1035.2,1.4,0.7,95.0,0.0,0.0,12.2,1034.2,0.0,,0,0,41.42857142857143
2024-02-01 00:00:00,,4.7,1.0,6.9,10.7,0.0,4.1,29.9,1033.3,1.3,0.7,96.0,0.0,3.6,8.6,1033.9,0.0,,0,0,29.285714285714285
2024-02-01 01:00:00,,4.7,1.0,6.9,10.7,0.0,4.1,29.9,1033.3,1.0,0.4,96.0,0.0,7.2,15.1,1033.0,0.0,,0,0,22.142857142857142
2024-02-01 02:00:00,,4.7,1.0,6.9,10.7,0.0,4.1,29.9,1033.3,1.5,0.6,94.0,0.0,3.6,16.6,1033.4,0.0,,0,0,13.875
2024-02-01 03:00:00,,4.7,1.0,6.9,10.7,0.0,4.1,29.9,1033.3,4.4,1.3,80.0,0.0,7.2,21.2,1032.7,0.0,,0,0,12.285714285714286
2024-02-01 04:00:00,,4.7,1.0,6.9,10.7,0.0,4.1,29.9,1033.3,3.6,1.1,84.0,0.0,3.6,14.8,1033.0,0.0,,0,0,12.0
2024-02-01 05:00:00,,4.7,1.0,6.9,10.7,0.0,4.1,29.9,1033.3,4.3,1.5,82.0,0.2,3.6,29.9,1033.3,0.0,,0,0,13.142857142857142
2024-02-01 06:00:00,,4.7,1.0,6.9,10.7,0.0,4.1,29.9,1033.3,4.1,1.5,83.0,0.0,3.6,28.8,1033.2,0.0,,0,0,15.0
2024-02-01 07:00:00,,4.7,1.0,6.9,10.7,0.0,4.1,29.9,1033.3,4.7,1.4,79.0,0.0,3.6,26.6,1032.4,0.0,,0,0,62.57142857142857
2024-02-01 08:00:00,,4.7,1.0,6.9,10.7,0.0,4.1,29.9,1033.3,4.6,1.3,79.0,0.0,3.6,26.6,1032.3,0.0,,0,0,142.0
2024-02-01 09:00:00,,4.7,1.0,6.9,10.7,0.0,4.1,29.9,1033.3,5.0,2.4,83.0,0.4,3.6,16.9,1033.0,0.0,,0,0,207.71428571428572
2024-02-01 10:00:00,,4.7,1.0,6.9,10.7,0.0,4.1,29.9,1033.3,6.9,4.2,83.0,0.5,7.2,17.6,1032.7,0.0,,0,0,242.85714285714286
2024-02-01 11:00:00,,4.7,1.0,6.9,10.7,0.0,4.1,29.9,1033.3,5.6,3.4,86.0,0.3,7.2,19.8,1033.3,0.0,,0,0,238.42857142857142
2024-02-01 12:00:00,,4.7,1.0,6.9,10.7,0.0,4.1,29.9,1033.3,5.1,4.4,95.0,1.2,0.0,16.9,1033.2,0.0,,0,0,206.0
2024-02-01 13:00:00,,4.7,1.0,6.9,10.7,0.0,4.1,29.9,1033.3,5.7,5.6,99.0,3.0,7.2,14.0,1032.5,0.0,,0,0,204.28571428571428
2024-02-01 14:00:00,,4.7,1.0,6.9,10.7,0.0,4.1,29.9,1033.3,6.2,5.3,94.0,1.5,7.2,16.9,1032.8,0.0,,0,0,205.28571428571428
2024-02-01 15:00:00,,4.7,1.0,6.9,10.7,0.0,4.1,29.9,1033.3,5.6,5.5,99.0,1.0,3.6,20.2,1033.1,0.0,,0,0,218.0
2024-02-01 16:00:00,,4.7,1.0,6.9,10.7,0.0,4.1,29.9,1033.3,5.5,5.4,99.0,0.1,3.6,17.3,1033.2,0.0,,0,0,182.57142857142858
2024-02-01 17:00:00,,4.7,1.0,6.9,10.7,0.0,4.1,29.9,1033.3,5.7,5.6,99.0,0.5,3.6,23.4,1033.2,0.0,,0,0,173.875
2024-02-01 18:00:00,,4.7,1.0,6.9,10.7,0.0,4.1,29.9,1033.3,5.9,5.9,100.0,0.6,3.6,22.7,1033.6,0.0,,0,0,221.0
2024-02-01 19:00:00,,4.7,1.0,6.9,10.7,0.0,4.1,29.9,1033.3,6.1,6.0,99.0,0.5,3.6,17.3,1033.9,0.0,,0,0,225.42857142857142
2024-02-01 20:00:00,,4.7,1.0,6.9,10.7,0.0,4.1,29.9,1033.3,5.8,5.7,99.0,0.1,0.0,22.7,1034.2,0.0,,0,0,189.14285714285714
2024-02-01 21:00:00,,4.7,1.0,6.9,10.7,0.0,4.1,29.9,1033.3,6.0,5.9,99.0,0.5,3.6,23.0,1034.2,0.0,,0,0,143.0
2024-02-01 22:00:00,,4.7,1.0,6.9,10.7,0.0,4.1,29.9,1033.3,5.9,5.8,99.0,0.3,3.6,17.6,1034.1,0.0,,0,0,75.125
2024-02-01 23:00:00,,4.7,1.0,6.9,10.7,0.0,4.1,29.9,1033.3,5.9,5.8,99.0,0.3,3.6,14.4,1034.4,0.0,,0,0,39.857142857142854
2024-02-02 00:00:00,,6.6,4.4,10.2,1.8,0.0,3.5,35.3,1034.7,5.6,5.5,99.0,0.0,0.0,10.8,1034.3,0.0,,0,0,23.428571428571427
2024-02-02 01:00:00,,6.6,4.4,10.2,1.8,0.0,3.5,35.3,1034.7,5.7,5.7,100.0,1.0,3.6,16.2,1034.6,0.0,,0,0,20.0
2024-02-02 02:00:00,,6.6,4.4,10.2,1.8,0.0,3.5,35.3,1034.7,5.6,5.5,99.0,0.1,3.6,14.8,1034.9,0.0,,0,0,13.714285714285714
2024-02-02 03:00:00,,6.6,4.4,10.2,1.8,0.0,3.5,35.3,1034.7,5.4,5.3,99.0,0.1,3.6,18.0,1034.6,0.0,,0,0,13.0
2024-02-02 04:00:00,,6.6,4.4,10.2,1.8,0.0,3.5,35.3,1034.7,4.9,4.8,99.0,0.1,3.6,18.0,1034.3,0.0,,0,0,13.0
2024-02-02 05:00:00,,6.6,4.4,10.2,1.8,0.0,3.5,35.3,1034.7,5.3,5.3,100.0,0.2,3.6,19.1,1034.8,0.0,,0,0,13.0
2024-02-02 06:00:00,,6.6,4.4,10.2,1.8,0.0,3.5,35.3,1034.7,5.6,5.5,99.0,0.0,3.6,19.8,1034.9,0.0,,0,0,14.714285714285714
2024-02-02 07:00:00,,6.6,4.4,10.2,1.8,0.0,3.5,35.3,1034.7,4.9,4.8,99.0,0.0,3.6,21.2,1035.6,0.0,,0,0,57.25
2024-02-02 08:00:00,,6.6,4.4,10.2,1.8,0.0,3.5,35.3,1034.7,5.2,5.2,100.0,0.0,0.0,15.8,1036.3,0.0,,0,0,133.0
2024-02-02 09:00:00,,6.6,4.4,10.2,1.8,0.0,3.5,35.3,1034.7,5.6,4.9,95.0,0.0,4.7,10.4,1036.3,0.0,,0,0,200.42857142857142
2024-02-02 10:00:00,,6.6,4.4,10.2,1.8,0.0,3.5,35.3,1034.7,6.7,6.0,95.0,0.0,3.6,18.4,1036.2,0.0,,0,0,228.0
2024-02-02 11:00:00,,6.6,4.4,10.2,1.8,0.0,3.5,35.3,1034.7,6.9,5.8,93.0,0.0,3.6,24.8,1035.8,0.0,,0,0,226.0
2024-02-02 12:00:00,,6.6,4.4,10.2,1.8,0.0,3.5,35.3,1034.7,7.8,6.3,90.0,0.0,7.2,24.5,1035.1,0.0,,0,0,198.83333333333334
2024-02-02 13:00:00,,6.6,4.4,10.2,1.8,0.0,3.5,35.3,1034.7,9.1,6.0,81.0,0.0,3.6,22.3,1034.4,31.0,,0,0,215.0
2024-02-02 14:00:00,,6.6,4.4,10.2,1.8,0.0,3.5,35.3,1034.7,10.2,6.2,76.0,0.0,7.2,21.6,1033.8,57.0,,0,0,235.0
2024-02-02 15:00:00,,6.6,4.4,10.2,1.8,0.0,3.5,35.3,1034.7,10.1,5.3,72.0,0.0,3.6,16.6,1033.8,21.0,,0,0,244.57142857142858
2024-02-02 16:00:00,,6.6,4.4,10.2,1.8,0.0,3.5,35.3,1034.7,9.5,3.5,66.0,0.0,7.2,19.1,1033.7,0.0,,0,0,186.0
2024-02-02 17:00:00,,6.6,4.4,10.2,1.8,0.0,3.5,35.3,1034.7,7.9,4.8,81.0,0.0,0.0,23.0,1034.0,0.0,,0,0,145.14285714285714
2024-02-02 18:00:00,,6.6,4.4,10.2,1.8,0.0,3.5,35.3,1034.7,6.4,4.6,88.0,0.0,0.0,15.8,1034.7,0.0,,0,0,149.0
2024-02-02 19:00:00,,6.6,4.4,10.2,1.8,0.0,3.5,35.3,1034.7,6.2,5.2,93.0,0.0,3.6,23.4,1034.5,0.0,,0,0,288.14285714285717
2024-02-02 20:00:00,,6.6,4.4,10.2,1.8,0.0,3.5,35.3,1034.7,6.7,4.4,85.0,0.0,3.6,32.4,1034.1,0.0,,0,0,293.0
2024-02-02 21:00:00,,6.6,4.4,10.2,1.8,0.0,3.5,35.3,1034.7,5.7,4.2,90.0,0.0,3.6,31.3,1034.2,0.0,,0,0,282.7142857142857
2024-02-02 22:00:00,,6.6,4.4,10.2,1.8,0.0,3.5,35.3,1034.7,4.4,3.1,91.0,0.0,3.6,35.3,1034.4,0.0,,0,0,268.7142857142857
2024-02-02 23:00:00,,6.6,4.4,10.2,1.8,0.0,3.5,35.3,1034.7,4.0,3.3,95.0,0.0,3.6,34.2,1034.3,0.0,,0,0,238.25
2024-02-03 00:00:00,,6.2,1.7,14.5,0.0,0.0,3.3,34.2,1031.6,3.8,2.5,91.0,0.0,0.0,31.3,1034.0,0.0,Narrenabende,0,0,130.14285714285714
2024-02-03 01:00:00,,6.2,1.7,14.5,0.0,0.0,3.3,34.2,1031.6,4.4,2.6,88.0,0.0,3.6,24.1,1033.5,0.0,Narrenabende,0,0,63.42857142857143
2024-02-03 02:00:00,,6.2,1.7,14.5,0.0,0.0,3.3,34.2,1031.6,3.1,1.8,91.0,0.0,3.6,22.3,1033.4,0.0,Narrenabende,0,0,29.571428571428573
2024-02-03 03:00:00,,6.2,1.7,14.5,0.0,0.0,3.3,34.2,1031.6,2.3,1.4,94.0,0.0,0.0,18.0,1032.8,0.0,Narrenabende,0,0,18.0
2024-02-03 04:00:00,,6.2,1.7,14.5,0.0,0.0,3.3,34.2,1031.6,2.7,1.7,93.0,0.0,0.0,19.4,1032.8,0.0,Narrenabende,0,0,14.666666666666666
2024-02-03 05:00:00,,6.2,1.7,14.5,0.0,0.0,3.3,34.2,1031.6,2.2,1.3,94.0,0.0,3.6,15.8,1032.8,0.0,Narrenabende,0,0,14.0
2024-02-03 06:00:00,,6.2,1.7,14.5,0.0,0.0,3.3,34.2,1031.6,2.3,1.4,94.0,0.0,3.6,10.1,1032.7,0.0,Narrenabende,0,0,14.714285714285714
2024-02-03 07:00:00,,6.2,1.7,14.5,0.0,0.0,3.3,34.2,1031.6,1.7,1.3,97.0,0.0,3.6,10.4,1033.1,0.0,Narrenabende,1,0,16.714285714285715
2024-02-03 08:00:00,,6.2,1.7,14.5,0.0,0.0,3.3,34.2,1031.6,3.2,2.8,97.0,0.0,3.6,17.3,1033.0,0.0,Narrenabende,1,0,63.142857142857146
2024-02-03 09:00:00,,6.2,1.7,14.5,0.0,0.0,3.3,34.2,1031.6,8.1,3.7,74.0,0.0,0.0,16.2,1031.9,58.0,Narrenabende,1,0,171.0
2024-02-03 10:00:00,,6.2,1.7,14.5,0.0,0.0,3.3,34.2,1031.6,9.1,2.9,65.0,0.0,3.6,19.1,1031.6,60.0,Narrenabende,1,0,355.875
2024-02-03 11:00:00,,6.2,1.7,14.5,0.0,0.0,3.3,34.2,1031.6,10.0,3.3,63.0,0.0,10.8,18.7,1031.0,60.0,Narrenabende,1,0,389.2857142857143
2024-02-03 12:00:00,,6.2,1.7,14.5,0.0,0.0,3.3,34.2,1031.6,11.7,4.4,61.0,0.0,0.0,15.8,1030.0,60.0,Narrenabende,1,0,317.14285714285717
2024-02-03 13:00:00,,6.2,1.7,14.5,0.0,0.0,3.3,34.2,1031.6,12.8,4.5,57.0,0.0,3.6,8.3,1029.4,60.0,Narrenabende,0,0,271.0
2024-02-03 14:00:00,,6.2,1.7,14.5,0.0,0.0,3.3,34.2,1031.6,13.8,2.4,46.0,0.0,7.2,10.1,1028.8,60.0,Narrenabende,0,0,267.5
2024-02-03 15:00:00,,6.2,1.7,14.5,0.0,0.0,3.3,34.2,1031.6,14.5,1.7,42.0,0.0,3.6,10.1,1028.5,60.0,Narrenabende,0,0,265.7142857142857
2024-02-03 16:00:00,,6.2,1.7,14.5,0.0,0.0,3.3,34.2,1031.6,7.5,4.8,83.0,0.0,7.6,8.6,1030.1,49.0,Narrenabende,0,0,221.28571428571428
2024-02-03 17:00:00,,6.2,1.7,14.5,0.0,0.0,3.3,34.2,1031.6,7.8,4.0,77.0,0.0,3.6,10.4,1029.6,0.0,Narrenabende,0,0,203.28571428571428
2024-02-03 18:00:00,,6.2,1.7,14.5,0.0,0.0,3.3,34.2,1031.6,6.4,3.9,84.0,0.0,3.6,11.2,1030.4,0.0,Narrenabende,0,0,224.0
2024-02-03 19:00:00,,6.2,1.7,14.5,0.0,0.0,3.3,34.2,1031.6,5.1,3.4,89.0,0.0,3.6,9.7,1030.9,0.0,Narrenabende,0,0,317.2857142857143
2024-02-03 20:00:00,,6.2,1.7,14.5,0.0,0.0,3.3,34.2,1031.6,4.5,2.4,86.0,0.0,3.6,12.2,1031.9,0.0,Narrenabende,0,0,371.25
2024-02-03 21:00:00,,6.2,1.7,14.5,0.0,0.0,3.3,34.2,1031.6,4.1,3.1,93.0,0.0,3.6,13.0,1031.4,0.0,Narrenabende,0,0,370.57142857142856
2024-02-03 22:00:00,,6.2,1.7,14.5,0.0,0.0,3.3,34.2,1031.6,2.7,2.1,96.0,0.0,0.0,8.6,1031.3,0.0,Narrenabende,0,0,360.0
2024-02-03 23:00:00,,6.2,1.7,14.5,0.0,0.0,3.3,34.2,1031.6,2.3,1.7,96.0,0.0,3.6,12.2,1030.9,0.0,Narrenabende,0,0,340.2857142857143
2024-02-04 00:00:00,,4.6,0.3,9.9,0.0,0.0,2.7,33.5,1030.8,2.0,1.4,96.0,0.0,3.6,15.5,1031.7,0.0,Kammerorchester Basel,0,0,248.875
2024-02-04 01:00:00,,4.6,0.3,9.9,0.0,0.0,2.7,33.5,1030.8,1.5,1.1,97.0,0.0,0.0,10.4,1032.6,0.0,Kammerorchester Basel,0,0,207.0
2024-02-04 02:00:00,,4.6,0.3,9.9,0.0,0.0,2.7,33.5,1030.8,1.3,1.2,99.0,0.0,3.6,8.6,1031.8,0.0,Kammerorchester Basel,0,0,168.5
2024-02-04 03:00:00,,4.6,0.3,9.9,0.0,0.0,2.7,33.5,1030.8,1.1,1.1,100.0,0.0,3.6,7.6,1032.1,0.0,Kammerorchester Basel,0,0,163.375
2024-02-04 04:00:00,,4.6,0.3,9.9,0.0,0.0,2.7,33.5,1030.8,0.3,0.2,99.0,0.0,3.6,10.1,1032.6,0.0,Kammerorchester Basel,0,0,161.0
2024-02-04 05:00:00,,4.6,0.3,9.9,0.0,0.0,2.7,33.5,1030.8,1.0,0.9,99.0,0.0,0.0,10.1,1032.7,0.0,Kammerorchester Basel,0,0,161.0
2024-02-04 06:00:00,,4.6,0.3,9.9,0.0,0.0,2.7,33.5,1030.8,2.1,2.0,99.0,0.0,3.6,10.8,1032.7,0.0,Kammerorchester Basel,0,0,161.28571428571428
2024-02-04 07:00:00,,4.6,0.3,9.9,0.0,0.0,2.7,33.5,1030.8,2.3,2.2,99.0,0.0,0.0,15.5,1032.9,0.0,Kammerorchester Basel,0,0,163.0
2024-02-04 08:00:00,,4.6,0.3,9.9,0.0,0.0,2.7,33.5,1030.8,3.3,3.2,99.0,0.0,3.6,7.9,1032.3,0.0,Kammerorchester Basel,0,0,164.42857142857142
2024-02-04 09:00:00,,4.6,0.3,9.9,0.0,0.0,2.7,33.5,1030.8,3.7,3.0,95.0,0.0,3.6,11.2,1032.1,10.0,Kammerorchester Basel,0,0,163.42857142857142
2024-02-04 10:00:00,,4.6,0.3,9.9,0.0,0.0,2.7,33.5,1030.8,5.4,3.6,88.0,0.0,3.6,12.6,1031.7,56.0,Kammerorchester Basel,0,0,165.28571428571428
2024-02-04 11:00:00,,4.6,0.3,9.9,0.0,0.0,2.7,33.5,1030.8,6.8,3.8,81.0,0.0,7.2,11.2,1031.1,59.0,Kammerorchester Basel,0,0,172.14285714285714
2024-02-04 12:00:00,,4.6,0.3,9.9,0.0,0.0,2.7,33.5,1030.8,8.1,3.9,75.0,0.0,0.0,12.6,1030.0,47.0,Kammerorchester Basel,0,0,179.85714285714286
2024-02-04 13:00:00,,4.6,0.3,9.9,0.0,0.0,2.7,33.5,1030.8,8.7,4.3,74.0,0.0,3.6,14.0,1029.6,12.0,Kammerorchester Basel,0,0,173.5
2024-02-04 14:00:00,,4.6,0.3,9.9,0.0,0.0,2.7,33.5,1030.8,9.6,4.8,72.0,0.0,3.6,11.2,1028.9,59.0,Kammerorchester Basel,0,0,168.42857142857142
2024-02-04 15:00:00,,4.6,0.3,9.9,0.0,0.0,2.7,33.5,1030.8,9.9,4.1,67.0,0.0,0.0,8.3,1028.5,46.0,Kammerorchester Basel,0,0,171.71428571428572
2024-02-04 16:00:00,,4.6,0.3,9.9,0.0,0.0,2.7,33.5,1030.8,9.5,4.3,70.0,0.0,3.6,7.6,1028.3,2.0,Kammerorchester Basel,0,0,177.57142857142858
2024-02-04 17:00:00,,4.6,0.3,9.9,0.0,0.0,2.7,33.5,1030.8,7.4,4.4,81.0,0.0,0.0,8.3,1029.3,0.0,Kammerorchester Basel,0,0,268.25
2024-02-04 18:00:00,,4.6,0.3,9.9,0.0,0.0,2.7,33.5,1030.8,6.6,4.6,87.0,0.0,3.6,11.5,1029.2,0.0,Kammerorchester Basel,0,0,351.14285714285717
2024-02-04 19:00:00,,4.6,0.3,9.9,0.0,0.0,2.7,33.5,1030.8,5.4,4.0,91.0,0.0,3.6,14.0,1029.5,0.0,Kammerorchester Basel,0,0,351.42857142857144
2024-02-04 20:00:00,,4.6,0.3,9.9,0.0,0.0,2.7,33.5,1030.8,4.9,3.7,92.0,0.0,0.0,20.2,1029.7,0.0,Kammerorchester Basel,0,0,234.14285714285714
2024-02-04 21:00:00,,4.6,0.3,9.9,0.0,0.0,2.7,33.5,1030.8,3.9,3.3,96.0,0.0,3.6,32.0,1029.7,0.0,Kammerorchester Basel,0,0,175.85714285714286
2024-02-04 22:00:00,,4.6,0.3,9.9,0.0,0.0,2.7,33.5,1030.8,3.6,2.9,95.0,0.0,3.6,33.5,1029.2,0.0,Kammerorchester Basel,0,0,156.375
2024-02-04 23:00:00,,4.6,0.3,9.9,0.0,0.0,2.7,33.5,1030.8,1.7,-0.6,85.0,0.0,5.0,22.2,1029.6,,Kammerorchester Basel,0,0,153.0
2024-02-05 00:00:00,,3.9,-0.4,10.3,0.0,0.0,2.4,30.2,1027.8,2.2,2.1,99.0,0.0,0.0,20.4,1029.2,,,0,0,152.0
2024-02-05 01:00:00,,3.9,-0.4,10.3,0.0,0.0,2.4,30.2,1027.8,2.2,2.1,99.0,0.0,0.0,20.4,1029.2,,,0,0,152.0
2024-02-05 02:00:00,,3.9,-0.4,10.3,0.0,0.0,2.4,30.2,1027.8,1.9,1.8,99.0,0.0,3.6,20.4,1029.3,,,0,0,152.0
2024-02-05 03:00:00,,3.9,-0.4,10.3,0.0,0.0,2.4,30.2,1027.8,1.1,1.0,99.0,0.0,3.6,22.2,1029.1,,,0,0,152.0
2024-02-05 04:00:00,,3.9,-0.4,10.3,0.0,0.0,2.4,30.2,1027.8,0.3,0.2,99.0,0.0,0.0,11.1,1029.6,,,0,0,152.0
2024-02-05 05:00:00,,3.9,-0.4,10.3,0.0,0.0,2.4,30.2,1027.8,0.3,0.2,99.0,0.0,3.6,14.8,1029.6,,,0,0,152.0
2024-02-05 06:00:00,,3.9,-0.4,10.3,0.0,0.0,2.4,30.2,1027.8,-0.4,-3.3,81.0,0.0,6.8,16.7,1029.3,,,0,0,153.28571428571428
2024-02-05 07:00:00,,3.9,-0.4,10.3,0.0,0.0,2.4,30.2,1027.8,0.1,0.0,99.0,0.0,0.0,10.4,1030.6,0.0,,0,0,85.85714285714286
2024-02-05 08:00:00,,3.9,-0.4,10.3,0.0,0.0,2.4,30.2,1027.8,0.0,0.0,100.0,0.0,0.0,7.9,1030.9,2.0,,0,0,108.875
2024-02-05 09:00:00,,3.9,-0.4,10.3,0.0,0.0,2.4,30.2,1027.8,2.7,2.7,100.0,0.0,0.0,9.0,1030.4,60.0,,0,0,158.28571428571428
2024-02-05 10:00:00,,3.9,-0.4,10.3,0.0,0.0,2.4,30.2,1027.8,6.4,4.4,87.0,0.0,0.0,6.5,1029.5,60.0,,0,0,184.71428571428572
2024-02-05 11:00:00,,3.9,-0.4,10.3,0.0,0.0,2.4,30.2,1027.8,7.5,4.4,81.0,0.0,3.6,7.9,1028.9,60.0,,0,0,178.85714285714286
2024-02-05 12:00:00,,3.9,-0.4,10.3,0.0,0.0,2.4,30.2,1027.8,8.1,4.1,76.0,0.0,3.6,10.1,1027.7,59.0,,0,0,159.42857142857142
2024-02-05 13:00:00,,3.9,-0.4,10.3,0.0,0.0,2.4,30.2,1027.8,8.3,4.1,75.0,0.0,7.2,8.6,1026.8,60.0,,0,0,162.85714285714286
2024-02-05 14:00:00,,3.9,-0.4,10.3,0.0,0.0,2.4,30.2,1027.8,9.2,4.2,71.0,0.0,0.0,8.3,1025.7,60.0,,0,0,191.125
2024-02-05 15:00:00,,3.9,-0.4,10.3,0.0,0.0,2.4,30.2,1027.8,10.3,4.9,69.0,0.0,0.0,5.8,1025.0,60.0,,0,0,195.85714285714286
2024-02-05 16:00:00,,3.9,-0.4,10.3,0.0,0.0,2.4,30.2,1027.8,8.9,4.9,76.0,0.0,3.6,4.3,1024.7,27.0,,0,0,151.85714285714286
2024-02-05 17:00:00,,3.9,-0.4,10.3,0.0,0.0,2.4,30.2,1027.8,6.2,4.0,86.0,0.0,0.0,4.7,1025.2,4.0,,0,0,93.33333333333333
2024-02-05 18:00:00,,3.9,-0.4,10.3,0.0,0.0,2.4,30.2,1027.8,5.2,4.2,93.0,0.0,3.6,7.6,1025.4,0.0,,0,0,62.0
2024-02-05 19:00:00,,3.9,-0.4,10.3,0.0,0.0,2.4,30.2,1027.8,3.6,2.9,95.0,0.0,3.6,13.7,1025.6,0.0,,0,0,51.125
2024-02-05 20:00:00,,3.9,-0.4,10.3,0.0,0.0,2.4,30.2,1027.8,3.1,2.7,97.0,0.0,3.6,24.8,1025.5,0.0,,0,0,37.285714285714285
2024-02-05 21:00:00,,3.9,-0.4,10.3,0.0,0.0,2.4,30.2,1027.8,2.9,2.3,96.0,0.0,3.6,19.8,1025.4,0.0,,0,0,26.714285714285715
2024-02-05 22:00:00,,3.9,-0.4,10.3,0.0,0.0,2.4,30.2,1027.8,2.5,1.8,95.0,0.0,3.6,30.2,1024.9,0.0,,0,0,18.142857142857142
2024-02-05 23:00:00,,3.9,-0.4,10.3,0.0,0.0,2.4,30.2,1027.8,1.8,1.1,95.0,0.0,3.6,31.0,1024.6,0.0,,0,0,14.285714285714286
2024-02-06 00:00:00,,3.3,-0.6,8.5,0.0,0.0,2.9,33.8,1022.8,1.5,0.9,96.0,0.0,3.6,25.6,1024.6,0.0,,0,0,11.714285714285714
2024-02-06 01:00:00,,3.3,-0.6,8.5,0.0,0.0,2.9,33.8,1022.8,1.1,-4.0,69.0,0.0,9.0,28.1,1023.3,0.0,,0,0,12.0
2024-02-06 02:00:00,,3.3,-0.6,8.5,0.0,0.0,2.9,33.8,1022.8,1.0,0.4,96.0,0.0,0.0,33.8,1024.3,0.0,,0,0,12.0
2024-02-06 03:00:00,,3.3,-0.6,8.5,0.0,0.0,2.9,33.8,1022.8,1.1,0.4,95.0,0.0,3.6,32.0,1023.8,0.0,,0,0,12.0
2024-02-06 04:00:00,,3.3,-0.6,8.5,0.0,0.0,2.9,33.8,1022.8,0.5,-0.2,95.0,0.0,3.6,9.7,1023.5,0.0,,0,0,12.571428571428571
2024-02-06 05:00:00,,3.3,-0.6,8.5,0.0,0.0,2.9,33.8,1022.8,0.4,0.1,98.0,0.0,0.0,10.8,1023.8,0.0,,0,0,15.125
2024-02-06 06:00:00,,3.3,-0.6,8.5,0.0,0.0,2.9,33.8,1022.8,0.2,0.1,99.0,0.0,3.6,8.3,1023.6,0.0,,0,0,19.571428571428573
2024-02-06 07:00:00,,3.3,-0.6,8.5,0.0,0.0,2.9,33.8,1022.8,-0.6,-0.9,98.0,0.0,0.0,8.3,1023.9,0.0,,0,0,54.42857142857143
2024-02-06 08:00:00,,3.3,-0.6,8.5,0.0,0.0,2.9,33.8,1022.8,-0.1,-0.5,97.0,0.0,0.0,6.8,1024.3,0.0,,0,0,114.85714285714286
2024-02-06 09:00:00,,3.3,-0.6,8.5,0.0,0.0,2.9,33.8,1022.8,1.7,0.5,92.0,0.0,3.6,9.0,1024.6,60.0,,0,0,177.0
2024-02-06 10:00:00,,3.3,-0.6,8.5,0.0,0.0,2.9,33.8,1022.8,5.9,2.2,77.0,0.0,3.6,14.0,1023.5,60.0,,0,0,212.85714285714286
2024-02-06 11:00:00,,3.3,-0.6,8.5,0.0,0.0,2.9,33.8,1022.8,7.1,2.6,73.0,0.0,7.2,24.8,1023.5,60.0,,0,0,207.375
2024-02-06 12:00:00,,3.3,-0.6,8.5,0.0,0.0,2.9,33.8,1022.8,7.4,2.5,71.0,0.0,7.2,23.4,1022.9,60.0,,0,0,184.85714285714286
2024-02-06 13:00:00,,3.3,-0.6,8.5,0.0,0.0,2.9,33.8,1022.8,8.5,2.9,68.0,0.0,3.6,13.7,1021.6,60.0,,0,0,179.85714285714286
2024-02-06 14:00:00,,3.3,-0.6,8.5,0.0,0.0,2.9,33.8,1022.8,8.1,2.1,66.0,0.0,3.6,11.2,1021.0,60.0,,0,0,192.33333333333334
2024-02-06 15:00:00,,3.3,-0.6,8.5,0.0,0.0,2.9,33.8,1022.8,8.3,2.3,66.0,0.0,3.6,10.4,1020.6,60.0,,0,0,198.14285714285714
2024-02-06 16:00:00,,3.3,-0.6,8.5,0.0,0.0,2.9,33.8,1022.8,7.7,2.4,69.0,0.0,0.0,11.9,1020.2,49.0,,0,0,174.42857142857142
2024-02-06 17:00:00,,3.3,-0.6,8.5,0.0,0.0,2.9,33.8,1022.8,5.2,2.0,80.0,0.0,0.0,13.0,1020.7,0.0,,0,0,112.14285714285714
2024-02-06 18:00:00,,3.3,-0.6,8.5,0.0,0.0,2.9,33.8,1022.8,3.7,1.9,88.0,0.0,3.6,19.8,1021.5,0.0,,0,0,89.375
2024-02-06 19:00:00,,3.3,-0.6,8.5,0.0,0.0,2.9,33.8,1022.8,3.5,2.3,92.0,0.0,3.6,16.6,1021.6,0.0,,0,0,96.0
2024-02-06 20:00:00,,3.3,-0.6,8.5,0.0,0.0,2.9,33.8,1022.8,2.5,1.6,94.0,0.0,0.0,18.7,1021.4,0.0,,0,0,83.0
2024-02-06 21:00:00,,3.3,-0.6,8.5,0.0,0.0,2.9,33.8,1022.8,2.2,1.6,96.0,0.0,3.6,10.1,1022.0,0.0,,0,0,55.42857142857143
2024-02-06 22:00:00,,3.3,-0.6,8.5,0.0,0.0,2.9,33.8,1022.8,1.4,1.0,97.0,0.0,0.0,8.6,1022.0,0.0,,0,0,24.0
2024-02-06 23:00:00,,3.3,-0.6,8.5,0.0,0.0,2.9,33.8,1022.8,1.8,1.4,97.0,0.0,3.6,14.8,1021.4,0.0,,0,0,14.428571428571429
2024-02-07 00:00:00,,4.8,-0.3,9.8,0.1,0.0,3.6,42.1,1015.0,1.0,0.7,98.0,0.0,3.6,18.0,1021.5,0.0,,0,0,13.0
2024-02-07 01:00:00,,4.8,-0.3,9.8,0.1,0.0,3.6,42.1,1015.0,0.3,0.2,99.0,0.0,0.0,27.4,1021.1,0.0,,0,0,13.0
2024-02-07 02:00:00,,4.8,-0.3,9.8,0.1,0.0,3.6,42.1,1015.0,0.6,0.5,99.0,0.0,7.2,32.4,1020.2,0.0,,0,0,13.0
2024-02-07 03:00:00,,4.8,-0.3,9.8,0.1,0.0,3.6,42.1,1015.0,-0.3,-0.6,98.0,0.0,3.6,20.4,1019.8,,,0,0,13.0
2024-02-07 04:00:00,,4.8,-0.3,9.8,0.1,0.0,3.6,42.1,1015.0,0.7,0.3,97.0,0.0,3.6,20.4,1018.9,,,0,0,12.857142857142858
2024-02-07 05:00:00,,4.8,-0.3,9.8,0.1,0.0,3.6,42.1,1015.0,0.6,-0.1,95.0,0.0,7.2,42.1,1018.3,0.0,,0,0,12.0
2024-02-07 06:00:00,,4.8,-0.3,9.8,0.1,0.0,3.6,42.1,1015.0,0.7,0.3,97.0,0.0,7.2,40.7,1018.2,0.0,,0,0,14.571428571428571
2024-02-07 07:00:00,,4.8,-0.3,9.8,0.1,0.0,3.6,42.1,1015.0,1.2,0.5,95.0,0.0,0.0,32.8,1017.9,0.0,,1,0,54.142857142857146
2024-02-07 08:00:00,,4.8,-0.3,9.8,0.1,0.0,3.6,42.1,1015.0,1.9,0.9,93.0,0.0,0.0,29.9,1017.5,0.0,,1,0,122.28571428571429
2024-02-07 09:00:00,,4.8,-0.3,9.8,0.1,0.0,3.6,42.1,1015.0,3.3,0.9,84.0,0.0,3.6,31.3,1016.8,1.0,,1,0,206.625
2024-02-07 10:00:00,,4.8,-0.3,9.8,0.1,0.0,3.6,42.1,1015.0,5.4,1.3,75.0,0.0,3.6,31.7,1016.2,0.0,,1,0,281.7142857142857
2024-02-07 11:00:00,,4.8,-0.3,9.8,0.1,0.0,3.6,42.1,1015.0,7.0,1.5,68.0,0.0,3.6,31.3,1014.8,1.0,,1,0,287.42857142857144
2024-02-07 12:00:00,,4.8,-0.3,9.8,0.1,0.0,3.6,42.1,1015.0,9.0,2.1,62.0,0.0,3.6,25.9,1013.5,29.0,,1,0,235.57142857142858
2024-02-07 13:00:00,,4.8,-0.3,9.8,0.1,0.0,3.6,42.1,1015.0,9.8,1.4,56.0,0.0,7.2,28.8,1012.4,0.0,,0,0,196.875
2024-02-07 14:00:00,,4.8,-0.3,9.8,0.1,0.0,3.6,42.1,1015.0,9.7,1.6,57.0,0.0,3.6,16.9,1011.6,0.0,,0,0,198.57142857142858
2024-02-07 15:00:00,,4.8,-0.3,9.8,0.1,0.0,3.6,42.1,1015.0,9.7,2.3,60.0,0.0,3.6,17.3,1011.2,0.0,,0,0,204.57142857142858
2024-02-07 16:00:00,,4.8,-0.3,9.8,0.1,0.0,3.6,42.1,1015.0,9.4,3.1,65.0,0.0,3.6,17.6,1010.3,0.0,,0,0,153.14285714285714
2024-02-07 17:00:00,,4.8,-0.3,9.8,0.1,0.0,3.6,42.1,1015.0,8.2,3.5,72.0,0.0,3.6,9.4,1009.9,5.0,,0,0,119.14285714285714
2024-02-07 18:00:00,,4.8,-0.3,9.8,0.1,0.0,3.6,42.1,1015.0,7.6,3.6,76.0,0.0,3.6,18.4,1009.9,0.0,,0,0,110.57142857142857
2024-02-07 19:00:00,,4.8,-0.3,9.8,0.1,0.0,3.6,42.1,1015.0,7.1,3.9,80.0,0.0,3.6,16.2,1009.8,0.0,,0,0,116.375
2024-02-07 20:00:00,,4.8,-0.3,9.8,0.1,0.0,3.6,42.1,1015.0,6.9,3.0,76.0,0.0,0.0,11.2,1009.4,0.0,,0,0,116.0
2024-02-07 21:00:00,,4.8,-0.3,9.8,0.1,0.0,3.6,42.1,1015.0,6.6,3.9,83.0,0.0,3.6,11.2,1009.5,0.0,,0,0,85.85714285714286
2024-02-07 22:00:00,,4.8,-0.3,9.8,0.1,0.0,3.6,42.1,1015.0,7.2,4.8,85.0,0.1,3.6,12.6,1009.2,0.0,,0,0,69.71428571428571
2024-02-07 23:00:00,,4.8,-0.3,9.8,0.1,0.0,3.6,42.1,1015.0,5.7,4.7,93.0,0.4,3.6,15.5,1009.5,0.0,,0,0,53.375
2024-02-08 00:00:00,,7.9,5.7,11.4,2.7,0.0,2.7,37.1,1005.5,6.9,4.4,84.0,1.0,3.6,20.9,1009.6,0.0,,0,0,42.0
2024-02-08 01:00:00,,7.9,5.7,11.4,2.7,0.0,2.7,37.1,1005.5,6.5,5.0,90.0,0.1,0.0,28.4,1009.4,0.0,,0,0,28.142857142857142
2024-02-08 02:00:00,,7.9,5.7,11.4,2.7,0.0,2.7,37.1,1005.5,6.7,4.9,88.0,0.3,3.6,19.8,1009.2,0.0,,0,0,16.285714285714285
2024-02-08 03:00:00,,7.9,5.7,11.4,2.7,0.0,2.7,37.1,1005.5,6.1,5.5,96.0,0.0,3.6,25.2,1008.9,0.0,,0,0,14.142857142857142
2024-02-08 04:00:00,,7.9,5.7,11.4,2.7,0.0,2.7,37.1,1005.5,6.3,5.9,97.0,0.7,3.6,29.9,1009.0,0.0,,0,0,14.0
2024-02-08 05:00:00,,7.9,5.7,11.4,2.7,0.0,2.7,37.1,1005.5,6.8,5.6,92.0,0.0,3.6,24.8,1008.6,0.0,,0,0,13.857142857142858
2024-02-08 06:00:00,,7.9,5.7,11.4,2.7,0.0,2.7,37.1,1005.5,6.9,5.8,93.0,0.0,3.6,29.2,1008.0,0.0,,0,0,14.428571428571429
2024-02-08 07:00:00,,7.9,5.7,11.4,2.7,0.0,2.7,37.1,1005.5,6.4,5.8,96.0,0.0,3.6,36.0,1007.7,0.0,,0,0,55.875
2024-02-08 08:00:00,,7.9,5.7,11.4,2.7,0.0,2.7,37.1,1005.5,6.9,6.2,95.0,0.0,0.0,37.1,1007.5,0.0,,0,0,116.42857142857143
2024-02-08 09:00:00,,7.9,5.7,11.4,2.7,0.0,2.7,37.1,1005.5,7.7,6.5,92.0,0.0,0.0,33.5,1007.3,0.0,,0,0,164.42857142857142
2024-02-08 10:00:00,,7.9,5.7,11.4,2.7,0.0,2.7,37.1,1005.5,8.6,6.9,89.0,0.1,3.6,26.6,1006.9,0.0,,0,0,200.14285714285714
2024-02-08 11:00:00,,7.9,5.7,11.4,2.7,0.0,2.7,37.1,1005.5,9.4,5.9,79.0,0.0,3.6,23.0,1006.7,0.0,,0,0,216.0
2024-02-08 12:00:00,,7.9,5.7,11.4,2.7,0.0,2.7,37.1,1005.5,9.5,6.0,79.0,0.0,3.6,28.8,1006.0,0.0,,0,0,201.0
2024-02-08 13:00:00,,7.9,5.7,11.4,2.7,0.0,2.7,37.1,1005.5,9.8,7.0,83.0,0.1,7.2,13.0,1005.3,0.0,,0,0,198.25
2024-02-08 14:00:00,,7.9,5.7,11.4,2.7,0.0,2.7,37.1,1005.5,11.1,7.8,80.0,0.0,7.2,11.5,1004.2,0.0,,0,0,202.85714285714286
2024-02-08 15:00:00,,7.9,5.7,11.4,2.7,0.0,2.7,37.1,1005.5,11.4,9.3,87.0,0.0,0.0,11.5,1003.1,0.0,,0,0,198.57142857142858
2024-02-08 16:00:00,,7.9,5.7,11.4,2.7,0.0,2.7,37.1,1005.5,10.7,7.9,83.0,0.0,3.6,10.1,1002.6,0.0,,0,0,147.14285714285714
2024-02-08 17:00:00,,7.9,5.7,11.4,2.7,0.0,2.7,37.1,1005.5,9.2,7.6,90.0,0.0,0.0,18.0,1002.2,0.0,,0,0,98.75
2024-02-08 18:00:00,,7.9,5.7,11.4,2.7,0.0,2.7,37.1,1005.5,8.4,7.3,93.0,0.0,3.6,26.3,1001.3,0.0,,0,0,86.14285714285714
2024-02-08 19:00:00,,7.9,5.7,11.4,2.7,0.0,2.7,37.1,1005.5,7.7,6.9,95.0,0.0,0.0,29.2,1000.4,0.0,,0,0,89.14285714285714
2024-02-08 20:00:00,,7.9,5.7,11.4,2.7,0.0,2.7,37.1,1005.5,7.6,7.0,96.0,0.0,3.6,16.6,999.5,0.0,,0,0,78.57142857142857
2024-02-08 21:00:00,,7.9,5.7,11.4,2.7,0.0,2.7,37.1,1005.5,7.1,6.7,97.0,0.0,0.0,12.2,999.2,0.0,,0,0,50.142857142857146
2024-02-08 22:00:00,,7.9,5.7,11.4,2.7,0.0,2.7,37.1,1005.5,7.2,6.5,95.0,0.0,0.0,12.2,999.2,0.0,,0,0,29.857142857142858
2024-02-08 23:00:00,,7.9,5.7,11.4,2.7,0.0,2.7,37.1,1005.5,7.6,6.5,93.0,0.0,3.6,10.8,999.3,0.0,,0,0,20.875
2024-02-09 00:00:00,,8.5,6.6,12.1,0.7,0.0,3.2,13.7,994.3,7.9,6.5,91.0,0.0,3.6,11.2,998.1,0.0,,0,0,14.571428571428571
2024-02-09 01:00:00,,8.5,6.6,12.1,0.7,0.0,3.2,13.7,994.3,7.0,6.4,96.0,0.0,3.6,9.7,997.1,0.0,,0,0,12.428571428571429
2024-02-09 02:00:00,,8.5,6.6,12.1,0.7,0.0,3.2,13.7,994.3,6.7,6.0,95.0,0.0,0.0,5.0,996.8,0.0,,0,0,11.0
2024-02-09 03:00:00,,8.5,6.6,12.1,0.7,0.0,3.2,13.7,994.3,6.9,6.5,97.0,0.0,3.6,12.2,996.4,0.0,,0,0,11.0
2024-02-09 04:00:00,,8.5,6.6,12.1,0.7,0.0,3.2,13.7,994.3,7.6,6.2,91.0,0.0,7.2,8.6,996.8,0.0,,0,0,11.0
2024-02-09 05:00:00,,8.5,6.6,12.1,0.7,0.0,3.2,13.7,994.3,7.4,6.5,94.0,0.0,3.6,11.2,997.1,0.0,,0,0,10.285714285714286
2024-02-09 06:00:00,,8.5,6.6,12.1,0.7,0.0,3.2,13.7,994.3,7.4,6.3,93.0,0.0,0.0,9.4,996.4,0.0,,0,0,13.0
2024-02-09 07:00:00,,8.5,6.6,12.1,0.7,0.0,3.2,13.7,994.3,6.6,6.2,97.0,0.0,3.6,10.1,996.3,0.0,,0,0,48.714285714285715
2024-02-09 08:00:00,,8.5,6.6,12.1,0.7,0.0,3.2,13.7,994.3,7.0,6.3,95.0,0.0,3.6,8.3,996.4,0.0,,0,0,94.0
2024-02-09 09:00:00,,8.5,6.6,12.1,0.7,0.0,3.2,13.7,994.3,8.2,6.7,90.0,0.0,0.0,6.8,995.8,0.0,,0,0,159.625
2024-02-09 10:00:00,,8.5,6.6,12.1,0.7,0.0,3.2,13.7,994.3,9.4,7.3,87.0,0.0,0.0,6.1,995.0,0.0,,0,0,194.14285714285714
2024-02-09 11:00:00,,8.5,6.6,12.1,0.7,0.0,3.2,13.7,994.3,11.3,7.8,79.0,0.0,0.0,8.3,993.8,0.0,,0,0,184.14285714285714
2024-02-09 12:00:00,,8.5,6.6,12.1,0.7,0.0,3.2,13.7,994.3,12.1,8.2,77.0,0.0,7.2,10.4,993.3,0.0,,0,0,164.28571428571428
2024-02-09 13:00:00,,8.5,6.6,12.1,0.7,0.0,3.2,13.7,994.3,10.7,8.3,85.0,0.0,7.2,13.7,993.4,0.0,,0,0,165.0
2024-02-09 14:00:00,,8.5,6.6,12.1,0.7,0.0,3.2,13.7,994.3,10.5,8.3,86.0,0.0,3.6,8.6,992.8,0.0,,0,0,186.125
2024-02-09 15:00:00,,8.5,6.6,12.1,0.7,0.0,3.2,13.7,994.3,10.3,8.4,88.0,0.1,3.6,8.3,992.6,0.0,,0,0,187.71428571428572
2024-02-09 16:00:00,,8.5,6.6,12.1,0.7,0.0,3.2,13.7,994.3,9.9,8.3,90.0,0.2,3.6,7.6,991.6,0.0,,0,0,151.0
2024-02-09 17:00:00,,8.5,6.6,12.1,0.7,0.0,3.2,13.7,994.3,9.6,8.4,92.0,0.2,3.6,7.2,991.6,0.0,,0,0,133.28571428571428
2024-02-09 18:00:00,,8.5,6.6,12.1,0.7,0.0,3.2,13.7,994.3,9.0,8.1,94.0,0.2,3.6,13.7,991.4,0.0,,0,0,102.57142857142857
2024-02-09 19:00:00,,8.5,6.6,12.1,0.7,0.0,3.2,13.7,994.3,8.2,7.8,97.0,0.0,3.6,7.6,991.0,0.0,,0,0,99.125
2024-02-09 20:00:00,,8.5,6.6,12.1,0.7,0.0,3.2,13.7,994.3,8.1,7.8,98.0,0.0,0.0,6.5,990.5,0.0,,0,0,109.42857142857143
2024-02-09 21:00:00,,8.5,6.6,12.1,0.7,0.0,3.2,13.7,994.3,7.9,7.6,98.0,0.0,3.6,6.5,990.3,0.0,,0,0,118.0
2024-02-09 22:00:00,,8.5,6.6,12.1,0.7,0.0,3.2,13.7,994.3,7.5,7.1,97.0,0.0,3.6,10.4,990.2,0.0,,0,0,109.42857142857143
2024-02-09 23:00:00,,8.5,6.6,12.1,0.7,0.0,3.2,13.7,994.3,7.9,7.3,96.0,0.0,3.6,9.4,990.4,0.0,,0,0,91.71428571428571
2024-02-10 00:00:00,,8.8,4.2,15.1,0.0,0.0,3.0,28.4,987.4,7.9,7.3,96.0,0.0,7.2,12.2,991.6,0.0,,0,0,63.75
2024-02-10 01:00:00,,8.8,4.2,15.1,0.0,0.0,3.0,28.4,987.4,8.0,7.2,95.0,0.0,3.6,12.6,990.9,0.0,,0,0,43.142857142857146
2024-02-10 02:00:00,,8.8,4.2,15.1,0.0,0.0,3.0,28.4,987.4,7.4,6.8,96.0,0.0,0.0,10.4,990.8,0.0,,0,0,30.285714285714285
2024-02-10 03:00:00,,8.8,4.2,15.1,0.0,0.0,3.0,28.4,987.4,6.2,6.1,99.0,0.0,3.6,7.6,990.2,0.0,,0,0,21.428571428571427
2024-02-10 04:00:00,,8.8,4.2,15.1,0.0,0.0,3.0,28.4,987.4,5.2,5.1,99.0,0.0,0.0,8.6,990.0,0.0,,0,0,17.375
2024-02-10 05:00:00,,8.8,4.2,15.1,0.0,0.0,3.0,28.4,987.4,4.7,4.6,99.0,0.0,3.6,6.1,989.7,0.0,,0,0,17.0
2024-02-10 06:00:00,,8.8,4.2,15.1,0.0,0.0,3.0,28.4,987.4,4.2,4.2,100.0,0.0,0.0,4.7,989.4,0.0,,0,0,17.0
2024-02-10 07:00:00,,8.8,4.2,15.1,0.0,0.0,3.0,28.4,987.4,4.3,4.2,99.0,0.0,3.6,5.0,989.2,0.0,,1,0,20.571428571428573
2024-02-10 08:00:00,,8.8,4.2,15.1,0.0,0.0,3.0,28.4,987.4,5.6,5.2,97.0,0.0,3.6,7.6,989.6,0.0,,1,0,62.857142857142854
2024-02-10 09:00:00,,8.8,4.2,15.1,0.0,0.0,3.0,28.4,987.4,5.8,5.4,97.0,0.0,3.6,9.7,989.2,0.0,,1,0,206.25
2024-02-10 10:00:00,,8.8,4.2,15.1,0.0,0.0,3.0,28.4,987.4,7.7,6.3,91.0,0.0,0.0,10.1,987.8,6.0,,1,0,345.57142857142856
2024-02-10 11:00:00,,8.8,4.2,15.1,0.0,0.0,3.0,28.4,987.4,11.1,6.8,75.0,0.0,3.6,14.8,986.4,55.0,,1,0,355.0
2024-02-10 12:00:00,,8.8,4.2,15.1,0.0,0.0,3.0,28.4,987.4,13.8,7.1,64.0,0.0,3.6,28.4,984.9,27.0,,1,0,289.14285714285717
2024-02-10 13:00:00,,8.8,4.2,15.1,0.0,0.0,3.0,28.4,987.4,15.1,5.6,53.0,0.0,3.6,16.2,983.9,13.0,,0,0,207.57142857142858
2024-02-10 14:00:00,,8.8,4.2,15.1,0.0,0.0,3.0,28.4,987.4,14.4,6.7,60.0,0.0,3.6,20.5,983.0,0.0,,0,0,145.42857142857142
2024-02-10 15:00:00,,8.8,4.2,15.1,0.0,0.0,3.0,28.4,987.4,13.1,7.1,67.0,0.0,3.6,8.6,982.9,0.0,,0,0,120.75
2024-02-10 16:00:00,,8.8,4.2,15.1,0.0,0.0,3.0,28.4,987.4,12.1,6.4,68.0,0.0,3.6,13.0,983.2,0.0,,0,0,83.71428571428571
2024-02-10 17:00:00,,8.8,4.2,15.1,0.0,0.0,3.0,28.4,987.4,10.5,6.4,76.0,0.0,0.0,11.9,983.8,0.0,,0,0,58.57142857142857
2024-02-10 18:00:00,,8.8,4.2,15.1,0.0,0.0,3.0,28.4,987.4,9.8,6.3,79.0,0.0,3.6,11.5,984.3,0.0,,0,0,62.42857142857143
2024-02-10 19:00:00,,8.8,4.2,15.1,0.0,0.0,3.0,28.4,987.4,9.2,5.7,79.0,0.0,3.6,13.0,985.0,0.0,,0,0,90.42857142857143
2024-02-10 20:00:00,,8.8,4.2,15.1,0.0,0.0,3.0,28.4,987.4,9.0,7.0,87.0,0.0,3.6,11.5,985.8,0.0,,0,0,105.625
2024-02-10 21:00:00,,8.8,4.2,15.1,0.0,0.0,3.0,28.4,987.4,9.1,7.0,87.0,0.0,3.6,11.9,986.8,0.0,,0,0,104.57142857142857
2024-02-10 22:00:00,,8.8,4.2,15.1,0.0,0.0,3.0,28.4,987.4,9.6,7.2,85.0,0.0,3.6,19.1,987.7,0.0,,0,0,85.57142857142857
2024-02-10 23:00:00,,8.8,4.2,15.1,0.0,0.0,3.0,28.4,987.4,10.2,7.1,81.0,0.0,3.6,32.0,988.2,0.0,,0,0,74.71428571428571
2024-02-11 00:00:00,,7.1,5.3,10.2,10.4,0.0,4.4,32.8,996.6,9.6,7.4,86.0,0.1,3.6,23.4,989.4,0.0,,0,0,54.42857142857143
2024-02-11 01:00:00,,7.1,5.3,10.2,10.4,0.0,4.4,32.8,996.6,9.3,8.1,92.0,0.7,3.6,18.0,989.6,0.0,,0,0,31.375
2024-02-11 02:00:00,,7.1,5.3,10.2,10.4,0.0,4.4,32.8,996.6,8.3,7.2,93.0,3.0,7.2,32.8,991.2,0.0,,0,0,18.142857142857142
2024-02-11 03:00:00,,7.1,5.3,10.2,10.4,0.0,4.4,32.8,996.6,6.6,5.9,95.0,0.5,7.2,23.4,992.9,0.0,,0,0,11.285714285714286
2024-02-11 04:00:00,,7.1,5.3,10.2,10.4,0.0,4.4,32.8,996.6,5.8,5.2,96.0,3.0,3.6,15.1,994.0,0.0,,0,0,9.0
2024-02-11 05:00:00,,7.1,5.3,10.2,10.4,0.0,4.4,32.8,996.6,5.6,4.9,95.0,0.5,3.6,13.7,994.9,0.0,,0,0,9.0
2024-02-11 06:00:00,,7.1,5.3,10.2,10.4,0.0,4.4,32.8,996.6,6.0,3.8,86.0,0.6,3.6,23.0,995.5,0.0,,0,0,9.0
2024-02-11 07:00:00,,7.1,5.3,10.2,10.4,0.0,4.4,32.8,996.6,5.7,4.0,89.0,0.3,3.6,10.1,996.0,0.0,,0,0,9.428571428571429
2024-02-11 08:00:00,,7.1,5.3,10.2,10.4,0.0,4.4,32.8,996.6,5.3,4.6,95.0,0.4,3.6,18.7,997.0,0.0,,0,0,10.285714285714286
2024-02-11 09:00:00,,7.1,5.3,10.2,10.4,0.0,4.4,32.8,996.6,6.7,4.5,86.0,0.2,7.2,23.8,997.2,0.0,,0,0,11.0
2024-02-11 10:00:00,,7.1,5.3,10.2,10.4,0.0,4.4,32.8,996.6,6.0,5.0,93.0,0.1,7.2,18.7,997.7,0.0,,0,0,16.428571428571427
2024-02-11 11:00:00,,7.1,5.3,10.2,10.4,0.0,4.4,32.8,996.6,7.0,5.3,89.0,0.1,3.6,20.5,997.9,0.0,,0,0,17.5
2024-02-11 12:00:00,,7.1,5.3,10.2,10.4,0.0,4.4,32.8,996.6,7.5,5.6,88.0,0.3,3.6,18.4,997.9,0.0,,0,0,24.142857142857142
2024-02-11 13:00:00,,7.1,5.3,10.2,10.4,0.0,4.4,32.8,996.6,7.6,5.6,87.0,0.2,7.2,10.1,997.8,0.0,,0,0,36.0
2024-02-11 14:00:00,,7.1,5.3,10.2,10.4,0.0,4.4,32.8,996.6,7.9,5.0,82.0,0.1,3.6,11.9,997.7,0.0,,0,0,117.0
2024-02-11 15:00:00,,7.1,5.3,10.2,10.4,0.0,4.4,32.8,996.6,8.1,4.9,80.0,0.1,7.2,16.2,998.0,0.0,,0,0,135.28571428571428
2024-02-11 16:00:00,,7.1,5.3,10.2,10.4,0.0,4.4,32.8,996.6,8.0,4.8,80.0,0.2,3.6,19.4,998.5,0.0,,0,0,105.625
2024-02-11 17:00:00,,7.1,5.3,10.2,10.4,0.0,4.4,32.8,996.6,7.3,5.4,88.0,0.0,3.6,20.2,999.3,0.0,,0,0,50.57142857142857
2024-02-11 18:00:00,,7.1,5.3,10.2,10.4,0.0,4.4,32.8,996.6,6.8,5.4,91.0,0.0,3.6,18.0,1000.6,0.0,,0,0,39.714285714285715
2024-02-11 19:00:00,,7.1,5.3,10.2,10.4,0.0,4.4,32.8,996.6,5.7,5.3,97.0,0.0,0.0,10.4,1001.3,0.0,,0,0,36.42857142857143
2024-02-11 20:00:00,,7.1,5.3,10.2,10.4,0.0,4.4,32.8,996.6,6.8,4.6,86.0,0.0,3.6,18.0,1001.6,0.0,,0,0,31.142857142857142
2024-02-11 21:00:00,,7.1,5.3,10.2,10.4,0.0,4.4,32.8,996.6,6.9,4.0,82.0,0.0,3.6,16.2,1002.4,0.0,,0,0,15.375
2024-02-11 22:00:00,,7.1,5.3,10.2,10.4,0.0,4.4,32.8,996.6,6.0,4.2,88.0,0.0,3.6,9.4,1002.8,0.0,,0,0,10.428571428571429
2024-02-11 23:00:00,,7.1,5.3,10.2,10.4,0.0,4.4,32.8,996.6,5.8,4.1,89.0,0.0,0.0,19.1,1003.1,0.0,,0,0,8.285714285714286
2024-02-12 00:00:00,,6.6,3.8,9.0,10.7,0.0,3.2,22.2,1007.5,5.8,4.6,92.0,0.0,3.6,15.1,1003.3,0.0,,0,0,8.0
2024-02-12 01:00:00,,6.6,3.8,9.0,10.7,0.0,3.2,22.2,1007.5,5.5,4.5,93.0,0.5,3.6,17.3,1003.7,0.0,,0,0,8.0
2024-02-12 02:00:00,,6.6,3.8,9.0,10.7,0.0,3.2,22.2,1007.5,6.4,4.2,86.0,0.1,3.6,19.1,1003.5,0.0,,0,0,8.0
2024-02-12 03:00:00,,6.6,3.8,9.0,10.7,0.0,3.2,22.2,1007.5,5.6,4.2,91.0,0.2,3.6,22.2,1003.8,,,0,0,8.0
2024-02-12 04:00:00,,6.6,3.8,9.0,10.7,0.0,3.2,22.2,1007.5,5.4,4.4,93.0,1.5,0.0,18.5,1004.1,,,0,0,8.0
2024-02-12 05:00:00,,6.6,3.8,9.0,10.7,0.0,3.2,22.2,1007.5,5.6,4.4,92.0,1.1,3.6,10.4,1004.8,0.0,,0,0,8.0
2024-02-12 06:00:00,,6.6,3.8,9.0,10.7,0.0,3.2,22.2,1007.5,6.2,4.4,88.0,1.5,3.6,9.7,1004.9,0.0,,0,0,11.0
2024-02-12 07:00:00,,6.6,3.8,9.0,10.7,0.0,3.2,22.2,1007.5,5.8,4.8,93.0,1.4,0.0,11.2,1005.6,0.0,,0,0,62.75
2024-02-12 08:00:00,,6.6,3.8,9.0,10.7,0.0,3.2,22.2,1007.5,5.6,4.9,95.0,0.1,0.0,9.0,1006.3,0.0,,0,0,148.28571428571428
2024-02-12 09:00:00,,6.6,3.8,9.0,10.7,0.0,3.2,22.2,1007.5,6.6,5.1,90.0,0.2,3.6,10.4,1006.6,0.0,,0,0,216.85714285714286
2024-02-12 10:00:00,,6.6,3.8,9.0,10.7,0.0,3.2,22.2,1007.5,7.4,4.9,84.0,0.0,0.0,8.6,1006.9,0.0,,0,0,287.42857142857144
2024-02-12 11:00:00,,6.6,3.8,9.0,10.7,0.0,3.2,22.2,1007.5,8.1,4.7,79.0,0.0,3.6,7.2,1006.8,0.0,,0,0,235.14285714285714
2024-02-12 12:00:00,,6.6,3.8,9.0,10.7,0.0,3.2,22.2,1007.5,9.0,3.4,68.0,0.2,3.6,10.1,1006.4,4.0,,0,0,190.625
2024-02-12 13:00:00,,6.6,3.8,9.0,10.7,0.0,3.2,22.2,1007.5,8.8,4.0,72.0,0.3,7.2,11.2,1006.6,2.0,,0,0,196.28571428571428
2024-02-12 14:00:00,,6.6,3.8,9.0,10.7,0.0,3.2,22.2,1007.5,7.8,4.6,80.0,0.2,3.6,7.6,1007.1,0.0,,0,0,211.85714285714286
2024-02-12 15:00:00,,6.6,3.8,9.0,10.7,0.0,3.2,22.2,1007.5,8.1,3.9,75.0,0.0,3.6,7.2,1007.9,0.0,,0,0,205.42857142857142
2024-02-12 16:00:00,,6.6,3.8,9.0,10.7,0.0,3.2,22.2,1007.5,8.3,3.9,74.0,0.0,0.0,7.2,1008.7,0.0,,0,0,186.28571428571428
2024-02-12 17:00:00,,6.6,3.8,9.0,10.7,0.0,3.2,22.2,1007.5,7.0,3.4,78.0,0.2,7.2,19.1,1010.0,0.0,,0,0,129.5
2024-02-12 18:00:00,,6.6,3.8,9.0,10.7,0.0,3.2,22.2,1007.5,7.0,3.4,78.0,0.9,7.2,14.0,1011.1,0.0,,0,0,105.0
2024-02-12 19:00:00,,6.6,3.8,9.0,10.7,0.0,3.2,22.2,1007.5,4.4,3.7,95.0,0.9,3.6,12.6,1013.4,0.0,,0,0,120.0
2024-02-12 20:00:00,,6.6,3.8,9.0,10.7,0.0,3.2,22.2,1007.5,3.8,3.1,95.0,1.1,5.4,9.0,1014.4,0.0,,0,0,123.14285714285714
2024-02-12 21:00:00,,6.6,3.8,9.0,10.7,0.0,3.2,22.2,1007.5,6.7,4.4,85.0,0.3,3.6,6.8,1014.6,0.0,,0,0,114.28571428571429
2024-02-12 22:00:00,,6.6,3.8,9.0,10.7,0.0,3.2,22.2,1007.5,6.8,3.8,81.0,0.0,3.6,8.3,1015.2,0.0,,0,0,99.375
2024-02-12 23:00:00,,6.6,3.8,9.0,10.7,0.0,3.2,22.2,1007.5,6.0,4.0,87.0,0.5,3.6,9.0,1016.1,0.0,,0,0,80.28571428571429
2024-02-13 00:00:00,,5.8,-0.2,10.1,3.0,0.0,4.6,17.6,1020.7,5.3,3.6,89.0,0.4,0.0,7.2,1017.3,0.0,,0,0,61.285714285714285
2024-02-13 01:00:00,,5.8,-0.2,10.1,3.0,0.0,4.6,17.6,1020.7,5.4,4.0,91.0,0.0,0.0,7.2,1018.0,0.0,,0,0,36.285714285714285
2024-02-13 02:00:00,,5.8,-0.2,10.1,3.0,0.0,4.6,17.6,1020.7,5.9,3.7,86.0,0.1,3.6,9.0,1018.7,0.0,,0,0,23.285714285714285
2024-02-13 03:00:00,,5.8,-0.2,10.1,3.0,0.0,4.6,17.6,1020.7,5.7,3.0,83.0,0.6,3.6,9.3,1019.2,,,0,0,13.625
2024-02-13 04:00:00,,5.8,-0.2,10.1,3.0,0.0,4.6,17.6,1020.7,5.1,3.8,91.0,0.2,3.6,16.7,1020.2,,,0,0,13.0
2024-02-13 05:00:00,,5.8,-0.2,10.1,3.0,0.0,4.6,17.6,1020.7,5.3,4.4,94.0,0.4,3.6,8.6,1020.6,0.0,,0,0,12.714285714285714
2024-02-13 06:00:00,,5.8,-0.2,10.1,3.0,0.0,4.6,17.6,1020.7,4.9,4.0,94.0,0.5,3.6,6.8,1020.7,0.0,,0,0,16.142857142857142
2024-02-13 07:00:00,,5.8,-0.2,10.1,3.0,0.0,4.6,17.6,1020.7,4.2,3.9,98.0,0.3,3.6,8.3,1021.4,0.0,,0,0,58.0
2024-02-13 08:00:00,,5.8,-0.2,10.1,3.0,0.0,4.6,17.6,1020.7,4.7,4.4,98.0,0.0,3.6,9.0,1021.8,13.0,,0,0,141.125
2024-02-13 09:00:00,,5.8,-0.2,10.1,3.0,0.0,4.6,17.6,1020.7,7.5,3.4,75.0,0.0,3.6,7.2,1021.5,60.0,,0,0,194.0
2024-02-13 10:00:00,,5.8,-0.2,10.1,3.0,0.0,4.6,17.6,1020.7,8.4,3.8,73.0,0.0,0.0,17.6,1021.5,60.0,,0,0,217.71428571428572
2024-02-13 11:00:00,,5.8,-0.2,10.1,3.0,0.0,4.6,17.6,1020.7,9.2,4.0,70.0,0.0,3.6,12.2,1021.3,56.0,,0,0,203.42857142857142
2024-02-13 12:00:00,,5.8,-0.2,10.1,3.0,0.0,4.6,17.6,1020.7,9.8,3.5,65.0,0.0,3.6,11.2,1021.1,59.0,,0,0,130.71428571428572
2024-02-13 13:00:00,,5.8,-0.2,10.1,3.0,0.0,4.6,17.6,1020.7,10.0,2.8,61.0,0.0,7.2,11.5,1021.0,59.0,,0,0,105.75
2024-02-13 14:00:00,,5.8,-0.2,10.1,3.0,0.0,4.6,17.6,1020.7,10.0,1.9,57.0,0.0,7.2,12.6,1020.6,60.0,,0,0,98.0
2024-02-13 15:00:00,,5.8,-0.2,10.1,3.0,0.0,4.6,17.6,1020.7,10.1,1.5,55.0,0.0,7.2,10.4,1020.7,60.0,,0,0,92.71428571428571
2024-02-13 16:00:00,,5.8,-0.2,10.1,3.0,0.0,4.6,17.6,1020.7,9.8,1.9,58.0,0.0,3.6,6.8,1020.6,60.0,,0,0,78.14285714285714
2024-02-13 17:00:00,,5.8,-0.2,10.1,3.0,0.0,4.6,17.6,1020.7,6.4,1.7,72.0,0.0,5.0,6.1,1022.1,20.0,,0,0,59.142857142857146
2024-02-13 18:00:00,,5.8,-0.2,10.1,3.0,0.0,4.6,17.6,1020.7,2.5,-0.1,83.0,0.0,5.8,9.0,1022.7,0.0,,0,0,52.0
2024-02-13 19:00:00,,5.8,-0.2,10.1,3.0,0.0,4.6,17.6,1020.7,2.0,-1.1,80.0,0.0,7.2,8.3,1022.6,0.0,,0,0,54.857142857142854
2024-02-13 20:00:00,,5.8,-0.2,10.1,3.0,0.0,4.6,17.6,1020.7,0.6,-2.1,82.0,0.0,7.9,7.6,1022.4,0.0,,0,0,53.142857142857146
2024-02-13 21:00:00,,5.8,-0.2,10.1,3.0,0.0,4.6,17.6,1020.7,-0.2,-3.1,81.0,0.0,9.4,16.6,1022.5,0.0,,0,0,37.42857142857143
2024-02-13 22:00:00,,5.8,-0.2,10.1,3.0,0.0,4.6,17.6,1020.7,-0.1,-3.5,78.0,0.0,10.1,14.0,1022.7,0.0,,0,0,23.571428571428573
2024-02-13 23:00:00,,5.8,-0.2,10.1,3.0,0.0,4.6,17.6,1020.7,-0.1,-4.2,74.0,0.0,10.4,11.2,1023.1,0.0,,0,0,14.875
2024-02-14 00:00:00,,6.1,-0.1,13.3,0.0,0.0,6.1,37.4,1024.3,0.4,-4.1,72.0,0.0,10.8,23.4,1023.7,0.0,,0,0,12.142857142857142
2024-02-14 01:00:00,,6.1,-0.1,13.3,0.0,0.0,6.1,37.4,1024.3,0.7,-4.9,66.0,0.0,10.8,36.0,1023.8,0.0,,0,0,12.0
2024-02-14 02:00:00,,6.1,-0.1,13.3,0.0,0.0,6.1,37.4,1024.3,1.2,-5.3,62.0,0.0,9.7,34.2,1024.1,0.0,,0,0,12.0
2024-02-14 03:00:00,,6.1,-0.1,13.3,0.0,0.0,6.1,37.4,1024.3,0.6,-5.6,63.0,0.0,9.4,18.5,1024.1,,,0,0,12.0
2024-02-14 04:00:00,,6.1,-0.1,13.3,0.0,0.0,6.1,37.4,1024.3,0.5,-5.7,63.0,0.0,9.4,27.8,1024.5,,,0,0,11.75
2024-02-14 05:00:00,,6.1,-0.1,13.3,0.0,0.0,6.1,37.4,1024.3,1.4,-5.5,60.0,0.0,9.7,32.8,1024.6,0.0,,0,0,11.0
2024-02-14 06:00:00,,6.1,-0.1,13.3,0.0,0.0,6.1,37.4,1024.3,3.2,-5.5,53.0,0.0,9.4,27.4,1024.9,0.0,,0,0,15.428571428571429
2024-02-14 07:00:00,,6.1,-0.1,13.3,0.0,0.0,6.1,37.4,1024.3,3.6,-4.6,55.0,0.0,9.7,33.1,1025.2,0.0,,1,0,62.714285714285715
2024-02-14 08:00:00,,6.1,-0.1,13.3,0.0,0.0,6.1,37.4,1024.3,4.8,-2.5,59.0,0.0,9.7,28.4,1025.7,0.0,,1,0,143.28571428571428
2024-02-14 09:00:00,,6.1,-0.1,13.3,0.0,0.0,6.1,37.4,1024.3,8.5,0.0,55.0,0.0,8.3,34.9,1025.2,4.0,,1,0,241.375
2024-02-14 10:00:00,,6.1,-0.1,13.3,0.0,0.0,6.1,37.4,1024.3,7.7,-0.8,55.0,0.0,3.6,37.4,1025.1,0.0,,1,0,304.2857142857143
2024-02-14 11:00:00,,6.1,-0.1,13.3,0.0,0.0,6.1,37.4,1024.3,9.2,-0.4,51.0,0.0,3.6,29.2,1024.9,0.0,,1,0,265.5
2024-02-14 12:00:00,,6.1,-0.1,13.3,0.0,0.0,6.1,37.4,1024.3,10.6,-0.9,45.0,0.0,0.0,29.5,1024.4,13.0,,1,0,223.14285714285714
2024-02-14 13:00:00,,6.1,-0.1,13.3,0.0,0.0,6.1,37.4,1024.3,12.3,-2.7,35.0,0.0,3.6,17.3,1023.7,11.0,,0,0,212.71428571428572
2024-02-14 14:00:00,,6.1,-0.1,13.3,0.0,0.0,6.1,37.4,1024.3,12.9,-2.2,35.0,0.0,7.2,9.0,1023.6,35.0,,0,0,228.25
2024-02-14 15:00:00,,6.1,-0.1,13.3,0.0,0.0,6.1,37.4,1024.3,13.3,2.8,49.0,0.0,3.6,7.9,1023.6,23.0,,0,0,224.71428571428572
2024-02-14 16:00:00,,6.1,-0.1,13.3,0.0,0.0,6.1,37.4,1024.3,11.7,1.9,51.0,0.0,0.0,7.9,1023.3,23.0,,0,0,181.85714285714286
2024-02-14 17:00:00,,6.1,-0.1,13.3,0.0,0.0,6.1,37.4,1024.3,9.9,3.4,64.0,0.0,3.6,9.0,1023.8,0.0,,0,0,132.71428571428572
2024-02-14 18:00:00,,6.1,-0.1,13.3,0.0,0.0,6.1,37.4,1024.3,8.3,2.9,69.0,0.0,0.0,11.2,1024.4,0.0,,0,0,94.28571428571429
2024-02-14 19:00:00,,6.1,-0.1,13.3,0.0,0.0,6.1,37.4,1024.3,6.9,3.3,78.0,0.0,3.6,9.0,1024.7,0.0,,0,0,81.57142857142857
2024-02-14 20:00:00,,6.1,-0.1,13.3,0.0,0.0,6.1,37.4,1024.3,6.7,3.7,81.0,0.0,3.6,9.7,1024.8,0.0,,0,0,67.28571428571429
2024-02-14 21:00:00,,6.1,-0.1,13.3,0.0,0.0,6.1,37.4,1024.3,6.6,3.7,82.0,0.0,3.6,12.6,1024.5,0.0,,0,0,50.285714285714285
2024-02-14 22:00:00,,6.1,-0.1,13.3,0.0,0.0,6.1,37.4,1024.3,6.3,4.1,86.0,0.0,3.6,13.7,1024.2,0.0,,0,0,38.714285714285715
2024-02-14 23:00:00,,6.1,-0.1,13.3,0.0,0.0,6.1,37.4,1024.3,6.8,3.6,80.0,0.0,3.6,13.7,1023.9,0.0,,0,0,26.571428571428573
2024-02-15 00:00:00,,7.8,2.3,13.2,0.0,0.0,3.7,22.7,1020.7,6.5,4.2,85.0,0.0,0.0,15.5,1023.9,0.0,,0,0,20.5
2024-02-15 01:00:00,,7.8,2.3,13.2,0.0,0.0,3.7,22.7,1020.7,5.8,4.0,88.0,0.0,0.0,22.7,1024.2,0.0,,0,0,15.142857142857142
2024-02-15 02:00:00,,7.8,2.3,13.2,0.0,0.0,3.7,22.7,1020.7,5.7,3.5,86.0,0.0,3.6,19.8,1024.1,0.0,,0,0,11.142857142857142
2024-02-15 03:00:00,,7.8,2.3,13.2,0.0,0.0,3.7,22.7,1020.7,4.6,3.3,91.0,0.0,3.6,16.7,1024.0,,,0,0,11.0
2024-02-15 04:00:00,,7.8,2.3,13.2,0.0,0.0,3.7,22.7,1020.7,3.8,2.5,91.0,0.0,3.6,16.7,1024.1,,,0,0,11.0
2024-02-15 05:00:00,,7.8,2.3,13.2,0.0,0.0,3.7,22.7,1020.7,2.9,1.6,91.0,0.0,3.6,16.7,1024.2,,,0,0,11.375
2024-02-15 06:00:00,,7.8,2.3,13.2,0.0,0.0,3.7,22.7,1020.7,2.4,1.2,92.0,0.0,3.6,16.7,1024.1,,,0,0,14.857142857142858
2024-02-15 07:00:00,,7.8,2.3,13.2,0.0,0.0,3.7,22.7,1020.7,2.3,1.4,94.0,0.0,0.0,9.7,1024.2,0.0,,0,0,49.142857142857146
2024-02-15 08:00:00,,7.8,2.3,13.2,0.0,0.0,3.7,22.7,1020.7,4.5,2.8,89.0,0.0,3.6,11.2,1023.6,30.0,,0,0,122.14285714285714
2024-02-15 09:00:00,,7.8,2.3,13.2,0.0,0.0,3.7,22.7,1020.7,9.3,3.1,65.0,0.0,3.6,7.9,1021.8,60.0,,0,0,179.5
2024-02-15 10:00:00,,7.8,2.3,13.2,0.0,0.0,3.7,22.7,1020.7,11.3,3.1,57.0,0.0,3.6,7.6,1020.6,60.0,,0,0,217.42857142857142
2024-02-15 11:00:00,,7.8,2.3,13.2,0.0,0.0,3.7,22.7,1020.7,13.2,3.3,51.0,0.0,3.6,6.8,1019.5,60.0,,0,0,209.71428571428572
2024-02-15 12:00:00,,7.8,2.3,13.2,0.0,0.0,3.7,22.7,1020.7,13.2,6.5,64.0,0.0,7.2,14.0,1018.8,51.0,,0,0,179.42857142857142
2024-02-15 13:00:00,,7.8,2.3,13.2,0.0,0.0,3.7,22.7,1020.7,11.2,5.1,66.0,0.0,7.2,14.0,1018.6,20.0,,0,0,189.14285714285714
2024-02-15 14:00:00,,7.8,2.3,13.2,0.0,0.0,3.7,22.7,1020.7,11.7,5.3,65.0,0.0,7.2,9.4,1018.1,39.0,,0,0,217.0
2024-02-15 15:00:00,,7.8,2.3,13.2,0.0,0.0,3.7,22.7,1020.7,12.5,4.9,60.0,0.0,3.6,7.6,1017.3,32.0,,0,0,214.625
2024-02-15 16:00:00,,7.8,2.3,13.2,0.0,0.0,3.7,22.7,1020.7,11.5,4.7,63.0,0.0,0.0,6.5,1017.3,0.0,,0,0,186.85714285714286
2024-02-15 17:00:00,,7.8,2.3,13.2,0.0,0.0,3.7,22.7,1020.7,12.3,6.8,69.0,0.0,3.6,6.5,1017.0,0.0,,0,0,149.85714285714286
2024-02-15 18:00:00,,7.8,2.3,13.2,0.0,0.0,3.7,22.7,1020.7,9.3,6.2,81.0,0.0,5.4,7.2,1017.0,0.0,,0,0,101.14285714285714
2024-02-15 19:00:00,,7.8,2.3,13.2,0.0,0.0,3.7,22.7,1020.7,8.5,5.4,81.0,0.0,8.3,8.3,1016.8,0.0,,0,0,110.75
2024-02-15 20:00:00,,7.8,2.3,13.2,0.0,0.0,3.7,22.7,1020.7,6.4,4.9,90.0,0.0,3.6,6.8,1017.7,0.0,,0,0,88.14285714285714
2024-02-15 21:00:00,,7.8,2.3,13.2,0.0,0.0,3.7,22.7,1020.7,6.6,5.1,90.0,0.0,3.6,7.9,1017.5,0.0,,0,0,61.857142857142854
2024-02-15 22:00:00,,7.8,2.3,13.2,0.0,0.0,3.7,22.7,1020.7,6.0,4.6,91.0,0.0,3.6,10.1,1017.7,0.0,,0,0,42.714285714285715
2024-02-15 23:00:00,,7.8,2.3,13.2,0.0,0.0,3.7,22.7,1020.7,6.1,4.6,90.0,0.0,3.6,11.2,1017.9,0.0,,0,0,21.857142857142858
2024-02-16 00:00:00,,9.8,2.9,16.8,0.0,0.0,3.1,13.7,1019.1,5.7,0.8,71.0,0.0,9.7,5.8,1016.6,0.0,,0,0,10.285714285714286
2024-02-16 01:00:00,,9.8,2.9,16.8,0.0,0.0,3.1,13.7,1019.1,6.2,4.8,91.0,0.0,3.6,7.6,1017.5,0.0,,0,0,8.25
2024-02-16 02:00:00,,9.8,2.9,16.8,0.0,0.0,3.1,13.7,1019.1,5.9,4.7,92.0,0.0,3.6,8.6,1017.8,0.0,,0,0,8.0
2024-02-16 03:00:00,,9.8,2.9,16.8,0.0,0.0,3.1,13.7,1019.1,5.1,4.2,94.0,0.0,0.0,10.4,1017.6,0.0,,0,0,8.0
2024-02-16 04:00:00,,9.8,2.9,16.8,0.0,0.0,3.1,13.7,1019.1,2.9,-1.7,72.0,0.0,7.2,7.6,1018.1,0.0,,0,0,8.0
2024-02-16 05:00:00,,9.8,2.9,16.8,0.0,0.0,3.1,13.7,1019.1,4.9,4.3,96.0,0.0,3.6,7.2,1018.3,0.0,,0,0,8.0
2024-02-16 06:00:00,,9.8,2.9,16.8,0.0,0.0,3.1,13.7,1019.1,4.5,3.9,96.0,0.0,3.6,3.6,1018.6,0.0,,0,0,10.5
2024-02-16 07:00:00,,9.8,2.9,16.8,0.0,0.0,3.1,13.7,1019.1,4.2,3.5,95.0,0.0,3.6,7.9,1019.2,0.0,,0,0,55.857142857142854
2024-02-16 08:00:00,,9.8,2.9,16.8,0.0,0.0,3.1,13.7,1019.1,6.4,4.2,86.0,0.0,3.6,8.3,1019.2,32.0,,0,0,126.28571428571429
2024-02-16 09:00:00,,9.8,2.9,16.8,0.0,0.0,3.1,13.7,1019.1,9.4,4.6,72.0,0.0,3.6,12.2,1018.9,46.0,,0,0,186.57142857142858
2024-02-16 10:00:00,,9.8,2.9,16.8,0.0,0.0,3.1,13.7,1019.1,10.5,4.4,66.0,0.0,0.0,12.2,1018.8,10.0,,0,0,229.85714285714286
2024-02-16 11:00:00,,9.8,2.9,16.8,0.0,0.0,3.1,13.7,1019.1,12.6,6.0,64.0,0.0,0.0,8.3,1018.8,1.0,,0,0,209.0
2024-02-16 12:00:00,,9.8,2.9,16.8,0.0,0.0,3.1,13.7,1019.1,13.7,5.3,57.0,0.0,3.6,7.2,1018.7,0.0,,0,0,170.0
2024-02-16 13:00:00,,9.8,2.9,16.8,0.0,0.0,3.1,13.7,1019.1,15.2,6.7,57.0,0.0,3.6,12.6,1018.4,19.0,,0,0,174.42857142857142
2024-02-16 14:00:00,,9.8,2.9,16.8,0.0,0.0,3.1,13.7,1019.1,16.1,6.8,54.0,0.0,3.6,13.7,1018.1,47.0,,0,0,205.14285714285714
2024-02-16 15:00:00,,9.8,2.9,16.8,0.0,0.0,3.1,13.7,1019.1,16.8,7.4,54.0,0.0,3.6,12.2,1018.1,39.0,,0,0,214.57142857142858
2024-02-16 16:00:00,,9.8,2.9,16.8,0.0,0.0,3.1,13.7,1019.1,15.5,7.5,59.0,0.0,7.2,11.5,1018.8,0.0,,0,0,192.5
2024-02-16 17:00:00,,9.8,2.9,16.8,0.0,0.0,3.1,13.7,1019.1,14.0,8.4,69.0,0.0,0.0,10.1,1019.6,0.0,,0,0,165.42857142857142
2024-02-16 18:00:00,,9.8,2.9,16.8,0.0,0.0,3.1,13.7,1019.1,12.8,9.1,78.0,0.0,0.0,8.3,1020.6,0.0,,0,0,170.42857142857142
2024-02-16 19:00:00,,9.8,2.9,16.8,0.0,0.0,3.1,13.7,1019.1,12.1,8.9,81.0,0.0,0.0,7.9,1021.5,0.0,,0,0,292.85714285714283
2024-02-16 20:00:00,,9.8,2.9,16.8,0.0,0.0,3.1,13.7,1019.1,11.6,9.5,87.0,0.0,3.6,9.0,1022.1,0.0,,0,0,354.0
2024-02-16 21:00:00,,9.8,2.9,16.8,0.0,0.0,3.1,13.7,1019.1,11.6,10.5,93.0,0.0,0.0,7.9,1022.6,0.0,,0,0,351.57142857142856
2024-02-16 22:00:00,,9.8,2.9,16.8,0.0,0.0,3.1,13.7,1019.1,10.7,9.5,92.0,0.0,3.6,7.2,1023.2,0.0,,0,0,310.14285714285717
2024-02-16 23:00:00,,9.8,2.9,16.8,0.0,0.0,3.1,13.7,1019.1,10.8,9.4,91.0,0.0,0.0,11.2,1023.9,0.0,,0,0,257.14285714285717
2024-02-17 00:00:00,,9.7,8.5,10.8,4.5,0.0,2.9,14.4,1030.2,10.7,9.8,94.0,0.2,0.0,12.6,1024.8,0.0,,0,0,190.14285714285714
2024-02-17 01:00:00,,9.7,8.5,10.8,4.5,0.0,2.9,14.4,1030.2,10.2,9.7,97.0,0.1,0.0,8.3,1025.2,0.0,,0,0,96.42857142857143
2024-02-17 02:00:00,,9.7,8.5,10.8,4.5,0.0,2.9,14.4,1030.2,9.1,7.7,91.0,0.0,2.9,9.7,1026.0,0.0,,0,0,59.75
2024-02-17 03:00:00,,9.7,8.5,10.8,4.5,0.0,2.9,14.4,1030.2,10.1,9.9,99.0,0.0,3.6,13.0,1026.0,0.0,,0,0,30.714285714285715
2024-02-17 04:00:00,,9.7,8.5,10.8,4.5,0.0,2.9,14.4,1030.2,10.2,10.0,99.0,0.4,3.6,11.5,1026.5,0.0,,0,0,24.0
2024-02-17 05:00:00,,9.7,8.5,10.8,4.5,0.0,2.9,14.4,1030.2,9.3,9.0,98.0,0.2,2.9,9.4,1027.9,0.0,,0,0,23.0
2024-02-17 06:00:00,,9.7,8.5,10.8,4.5,0.0,2.9,14.4,1030.2,10.0,9.8,99.0,0.0,3.6,5.8,1027.8,0.0,,0,0,24.0
2024-02-17 07:00:00,,9.7,8.5,10.8,4.5,0.0,2.9,14.4,1030.2,9.7,9.7,100.0,0.0,0.0,13.7,1028.5,0.0,,1,0,30.375
2024-02-17 08:00:00,,9.7,8.5,10.8,4.5,0.0,2.9,14.4,1030.2,9.9,9.7,99.0,0.2,0.0,6.1,1029.2,0.0,,1,0,81.14285714285714
2024-02-17 09:00:00,,9.7,8.5,10.8,4.5,0.0,2.9,14.4,1030.2,10.0,9.8,99.0,0.0,0.0,6.5,1030.0,0.0,,1,0,197.71428571428572
2024-02-17 10:00:00,,9.7,8.5,10.8,4.5,0.0,2.9,14.4,1030.2,10.4,10.4,100.0,0.9,3.6,10.8,1030.7,0.0,,1,0,325.42857142857144
2024-02-17 11:00:00,,9.7,8.5,10.8,4.5,0.0,2.9,14.4,1030.2,10.4,10.2,99.0,1.0,3.6,14.4,1031.4,0.0,,1,0,376.7142857142857
2024-02-17 12:00:00,,9.7,8.5,10.8,4.5,0.0,2.9,14.4,1030.2,9.8,9.7,99.0,0.2,3.6,9.4,1031.7,0.0,,1,0,332.5
2024-02-17 13:00:00,,9.7,8.5,10.8,4.5,0.0,2.9,14.4,1030.2,9.7,9.6,99.0,0.2,3.6,13.3,1032.2,0.0,,0,0,246.0
2024-02-17 14:00:00,,9.7,8.5,10.8,4.5,0.0,2.9,14.4,1030.2,9.9,9.7,99.0,0.1,3.6,10.8,1032.0,0.0,,0,0,214.14285714285714
2024-02-17 15:00:00,,9.7,8.5,10.8,4.5,0.0,2.9,14.4,1030.2,9.8,9.7,99.0,0.0,3.6,9.7,1032.5,0.0,,0,0,172.71428571428572
2024-02-17 16:00:00,,9.7,8.5,10.8,4.5,0.0,2.9,14.4,1030.2,9.8,9.3,97.0,0.0,5.4,7.2,1033.3,0.0,,0,0,120.85714285714286
2024-02-17 17:00:00,,9.7,8.5,10.8,4.5,0.0,2.9,14.4,1030.2,9.4,9.3,99.0,0.6,3.6,4.0,1033.6,0.0,,0,0,74.875
2024-02-17 18:00:00,,9.7,8.5,10.8,4.5,0.0,2.9,14.4,1030.2,9.2,9.1,99.0,0.0,3.6,7.2,1034.2,0.0,,0,0,74.42857142857143
2024-02-17 19:00:00,,9.7,8.5,10.8,4.5,0.0,2.9,14.4,1030.2,8.9,8.9,100.0,0.3,3.6,13.7,1034.4,0.0,,0,0,93.14285714285714
2024-02-17 20:00:00,,9.7,8.5,10.8,4.5,0.0,2.9,14.4,1030.2,8.9,8.9,100.0,0.1,3.6,10.1,1034.4,0.0,,0,0,106.57142857142857
2024-02-17 21:00:00,,9.7,8.5,10.8,4.5,0.0,2.9,14.4,1030.2,8.7,8.7,100.0,0.0,3.6,6.5,1034.2,0.0,,0,0,115.25
2024-02-17 22:00:00,,9.7,8.5,10.8,4.5,0.0,2.9,14.4,1030.2,8.5,8.4,99.0,0.0,7.2,8.3,1034.6,0.0,,0,0,128.42857142857142
2024-02-17 23:00:00,,9.7,8.5,10.8,4.5,0.0,2.9,14.4,1030.2,8.7,8.6,99.0,0.0,0.0,7.9,1034.6,0.0,,0,0,119.57142857142857
2024-02-18 00:00:00,,8.2,7.1,9.7,0.0,0.0,2.7,17.3,1031.7,8.5,8.5,100.0,0.0,3.6,13.7,1034.6,0.0,,0,0,88.57142857142857
2024-02-18 01:00:00,,8.2,7.1,9.7,0.0,0.0,2.7,17.3,1031.7,8.2,8.1,99.0,0.0,3.6,8.3,1034.3,0.0,,0,0,58.714285714285715
2024-02-18 02:00:00,,8.2,7.1,9.7,0.0,0.0,2.7,17.3,1031.7,8.2,8.2,100.0,0.0,0.0,9.4,1034.6,0.0,,0,0,36.857142857142854
2024-02-18 03:00:00,,8.2,7.1,9.7,0.0,0.0,2.7,17.3,1031.7,8.0,8.0,100.0,0.0,0.0,8.3,1033.8,0.0,,0,0,29.5
2024-02-18 04:00:00,,8.2,7.1,9.7,0.0,0.0,2.7,17.3,1031.7,7.9,7.8,99.0,0.0,0.0,5.0,1033.6,0.0,,0,0,26.428571428571427
2024-02-18 05:00:00,,8.2,7.1,9.7,0.0,0.0,2.7,17.3,1031.7,7.8,7.7,99.0,0.0,3.6,5.8,1033.6,0.0,,0,0,26.0
2024-02-18 06:00:00,,8.2,7.1,9.7,0.0,0.0,2.7,17.3,1031.7,7.1,7.0,99.0,0.0,3.6,4.3,1033.8,0.0,,0,0,26.428571428571427
2024-02-18 07:00:00,,8.2,7.1,9.7,0.0,0.0,2.7,17.3,1031.7,7.1,7.0,99.0,0.0,0.0,5.8,1033.6,0.0,,0,0,27.285714285714285
2024-02-18 08:00:00,,8.2,7.1,9.7,0.0,0.0,2.7,17.3,1031.7,7.1,7.0,99.0,0.0,3.6,7.9,1033.6,0.0,,0,0,28.75
2024-02-18 09:00:00,,8.2,7.1,9.7,0.0,0.0,2.7,17.3,1031.7,7.2,7.1,99.0,0.0,3.6,7.6,1033.2,0.0,,0,0,28.857142857142858
2024-02-18 10:00:00,,8.2,7.1,9.7,0.0,0.0,2.7,17.3,1031.7,7.9,7.9,100.0,0.0,3.6,6.5,1032.6,0.0,,0,0,35.0
2024-02-18 11:00:00,,8.2,7.1,9.7,0.0,0.0,2.7,17.3,1031.7,9.2,8.4,95.0,0.0,0.0,11.2,1031.9,39.0,,0,0,33.714285714285715
2024-02-18 12:00:00,,8.2,7.1,9.7,0.0,0.0,2.7,17.3,1031.7,9.7,8.5,92.0,0.0,7.2,10.4,1030.8,0.0,,0,0,41.285714285714285
2024-02-18 13:00:00,,8.2,7.1,9.7,0.0,0.0,2.7,17.3,1031.7,7.7,7.4,98.0,0.0,7.2,11.2,1030.8,0.0,,0,0,48.75
2024-02-18 14:00:00,,8.2,7.1,9.7,0.0,0.0,2.7,17.3,1031.7,8.2,7.8,97.0,0.0,3.6,7.6,1030.1,0.0,,0,0,110.85714285714286
2024-02-18 15:00:00,,8.2,7.1,9.7,0.0,0.0,2.7,17.3,1031.7,9.4,8.0,91.0,0.0,3.6,5.0,1029.1,0.0,,0,0,176.14285714285714
2024-02-18 16:00:00,,8.2,7.1,9.7,0.0,0.0,2.7,17.3,1031.7,9.2,8.3,94.0,0.0,7.2,17.3,1027.9,0.0,,0,0,175.57142857142858
2024-02-18 17:00:00,,8.2,7.1,9.7,0.0,0.0,2.7,17.3,1031.7,9.3,7.6,89.0,0.0,7.2,11.9,1028.5,0.0,,0,0,230.0
2024-02-18 18:00:00,,8.2,7.1,9.7,0.0,0.0,2.7,17.3,1031.7,8.5,7.0,90.0,0.0,0.0,11.2,1028.6,0.0,,0,0,198.0
2024-02-18 19:00:00,,8.2,7.1,9.7,0.0,0.0,2.7,17.3,1031.7,8.0,7.2,95.0,0.0,0.0,13.0,1028.8,0.0,,0,0,61.857142857142854
2024-02-18 20:00:00,,8.2,7.1,9.7,0.0,0.0,2.7,17.3,1031.7,7.4,7.0,97.0,0.0,0.0,9.4,1029.4,0.0,,0,0,46.42857142857143
2024-02-18 21:00:00,,8.2,7.1,9.7,0.0,0.0,2.7,17.3,1031.7,8.2,7.1,93.0,0.0,0.0,10.4,1028.9,0.0,,0,0,34.857142857142854
2024-02-18 22:00:00,,8.2,7.1,9.7,0.0,0.0,2.7,17.3,1031.7,7.8,6.9,94.0,0.0,3.6,16.9,1029.3,0.0,,0,0,23.142857142857142
2024-02-18 23:00:00,,8.2,7.1,9.7,0.0,0.0,2.7,17.3,1031.7,8.0,7.6,97.0,0.3,7.2,19.1,1029.7,0.0,,0,0,20.25
2024-02-19 00:00:00,,8.8,7.4,11.5,15.8,0.0,4.8,29.2,1029.7,8.0,7.4,96.0,0.7,3.6,17.6,1030.3,0.0,,0,0,20.0
2024-02-19 01:00:00,,8.8,7.4,11.5,15.8,0.0,4.8,29.2,1029.7,8.0,7.6,97.0,1.0,10.8,29.2,1029.6,0.0,,0,0,20.0
2024-02-19 02:00:00,,8.8,7.4,11.5,15.8,0.0,4.8,29.2,1029.7,8.3,7.2,93.0,0.5,3.6,22.3,1029.7,0.0,,0,0,20.0
2024-02-19 03:00:00,,8.8,7.4,11.5,15.8,0.0,4.8,29.2,1029.7,8.3,6.1,86.0,1.6,3.6,14.8,1029.5,,,0,0,20.0
2024-02-19 04:00:00,,8.8,7.4,11.5,15.8,0.0,4.8,29.2,1029.7,7.8,6.6,92.0,0.2,3.6,18.5,1029.4,,,0,0,20.0
2024-02-19 05:00:00,,8.8,7.4,11.5,15.8,0.0,4.8,29.2,1029.7,8.1,7.3,95.0,0.9,7.2,11.5,1029.3,0.0,,0,0,19.714285714285715
2024-02-19 06:00:00,,8.8,7.4,11.5,15.8,0.0,4.8,29.2,1029.7,7.6,7.5,99.0,1.5,0.0,9.0,1029.2,0.0,,0,0,22.285714285714285
2024-02-19 07:00:00,,8.8,7.4,11.5,15.8,0.0,4.8,29.2,1029.7,7.9,7.8,99.0,1.0,3.6,9.0,1029.8,0.0,,0,0,75.14285714285714
2024-02-19 08:00:00,,8.8,7.4,11.5,15.8,0.0,4.8,29.2,1029.7,7.8,7.8,100.0,0.8,0.0,10.1,1030.7,0.0,,0,0,169.0
2024-02-19 09:00:00,,8.8,7.4,11.5,15.8,0.0,4.8,29.2,1029.7,9.1,8.3,95.0,0.4,3.6,10.4,1030.6,0.0,,0,0,219.5
2024-02-19 10:00:00,,8.8,7.4,11.5,15.8,0.0,4.8,29.2,1029.7,8.7,5.8,82.0,1.6,14.8,12.2,1032.0,0.0,,0,0,261.57142857142856
2024-02-19 11:00:00,,8.8,7.4,11.5,15.8,0.0,4.8,29.2,1029.7,10.1,8.4,89.0,1.3,3.6,11.9,1031.0,0.0,,0,0,240.42857142857142
2024-02-19 12:00:00,,8.8,7.4,11.5,15.8,0.0,4.8,29.2,1029.7,9.9,7.5,85.0,0.5,7.2,12.6,1030.8,2.0,,0,0,200.28571428571428
2024-02-19 13:00:00,,8.8,7.4,11.5,15.8,0.0,4.8,29.2,1029.7,11.5,6.0,69.0,1.0,7.2,15.5,1029.6,5.0,,0,0,206.42857142857142
2024-02-19 14:00:00,,8.8,7.4,11.5,15.8,0.0,4.8,29.2,1029.7,10.9,5.2,68.0,0.2,3.6,13.0,1029.1,0.0,,0,0,220.125
2024-02-19 15:00:00,,8.8,7.4,11.5,15.8,0.0,4.8,29.2,1029.7,10.0,6.3,78.0,0.3,3.6,16.9,1029.3,0.0,,0,0,219.85714285714286
2024-02-19 16:00:00,,8.8,7.4,11.5,15.8,0.0,4.8,29.2,1029.7,9.5,6.6,82.0,0.4,3.6,13.3,1029.5,0.0,,0,0,193.28571428571428
2024-02-19 17:00:00,,8.8,7.4,11.5,15.8,0.0,4.8,29.2,1029.7,9.1,7.0,87.0,0.0,3.6,9.7,1029.4,0.0,,0,0,139.71428571428572
2024-02-19 18:00:00,,8.8,7.4,11.5,15.8,0.0,4.8,29.2,1029.7,8.7,7.2,90.0,0.0,3.6,9.7,1029.2,0.0,,0,0,92.0
2024-02-19 19:00:00,,8.8,7.4,11.5,15.8,0.0,4.8,29.2,1029.7,8.9,6.2,83.0,0.9,7.2,10.1,1029.2,0.0,,0,0,80.5
2024-02-19 20:00:00,,8.8,7.4,11.5,15.8,0.0,4.8,29.2,1029.7,8.9,5.6,80.0,0.1,3.6,14.4,1029.1,0.0,,0,0,67.42857142857143
2024-02-19 21:00:00,,8.8,7.4,11.5,15.8,0.0,4.8,29.2,1029.7,8.6,6.0,84.0,0.3,3.6,16.9,1029.0,0.0,,0,0,43.285714285714285
2024-02-19 22:00:00,,8.8,7.4,11.5,15.8,0.0,4.8,29.2,1029.7,7.4,6.3,93.0,0.3,3.6,14.0,1028.9,0.0,,0,0,34.714285714285715
2024-02-19 23:00:00,,8.8,7.4,11.5,15.8,0.0,4.8,29.2,1029.7,7.6,6.5,93.0,0.4,7.2,16.9,1028.5,0.0,,0,0,27.571428571428573
2024-02-20 00:00:00,,6.6,4.7,8.8,20.3,0.0,5.5,28.1,1030.6,7.3,6.2,93.0,2.1,7.2,19.4,1028.9,0.0,,0,0,25.125
2024-02-20 01:00:00,,6.6,4.7,8.8,20.3,0.0,5.5,28.1,1030.6,6.7,5.5,92.0,5.0,14.4,24.1,1028.5,0.0,,0,0,23.142857142857142
2024-02-20 02:00:00,,6.6,4.7,8.8,20.3,0.0,5.5,28.1,1030.6,5.9,5.2,95.0,3.0,3.6,18.0,1028.9,0.0,,0,0,23.0
2024-02-20 03:00:00,,6.6,4.7,8.8,20.3,0.0,5.5,28.1,1030.6,5.4,4.2,92.0,1.0,7.2,22.7,1029.2,0.0,,0,0,23.0
2024-02-20 04:00:00,,6.6,4.7,8.8,20.3,0.0,5.5,28.1,1030.6,4.7,3.4,91.0,3.0,10.8,22.3,1029.6,0.0,,0,0,23.0
2024-02-20 05:00:00,,6.6,4.7,8.8,20.3,0.0,5.5,28.1,1030.6,4.8,3.8,93.0,2.0,0.0,21.6,1030.2,0.0,,0,0,23.125
2024-02-20 06:00:00,,6.6,4.7,8.8,20.3,0.0,5.5,28.1,1030.6,5.5,4.6,94.0,1.1,12.6,22.0,1031.1,0.0,,0,0,23.0
2024-02-21 06:00:00,,6.1,0.4,10.5,0.0,0.0,3.6,34.2,1022.9,1.8,1.1,95.0,0.0,0.0,23.4,1026.7,0.0,,0,0,17.714285714285715
2024-02-21 07:00:00,,6.1,0.4,10.5,0.0,0.0,3.6,34.2,1022.9,2.6,1.6,93.0,0.0,0.0,19.1,1026.5,0.0,,1,0,69.57142857142857
2024-02-21 08:00:00,,6.1,0.4,10.5,0.0,0.0,3.6,34.2,1022.9,3.6,1.8,88.0,0.0,3.6,11.5,1025.9,23.0,,1,0,166.14285714285714
2024-02-21 09:00:00,,6.1,0.4,10.5,0.0,0.0,3.6,34.2,1022.9,7.1,1.4,67.0,0.0,0.0,17.6,1024.4,60.0,,1,0,254.14285714285714
2024-02-21 10:00:00,,6.1,0.4,10.5,0.0,0.0,3.6,34.2,1022.9,8.5,-0.3,54.0,0.0,0.0,16.9,1023.9,60.0,,1,0,300.57142857142856
2024-02-21 11:00:00,,6.1,0.4,10.5,0.0,0.0,3.6,34.2,1022.9,8.5,3.5,71.0,0.0,7.2,11.9,1023.4,60.0,,1,0,267.25
2024-02-21 12:00:00,,6.1,0.4,10.5,0.0,0.0,3.6,34.2,1022.9,9.3,2.6,63.0,0.0,3.6,8.6,1021.8,60.0,,1,0,197.42857142857142
2024-02-21 13:00:00,,6.1,0.4,10.5,0.0,0.0,3.6,34.2,1022.9,9.6,2.7,62.0,0.0,7.2,8.3,1020.6,60.0,,0,0,178.42857142857142
2024-02-21 14:00:00,,6.1,0.4,10.5,0.0,0.0,3.6,34.2,1022.9,9.7,1.6,57.0,0.0,7.2,8.6,1019.5,47.0,,0,0,201.71428571428572
2024-02-21 15:00:00,,6.1,0.4,10.5,0.0,0.0,3.6,34.2,1022.9,10.5,2.8,59.0,0.0,3.6,7.9,1018.2,0.0,,0,0,203.85714285714286
2024-02-21 16:00:00,,6.1,0.4,10.5,0.0,0.0,3.6,34.2,1022.9,10.0,3.1,62.0,0.0,3.6,6.5,1017.7,0.0,,0,0,180.14285714285714
2024-02-21 17:00:00,,6.1,0.4,10.5,0.0,0.0,3.6,34.2,1022.9,9.2,3.6,68.0,0.0,3.6,8.6,1017.6,0.0,,0,0,149.25
2024-02-21 18:00:00,,6.1,0.4,10.5,0.0,0.0,3.6,34.2,1022.9,7.8,4.0,77.0,0.0,3.6,6.8,1016.9,0.0,,0,0,167.57142857142858
2024-02-21 19:00:00,,6.1,0.4,10.5,0.0,0.0,3.6,34.2,1022.9,8.5,3.7,72.0,0.0,3.6,27.0,1016.3,0.0,,0,0,318.57142857142856
2024-02-21 20:00:00,,6.1,0.4,10.5,0.0,0.0,3.6,34.2,1022.9,8.7,4.1,73.0,0.0,7.2,29.2,1015.8,0.0,,0,0,314.42857142857144
2024-02-21 21:00:00,,6.1,0.4,10.5,0.0,0.0,3.6,34.2,1022.9,8.4,4.6,77.0,0.0,3.6,34.2,1015.0,0.0,,0,0,295.75
2024-02-21 22:00:00,,6.1,0.4,10.5,0.0,0.0,3.6,34.2,1022.9,8.3,4.9,79.0,0.0,3.6,33.1,1014.0,0.0,,0,0,165.42857142857142
2024-02-21 23:00:00,,6.1,0.4,10.5,0.0,0.0,3.6,34.2,1022.9,8.6,4.4,75.0,0.2,3.6,32.0,1013.1,0.0,,0,0,38.285714285714285
2024-02-22 00:00:00,,9.1,8.2,11.6,8.8,0.0,6.2,54.7,1003.2,8.6,4.8,77.0,0.2,7.2,38.2,1012.2,0.0,Minguet Quartett,0,0,24.571428571428573
2024-02-22 01:00:00,,9.1,8.2,11.6,8.8,0.0,6.2,54.7,1003.2,8.3,5.1,80.0,0.1,3.6,47.9,1011.1,0.0,Minguet Quartett,0,0,17.285714285714285
2024-02-22 02:00:00,,9.1,8.2,11.6,8.8,0.0,6.2,54.7,1003.2,8.8,4.4,74.0,0.0,3.6,15.1,1009.5,0.0,Minguet Quartett,0,0,13.714285714285714
2024-02-22 03:00:00,,9.1,8.2,11.6,8.8,0.0,6.2,54.7,1003.2,8.2,4.4,77.0,0.0,3.6,11.5,1008.7,0.0,Minguet Quartett,0,0,13.0
2024-02-22 04:00:00,,9.1,8.2,11.6,8.8,0.0,6.2,54.7,1003.2,8.2,5.0,80.0,0.0,3.6,18.4,1008.1,0.0,Minguet Quartett,0,0,13.0
2024-02-22 05:00:00,,9.1,8.2,11.6,8.8,0.0,6.2,54.7,1003.2,8.7,3.7,71.0,0.0,3.6,17.3,1007.4,0.0,Minguet Quartett,0,0,13.0
2024-02-22 06:00:00,,9.1,8.2,11.6,8.8,0.0,6.2,54.7,1003.2,9.3,3.9,69.0,0.3,7.2,23.0,1006.9,0.0,Minguet Quartett,0,0,16.285714285714285
2024-02-22 07:00:00,,9.1,8.2,11.6,8.8,0.0,6.2,54.7,1003.2,8.9,5.6,80.0,1.0,7.2,19.1,1006.9,0.0,Minguet Quartett,0,0,55.285714285714285
2024-02-22 08:00:00,,9.1,8.2,11.6,8.8,0.0,6.2,54.7,1003.2,8.4,6.7,89.0,0.5,0.0,13.0,1006.2,0.0,Minguet Quartett,0,0,148.875
2024-02-22 09:00:00,,9.1,8.2,11.6,8.8,0.0,6.2,54.7,1003.2,8.6,6.9,89.0,0.4,3.6,31.3,1005.8,0.0,Minguet Quartett,0,0,218.42857142857142
2024-02-22 10:00:00,,9.1,8.2,11.6,8.8,0.0,6.2,54.7,1003.2,10.3,6.3,76.0,1.0,10.8,31.3,1004.6,0.0,Minguet Quartett,0,0,262.14285714285717
2024-02-22 11:00:00,,9.1,8.2,11.6,8.8,0.0,6.2,54.7,1003.2,11.1,6.2,72.0,0.3,10.8,28.4,1003.3,0.0,Minguet Quartett,0,0,232.28571428571428
2024-02-22 12:00:00,,9.1,8.2,11.6,8.8,0.0,6.2,54.7,1003.2,11.6,6.3,70.0,0.0,7.2,16.6,1001.8,0.0,Minguet Quartett,0,0,201.85714285714286
2024-02-22 13:00:00,,9.1,8.2,11.6,8.8,0.0,6.2,54.7,1003.2,8.7,7.9,95.0,0.8,7.2,9.4,1000.2,0.0,Minguet Quartett,0,0,203.625
2024-02-22 14:00:00,,9.1,8.2,11.6,8.8,0.0,6.2,54.7,1003.2,9.1,8.5,96.0,0.7,3.6,9.0,998.8,0.0,Minguet Quartett,0,0,207.42857142857142
2024-02-22 15:00:00,,9.1,8.2,11.6,8.8,0.0,6.2,54.7,1003.2,8.9,8.4,97.0,0.0,7.2,18.4,999.0,0.0,Minguet Quartett,0,0,202.14285714285714
2024-02-22 16:00:00,,9.1,8.2,11.6,8.8,0.0,6.2,54.7,1003.2,9.2,8.6,96.0,0.3,3.6,18.7,998.0,0.0,Minguet Quartett,0,0,156.14285714285714
2024-02-22 17:00:00,,9.1,8.2,11.6,8.8,0.0,6.2,54.7,1003.2,10.0,6.3,78.0,0.0,12.2,11.9,995.6,0.0,Minguet Quartett,0,0,116.85714285714286
2024-02-22 18:00:00,,9.1,8.2,11.6,8.8,0.0,6.2,54.7,1003.2,8.9,8.8,99.0,0.4,3.6,17.6,996.5,0.0,Minguet Quartett,0,0,112.75
2024-02-22 19:00:00,,9.1,8.2,11.6,8.8,0.0,6.2,54.7,1003.2,9.1,6.4,83.0,0.6,14.0,29.2,995.0,0.0,Minguet Quartett,0,0,230.57142857142858
2024-02-22 20:00:00,,9.1,8.2,11.6,8.8,0.0,6.2,54.7,1003.2,10.0,7.9,87.0,0.7,3.6,32.4,995.0,0.0,Minguet Quartett,0,0,234.0
2024-02-22 21:00:00,,9.1,8.2,11.6,8.8,0.0,6.2,54.7,1003.2,8.5,8.1,97.0,1.2,7.2,19.4,996.0,0.0,Minguet Quartett,0,0,174.57142857142858
2024-02-22 22:00:00,,9.1,8.2,11.6,8.8,0.0,6.2,54.7,1003.2,8.4,8.3,99.0,0.1,10.8,54.7,997.1,0.0,Minguet Quartett,0,0,52.375
2024-02-22 23:00:00,,9.1,8.2,11.6,8.8,0.0,6.2,54.7,1003.2,7.6,5.7,88.0,1.0,7.2,65.5,1000.7,0.0,Minguet Quartett,0,0,21.857142857142858
2024-02-23 00:00:00,,5.4,1.7,8.5,5.5,0.0,5.7,65.5,1000.9,8.3,3.3,71.0,1.7,10.8,31.7,1000.9,0.0,Hörbar,0,0,11.857142857142858
2024-02-23 01:00:00,,5.4,1.7,8.5,5.5,0.0,5.7,65.5,1000.9,8.1,2.1,66.0,0.6,7.2,22.7,1000.4,0.0,Hörbar,0,0,8.142857142857142
2024-02-23 02:00:00,,5.4,1.7,8.5,5.5,0.0,5.7,65.5,1000.9,8.5,0.9,59.0,0.4,10.8,36.0,1000.5,0.0,Hörbar,0,0,6.0
2024-02-23 03:00:00,,5.4,1.7,8.5,5.5,0.0,5.7,65.5,1000.9,5.6,2.8,82.0,0.1,14.4,45.7,1001.6,0.0,Hörbar,0,0,6.0
2024-02-23 04:00:00,,5.4,1.7,8.5,5.5,0.0,5.7,65.5,1000.9,4.4,3.1,91.0,0.4,3.6,32.8,1001.7,0.0,Hörbar,0,0,6.0
2024-02-23 05:00:00,,5.4,1.7,8.5,5.5,0.0,5.7,65.5,1000.9,4.5,3.3,92.0,0.0,7.2,11.9,1001.0,0.0,Hörbar,0,0,6.0
2024-02-23 06:00:00,,5.4,1.7,8.5,5.5,0.0,5.7,65.5,1000.9,5.1,3.8,91.0,0.2,7.2,11.2,1000.9,0.0,Hörbar,0,0,9.142857142857142
2024-02-23 07:00:00,,5.4,1.7,8.5,5.5,0.0,5.7,65.5,1000.9,5.6,1.1,73.0,0.1,7.2,31.0,1001.1,0.0,Hörbar,0,0,52.142857142857146
2024-02-23 08:00:00,,5.4,1.7,8.5,5.5,0.0,5.7,65.5,1000.9,5.6,0.9,72.0,0.1,7.2,29.9,1001.4,0.0,Hörbar,0,0,127.57142857142857
2024-02-23 09:00:00,,5.4,1.7,8.5,5.5,0.0,5.7,65.5,1000.9,5.2,3.0,86.0,0.4,7.2,19.4,1001.6,0.0,Hörbar,0,0,205.75
2024-02-23 10:00:00,,5.4,1.7,8.5,5.5,0.0,5.7,65.5,1000.9,5.6,2.6,81.0,0.3,3.6,15.5,1001.6,0.0,Hörbar,0,0,236.57142857142858
2024-02-23 11:00:00,,5.4,1.7,8.5,5.5,0.0,5.7,65.5,1000.9,5.7,2.2,78.0,0.2,3.6,18.4,1001.6,0.0,Hörbar,0,0,225.0
2024-02-23 12:00:00,,5.4,1.7,8.5,5.5,0.0,5.7,65.5,1000.9,5.9,3.1,82.0,0.0,3.6,13.0,1001.2,0.0,Hörbar,0,0,196.71428571428572
2024-02-23 13:00:00,,5.4,1.7,8.5,5.5,0.0,5.7,65.5,1000.9,5.9,2.4,78.0,0.0,3.6,19.4,1000.7,0.0,Hörbar,0,0,205.85714285714286
2024-02-23 14:00:00,,5.4,1.7,8.5,5.5,0.0,5.7,65.5,1000.9,6.2,1.1,70.0,0.0,3.6,18.7,1000.4,0.0,Hörbar,0,0,208.75
2024-02-23 15:00:00,,5.4,1.7,8.5,5.5,0.0,5.7,65.5,1000.9,6.2,0.9,69.0,0.0,3.6,18.4,1000.2,0.0,Hörbar,0,0,209.57142857142858
2024-02-23 16:00:00,,5.4,1.7,8.5,5.5,0.0,5.7,65.5,1000.9,6.1,1.0,70.0,0.0,3.6,21.2,1000.0,0.0,Hörbar,0,0,199.42857142857142
2024-02-23 17:00:00,,5.4,1.7,8.5,5.5,0.0,5.7,65.5,1000.9,5.4,0.6,71.0,0.0,3.6,28.1,999.8,2.0,Hörbar,0,0,163.28571428571428
2024-02-23 18:00:00,,5.4,1.7,8.5,5.5,0.0,5.7,65.5,1000.9,4.0,0.7,79.0,0.0,3.6,28.1,1000.1,0.0,Hörbar,0,0,139.42857142857142
2024-02-23 19:00:00,,5.4,1.7,8.5,5.5,0.0,5.7,65.5,1000.9,3.1,1.0,86.0,0.0,0.0,25.6,1000.7,0.0,Hörbar,0,0,160.625
2024-02-23 20:00:00,,5.4,1.7,8.5,5.5,0.0,5.7,65.5,1000.9,2.6,1.0,89.0,0.0,3.6,36.4,1000.9,0.0,Hörbar,0,0,241.42857142857142
2024-02-23 21:00:00,,5.4,1.7,8.5,5.5,0.0,5.7,65.5,1000.9,1.7,0.2,90.0,0.0,3.6,33.1,1001.0,0.0,Hörbar,0,0,285.7142857142857
2024-02-23 22:00:00,,5.4,1.7,8.5,5.5,0.0,5.7,65.5,1000.9,2.2,-0.1,85.0,0.0,7.2,38.9,1001.0,0.0,Hörbar,0,0,300.7142857142857
2024-02-23 23:00:00,,5.4,1.7,8.5,5.5,0.0,5.7,65.5,1000.9,1.5,0.0,90.0,0.0,3.6,33.8,1001.3,0.0,Hörbar,0,0,267.875
2024-02-24 00:00:00,,3.7,-1.1,8.6,0.4,0.0,3.8,35.6,1005.6,-0.8,-1.8,93.0,0.0,3.6,28.1,1002.1,0.0,,0,0,186.71428571428572
2024-02-24 01:00:00,,3.7,-1.1,8.6,0.4,0.0,3.8,35.6,1005.6,0.1,-1.0,92.0,0.0,0.0,22.7,1002.6,0.0,,0,0,120.42857142857143
2024-02-24 02:00:00,,3.7,-1.1,8.6,0.4,0.0,3.8,35.6,1005.6,0.3,-1.1,90.0,0.0,3.6,35.6,1002.7,0.0,,0,0,72.14285714285714
2024-02-24 03:00:00,,3.7,-1.1,8.6,0.4,0.0,3.8,35.6,1005.6,0.6,-1.3,87.0,0.0,3.6,33.8,1002.4,0.0,,0,0,52.285714285714285
2024-02-24 04:00:00,,3.7,-1.1,8.6,0.4,0.0,3.8,35.6,1005.6,-0.5,-1.6,92.0,0.0,0.0,20.2,1002.8,0.0,,0,0,44.4
2024-02-24 05:00:00,,3.7,-1.1,8.6,0.4,0.0,3.8,35.6,1005.6,-1.1,-1.9,94.0,0.0,0.0,23.8,1003.4,0.0,,0,0,43.0
2024-02-24 06:00:00,,3.7,-1.1,8.6,0.4,0.0,3.8,35.6,1005.6,-0.9,-1.6,95.0,0.0,7.2,20.9,1004.5,0.0,,0,0,44.0
2024-02-24 07:00:00,,3.7,-1.1,8.6,0.4,0.0,3.8,35.6,1005.6,-0.2,-1.3,92.0,0.2,3.6,14.8,1005.5,0.0,,1,0,48.42857142857143
2024-02-24 08:00:00,,3.7,-1.1,8.6,0.4,0.0,3.8,35.6,1005.6,1.2,-1.0,85.0,0.2,3.6,9.0,1006.7,0.0,,1,0,94.57142857142857
2024-02-24 09:00:00,,3.7,-1.1,8.6,0.4,0.0,3.8,35.6,1005.6,2.9,-1.8,71.0,0.0,3.6,23.0,1006.8,0.0,,1,0,242.875
2024-02-24 10:00:00,,3.7,-1.1,8.6,0.4,0.0,3.8,35.6,1005.6,4.2,-0.8,70.0,0.0,3.6,28.8,1006.8,12.0,,1,0,391.42857142857144
2024-02-24 11:00:00,,3.7,-1.1,8.6,0.4,0.0,3.8,35.6,1005.6,4.9,-1.6,63.0,0.0,7.2,32.8,1006.8,32.0,,1,0,386.0
2024-02-24 12:00:00,,3.7,-1.1,8.6,0.4,0.0,3.8,35.6,1005.6,7.0,-0.5,59.0,0.0,7.2,29.9,1006.2,45.0,,1,0,318.7142857142857
2024-02-24 13:00:00,,3.7,-1.1,8.6,0.4,0.0,3.8,35.6,1005.6,8.2,-0.3,55.0,0.0,3.6,24.5,1005.7,60.0,,0,0,260.14285714285717
2024-02-24 14:00:00,,3.7,-1.1,8.6,0.4,0.0,3.8,35.6,1005.6,8.6,-0.2,54.0,0.0,3.6,10.8,1005.7,28.0,,0,0,226.14285714285714
2024-02-24 15:00:00,,3.7,-1.1,8.6,0.4,0.0,3.8,35.6,1005.6,8.6,0.6,57.0,0.0,3.6,9.0,1005.9,13.0,,0,0,205.25
2024-02-24 16:00:00,,3.7,-1.1,8.6,0.4,0.0,3.8,35.6,1005.6,8.3,0.0,56.0,0.0,3.6,6.5,1006.3,0.0,,0,0,123.71428571428571
2024-02-24 17:00:00,,3.7,-1.1,8.6,0.4,0.0,3.8,35.6,1005.6,7.1,1.0,65.0,0.0,3.6,11.5,1007.0,0.0,,0,0,78.71428571428571
2024-02-24 18:00:00,,3.7,-1.1,8.6,0.4,0.0,3.8,35.6,1005.6,6.1,1.8,74.0,0.0,3.6,18.7,1007.7,0.0,,0,0,99.28571428571429
2024-02-24 19:00:00,,3.7,-1.1,8.6,0.4,0.0,3.8,35.6,1005.6,6.0,2.1,76.0,0.0,3.6,18.4,1008.3,0.0,,0,0,125.14285714285714
2024-02-24 20:00:00,,3.7,-1.1,8.6,0.4,0.0,3.8,35.6,1005.6,6.3,1.6,72.0,0.0,10.8,23.8,1008.8,0.0,,0,0,172.625
2024-02-24 21:00:00,,3.7,-1.1,8.6,0.4,0.0,3.8,35.6,1005.6,5.9,1.6,74.0,0.0,3.6,20.2,1008.9,0.0,,0,0,219.71428571428572
2024-02-24 22:00:00,,3.7,-1.1,8.6,0.4,0.0,3.8,35.6,1005.6,5.5,2.0,78.0,0.0,0.0,16.6,1009.1,0.0,,0,0,236.57142857142858
2024-02-24 23:00:00,,3.7,-1.1,8.6,0.4,0.0,3.8,35.6,1005.6,5.4,2.4,81.0,0.0,3.6,19.8,1009.2,0.0,,0,0,212.71428571428572
2024-02-25 00:00:00,,5.6,-0.1,11.3,0.0,0.0,3.0,31.7,1005.6,4.1,2.1,87.0,0.0,0.0,21.2,1009.8,0.0,,0,0,157.625
2024-02-25 01:00:00,,5.6,-0.1,11.3,0.0,0.0,3.0,31.7,1005.6,4.1,2.1,87.0,0.0,3.6,20.5,1009.9,0.0,,0,0,82.14285714285714
2024-02-25 02:00:00,,5.6,-0.1,11.3,0.0,0.0,3.0,31.7,1005.6,3.6,2.0,89.0,0.0,3.6,20.2,1009.6,0.0,,0,0,46.142857142857146
2024-02-25 03:00:00,,5.6,-0.1,11.3,0.0,0.0,3.0,31.7,1005.6,3.9,2.3,89.0,0.0,3.6,29.9,1009.2,0.0,,0,0,34.714285714285715
2024-02-25 04:00:00,,5.6,-0.1,11.3,0.0,0.0,3.0,31.7,1005.6,1.9,1.0,94.0,0.0,0.0,31.7,1009.4,0.0,,0,0,29.857142857142858
2024-02-25 05:00:00,,5.6,-0.1,11.3,0.0,0.0,3.0,31.7,1005.6,0.7,0.1,96.0,0.0,0.0,20.2,1009.4,0.0,,0,0,27.0
2024-02-25 06:00:00,,5.6,-0.1,11.3,0.0,0.0,3.0,31.7,1005.6,0.4,0.1,98.0,0.0,0.0,16.2,1009.3,0.0,,0,0,27.0
2024-02-25 07:00:00,,5.6,-0.1,11.3,0.0,0.0,3.0,31.7,1005.6,-0.1,-0.5,97.0,0.0,0.0,15.5,1009.4,0.0,,0,0,26.714285714285715
2024-02-25 08:00:00,,5.6,-0.1,11.3,0.0,0.0,3.0,31.7,1005.6,3.5,1.9,89.0,0.0,0.0,13.0,1008.8,46.0,,0,0,29.571428571428573
2024-02-25 09:00:00,,5.6,-0.1,11.3,0.0,0.0,3.0,31.7,1005.6,5.7,2.0,77.0,0.0,3.6,9.0,1007.9,60.0,,0,0,31.142857142857142
2024-02-25 10:00:00,,5.6,-0.1,11.3,0.0,0.0,3.0,31.7,1005.6,7.3,1.6,67.0,0.0,3.6,11.2,1007.1,60.0,,0,0,37.375
2024-02-25 11:00:00,,5.6,-0.1,11.3,0.0,0.0,3.0,31.7,1005.6,8.0,0.9,61.0,0.0,3.6,11.2,1006.2,60.0,,0,0,40.285714285714285
2024-02-25 12:00:00,,5.6,-0.1,11.3,0.0,0.0,3.0,31.7,1005.6,8.3,2.5,67.0,0.0,7.2,11.9,1005.1,60.0,,0,0,45.142857142857146
2024-02-25 13:00:00,,5.6,-0.1,11.3,0.0,0.0,3.0,31.7,1005.6,9.7,2.8,62.0,0.0,7.2,11.5,1004.1,60.0,,0,0,48.42857142857143
2024-02-25 14:00:00,,5.6,-0.1,11.3,0.0,0.0,3.0,31.7,1005.6,10.0,2.4,59.0,0.0,7.2,10.1,1003.0,60.0,,0,0,45.142857142857146
2024-02-25 15:00:00,,5.6,-0.1,11.3,0.0,0.0,3.0,31.7,1005.6,10.3,1.4,54.0,0.0,7.2,10.4,1002.2,60.0,,0,0,54.57142857142857
2024-02-25 16:00:00,,5.6,-0.1,11.3,0.0,0.0,3.0,31.7,1005.6,11.3,1.5,51.0,0.0,3.6,15.5,1001.7,55.0,,0,0,51.375
2024-02-25 17:00:00,,5.6,-0.1,11.3,0.0,0.0,3.0,31.7,1005.6,10.1,-1.3,45.0,0.0,3.6,27.4,1001.4,31.0,,0,0,43.0
2024-02-25 18:00:00,,5.6,-0.1,11.3,0.0,0.0,3.0,31.7,1005.6,7.1,0.5,63.0,0.0,3.6,28.4,1001.3,0.0,,0,0,55.42857142857143
2024-02-25 19:00:00,,5.6,-0.1,11.3,0.0,0.0,3.0,31.7,1005.6,5.7,-1.7,59.0,0.0,0.0,22.3,1000.8,0.0,,0,0,53.142857142857146
2024-02-25 20:00:00,,5.6,-0.1,11.3,0.0,0.0,3.0,31.7,1005.6,4.3,-1.5,66.0,0.0,3.6,21.2,1000.2,0.0,,0,0,43.57142857142857
2024-02-25 21:00:00,,5.6,-0.1,11.3,0.0,0.0,3.0,31.7,1005.6,4.4,-0.6,70.0,0.0,0.0,26.6,999.6,0.0,,0,0,34.0
2024-02-25 22:00:00,,5.6,-0.1,11.3,0.0,0.0,3.0,31.7,1005.6,4.4,-1.2,67.0,0.0,3.6,20.9,999.3,0.0,,0,0,29.0
2024-02-25 23:00:00,,5.6,-0.1,11.3,0.0,0.0,3.0,31.7,1005.6,5.2,-0.8,65.0,0.0,0.0,29.2,999.2,0.0,,0,0,24.571428571428573
2024-02-26 00:00:00,,7.5,4.7,11.8,0.1,0.0,3.5,37.1,999.8,4.9,-0.1,70.0,0.0,3.6,29.2,998.7,0.0,,0,0,24.0
2024-02-26 01:00:00,,7.5,4.7,11.8,0.1,0.0,3.5,37.1,999.8,5.4,-0.7,65.0,0.0,3.6,30.2,998.4,0.0,,0,0,24.0
2024-02-26 02:00:00,,7.5,4.7,11.8,0.1,0.0,3.5,37.1,999.8,5.9,0.2,67.0,0.0,3.6,28.8,998.0,0.0,,0,0,24.0
2024-02-26 03:00:00,,7.5,4.7,11.8,0.1,0.0,3.5,37.1,999.8,5.8,0.3,68.0,0.0,3.6,37.1,998.0,0.0,,0,0,24.0
2024-02-26 04:00:00,,7.5,4.7,11.8,0.1,0.0,3.5,37.1,999.8,6.5,0.2,64.0,0.0,7.2,27.7,998.1,0.0,,0,0,24.0
2024-02-26 05:00:00,,7.5,4.7,11.8,0.1,0.0,3.5,37.1,999.8,5.9,2.0,76.0,0.0,3.6,7.6,997.8,0.0,,0,0,23.428571428571427
2024-02-26 06:00:00,,7.5,4.7,11.8,0.1,0.0,3.5,37.1,999.8,5.9,1.4,73.0,0.0,0.0,23.0,998.3,0.0,,0,0,26.142857142857142
2024-02-26 07:00:00,,7.5,4.7,11.8,0.1,0.0,3.5,37.1,999.8,5.8,1.1,72.0,0.0,3.6,16.2,999.6,0.0,,0,0,82.125
2024-02-26 08:00:00,,7.5,4.7,11.8,0.1,0.0,3.5,37.1,999.8,6.5,1.4,70.0,0.0,3.6,9.7,999.6,0.0,,0,0,157.33333333333334
2024-02-26 09:00:00,,7.5,4.7,11.8,0.1,0.0,3.5,37.1,999.8,7.8,1.6,65.0,0.0,3.6,7.2,999.0,7.0,,0,0,212.71428571428572
2024-02-26 10:00:00,,7.5,4.7,11.8,0.1,0.0,3.5,37.1,999.8,10.5,3.3,61.0,0.0,3.6,7.2,998.5,20.0,,0,0,239.0
2024-02-26 11:00:00,,7.5,4.7,11.8,0.1,0.0,3.5,37.1,999.8,8.8,3.0,67.0,0.0,7.2,16.6,999.3,0.0,,0,0,225.57142857142858
2024-02-26 12:00:00,,7.5,4.7,11.8,0.1,0.0,3.5,37.1,999.8,8.3,3.1,70.0,0.0,0.0,10.4,1000.1,0.0,,0,0,186.57142857142858
2024-02-26 13:00:00,,7.5,4.7,11.8,0.1,0.0,3.5,37.1,999.8,8.9,3.7,70.0,0.0,3.6,9.7,999.7,0.0,,0,0,194.57142857142858
2024-02-26 14:00:00,,7.5,4.7,11.8,0.1,0.0,3.5,37.1,999.8,11.8,2.0,51.0,0.1,7.2,26.3,999.0,0.0,,0,0,228.14285714285714
2024-02-26 15:00:00,,7.5,4.7,11.8,0.1,0.0,3.5,37.1,999.8,11.3,2.3,54.0,0.0,0.0,22.7,998.8,0.0,,0,0,240.625
2024-02-26 16:00:00,,7.5,4.7,11.8,0.1,0.0,3.5,37.1,999.8,10.6,4.3,65.0,0.0,3.6,24.1,999.6,0.0,,0,0,207.85714285714286
2024-02-26 17:00:00,,7.5,4.7,11.8,0.1,0.0,3.5,37.1,999.8,9.5,3.7,67.0,0.0,3.6,7.2,1000.6,0.0,,0,0,146.0
2024-02-26 18:00:00,,7.5,4.7,11.8,0.1,0.0,3.5,37.1,999.8,8.3,2.9,69.0,0.0,3.6,15.1,1001.6,0.0,,0,0,97.0
2024-02-26 19:00:00,,7.5,4.7,11.8,0.1,0.0,3.5,37.1,999.8,7.8,3.3,73.0,0.0,3.6,6.1,1002.2,0.0,,0,0,72.25
2024-02-26 20:00:00,,7.5,4.7,11.8,0.1,0.0,3.5,37.1,999.8,6.9,3.1,77.0,0.0,3.6,6.1,1002.7,0.0,,0,0,60.285714285714285
2024-02-26 21:00:00,,7.5,4.7,11.8,0.1,0.0,3.5,37.1,999.8,5.9,3.2,83.0,0.0,3.6,12.2,1003.8,0.0,,0,0,44.285714285714285
2024-02-26 22:00:00,,7.5,4.7,11.8,0.1,0.0,3.5,37.1,999.8,4.7,2.6,86.0,0.0,3.6,12.2,1004.9,0.0,,0,0,33.714285714285715
2024-02-26 23:00:00,,7.5,4.7,11.8,0.1,0.0,3.5,37.1,999.8,4.7,2.9,88.0,0.0,3.6,10.4,1005.5,0.0,,0,0,27.428571428571427
2024-02-27 00:00:00,,6.5,4.7,8.2,3.6,0.0,2.9,21.6,1010.1,5.4,3.6,88.0,0.0,3.6,13.7,1006.3,0.0,,0,0,25.857142857142858
2024-02-27 01:00:00,,6.5,4.7,8.2,3.6,0.0,2.9,21.6,1010.1,4.9,3.1,88.0,0.0,3.6,7.9,1006.5,0.0,,0,0,25.0
2024-02-27 02:00:00,,6.5,4.7,8.2,3.6,0.0,2.9,21.6,1010.1,5.6,3.6,87.0,0.0,3.6,5.0,1006.5,0.0,,0,0,25.0
2024-02-27 03:00:00,,6.5,4.7,8.2,3.6,0.0,2.9,21.6,1010.1,5.4,3.7,89.0,0.0,0.0,5.0,1006.9,0.0,,0,0,25.0
2024-02-27 04:00:00,,6.5,4.7,8.2,3.6,0.0,2.9,21.6,1010.1,5.3,4.3,93.0,0.1,3.6,6.5,1007.6,0.0,,0,0,25.0
2024-02-27 05:00:00,,6.5,4.7,8.2,3.6,0.0,2.9,21.6,1010.1,5.3,4.1,92.0,0.1,0.0,5.4,1008.3,0.0,,0,0,25.285714285714285
2024-02-27 06:00:00,,6.5,4.7,8.2,3.6,0.0,2.9,21.6,1010.1,4.8,4.2,96.0,0.3,3.6,5.8,1008.7,0.0,,0,0,30.375
2024-02-27 07:00:00,,6.5,4.7,8.2,3.6,0.0,2.9,21.6,1010.1,5.2,4.6,96.0,0.4,3.6,6.5,1009.3,0.0,,0,0,83.42857142857143
2024-02-27 08:00:00,,6.5,4.7,8.2,3.6,0.0,2.9,21.6,1010.1,5.9,4.7,92.0,0.5,0.0,10.1,1009.8,0.0,,0,0,171.0
2024-02-27 09:00:00,,6.5,4.7,8.2,3.6,0.0,2.9,21.6,1010.1,6.4,4.2,86.0,0.0,3.6,13.3,1010.1,0.0,,0,0,240.42857142857142
2024-02-27 10:00:00,,6.5,4.7,8.2,3.6,0.0,2.9,21.6,1010.1,6.4,4.1,85.0,1.3,3.6,15.1,1010.3,0.0,,0,0,285.2857142857143
2024-02-27 11:00:00,,6.5,4.7,8.2,3.6,0.0,2.9,21.6,1010.1,6.7,4.4,85.0,0.3,3.6,10.8,1010.7,0.0,,0,0,250.5
2024-02-27 12:00:00,,6.5,4.7,8.2,3.6,0.0,2.9,21.6,1010.1,7.0,4.0,81.0,0.5,3.6,7.9,1010.7,0.0,,0,0,230.71428571428572
2024-02-27 13:00:00,,6.5,4.7,8.2,3.6,0.0,2.9,21.6,1010.1,7.9,4.3,78.0,0.0,3.6,8.6,1010.3,0.0,,0,0,225.42857142857142
2024-02-27 14:00:00,,6.5,4.7,8.2,3.6,0.0,2.9,21.6,1010.1,7.9,4.5,79.0,0.0,3.6,21.6,1010.3,0.0,,0,0,249.14285714285714
2024-02-27 15:00:00,,6.5,4.7,8.2,3.6,0.0,2.9,21.6,1010.1,8.2,4.6,78.0,0.0,3.6,18.4,1010.8,0.0,,0,0,253.57142857142858
2024-02-27 16:00:00,,6.5,4.7,8.2,3.6,0.0,2.9,21.6,1010.1,8.0,4.0,76.0,0.0,0.0,11.5,1011.4,0.0,,0,0,211.0
2024-02-27 17:00:00,,6.5,4.7,8.2,3.6,0.0,2.9,21.6,1010.1,7.8,4.0,77.0,0.0,3.6,9.4,1012.0,0.0,,0,0,140.14285714285714
2024-02-27 18:00:00,,6.5,4.7,8.2,3.6,0.0,2.9,21.6,1010.1,7.9,4.7,80.0,0.0,3.6,6.5,1012.8,0.0,,0,0,111.83333333333333
2024-02-27 19:00:00,,6.5,4.7,8.2,3.6,0.0,2.9,21.6,1010.1,7.4,4.9,84.0,0.0,3.6,6.5,1013.4,0.0,,0,0,107.14285714285714
2024-02-27 20:00:00,,6.5,4.7,8.2,3.6,0.0,2.9,21.6,1010.1,7.0,5.0,87.0,0.0,3.6,8.6,1014.1,0.0,,0,0,88.42857142857143
2024-02-27 21:00:00,,6.5,4.7,8.2,3.6,0.0,2.9,21.6,1010.1,6.9,4.7,86.0,0.0,3.6,6.1,1014.6,0.0,,0,0,66.85714285714286
2024-02-27 22:00:00,,6.5,4.7,8.2,3.6,0.0,2.9,21.6,1010.1,6.8,5.1,89.0,0.1,0.0,6.1,1015.1,0.0,,0,0,47.5
2024-02-27 23:00:00,,6.5,4.7,8.2,3.6,0.0,2.9,21.6,1010.1,5.9,4.9,93.0,0.2,2.9,8.3,1015.9,0.0,,0,0,35.857142857142854
2024-02-28 00:00:00,,7.0,5.9,8.2,0.2,0.0,2.5,12.6,1019.5,6.4,4.9,90.0,0.0,0.0,6.8,1016.0,0.0,,0,0,31.428571428571427
2024-02-28 01:00:00,,7.0,5.9,8.2,0.2,0.0,2.5,12.6,1019.5,6.7,4.7,87.0,0.0,0.0,4.0,1016.5,0.0,,0,0,29.714285714285715
2024-02-28 02:00:00,,7.0,5.9,8.2,0.2,0.0,2.5,12.6,1019.5,6.1,4.7,91.0,0.0,0.0,5.0,1016.7,0.0,,0,0,29.0
2024-02-28 03:00:00,,7.0,5.9,8.2,0.2,0.0,2.5,12.6,1019.5,6.0,5.0,93.0,0.0,3.6,5.0,1016.9,0.0,,0,0,29.0
2024-02-28 04:00:00,,7.0,5.9,8.2,0.2,0.0,2.5,12.6,1019.5,5.9,4.9,93.0,0.0,0.0,5.0,1017.3,0.0,,0,0,28.714285714285715
2024-02-28 05:00:00,,7.0,5.9,8.2,0.2,0.0,2.5,12.6,1019.5,6.1,5.1,93.0,0.0,3.6,5.0,1018.0,0.0,,0,0,28.0
2024-02-28 06:00:00,,7.0,5.9,8.2,0.2,0.0,2.5,12.6,1019.5,6.0,4.8,92.0,0.0,0.0,7.2,1018.4,0.0,,0,0,30.571428571428573
2024-02-28 07:00:00,,7.0,5.9,8.2,0.2,0.0,2.5,12.6,1019.5,6.0,5.0,93.0,0.0,3.6,7.6,1019.3,0.0,,1,0,70.85714285714286
2024-02-28 08:00:00,,7.0,5.9,8.2,0.2,0.0,2.5,12.6,1019.5,6.7,5.2,90.0,0.0,3.6,7.6,1019.7,0.0,,1,0,168.875
2024-02-28 09:00:00,,7.0,5.9,8.2,0.2,0.0,2.5,12.6,1019.5,7.5,5.1,85.0,0.0,3.6,5.0,1020.1,0.0,,1,0,288.7142857142857
2024-02-28 10:00:00,,7.0,5.9,8.2,0.2,0.0,2.5,12.6,1019.5,7.9,5.5,85.0,0.0,3.6,7.6,1020.4,0.0,,1,0,339.57142857142856
2024-02-28 11:00:00,,7.0,5.9,8.2,0.2,0.0,2.5,12.6,1019.5,7.9,5.2,83.0,0.0,3.6,9.0,1020.5,0.0,,1,0,301.7142857142857
2024-02-28 12:00:00,,7.0,5.9,8.2,0.2,0.0,2.5,12.6,1019.5,8.2,5.1,81.0,0.0,3.6,11.5,1020.4,0.0,,1,0,240.28571428571428
2024-02-28 13:00:00,,7.0,5.9,8.2,0.2,0.0,2.5,12.6,1019.5,8.0,5.3,83.0,0.0,7.2,12.6,1020.7,0.0,,0,0,219.125
2024-02-28 14:00:00,,7.0,5.9,8.2,0.2,0.0,2.5,12.6,1019.5,8.1,5.0,81.0,0.0,3.6,8.3,1020.7,0.0,,0,0,253.57142857142858
2024-02-28 15:00:00,,7.0,5.9,8.2,0.2,0.0,2.5,12.6,1019.5,7.9,5.0,82.0,0.0,3.6,8.3,1020.7,0.0,,0,0,265.85714285714283
2024-02-28 16:00:00,,7.0,5.9,8.2,0.2,0.0,2.5,12.6,1019.5,7.8,5.1,83.0,0.0,3.6,5.0,1021.0,0.0,,0,0,223.0
2024-02-28 17:00:00,,7.0,5.9,8.2,0.2,0.0,2.5,12.6,1019.5,7.6,5.1,84.0,0.0,3.6,12.6,1021.0,0.0,,0,0,149.71428571428572
2024-02-28 18:00:00,,7.0,5.9,8.2,0.2,0.0,2.5,12.6,1019.5,7.3,5.3,87.0,0.0,3.6,6.8,1021.2,0.0,,0,0,120.875
2024-02-28 19:00:00,,7.0,5.9,8.2,0.2,0.0,2.5,12.6,1019.5,7.2,5.2,87.0,0.0,0.0,6.5,1021.3,0.0,,0,0,115.42857142857143
2024-02-28 20:00:00,,7.0,5.9,8.2,0.2,0.0,2.5,12.6,1019.5,6.9,5.0,88.0,0.0,0.0,6.5,1021.6,0.0,,0,0,108.28571428571429
2024-02-28 21:00:00,,7.0,5.9,8.2,0.2,0.0,2.5,12.6,1019.5,6.8,5.4,91.0,0.0,4.0,5.0,1021.5,0.0,,0,0,93.28571428571429
2024-02-28 22:00:00,,7.0,5.9,8.2,0.2,0.0,2.5,12.6,1019.5,6.5,5.1,91.0,0.0,0.0,4.7,1021.1,0.0,,0,0,80.875
2024-02-28 23:00:00,,7.0,5.9,8.2,0.2,0.0,2.5,12.6,1019.5,6.4,5.0,91.0,0.0,0.0,4.7,1020.6,0.0,,0,0,61.714285714285715
2024-02-29 00:00:00,,7.0,4.3,9.7,0.0,0.0,3.9,16.2,1014.5,6.3,5.3,93.0,0.0,0.0,4.7,1020.4,0.0,,0,0,48.857142857142854
2024-02-29 01:00:00,,7.0,4.3,9.7,0.0,0.0,3.9,16.2,1014.5,6.2,4.8,91.0,0.0,3.6,6.1,1020.0,0.0,,0,0,39.714285714285715
2024-02-29 02:00:00,,7.0,4.3,9.7,0.0,0.0,3.9,16.2,1014.5,6.2,5.2,93.0,0.0,0.0,6.1,1019.1,0.0,,0,0,33.42857142857143
2024-02-29 03:00:00,,7.0,4.3,9.7,0.0,0.0,3.9,16.2,1014.5,6.0,4.8,92.0,0.0,0.0,9.3,1019.1,,,0,0,32.857142857142854
2024-02-29 04:00:00,,7.0,4.3,9.7,0.0,0.0,3.9,16.2,1014.5,5.9,4.5,91.0,0.0,3.6,7.4,1018.7,,,0,0,32.0
2024-02-29 05:00:00,,7.0,4.3,9.7,0.0,0.0,3.9,16.2,1014.5,5.8,4.6,92.0,0.0,3.6,6.1,1018.0,0.0,,0,0,32.0
2024-02-29 06:00:00,,7.0,4.3,9.7,0.0,0.0,3.9,16.2,1014.5,5.7,4.5,92.0,0.0,0.0,9.4,1017.9,0.0,,0,0,35.75
2024-02-29 07:00:00,,7.0,4.3,9.7,0.0,0.0,3.9,16.2,1014.5,5.7,4.5,92.0,0.0,3.6,6.1,1018.0,0.0,,0,0,80.42857142857143
2024-02-29 08:00:00,,7.0,4.3,9.7,0.0,0.0,3.9,16.2,1014.5,6.2,4.7,90.0,0.0,3.6,4.7,1017.2,0.0,,0,0,194.14285714285714
2024-02-29 09:00:00,,7.0,4.3,9.7,0.0,0.0,3.9,16.2,1014.5,7.5,5.1,85.0,0.0,0.0,9.0,1016.1,33.0,,0,0,301.7142857142857
2024-02-29 10:00:00,,7.0,4.3,9.7,0.0,0.0,3.9,16.2,1014.5,8.5,5.2,80.0,0.0,3.6,10.1,1015.0,60.0,,0,0,332.57142857142856
2024-02-29 11:00:00,,7.0,4.3,9.7,0.0,0.0,3.9,16.2,1014.5,9.5,5.7,77.0,0.0,7.2,11.2,1014.0,60.0,,0,0,341.85714285714283
2024-02-29 12:00:00,,7.0,4.3,9.7,0.0,0.0,3.9,16.2,1014.5,9.5,5.7,77.0,0.0,10.8,16.2,1013.4,59.0,,0,0,309.25
2024-02-29 13:00:00,,7.0,4.3,9.7,0.0,0.0,3.9,16.2,1014.5,9.7,5.5,75.0,0.0,10.8,15.5,1012.5,59.0,,0,0,292.14285714285717
2024-02-29 14:00:00,,7.0,4.3,9.7,0.0,0.0,3.9,16.2,1014.5,9.6,4.6,71.0,0.0,10.8,13.3,1011.4,59.0,,0,0,311.3333333333333
2024-02-29 15:00:00,,7.0,4.3,9.7,0.0,0.0,3.9,16.2,1014.5,9.7,5.1,73.0,0.0,7.2,13.0,1010.5,60.0,,0,0,320.125
2024-02-29 16:00:00,,7.0,4.3,9.7,0.0,0.0,3.9,16.2,1014.5,9.5,4.9,73.0,0.0,7.2,12.6,1010.0,60.0,,0,0,288.7142857142857
2024-02-29 17:00:00,,7.0,4.3,9.7,0.0,0.0,3.9,16.2,1014.5,8.4,4.8,78.0,0.0,3.6,7.2,1009.8,11.0,,0,0,164.0
2024-02-29 18:00:00,,7.0,4.3,9.7,0.0,0.0,3.9,16.2,1014.5,6.2,3.9,85.0,0.0,3.6,9.0,1010.0,0.0,,0,0,115.57142857142857
2024-02-29 19:00:00,,7.0,4.3,9.7,0.0,0.0,3.9,16.2,1014.5,5.6,4.6,93.0,0.0,0.0,10.4,1009.5,0.0,,0,0,136.71428571428572
2024-02-29 20:00:00,,7.0,4.3,9.7,0.0,0.0,3.9,16.2,1014.5,4.8,4.1,95.0,0.0,3.6,9.4,1009.1,0.0,,0,0,120.57142857142857
2024-02-29 21:00:00,,7.0,4.3,9.7,0.0,0.0,3.9,16.2,1014.5,4.6,3.9,95.0,0.0,3.6,4.0,1008.9,0.0,,0,0,88.875
2024-02-29 22:00:00,,7.0,4.3,9.7,0.0,0.0,3.9,16.2,1014.5,4.3,3.9,97.0,0.0,3.6,6.8,1008.9,0.0,,0,0,52.0
2024-02-29 23:00:00,,7.0,4.3,9.7,0.0,0.0,3.9,16.2,1014.5,4.0,3.7,98.0,0.0,3.6,7.2,1008.8,0.0,,0,0,26.428571428571427
2024-03-01 00:00:00,,6.2,2.7,8.8,7.4,0.0,2.6,18.4,1008.6,3.6,3.5,99.0,0.0,3.6,6.1,1008.1,0.0,,0,0,20.571428571428573
2024-03-01 01:00:00,,6.2,2.7,8.8,7.4,0.0,2.6,18.4,1008.6,2.7,2.6,99.0,0.0,0.0,7.2,1008.5,0.0,,0,0,16.142857142857142
2024-03-01 02:00:00,,6.2,2.7,8.8,7.4,0.0,2.6,18.4,1008.6,4.3,4.2,99.0,0.0,3.6,5.8,1008.2,0.0,,0,0,14.0
2024-03-01 03:00:00,,6.2,2.7,8.8,7.4,0.0,2.6,18.4,1008.6,4.9,4.6,98.0,0.0,3.6,11.1,1008.1,,,0,0,14.0
2024-03-01 04:00:00,,6.2,2.7,8.8,7.4,0.0,2.6,18.4,1008.6,4.7,4.6,99.0,0.8,3.6,9.3,1008.7,,,0,0,14.0
2024-03-01 05:00:00,,6.2,2.7,8.8,7.4,0.0,2.6,18.4,1008.6,5.0,5.0,100.0,0.1,3.6,11.1,1008.9,,,0,0,14.285714285714286
2024-03-01 06:00:00,,6.2,2.7,8.8,7.4,0.0,2.6,18.4,1008.6,5.3,5.2,99.0,0.3,0.0,14.0,1009.1,0.0,,0,0,17.0
2024-03-01 07:00:00,,6.2,2.7,8.8,7.4,0.0,2.6,18.4,1008.6,5.5,5.4,99.0,1.0,3.6,14.8,1009.7,0.0,,0,0,62.125
2024-03-01 08:00:00,,6.2,2.7,8.8,7.4,0.0,2.6,18.4,1008.6,5.6,5.5,99.0,1.0,3.6,18.4,1010.1,0.0,,0,0,148.85714285714286
2024-03-01 09:00:00,,6.2,2.7,8.8,7.4,0.0,2.6,18.4,1008.6,6.4,6.3,99.0,0.3,3.6,10.8,1010.2,0.0,,0,0,232.0
2024-03-01 10:00:00,,6.2,2.7,8.8,7.4,0.0,2.6,18.4,1008.6,6.8,6.4,97.0,2.0,3.6,10.1,1010.2,0.0,,0,0,250.57142857142858
2024-03-01 11:00:00,,6.2,2.7,8.8,7.4,0.0,2.6,18.4,1008.6,7.0,5.6,91.0,1.0,3.6,12.2,1010.0,0.0,,0,0,234.57142857142858
2024-03-01 12:00:00,,6.2,2.7,8.8,7.4,0.0,2.6,18.4,1008.6,7.8,5.4,85.0,0.4,3.6,15.8,1009.3,0.0,,0,0,205.125
2024-03-01 13:00:00,,6.2,2.7,8.8,7.4,0.0,2.6,18.4,1008.6,8.5,4.5,76.0,0.1,3.6,6.5,1008.4,0.0,,0,0,227.28571428571428
2024-03-01 14:00:00,,6.2,2.7,8.8,7.4,0.0,2.6,18.4,1008.6,8.7,5.1,78.0,0.0,3.6,6.8,1008.0,0.0,,0,0,250.0
2024-03-01 15:00:00,,6.2,2.7,8.8,7.4,0.0,2.6,18.4,1008.6,8.8,5.2,78.0,0.0,0.0,7.2,1007.9,0.0,,0,0,275.7142857142857
2024-03-01 16:00:00,,6.2,2.7,8.8,7.4,0.0,2.6,18.4,1008.6,8.6,5.3,80.0,0.0,0.0,6.1,1007.4,0.0,,0,0,264.2857142857143
2024-03-01 17:00:00,,6.2,2.7,8.8,7.4,0.0,2.6,18.4,1008.6,8.3,5.8,84.0,0.0,3.6,6.8,1007.5,0.0,,0,0,206.25
2024-03-01 18:00:00,,6.2,2.7,8.8,7.4,0.0,2.6,18.4,1008.6,7.7,6.0,89.0,0.0,3.6,7.6,1007.9,0.0,,0,0,149.14285714285714
2024-03-01 19:00:00,,6.2,2.7,8.8,7.4,0.0,2.6,18.4,1008.6,7.1,6.2,94.0,0.1,0.0,5.8,1008.0,0.0,,0,0,147.71428571428572
2024-03-01 20:00:00,,6.2,2.7,8.8,7.4,0.0,2.6,18.4,1008.6,6.6,6.2,97.0,0.2,0.0,6.1,1008.0,0.0,,0,0,154.71428571428572
2024-03-01 21:00:00,,6.2,2.7,8.8,7.4,0.0,2.6,18.4,1008.6,5.9,5.0,94.0,0.1,4.7,16.6,1007.8,0.0,,0,0,163.85714285714286
2024-03-01 22:00:00,,6.2,2.7,8.8,7.4,0.0,2.6,18.4,1008.6,5.4,5.4,100.0,0.0,0.0,15.8,1007.8,0.0,,0,0,157.0
2024-03-01 23:00:00,,6.2,2.7,8.8,7.4,0.0,2.6,18.4,1008.6,5.1,5.0,99.0,0.0,0.0,16.2,1007.2,0.0,,0,0,114.14285714285714
2024-03-02 00:00:00,,7.9,4.2,14.3,0.1,0.0,2.6,36.4,1004.3,4.7,4.6,99.0,0.0,0.0,18.7,1006.8,0.0,,0,0,82.57142857142857
2024-03-02 01:00:00,,7.9,4.2,14.3,0.1,0.0,2.6,36.4,1004.3,4.8,4.7,99.0,0.0,0.0,11.2,1006.9,0.0,,0,0,59.142857142857146
2024-03-02 02:00:00,,7.9,4.2,14.3,0.1,0.0,2.6,36.4,1004.3,5.3,5.2,99.0,0.0,3.6,9.7,1006.8,0.0,,0,0,46.0
2024-03-02 03:00:00,,7.9,4.2,14.3,0.1,0.0,2.6,36.4,1004.3,5.0,4.9,99.0,0.0,3.6,12.6,1007.3,0.0,,0,0,33.25
2024-03-02 04:00:00,,7.9,4.2,14.3,0.1,0.0,2.6,36.4,1004.3,5.3,5.0,98.0,0.0,0.0,8.6,1007.1,0.0,,0,0,30.0
2024-03-02 05:00:00,,7.9,4.2,14.3,0.1,0.0,2.6,36.4,1004.3,4.3,4.3,100.0,0.0,0.0,7.2,1007.4,0.0,,0,0,29.285714285714285
2024-03-02 06:00:00,,7.9,4.2,14.3,0.1,0.0,2.6,36.4,1004.3,4.2,4.1,99.0,0.0,0.0,12.6,1007.4,0.0,,0,0,29.285714285714285
2024-03-02 07:00:00,,7.9,4.2,14.3,0.1,0.0,2.6,36.4,1004.3,4.8,4.7,99.0,0.0,3.6,6.5,1007.6,0.0,,1,0,39.714285714285715
2024-03-02 08:00:00,,7.9,4.2,14.3,0.1,0.0,2.6,36.4,1004.3,5.6,5.5,99.0,0.0,3.6,9.4,1007.5,0.0,,1,0,125.85714285714286
2024-03-02 09:00:00,,7.9,4.2,14.3,0.1,0.0,2.6,36.4,1004.3,7.1,5.2,88.0,0.0,3.6,4.3,1007.1,0.0,,1,0,328.0
2024-03-02 10:00:00,,7.9,4.2,14.3,0.1,0.0,2.6,36.4,1004.3,9.0,6.1,82.0,0.0,0.0,9.4,1005.9,49.0,,1,0,416.14285714285717
2024-03-02 11:00:00,,7.9,4.2,14.3,0.1,0.0,2.6,36.4,1004.3,9.7,6.2,79.0,0.0,7.2,10.4,1004.8,54.0,,1,0,407.14285714285717
2024-03-02 12:00:00,,7.9,4.2,14.3,0.1,0.0,2.6,36.4,1004.3,11.1,6.2,72.0,0.0,3.6,14.0,1003.5,13.0,,1,0,375.875
2024-03-02 13:00:00,,7.9,4.2,14.3,0.1,0.0,2.6,36.4,1004.3,12.6,6.2,65.0,0.0,3.6,11.5,1002.3,51.0,,0,0,299.7142857142857
2024-03-02 14:00:00,,7.9,4.2,14.3,0.1,0.0,2.6,36.4,1004.3,13.7,5.8,59.0,0.1,7.2,7.6,1001.3,55.0,,0,0,261.42857142857144
2024-03-02 15:00:00,,7.9,4.2,14.3,0.1,0.0,2.6,36.4,1004.3,14.3,6.4,59.0,0.0,7.2,10.1,1000.7,60.0,,0,0,229.85714285714286
2024-03-02 16:00:00,,7.9,4.2,14.3,0.1,0.0,2.6,36.4,1004.3,12.7,7.2,69.0,0.0,3.6,6.8,1000.4,14.0,,0,0,141.71428571428572
2024-03-02 17:00:00,,7.9,4.2,14.3,0.1,0.0,2.6,36.4,1004.3,11.1,6.8,75.0,0.0,3.6,8.6,1000.6,0.0,,0,0,69.75
2024-03-02 18:00:00,,7.9,4.2,14.3,0.1,0.0,2.6,36.4,1004.3,9.4,6.5,82.0,0.0,3.6,10.4,1001.3,0.0,,0,0,66.57142857142857
2024-03-02 19:00:00,,7.9,4.2,14.3,0.1,0.0,2.6,36.4,1004.3,8.8,6.8,87.0,0.0,0.0,8.6,1001.2,0.0,,0,0,93.14285714285714
2024-03-02 20:00:00,,7.9,4.2,14.3,0.1,0.0,2.6,36.4,1004.3,7.1,6.0,93.0,0.0,0.0,12.2,1001.1,0.0,,0,0,107.85714285714286
2024-03-02 21:00:00,,7.9,4.2,14.3,0.1,0.0,2.6,36.4,1004.3,7.0,5.0,87.0,0.0,0.0,13.3,1000.8,0.0,,0,0,122.71428571428571
2024-03-02 22:00:00,,7.9,4.2,14.3,0.1,0.0,2.6,36.4,1004.3,6.8,4.3,84.0,0.0,3.6,36.4,1000.6,0.0,,0,0,124.28571428571429
2024-03-02 23:00:00,,7.9,4.2,14.3,0.1,0.0,2.6,36.4,1004.3,8.0,2.9,70.0,0.0,3.6,43.6,1000.2,0.0,,0,0,101.5
2024-03-03 00:00:00,,11.2,6.1,16.6,0.0,0.0,7.8,49.3,998.7,7.4,2.5,71.0,0.0,3.6,42.8,1000.2,0.0,,0,0,79.14285714285714
2024-03-03 01:00:00,,11.2,6.1,16.6,0.0,0.0,7.8,49.3,998.7,6.7,3.0,77.0,0.0,0.0,41.0,1000.1,0.0,,0,0,54.714285714285715
2024-03-03 02:00:00,,11.2,6.1,16.6,0.0,0.0,7.8,49.3,998.7,6.1,2.7,79.0,0.0,3.6,38.5,999.6,0.0,,0,0,34.142857142857146
2024-03-03 03:00:00,,11.2,6.1,16.6,0.0,0.0,7.8,49.3,998.7,6.1,2.2,76.0,0.0,3.6,16.7,999.4,,,0,0,25.0
2024-03-03 04:00:00,,11.2,6.1,16.6,0.0,0.0,7.8,49.3,998.7,9.7,1.3,56.0,0.0,10.8,27.8,998.8,,,0,0,19.571428571428573
2024-03-03 05:00:00,,11.2,6.1,16.6,0.0,0.0,7.8,49.3,998.7,7.5,2.8,72.0,0.0,3.6,49.0,999.2,0.0,,0,0,19.0
2024-03-03 06:00:00,,11.2,6.1,16.6,0.0,0.0,7.8,49.3,998.7,12.1,0.2,44.0,0.0,10.8,45.7,998.3,0.0,,0,0,18.857142857142858
2024-03-03 07:00:00,,11.2,6.1,16.6,0.0,0.0,7.8,49.3,998.7,9.2,1.8,60.0,0.0,3.6,49.3,998.9,0.0,,0,0,18.0
2024-03-03 08:00:00,,11.2,6.1,16.6,0.0,0.0,7.8,49.3,998.7,11.8,0.5,46.0,0.0,7.2,37.1,998.5,0.0,,0,0,19.714285714285715
2024-03-03 09:00:00,,11.2,6.1,16.6,0.0,0.0,7.8,49.3,998.7,13.5,0.2,40.0,0.0,14.4,42.5,998.0,2.0,,0,0,32.0
2024-03-03 10:00:00,,11.2,6.1,16.6,0.0,0.0,7.8,49.3,998.7,13.7,-0.7,37.0,0.0,14.4,38.5,997.8,0.0,,0,0,67.14285714285714
2024-03-03 11:00:00,,11.2,6.1,16.6,0.0,0.0,7.8,49.3,998.7,14.7,-0.2,36.0,0.0,7.2,33.5,997.4,7.0,,0,0,83.57142857142857
2024-03-03 12:00:00,,11.2,6.1,16.6,0.0,0.0,7.8,49.3,998.7,16.0,-1.1,31.0,0.0,14.4,34.6,996.7,53.0,,0,0,90.85714285714286
2024-03-03 13:00:00,,11.2,6.1,16.6,0.0,0.0,7.8,49.3,998.7,15.6,-2.4,29.0,0.0,14.4,45.0,996.6,60.0,,0,0,82.71428571428571
2024-03-03 14:00:00,,11.2,6.1,16.6,0.0,0.0,7.8,49.3,998.7,16.6,-2.0,28.0,0.0,18.0,36.7,996.2,60.0,,0,0,86.75
2024-03-03 15:00:00,,11.2,6.1,16.6,0.0,0.0,7.8,49.3,998.7,15.5,-1.6,31.0,0.0,14.4,43.9,996.8,60.0,,0,0,94.28571428571429
2024-03-03 16:00:00,,11.2,6.1,16.6,0.0,0.0,7.8,49.3,998.7,15.0,-1.6,32.0,0.0,10.8,37.8,997.1,32.0,,0,0,77.0
2024-03-03 17:00:00,,11.2,6.1,16.6,0.0,0.0,7.8,49.3,998.7,13.8,-1.0,36.0,0.0,7.2,31.0,997.7,0.0,,0,0,53.42857142857143
2024-03-03 18:00:00,,11.2,6.1,16.6,0.0,0.0,7.8,49.3,998.7,12.7,-0.6,40.0,0.0,7.2,27.4,998.4,0.0,,0,0,88.85714285714286
2024-03-03 19:00:00,,11.2,6.1,16.6,0.0,0.0,7.8,49.3,998.7,11.6,-0.2,44.0,0.0,7.2,29.2,999.3,0.0,,0,0,90.0
2024-03-03 20:00:00,,11.2,6.1,16.6,0.0,0.0,7.8,49.3,998.7,9.1,1.0,57.0,0.0,3.6,29.5,1000.5,0.0,,0,0,46.5
2024-03-03 21:00:00,,11.2,6.1,16.6,0.0,0.0,7.8,49.3,998.7,8.1,1.9,65.0,0.0,3.6,28.4,1001.3,0.0,,0,0,20.857142857142858
2024-03-03 22:00:00,,11.2,6.1,16.6,0.0,0.0,7.8,49.3,998.7,7.1,1.4,67.0,0.0,0.0,30.2,1002.4,0.0,,0,0,12.428571428571429
2024-03-03 23:00:00,,11.2,6.1,16.6,0.0,0.0,7.8,49.3,998.7,4.6,-0.2,71.0,0.0,8.3,21.6,1002.4,0.0,,0,0,11.714285714285714
2024-03-04 00:00:00,,7.6,4.6,10.2,0.0,0.0,3.8,23.8,1009.6,7.9,3.2,72.0,0.0,3.6,21.2,1004.4,0.0,,0,0,11.571428571428571
2024-03-04 01:00:00,,7.6,4.6,10.2,0.0,0.0,3.8,23.8,1009.6,8.1,4.7,79.0,0.0,7.2,23.8,1005.1,0.0,,0,0,11.0
2024-03-04 02:00:00,,7.6,4.6,10.2,0.0,0.0,3.8,23.8,1009.6,5.9,1.2,72.0,0.0,6.8,22.0,1006.6,0.0,,0,0,11.0
2024-03-04 03:00:00,,7.6,4.6,10.2,0.0,0.0,3.8,23.8,1009.6,6.2,4.4,88.0,0.0,3.6,14.8,1007.0,,,0,0,11.0
2024-03-04 04:00:00,,7.6,4.6,10.2,0.0,0.0,3.8,23.8,1009.6,5.9,4.4,90.0,0.0,0.0,14.8,1007.9,,,0,0,11.0
2024-03-04 05:00:00,,7.6,4.6,10.2,0.0,0.0,3.8,23.8,1009.6,4.8,3.8,93.0,0.0,0.0,12.6,1009.1,0.0,,0,0,10.857142857142858
2024-03-04 06:00:00,,7.6,4.6,10.2,0.0,0.0,3.8,23.8,1009.6,6.1,5.1,93.0,0.0,3.6,11.9,1009.5,0.0,,0,0,13.875
2024-03-04 07:00:00,,7.6,4.6,10.2,0.0,0.0,3.8,23.8,1009.6,7.0,5.5,90.0,0.0,3.6,10.1,1010.0,0.0,,0,0,67.85714285714286
2024-03-04 08:00:00,,7.6,4.6,10.2,0.0,0.0,3.8,23.8,1009.6,7.3,5.4,88.0,0.0,3.6,11.9,1010.5,0.0,,0,0,158.85714285714286
2024-03-04 09:00:00,,7.6,4.6,10.2,0.0,0.0,3.8,23.8,1009.6,7.3,5.3,87.0,0.0,3.6,11.9,1011.2,0.0,,0,0,390.7142857142857
2024-03-04 10:00:00,,7.6,4.6,10.2,0.0,0.0,3.8,23.8,1009.6,8.0,5.6,85.0,0.0,3.6,9.7,1011.6,0.0,,0,0,411.85714285714283
2024-03-04 11:00:00,,7.6,4.6,10.2,0.0,0.0,3.8,23.8,1009.6,8.9,5.6,80.0,0.0,3.6,12.6,1011.6,26.0,,0,0,308.375
2024-03-04 12:00:00,,7.6,4.6,10.2,0.0,0.0,3.8,23.8,1009.6,9.4,5.9,79.0,0.0,7.2,16.2,1011.2,47.0,,0,0,212.28571428571428
2024-03-04 13:00:00,,7.6,4.6,10.2,0.0,0.0,3.8,23.8,1009.6,9.3,5.8,79.0,0.0,7.2,17.3,1010.9,60.0,,0,0,203.28571428571428
2024-03-04 14:00:00,,7.6,4.6,10.2,0.0,0.0,3.8,23.8,1009.6,9.4,5.8,78.0,0.0,7.2,13.7,1010.4,59.0,,0,0,209.42857142857142
2024-03-04 15:00:00,,7.6,4.6,10.2,0.0,0.0,3.8,23.8,1009.6,10.2,5.8,74.0,0.0,7.2,14.8,1010.2,60.0,,0,0,209.28571428571428
2024-03-04 16:00:00,,7.6,4.6,10.2,0.0,0.0,3.8,23.8,1009.6,9.6,5.2,74.0,0.0,3.6,11.9,1010.4,60.0,,0,0,177.85714285714286
2024-03-04 17:00:00,,7.6,4.6,10.2,0.0,0.0,3.8,23.8,1009.6,9.1,4.9,75.0,0.0,3.6,8.3,1010.9,29.0,,0,0,128.625
2024-03-04 18:00:00,,7.6,4.6,10.2,0.0,0.0,3.8,23.8,1009.6,8.4,4.8,78.0,0.0,3.6,5.8,1011.5,0.0,,0,0,87.28571428571429
2024-03-04 19:00:00,,7.6,4.6,10.2,0.0,0.0,3.8,23.8,1009.6,7.6,4.9,83.0,0.0,0.0,7.9,1011.7,0.0,,0,0,70.42857142857143
2024-03-04 20:00:00,,7.6,4.6,10.2,0.0,0.0,3.8,23.8,1009.6,7.8,5.1,83.0,0.0,0.0,7.6,1011.9,0.0,,0,0,53.42857142857143
2024-03-04 21:00:00,,7.6,4.6,10.2,0.0,0.0,3.8,23.8,1009.6,6.7,4.7,87.0,0.0,0.0,8.3,1012.2,0.0,,0,0,34.142857142857146
2024-03-04 22:00:00,,7.6,4.6,10.2,0.0,0.0,3.8,23.8,1009.6,6.8,4.8,87.0,0.0,0.0,6.5,1012.5,0.0,,0,0,22.625
2024-03-04 23:00:00,,7.6,4.6,10.2,0.0,0.0,3.8,23.8,1009.6,6.9,5.0,88.0,0.0,3.6,6.1,1012.8,0.0,,0,0,12.571428571428571
2024-03-05 00:00:00,,6.7,5.1,8.2,7.0,0.0,3.2,24.1,1015.6,6.8,5.3,90.0,0.0,3.6,5.0,1013.2,0.0,,0,0,12.0
2024-03-05 01:00:00,,6.7,5.1,8.2,7.0,0.0,3.2,24.1,1015.6,7.2,5.2,87.0,0.0,3.6,6.1,1013.4,0.0,,0,0,12.0
2024-03-05 02:00:00,,6.7,5.1,8.2,7.0,0.0,3.2,24.1,1015.6,6.7,5.3,91.0,0.0,3.6,11.9,1013.4,0.0,,0,0,12.0
2024-03-05 03:00:00,,6.7,5.1,8.2,7.0,0.0,3.2,24.1,1015.6,6.6,5.2,91.0,0.0,0.0,11.1,1013.5,,,0,0,12.0
2024-03-05 04:00:00,,6.7,5.1,8.2,7.0,0.0,3.2,24.1,1015.6,6.6,5.2,91.0,0.0,0.0,7.9,1014.1,0.0,,0,0,12.571428571428571
2024-03-05 05:00:00,,6.7,5.1,8.2,7.0,0.0,3.2,24.1,1015.6,6.4,5.0,91.0,0.0,0.0,6.1,1014.5,0.0,,0,0,14.0
2024-03-05 06:00:00,,6.7,5.1,8.2,7.0,0.0,3.2,24.1,1015.6,6.5,5.3,92.0,0.0,0.0,8.6,1014.8,0.0,,0,0,17.142857142857142
2024-03-05 07:00:00,,6.7,5.1,8.2,7.0,0.0,3.2,24.1,1015.6,6.8,5.9,94.0,0.2,0.0,7.6,1015.3,0.0,,0,0,63.714285714285715
2024-03-05 08:00:00,,6.7,5.1,8.2,7.0,0.0,3.2,24.1,1015.6,6.7,6.0,95.0,0.1,3.6,8.6,1015.7,0.0,,0,0,166.75
2024-03-05 09:00:00,,6.7,5.1,8.2,7.0,0.0,3.2,24.1,1015.6,7.1,6.4,95.0,0.7,3.6,10.4,1016.2,0.0,,0,0,241.57142857142858
2024-03-05 10:00:00,,6.7,5.1,8.2,7.0,0.0,3.2,24.1,1015.6,7.2,5.3,88.0,0.6,3.6,13.3,1016.4,0.0,,0,0,269.57142857142856
2024-03-05 11:00:00,,6.7,5.1,8.2,7.0,0.0,3.2,24.1,1015.6,6.8,5.3,90.0,0.2,3.6,15.8,1016.7,0.0,,0,0,251.71428571428572
2024-03-05 12:00:00,,6.7,5.1,8.2,7.0,0.0,3.2,24.1,1015.6,7.1,4.9,86.0,0.5,7.2,13.7,1016.5,0.0,,0,0,224.5
2024-03-05 13:00:00,,6.7,5.1,8.2,7.0,0.0,3.2,24.1,1015.6,7.8,4.7,81.0,0.6,3.6,13.7,1016.1,0.0,,0,0,221.57142857142858
2024-03-05 14:00:00,,6.7,5.1,8.2,7.0,0.0,3.2,24.1,1015.6,8.2,4.2,76.0,0.2,3.6,7.9,1016.0,0.0,,0,0,244.42857142857142
2024-03-05 15:00:00,,6.7,5.1,8.2,7.0,0.0,3.2,24.1,1015.6,8.1,3.9,75.0,0.5,0.0,11.9,1016.0,0.0,,0,0,219.28571428571428
2024-03-05 16:00:00,,6.7,5.1,8.2,7.0,0.0,3.2,24.1,1015.6,7.4,4.9,84.0,0.1,3.6,16.2,1016.2,0.0,,0,0,188.0
2024-03-05 17:00:00,,6.7,5.1,8.2,7.0,0.0,3.2,24.1,1015.6,7.0,4.8,86.0,0.1,3.6,16.9,1016.4,0.0,,0,0,154.28571428571428
2024-03-05 18:00:00,,6.7,5.1,8.2,7.0,0.0,3.2,24.1,1015.6,6.0,4.2,88.0,0.5,7.2,19.8,1017.3,0.0,,0,0,110.625
2024-03-05 19:00:00,,6.7,5.1,8.2,7.0,0.0,3.2,24.1,1015.6,5.6,3.9,89.0,0.7,7.2,20.2,1017.6,0.0,,0,0,104.57142857142857
2024-03-05 20:00:00,,6.7,5.1,8.2,7.0,0.0,3.2,24.1,1015.6,5.6,4.2,91.0,0.6,3.6,24.1,1017.6,0.0,,0,0,78.14285714285714
2024-03-05 21:00:00,,6.7,5.1,8.2,7.0,0.0,3.2,24.1,1015.6,5.3,3.5,88.0,1.1,3.6,17.3,1017.2,0.0,,0,0,39.0
2024-03-05 22:00:00,,6.7,5.1,8.2,7.0,0.0,3.2,24.1,1015.6,5.1,4.4,95.0,0.3,3.6,16.2,1017.9,0.0,,0,0,22.857142857142858
2024-03-05 23:00:00,,6.7,5.1,8.2,7.0,0.0,3.2,24.1,1015.6,5.1,4.7,97.0,0.8,3.6,17.3,1017.9,0.0,,0,0,15.0
2024-03-06 00:00:00,,3.7,2.6,5.1,23.0,0.0,3.3,18.4,1021.3,5.1,5.0,99.0,1.1,3.6,18.4,1017.9,0.0,,0,0,14.0
2024-03-06 01:00:00,,3.7,2.6,5.1,23.0,0.0,3.3,18.4,1021.3,4.6,4.2,97.0,0.3,3.6,12.2,1018.2,0.0,,0,0,13.0
2024-03-06 02:00:00,,3.7,2.6,5.1,23.0,0.0,3.3,18.4,1021.3,4.3,4.0,98.0,1.0,0.0,8.6,1018.5,0.0,,0,0,12.0
2024-03-06 03:00:00,,3.7,2.6,5.1,23.0,0.0,3.3,18.4,1021.3,3.8,3.4,97.0,0.9,3.6,13.0,1018.6,,,0,0,12.0
2024-03-06 04:00:00,,3.7,2.6,5.1,23.0,0.0,3.3,18.4,1021.3,3.6,3.0,96.0,2.0,3.6,13.0,1019.1,,,0,0,12.0
2024-03-06 05:00:00,,3.7,2.6,5.1,23.0,0.0,3.3,18.4,1021.3,3.2,2.5,95.0,2.0,0.0,13.0,1019.7,,,0,0,11.0
2024-03-06 06:00:00,,3.7,2.6,5.1,23.0,0.0,3.3,18.4,1021.3,3.3,2.7,96.0,1.8,3.6,13.0,1020.1,,,0,0,13.285714285714286
2024-03-06 07:00:00,,3.7,2.6,5.1,23.0,0.0,3.3,18.4,1021.3,3.4,2.7,95.0,0.2,3.6,13.0,1020.7,,,1,0,62.285714285714285
2024-03-06 08:00:00,,3.7,2.6,5.1,23.0,0.0,3.3,18.4,1021.3,3.7,2.7,93.0,0.3,3.6,5.8,1020.8,0.0,,1,0,169.71428571428572
2024-03-06 09:00:00,,3.7,2.6,5.1,23.0,0.0,3.3,18.4,1021.3,4.0,2.7,91.0,1.0,3.6,13.0,1021.1,,,1,0,291.75
2024-03-06 10:00:00,,3.7,2.6,5.1,23.0,0.0,3.3,18.4,1021.3,4.0,3.0,93.0,0.5,7.2,7.9,1021.7,0.0,,1,0,342.7142857142857
2024-03-06 11:00:00,,3.7,2.6,5.1,23.0,0.0,3.3,18.4,1021.3,3.8,2.3,90.0,1.0,3.6,12.6,1022.1,0.0,,1,0,302.57142857142856
2024-03-06 12:00:00,,3.7,2.6,5.1,23.0,0.0,3.3,18.4,1021.3,4.2,2.5,89.0,0.8,3.6,13.0,1022.1,0.0,,1,0,237.28571428571428
2024-03-06 13:00:00,,3.7,2.6,5.1,23.0,0.0,3.3,18.4,1021.3,4.3,2.6,89.0,2.0,3.6,13.0,1022.0,,,0,0,205.57142857142858
2024-03-06 14:00:00,,3.7,2.6,5.1,23.0,0.0,3.3,18.4,1021.3,4.3,2.5,88.0,1.0,3.6,9.7,1022.1,0.0,,0,0,225.375
2024-03-06 15:00:00,,3.7,2.6,5.1,23.0,0.0,3.3,18.4,1021.3,4.2,2.5,89.0,1.1,3.6,10.8,1022.3,0.0,,0,0,227.57142857142858
2024-03-06 16:00:00,,3.7,2.6,5.1,23.0,0.0,3.3,18.4,1021.3,3.8,2.2,89.0,1.0,0.0,7.6,1022.7,0.0,,0,0,186.28571428571428
2024-03-06 17:00:00,,3.7,2.6,5.1,23.0,0.0,3.3,18.4,1021.3,3.2,2.5,95.0,1.0,3.6,7.2,1023.2,0.0,,0,0,131.28571428571428
2024-03-06 18:00:00,,3.7,2.6,5.1,23.0,0.0,3.3,18.4,1021.3,2.7,2.3,97.0,1.2,3.6,9.4,1023.7,0.0,,0,0,103.85714285714286
2024-03-06 19:00:00,,3.7,2.6,5.1,23.0,0.0,3.3,18.4,1021.3,2.6,2.5,99.0,1.1,6.1,8.3,1024.4,0.0,,0,0,99.625
2024-03-06 20:00:00,,3.7,2.6,5.1,23.0,0.0,3.3,18.4,1021.3,2.7,2.3,97.0,0.4,3.6,7.9,1023.8,0.0,,0,0,88.0
2024-03-06 21:00:00,,3.7,2.6,5.1,23.0,0.0,3.3,18.4,1021.3,2.8,2.5,98.0,0.4,0.0,8.3,1023.7,0.0,,0,0,67.0
2024-03-06 22:00:00,,3.7,2.6,5.1,23.0,0.0,3.3,18.4,1021.3,2.7,2.6,99.0,0.1,3.6,7.6,1023.7,0.0,,0,0,93.125
2024-03-06 23:00:00,,3.7,2.6,5.1,23.0,0.0,3.3,18.4,1021.3,2.5,2.4,99.0,0.0,3.6,8.3,1023.5,0.0,,0,0,29.142857142857142
2024-03-07 00:00:00,,4.7,1.8,9.7,0.0,0.0,4.4,17.6,1019.5,2.7,2.6,99.0,0.0,3.6,7.2,1023.3,0.0,,0,0,23.375
2024-03-07 01:00:00,,4.7,1.8,9.7,0.0,0.0,4.4,17.6,1019.5,2.8,2.5,98.0,0.0,3.6,9.3,1023.1,,,0,0,17.857142857142858
2024-03-07 02:00:00,,4.7,1.8,9.7,0.0,0.0,4.4,17.6,1019.5,2.9,2.5,97.0,0.0,3.6,9.3,1022.5,,,0,0,14.0
2024-03-07 03:00:00,,4.7,1.8,9.7,0.0,0.0,4.4,17.6,1019.5,3.0,2.3,95.0,0.0,3.6,8.6,1022.0,0.0,,0,0,13.142857142857142
2024-03-07 04:00:00,,4.7,1.8,9.7,0.0,0.0,4.4,17.6,1019.5,2.7,2.6,99.0,0.0,3.6,6.1,1021.9,0.0,,0,0,12.142857142857142
2024-03-07 05:00:00,,4.7,1.8,9.7,0.0,0.0,4.4,17.6,1019.5,2.9,2.5,97.0,0.0,3.6,9.3,1021.4,,,0,0,12.125
2024-03-07 06:00:00,,4.7,1.8,9.7,0.0,0.0,4.4,17.6,1019.5,2.1,2.0,99.0,0.0,0.0,5.0,1021.5,0.0,,0,0,13.333333333333334
2024-03-07 07:00:00,,4.7,1.8,9.7,0.0,0.0,4.4,17.6,1019.5,2.9,2.8,99.0,0.0,3.6,5.8,1021.1,0.0,,0,0,424.0
2024-03-07 08:00:00,,4.7,1.8,9.7,0.0,0.0,4.4,17.6,1019.5,3.7,2.4,91.0,0.0,0.0,7.2,1020.8,0.0,,0,0,117.0
2024-03-07 09:00:00,,4.7,1.8,9.7,0.0,0.0,4.4,17.6,1019.5,5.1,2.8,85.0,0.0,3.6,9.3,1020.2,,,0,0,156.14285714285714
2024-03-07 10:00:00,,4.7,1.8,9.7,0.0,0.0,4.4,17.6,1019.5,5.8,2.1,77.0,0.0,7.2,9.0,1019.6,3.0,,0,0,187.875
2024-03-07 11:00:00,,4.7,1.8,9.7,0.0,0.0,4.4,17.6,1019.5,7.1,3.5,78.0,0.0,7.2,12.6,1018.9,0.0,,0,0,168.14285714285714
2024-03-07 12:00:00,,4.7,1.8,9.7,0.0,0.0,4.4,17.6,1019.5,9.7,2.8,62.0,0.0,8.3,13.0,1017.6,,,0,0,148.0
2024-03-07 13:00:00,,4.7,1.8,9.7,0.0,0.0,4.4,17.6,1019.5,7.3,2.6,72.0,0.0,7.2,14.8,1017.7,0.0,,0,0,138.85714285714286
2024-03-07 14:00:00,,4.7,1.8,9.7,0.0,0.0,4.4,17.6,1019.5,7.5,3.4,75.0,0.0,7.2,12.6,1017.4,0.0,,0,0,153.14285714285714
2024-03-07 15:00:00,,4.7,1.8,9.7,0.0,0.0,4.4,17.6,1019.5,7.2,3.3,76.0,0.0,7.2,17.6,1017.4,0.0,,0,0,150.0
2024-03-07 16:00:00,,4.7,1.8,9.7,0.0,0.0,4.4,17.6,1019.5,6.9,3.3,78.0,0.0,7.2,11.5,1017.1,0.0,,0,0,116.42857142857143
2024-03-07 17:00:00,,4.7,1.8,9.7,0.0,0.0,4.4,17.6,1019.5,6.7,3.5,80.0,0.0,3.6,10.8,1017.0,0.0,,0,0,65.42857142857143
2024-03-07 18:00:00,,4.7,1.8,9.7,0.0,0.0,4.4,17.6,1019.5,6.2,3.4,82.0,0.0,3.6,10.8,1017.1,0.0,,0,0,65.85714285714286
2024-03-07 19:00:00,,4.7,1.8,9.7,0.0,0.0,4.4,17.6,1019.5,5.6,3.4,86.0,0.0,0.0,8.3,1016.9,0.0,,0,0,77.71428571428571
2024-03-07 20:00:00,,4.7,1.8,9.7,0.0,0.0,4.4,17.6,1019.5,4.9,3.6,91.0,0.0,3.6,8.3,1016.8,0.0,,0,0,57.625
2024-03-07 21:00:00,,4.7,1.8,9.7,0.0,0.0,4.4,17.6,1019.5,1.8,-0.5,85.0,0.0,6.8,8.6,1016.0,0.0,,0,0,22.285714285714285
2024-03-07 22:00:00,,4.7,1.8,9.7,0.0,0.0,4.4,17.6,1019.5,3.1,2.5,96.0,0.0,3.6,7.6,1016.6,0.0,,0,0,3.5
2024-03-08 07:00:00,,3.1,-1.0,7.4,0.0,0.0,3.7,14.8,1011.1,-0.4,-0.5,99.0,0.0,0.0,9.3,1014.2,,Orientierungslauf Innenstadt,0,0,24.75
2024-03-08 08:00:00,,3.1,-1.0,7.4,0.0,0.0,3.7,14.8,1011.1,1.5,1.4,99.0,0.0,3.6,9.3,1013.7,,Orientierungslauf Innenstadt,0,0,72.71428571428571
2024-03-08 09:00:00,,3.1,-1.0,7.4,0.0,0.0,3.7,14.8,1011.1,3.4,2.4,93.0,0.0,3.6,9.3,1012.8,,Orientierungslauf Innenstadt,0,0,143.57142857142858
2024-03-08 10:00:00,,3.1,-1.0,7.4,0.0,0.0,3.7,14.8,1011.1,3.4,2.1,91.0,0.0,7.2,13.0,1012.4,,Orientierungslauf Innenstadt,0,0,178.0
2024-03-08 11:00:00,,3.1,-1.0,7.4,0.0,0.0,3.7,14.8,1011.1,4.6,2.5,86.0,0.0,0.0,11.1,1011.4,,Orientierungslauf Innenstadt,0,0,170.375
2024-03-08 12:00:00,,3.1,-1.0,7.4,0.0,0.0,3.7,14.8,1011.1,6.5,3.5,81.0,0.0,7.2,13.0,1010.1,,Orientierungslauf Innenstadt,0,0,143.28571428571428
2024-03-08 13:00:00,,3.1,-1.0,7.4,0.0,0.0,3.7,14.8,1011.1,5.9,2.7,80.0,0.0,10.8,13.0,1009.6,,Orientierungslauf Innenstadt,0,0,137.57142857142858
2024-03-08 14:00:00,,3.1,-1.0,7.4,0.0,0.0,3.7,14.8,1011.1,6.8,3.0,77.0,0.0,10.8,11.1,1008.8,,Orientierungslauf Innenstadt,0,0,137.28571428571428
2024-03-08 15:00:00,,3.1,-1.0,7.4,0.0,0.0,3.7,14.8,1011.1,7.4,3.3,75.0,0.0,10.8,13.0,1007.7,,Orientierungslauf Innenstadt,0,0,150.42857142857142
2024-03-08 16:00:00,,3.1,-1.0,7.4,0.0,0.0,3.7,14.8,1011.1,7.3,3.2,75.0,0.0,7.2,13.0,1007.2,,Orientierungslauf Innenstadt,0,0,131.5
2024-03-08 17:00:00,,3.1,-1.0,7.4,0.0,0.0,3.7,14.8,1011.1,6.2,2.8,79.0,0.0,3.6,14.8,1006.6,,Orientierungslauf Innenstadt,0,0,95.42857142857143
2024-03-08 18:00:00,,3.1,-1.0,7.4,0.0,0.0,3.7,14.8,1011.1,4.6,2.9,89.0,0.0,0.0,7.9,1006.5,0.0,Orientierungslauf Innenstadt,0,0,83.28571428571429
2024-03-08 19:00:00,,3.1,-1.0,7.4,0.0,0.0,3.7,14.8,1011.1,3.6,2.7,94.0,0.0,3.6,9.0,1006.0,0.0,Orientierungslauf Innenstadt,0,0,204.57142857142858
2024-03-08 20:00:00,,3.1,-1.0,7.4,0.0,0.0,3.7,14.8,1011.1,3.0,2.4,96.0,0.0,3.6,9.7,1006.1,0.0,Orientierungslauf Innenstadt,0,0,312.85714285714283
2024-03-08 21:00:00,,3.1,-1.0,7.4,0.0,0.0,3.7,14.8,1011.1,2.9,2.5,97.0,0.0,3.6,11.2,1006.2,0.0,Orientierungslauf Innenstadt,0,0,324.85714285714283
2024-03-08 22:00:00,,3.1,-1.0,7.4,0.0,0.0,3.7,14.8,1011.1,3.6,2.7,94.0,0.0,3.6,9.0,1006.4,0.0,Orientierungslauf Innenstadt,0,0,261.375
2024-03-08 23:00:00,,3.1,-1.0,7.4,0.0,0.0,3.7,14.8,1011.1,3.8,2.8,93.0,0.0,0.0,6.5,1006.2,0.0,Orientierungslauf Innenstadt,0,0,70.85714285714286
2024-03-09 00:00:00,,8.9,0.6,17.7,0.0,0.0,4.5,38.9,1002.1,3.9,2.4,90.0,0.0,3.6,7.9,1006.6,0.0,,0,0,21.714285714285715
2024-03-09 01:00:00,,8.9,0.6,17.7,0.0,0.0,4.5,38.9,1002.1,4.7,3.2,90.0,0.0,3.6,9.0,1006.7,0.0,,0,0,3.5
2024-03-09 08:00:00,,8.9,0.6,17.7,0.0,0.0,4.5,38.9,1002.1,5.7,3.2,84.0,0.0,0.0,6.8,1004.5,56.0,,1,0,47.125
2024-03-09 09:00:00,,8.9,0.6,17.7,0.0,0.0,4.5,38.9,1002.1,9.3,3.7,68.0,0.0,3.6,7.6,1003.4,60.0,,1,0,227.42857142857142
2024-03-09 10:00:00,,8.9,0.6,17.7,0.0,0.0,4.5,38.9,1002.1,12.1,3.1,54.0,0.0,3.6,11.9,1002.1,60.0,,1,0,371.2857142857143
2024-03-09 11:00:00,,8.9,0.6,17.7,0.0,0.0,4.5,38.9,1002.1,14.0,3.4,49.0,0.0,7.2,14.8,1001.0,,,1,0,383.57142857142856
2024-03-09 12:00:00,,8.9,0.6,17.7,0.0,0.0,4.5,38.9,1002.1,15.6,-0.6,33.0,0.0,3.6,9.4,999.9,52.0,,1,0,304.85714285714283
2024-03-09 13:00:00,,8.9,0.6,17.7,0.0,0.0,4.5,38.9,1002.1,17.7,-3.7,23.0,0.0,7.2,19.8,999.0,59.0,,0,0,204.625
2024-03-09 14:00:00,,8.9,0.6,17.7,0.0,0.0,4.5,38.9,1002.1,16.9,-5.6,21.0,0.0,18.0,18.5,998.7,,,0,0,152.0
2024-03-09 15:00:00,,8.9,0.6,17.7,0.0,0.0,4.5,38.9,1002.1,16.4,-4.2,24.0,0.0,14.4,20.4,998.7,,,0,0,123.57142857142857
2024-03-09 16:00:00,,8.9,0.6,17.7,0.0,0.0,4.5,38.9,1002.1,14.6,-2.8,30.0,0.0,10.8,28.8,998.8,0.0,,0,0,57.285714285714285
2024-03-09 17:00:00,,8.9,0.6,17.7,0.0,0.0,4.5,38.9,1002.1,13.3,-2.2,34.0,0.0,10.8,25.9,998.8,,,0,0,13.428571428571429
2024-03-09 18:00:00,,8.9,0.6,17.7,0.0,0.0,4.5,38.9,1002.1,11.9,-1.3,40.0,0.0,3.6,33.1,999.4,0.0,,0,0,23.875
2024-03-09 19:00:00,,8.9,0.6,17.7,0.0,0.0,4.5,38.9,1002.1,11.2,-0.9,43.0,0.0,3.6,25.9,998.6,,,0,0,44.857142857142854
2024-03-09 20:00:00,,8.9,0.6,17.7,0.0,0.0,4.5,38.9,1002.1,10.8,-0.4,46.0,0.0,0.0,38.2,998.4,0.0,,0,0,72.85714285714286
2024-03-09 21:00:00,,8.9,0.6,17.7,0.0,0.0,4.5,38.9,1002.1,10.4,-1.0,45.0,0.0,3.6,38.9,998.2,0.0,,0,0,74.57142857142857
2024-03-09 22:00:00,,8.9,0.6,17.7,0.0,0.0,4.5,38.9,1002.1,9.7,-0.5,49.0,0.0,3.6,37.4,997.5,0.0,,0,0,75.85714285714286
2024-03-09 23:00:00,,8.9,0.6,17.7,0.0,0.0,4.5,38.9,1002.1,10.1,-2.2,42.0,0.0,3.6,27.8,996.5,,,0,0,52.0
2024-03-10 00:00:00,,10.4,6.2,15.9,5.2,0.0,5.9,40.0,995.1,13.9,-5.3,26.0,0.0,7.2,25.9,995.9,,,0,0,19.5
2024-03-10 01:00:00,,10.4,6.2,15.9,5.2,0.0,5.9,40.0,995.1,12.7,-2.8,34.0,0.0,10.8,40.0,995.8,0.0,,0,0,0.0
2024-03-10 12:00:00,,10.4,6.2,15.9,5.2,0.0,5.9,40.0,995.1,15.7,2.8,42.0,0.0,10.8,33.8,990.5,0.0,,0,0,5.0
2024-03-10 13:00:00,,10.4,6.2,15.9,5.2,0.0,5.9,40.0,995.1,11.7,4.2,60.0,0.1,7.2,28.1,992.3,0.0,,0,0,45.42857142857143
2024-03-10 14:00:00,,10.4,6.2,15.9,5.2,0.0,5.9,40.0,995.1,10.7,4.2,64.0,0.2,7.2,28.1,993.3,0.0,,0,0,122.28571428571429
2024-03-10 15:00:00,,10.4,6.2,15.9,5.2,0.0,5.9,40.0,995.1,9.8,4.6,70.0,0.3,10.8,18.5,994.1,,,0,0,159.0
2024-03-10 16:00:00,,10.4,6.2,15.9,5.2,0.0,5.9,40.0,995.1,9.8,4.2,68.0,0.8,10.8,19.1,995.6,0.0,,0,0,151.85714285714286
2024-03-10 17:00:00,,10.4,6.2,15.9,5.2,0.0,5.9,40.0,995.1,7.1,5.7,91.0,2.0,3.6,21.2,998.2,0.0,,0,0,140.14285714285714
2024-03-10 18:00:00,,10.4,6.2,15.9,5.2,0.0,5.9,40.0,995.1,6.5,5.0,90.0,1.2,3.6,17.3,999.1,0.0,,0,0,109.71428571428571
2024-03-10 19:00:00,,10.4,6.2,15.9,5.2,0.0,5.9,40.0,995.1,6.7,5.0,89.0,0.2,3.6,18.0,1000.2,0.0,,0,0,8.571428571428571
2024-03-11 07:00:00,,6.5,1.4,12.8,2.0,0.0,4.7,27.0,1007.2,3.0,2.7,98.0,0.0,3.6,14.8,1006.8,,,0,0,69.0
2024-03-11 08:00:00,,6.5,1.4,12.8,2.0,0.0,4.7,27.0,1007.2,4.5,3.3,92.0,0.0,0.0,14.8,1007.2,,,0,0,160.57142857142858
2024-03-11 09:00:00,,6.5,1.4,12.8,2.0,0.0,4.7,27.0,1007.2,7.3,3.5,77.0,0.0,3.6,13.0,1007.2,,,0,0,374.85714285714283
2024-03-11 10:00:00,,6.5,1.4,12.8,2.0,0.0,4.7,27.0,1007.2,9.6,4.6,71.0,0.0,3.6,11.1,1006.7,,,0,0,390.7142857142857
2024-03-11 11:00:00,,6.5,1.4,12.8,2.0,0.0,4.7,27.0,1007.2,11.0,4.0,62.0,0.0,3.6,11.1,1006.3,,,0,0,265.75
2024-03-11 12:00:00,,6.5,1.4,12.8,2.0,0.0,4.7,27.0,1007.2,11.7,2.2,52.0,0.0,3.6,11.1,1006.0,,,0,0,186.42857142857142
2024-03-11 13:00:00,,6.5,1.4,12.8,2.0,0.0,4.7,27.0,1007.2,12.8,1.8,47.0,0.0,3.6,11.1,1005.8,,,0,0,189.16666666666666
2024-03-11 14:00:00,,6.5,1.4,12.8,2.0,0.0,4.7,27.0,1007.2,12.4,2.8,52.0,0.0,10.8,13.0,1006.3,,,0,0,219.57142857142858
2024-03-11 15:00:00,,6.5,1.4,12.8,2.0,0.0,4.7,27.0,1007.2,12.4,4.6,59.0,0.3,10.8,13.0,1006.6,,,0,0,212.28571428571428
2024-03-11 16:00:00,,6.5,1.4,12.8,2.0,0.0,4.7,27.0,1007.2,10.2,4.1,66.0,0.0,5.4,11.1,1007.9,,,0,0,152.28571428571428
2024-03-11 17:00:00,,6.5,1.4,12.8,2.0,0.0,4.7,27.0,1007.2,8.3,4.7,78.0,0.0,5.0,11.1,1008.8,,,0,0,99.5
2024-03-11 18:00:00,,6.5,1.4,12.8,2.0,0.0,4.7,27.0,1007.2,5.9,3.7,86.0,0.0,6.8,13.0,1009.9,,,0,0,74.28571428571429
2024-03-11 19:00:00,,6.5,1.4,12.8,2.0,0.0,4.7,27.0,1007.2,4.8,2.8,87.0,0.3,7.9,13.0,1011.5,,,0,0,74.0
2024-03-11 20:00:00,,6.5,1.4,12.8,2.0,0.0,4.7,27.0,1007.2,4.5,2.8,89.0,0.7,10.8,14.8,1013.0,,,0,0,61.714285714285715
2024-03-11 21:00:00,,6.5,1.4,12.8,2.0,0.0,4.7,27.0,1007.2,5.1,3.6,90.0,0.3,6.8,14.8,1013.8,,,0,0,38.57142857142857
2024-03-11 22:00:00,,6.5,1.4,12.8,2.0,0.0,4.7,27.0,1007.2,4.6,3.4,92.0,0.4,4.7,11.2,1014.6,0.0,,0,0,25.125
2024-03-11 23:00:00,,6.5,1.4,12.8,2.0,0.0,4.7,27.0,1007.2,4.3,3.4,94.0,0.4,4.0,17.3,1015.2,0.0,,0,0,19.142857142857142
2024-03-12 00:00:00,,6.2,3.3,9.9,4.4,0.0,7.3,30.6,1018.8,4.6,3.9,95.0,0.4,4.7,17.3,1015.4,0.0,,0,0,14.857142857142858
2024-03-12 01:00:00,,6.2,3.3,9.9,4.4,0.0,7.3,30.6,1018.8,4.8,4.2,96.0,0.2,5.4,10.1,1016.1,0.0,,0,0,14.0
2024-03-12 02:00:00,,6.2,3.3,9.9,4.4,0.0,7.3,30.6,1018.8,4.5,3.6,94.0,0.0,5.4,9.7,1016.4,0.0,,0,0,13.714285714285714
2024-03-12 03:00:00,,6.2,3.3,9.9,4.4,0.0,7.3,30.6,1018.8,4.8,3.8,93.0,0.0,5.8,14.8,1016.6,,,0,0,13.0
2024-03-12 04:00:00,,6.2,3.3,9.9,4.4,0.0,7.3,30.6,1018.8,4.6,3.7,94.0,0.0,5.4,11.1,1017.0,,,0,0,13.0
2024-03-12 05:00:00,,6.2,3.3,9.9,4.4,0.0,7.3,30.6,1018.8,3.9,3.0,94.0,0.0,5.8,11.1,1017.5,,,0,0,12.857142857142858
2024-03-12 06:00:00,,6.2,3.3,9.9,4.4,0.0,7.3,30.6,1018.8,3.3,2.4,94.0,0.0,5.4,13.0,1017.9,,,0,0,17.285714285714285
2024-03-12 07:00:00,,6.2,3.3,9.9,4.4,0.0,7.3,30.6,1018.8,4.9,3.9,93.0,0.0,6.5,13.0,1018.4,,,0,0,65.0
2024-03-12 08:00:00,,6.2,3.3,9.9,4.4,0.0,7.3,30.6,1018.8,6.8,5.1,89.0,0.0,4.3,13.0,1018.9,,,0,0,155.375
2024-03-12 09:00:00,,6.2,3.3,9.9,4.4,0.0,7.3,30.6,1018.8,6.9,4.9,87.0,0.2,9.0,13.0,1019.4,,,0,0,220.42857142857142
2024-03-12 10:00:00,,6.2,3.3,9.9,4.4,0.0,7.3,30.6,1018.8,7.1,4.7,85.0,0.3,10.4,13.7,1019.8,0.0,,0,0,234.5
2024-03-12 11:00:00,,6.2,3.3,9.9,4.4,0.0,7.3,30.6,1018.8,7.5,4.6,82.0,0.0,12.6,19.1,1019.9,0.0,,0,0,215.71428571428572
2024-03-12 12:00:00,,6.2,3.3,9.9,4.4,0.0,7.3,30.6,1018.8,7.9,4.7,80.0,0.0,11.9,25.9,1019.8,0.0,,0,0,194.42857142857142
2024-03-12 13:00:00,,6.2,3.3,9.9,4.4,0.0,7.3,30.6,1018.8,9.2,4.2,71.0,0.0,12.2,16.2,1019.1,0.0,,0,0,201.0
2024-03-12 14:00:00,,6.2,3.3,9.9,4.4,0.0,7.3,30.6,1018.8,9.9,3.2,63.0,0.4,13.3,11.9,1018.9,0.0,,0,0,212.125
2024-03-12 15:00:00,,6.2,3.3,9.9,4.4,0.0,7.3,30.6,1018.8,8.5,4.3,75.0,0.7,11.5,30.6,1019.5,0.0,,0,0,195.85714285714286
2024-03-12 16:00:00,,6.2,3.3,9.9,4.4,0.0,7.3,30.6,1018.8,7.4,5.0,85.0,0.6,4.7,15.8,1020.0,0.0,,0,0,164.28571428571428
2024-03-12 17:00:00,,6.2,3.3,9.9,4.4,0.0,7.3,30.6,1018.8,7.2,4.8,85.0,0.5,8.3,14.0,1020.6,0.0,,0,0,119.14285714285714
2024-03-12 18:00:00,,6.2,3.3,9.9,4.4,0.0,7.3,30.6,1018.8,6.5,4.8,89.0,0.0,7.2,10.1,1020.7,0.0,,0,0,102.85714285714286
2024-03-12 19:00:00,,6.2,3.3,9.9,4.4,0.0,7.3,30.6,1018.8,6.2,4.8,91.0,0.0,7.2,9.7,1020.7,0.0,,0,0,92.25
2024-03-12 20:00:00,,6.2,3.3,9.9,4.4,0.0,7.3,30.6,1018.8,6.1,4.7,91.0,0.1,5.8,12.2,1020.8,0.0,,0,0,78.42857142857143
2024-03-12 21:00:00,,6.2,3.3,9.9,4.4,0.0,7.3,30.6,1018.8,5.8,4.8,93.0,0.2,4.7,20.5,1021.0,0.0,,0,0,49.285714285714285
2024-03-12 22:00:00,,6.2,3.3,9.9,4.4,0.0,7.3,30.6,1018.8,5.8,4.8,93.0,0.4,4.7,25.9,1021.3,0.0,,0,0,22.571428571428573
2024-03-12 23:00:00,,6.2,3.3,9.9,4.4,0.0,7.3,30.6,1018.8,5.8,5.1,95.0,0.6,5.8,8.6,1020.9,0.0,,0,0,17.428571428571427
2024-03-13 00:00:00,,6.3,2.8,9.4,22.5,0.0,7.2,28.8,1020.4,5.8,5.1,95.0,0.7,4.7,7.2,1020.3,0.0,,0,0,15.0
2024-03-13 01:00:00,,6.3,2.8,9.4,22.5,0.0,7.2,28.8,1020.4,5.7,5.1,96.0,1.3,5.0,10.1,1020.5,0.0,,0,0,12.142857142857142
2024-03-13 02:00:00,,6.3,2.8,9.4,22.5,0.0,7.2,28.8,1020.4,5.5,4.8,95.0,1.8,6.5,7.2,1020.4,0.0,,0,0,12.0
2024-03-13 03:00:00,,6.3,2.8,9.4,22.5,0.0,7.2,28.8,1020.4,4.9,4.2,95.0,2.6,7.6,22.2,1020.1,,,0,0,12.0
2024-03-13 04:00:00,,6.3,2.8,9.4,22.5,0.0,7.2,28.8,1020.4,4.6,4.0,96.0,3.1,7.6,22.2,1020.0,,,0,0,12.0
2024-03-13 05:00:00,,6.3,2.8,9.4,22.5,0.0,7.2,28.8,1020.4,4.5,4.1,97.0,3.1,7.6,22.2,1020.2,,,0,0,11.0
2024-03-13 06:00:00,,6.3,2.8,9.4,22.5,0.0,7.2,28.8,1020.4,4.7,4.0,95.0,2.4,9.0,22.2,1020.3,,,0,0,14.142857142857142
2024-03-13 07:00:00,,6.3,2.8,9.4,22.5,0.0,7.2,28.8,1020.4,5.1,4.4,95.0,2.0,9.0,22.2,1020.7,,,1,0,75.0
2024-03-13 08:00:00,,6.3,2.8,9.4,22.5,0.0,7.2,28.8,1020.4,5.8,4.9,94.0,1.9,10.1,22.2,1021.1,,,1,0,201.14285714285714
2024-03-13 09:00:00,,6.3,2.8,9.4,22.5,0.0,7.2,28.8,1020.4,6.1,5.1,93.0,1.5,9.7,20.4,1021.5,,,1,0,299.2857142857143
2024-03-13 10:00:00,,6.3,2.8,9.4,22.5,0.0,7.2,28.8,1020.4,6.4,5.2,92.0,0.9,9.4,22.2,1021.8,,,1,0,304.0
2024-03-13 11:00:00,,6.3,2.8,9.4,22.5,0.0,7.2,28.8,1020.4,7.3,5.4,88.0,0.2,10.4,20.4,1021.6,,,1,0,265.7142857142857
2024-03-13 12:00:00,,6.3,2.8,9.4,22.5,0.0,7.2,28.8,1020.4,8.4,5.3,81.0,0.0,9.7,22.7,1021.2,0.0,,1,0,214.42857142857142
2024-03-13 13:00:00,,6.3,2.8,9.4,22.5,0.0,7.2,28.8,1020.4,8.7,5.6,81.0,0.0,7.2,23.8,1020.6,0.0,,0,0,230.14285714285714
2024-03-13 14:00:00,,6.3,2.8,9.4,22.5,0.0,7.2,28.8,1020.4,9.1,6.2,82.0,0.3,6.8,28.8,1020.4,0.0,,0,0,247.71428571428572
2024-03-13 15:00:00,,6.3,2.8,9.4,22.5,0.0,7.2,28.8,1020.4,8.8,6.8,87.0,0.1,6.8,26.6,1019.9,0.0,,0,0,246.625
2024-03-13 16:00:00,,6.3,2.8,9.4,22.5,0.0,7.2,28.8,1020.4,9.4,6.8,84.0,0.0,4.7,13.0,1019.5,,,0,0,209.85714285714286
2024-03-13 17:00:00,,6.3,2.8,9.4,22.5,0.0,7.2,28.8,1020.4,8.2,6.5,89.0,0.0,3.6,25.2,1019.7,0.0,,0,0,147.14285714285714
2024-03-13 18:00:00,,6.3,2.8,9.4,22.5,0.0,7.2,28.8,1020.4,8.0,5.8,86.0,0.0,4.3,24.1,1020.1,0.0,,0,0,97.0
2024-03-13 19:00:00,,6.3,2.8,9.4,22.5,0.0,7.2,28.8,1020.4,7.3,5.6,89.0,0.0,5.4,21.2,1020.2,0.0,,0,0,80.28571428571429
2024-03-13 20:00:00,,6.3,2.8,9.4,22.5,0.0,7.2,28.8,1020.4,5.2,4.2,93.0,0.0,7.2,18.4,1020.0,0.0,,0,0,87.0
2024-03-13 21:00:00,,6.3,2.8,9.4,22.5,0.0,7.2,28.8,1020.4,3.7,3.0,95.0,0.0,6.8,16.2,1019.6,0.0,,0,0,70.57142857142857
2024-03-13 22:00:00,,6.3,2.8,9.4,22.5,0.0,7.2,28.8,1020.4,2.8,2.1,95.0,0.0,7.2,20.2,1019.4,0.0,,0,0,46.42857142857143
2024-03-13 23:00:00,,6.3,2.8,9.4,22.5,0.0,7.2,28.8,1020.4,2.8,2.1,95.0,0.0,6.8,8.6,1019.4,0.0,,0,0,28.285714285714285
2024-03-14 00:00:00,,7.3,1.9,13.6,0.0,0.0,6.4,23.8,1016.6,2.7,2.0,95.0,0.0,7.9,6.8,1018.8,0.0,,0,0,15.571428571428571
2024-03-14 01:00:00,,7.3,1.9,13.6,0.0,0.0,6.4,23.8,1016.6,2.6,1.9,95.0,0.0,9.0,10.4,1017.9,0.0,,0,0,11.0
2024-03-14 02:00:00,,7.3,1.9,13.6,0.0,0.0,6.4,23.8,1016.6,2.3,1.3,93.0,0.0,9.0,13.3,1017.7,0.0,,0,0,10.0
2024-03-14 03:00:00,,7.3,1.9,13.6,0.0,0.0,6.4,23.8,1016.6,2.2,1.2,93.0,0.0,9.7,9.0,1017.8,0.0,,0,0,10.0
2024-03-14 04:00:00,,7.3,1.9,13.6,0.0,0.0,6.4,23.8,1016.6,2.0,1.1,94.0,0.0,9.7,8.3,1018.0,0.0,,0,0,10.285714285714286
2024-03-14 05:00:00,,7.3,1.9,13.6,0.0,0.0,6.4,23.8,1016.6,2.0,1.0,93.0,0.0,10.1,6.1,1018.1,0.0,,0,0,11.0
2024-03-14 06:00:00,,7.3,1.9,13.6,0.0,0.0,6.4,23.8,1016.6,1.9,0.9,93.0,0.0,11.2,9.0,1018.1,0.0,,0,0,14.75
2024-03-14 07:00:00,,7.3,1.9,13.6,0.0,0.0,6.4,23.8,1016.6,4.0,2.7,91.0,0.0,11.9,18.7,1018.2,7.0,,0,0,65.28571428571429
2024-03-14 08:00:00,,7.3,1.9,13.6,0.0,0.0,6.4,23.8,1016.6,7.7,5.5,86.0,0.0,9.0,18.7,1018.1,60.0,,0,0,144.14285714285714
2024-03-14 09:00:00,,7.3,1.9,13.6,0.0,0.0,6.4,23.8,1016.6,10.6,6.0,73.0,0.0,5.0,8.3,1018.0,60.0,,0,0,215.28571428571428
2024-03-14 10:00:00,,7.3,1.9,13.6,0.0,0.0,6.4,23.8,1016.6,12.2,6.7,69.0,0.0,5.4,11.5,1017.5,60.0,,0,0,259.2857142857143
2024-03-14 11:00:00,,7.3,1.9,13.6,0.0,0.0,6.4,23.8,1016.6,13.3,7.5,68.0,0.0,5.8,10.8,1017.0,52.0,,0,0,231.25
2024-03-14 12:00:00,,7.3,1.9,13.6,0.0,0.0,6.4,23.8,1016.6,10.4,7.6,83.0,0.0,7.2,10.4,1016.8,46.0,,0,0,196.71428571428572
2024-03-14 13:00:00,,7.3,1.9,13.6,0.0,0.0,6.4,23.8,1016.6,11.3,7.6,78.0,0.0,7.2,9.0,1015.9,52.0,,0,0,208.0
2024-03-14 14:00:00,,7.3,1.9,13.6,0.0,0.0,6.4,23.8,1016.6,11.7,7.2,74.0,0.0,7.2,10.1,1015.4,59.0,,0,0,221.71428571428572
2024-03-14 15:00:00,,7.3,1.9,13.6,0.0,0.0,6.4,23.8,1016.6,13.6,7.8,68.0,0.0,3.6,7.9,1014.2,60.0,,0,0,219.14285714285714
2024-03-14 16:00:00,,7.3,1.9,13.6,0.0,0.0,6.4,23.8,1016.6,12.1,7.4,73.0,0.0,7.2,8.3,1014.2,53.0,,0,0,183.125
2024-03-14 17:00:00,,7.3,1.9,13.6,0.0,0.0,6.4,23.8,1016.6,11.6,7.3,75.0,0.0,3.6,14.4,1013.7,33.0,,0,0,155.0
2024-03-14 18:00:00,,7.3,1.9,13.6,0.0,0.0,6.4,23.8,1016.6,9.3,6.6,83.0,0.0,0.0,6.8,1014.3,0.0,,0,0,206.0
2024-03-14 19:00:00,,7.3,1.9,13.6,0.0,0.0,6.4,23.8,1016.6,8.3,7.1,92.0,0.0,0.0,7.2,1015.0,0.0,,0,0,212.28571428571428
2024-03-14 20:00:00,,7.3,1.9,13.6,0.0,0.0,6.4,23.8,1016.6,7.2,6.5,95.0,0.0,0.0,7.6,1015.2,0.0,,0,0,173.71428571428572
2024-03-14 21:00:00,,7.3,1.9,13.6,0.0,0.0,6.4,23.8,1016.6,6.9,6.2,95.0,0.0,0.0,21.6,1015.3,0.0,,0,0,134.0
2024-03-14 22:00:00,,7.3,1.9,13.6,0.0,0.0,6.4,23.8,1016.6,5.9,2.7,80.0,0.0,7.9,23.8,1014.7,0.0,,0,0,98.0
2024-03-14 23:00:00,,7.3,1.9,13.6,0.0,0.0,6.4,23.8,1016.6,6.2,5.2,93.0,0.0,3.6,31.3,1015.9,0.0,,0,0,80.14285714285714
2024-03-15 00:00:00,,9.4,5.1,15.4,5.6,0.0,3.8,34.6,1016.5,6.0,5.6,97.0,0.0,3.6,34.6,1016.1,0.0,,0,0,73.125
2024-03-15 01:00:00,,9.4,5.1,15.4,5.6,0.0,3.8,34.6,1016.5,5.1,4.8,98.0,0.0,0.0,33.5,1016.3,0.0,,0,0,71.0
2024-03-15 02:00:00,,9.4,5.1,15.4,5.6,0.0,3.8,34.6,1016.5,5.1,4.5,96.0,0.0,3.6,32.8,1016.0,0.0,,0,0,71.0
2024-03-15 03:00:00,,9.4,5.1,15.4,5.6,0.0,3.8,34.6,1016.5,5.6,4.6,93.0,0.0,0.0,22.2,1016.2,,,0,0,71.0
2024-03-15 04:00:00,,9.4,5.1,15.4,5.6,0.0,3.8,34.6,1016.5,5.8,5.1,95.0,0.0,0.0,22.2,1016.3,,,0,0,71.0
2024-03-15 05:00:00,,9.4,5.1,15.4,5.6,0.0,3.8,34.6,1016.5,6.1,5.4,95.0,0.0,0.0,22.2,1016.6,,,0,0,71.0
2024-03-15 06:00:00,,9.4,5.1,15.4,5.6,0.0,3.8,34.6,1016.5,6.4,5.4,93.0,0.0,3.6,22.2,1016.7,,,0,0,75.42857142857143
2024-03-15 07:00:00,,9.4,5.1,15.4,5.6,0.0,3.8,34.6,1016.5,7.4,6.3,93.0,0.2,0.0,24.1,1016.8,,,0,0,122.0
2024-03-15 08:00:00,,9.4,5.1,15.4,5.6,0.0,3.8,34.6,1016.5,8.8,5.2,78.0,0.1,3.6,22.2,1017.4,,,0,0,204.57142857142858
2024-03-15 09:00:00,,9.4,5.1,15.4,5.6,0.0,3.8,34.6,1016.5,8.5,7.9,96.0,0.5,7.2,20.4,1017.2,,,0,0,265.0
2024-03-15 10:00:00,,9.4,5.1,15.4,5.6,0.0,3.8,34.6,1016.5,8.0,6.6,91.0,0.7,0.0,20.4,1017.7,,,0,0,297.375
2024-03-15 11:00:00,,9.4,5.1,15.4,5.6,0.0,3.8,34.6,1016.5,8.5,8.4,99.0,1.0,3.6,18.5,1017.5,,,0,0,281.14285714285717
2024-03-15 12:00:00,,9.4,5.1,15.4,5.6,0.0,3.8,34.6,1016.5,10.4,9.8,96.0,0.0,3.6,14.8,1016.8,,,0,0,232.0
2024-03-15 13:00:00,,9.4,5.1,15.4,5.6,0.0,3.8,34.6,1016.5,15.4,7.7,60.0,0.0,3.6,13.0,1015.5,,,0,0,250.57142857142858
2024-03-15 14:00:00,,9.4,5.1,15.4,5.6,0.0,3.8,34.6,1016.5,15.4,9.1,66.0,0.2,7.2,13.0,1014.9,,,0,0,266.85714285714283
2024-03-15 15:00:00,,9.4,5.1,15.4,5.6,0.0,3.8,34.6,1016.5,14.9,7.9,63.0,0.3,7.2,13.0,1015.1,,,0,0,281.0
2024-03-15 16:00:00,,9.4,5.1,15.4,5.6,0.0,3.8,34.6,1016.5,13.8,8.8,72.0,0.1,3.6,13.0,1015.1,,,0,0,261.85714285714283
2024-03-15 17:00:00,,9.4,5.1,15.4,5.6,0.0,3.8,34.6,1016.5,12.8,10.3,85.0,0.7,7.2,14.8,1015.6,,,0,0,203.14285714285714
2024-03-15 18:00:00,,9.4,5.1,15.4,5.6,0.0,3.8,34.6,1016.5,12.0,8.3,78.0,0.0,3.6,14.8,1016.0,,,0,0,182.14285714285714
2024-03-15 19:00:00,,9.4,5.1,15.4,5.6,0.0,3.8,34.6,1016.5,11.5,8.9,84.0,0.0,3.6,22.3,1017.0,0.0,,0,0,271.57142857142856
2024-03-15 20:00:00,,9.4,5.1,15.4,5.6,0.0,3.8,34.6,1016.5,10.8,8.0,83.0,0.1,7.2,20.9,1017.1,0.0,,0,0,366.25
2024-03-15 21:00:00,,9.4,5.1,15.4,5.6,0.0,3.8,34.6,1016.5,10.5,8.3,86.0,1.5,7.2,22.3,1017.6,0.0,,0,0,379.42857142857144
2024-03-15 22:00:00,,9.4,5.1,15.4,5.6,0.0,3.8,34.6,1016.5,10.4,8.3,87.0,0.2,7.2,30.2,1017.6,0.0,,0,0,234.42857142857142
2024-03-15 23:00:00,,9.4,5.1,15.4,5.6,0.0,3.8,34.6,1016.5,10.5,8.1,85.0,2.4,3.6,56.5,1019.0,0.0,,0,0,170.0
2024-03-16 00:00:00,,9.9,7.0,13.4,25.2,0.0,5.6,56.5,1021.8,8.5,6.5,87.0,5.9,3.6,36.4,1021.0,0.0,,0,0,135.85714285714286
2024-03-16 01:00:00,,9.9,7.0,13.4,25.2,0.0,5.6,56.5,1021.8,7.8,6.6,92.0,3.0,7.2,18.5,1020.8,,,0,0,118.25
2024-03-16 02:00:00,,9.9,7.0,13.4,25.2,0.0,5.6,56.5,1021.8,7.0,6.1,94.0,0.2,7.2,20.4,1019.2,,,0,0,91.28571428571429
2024-03-16 03:00:00,,9.9,7.0,13.4,25.2,0.0,5.6,56.5,1021.8,7.1,6.7,97.0,1.3,3.6,20.4,1019.9,,,0,0,84.57142857142857
2024-03-16 04:00:00,,9.9,7.0,13.4,25.2,0.0,5.6,56.5,1021.8,7.6,6.7,94.0,2.0,0.0,20.4,1019.8,,,0,0,81.85714285714286
2024-03-16 05:00:00,,9.9,7.0,13.4,25.2,0.0,5.6,56.5,1021.8,7.8,6.6,92.0,0.2,7.2,20.4,1020.0,,,0,0,77.42857142857143
2024-03-16 06:00:00,,9.9,7.0,13.4,25.2,0.0,5.6,56.5,1021.8,7.9,6.7,92.0,0.2,3.6,20.4,1020.4,,,0,0,77.0
2024-03-16 07:00:00,,9.9,7.0,13.4,25.2,0.0,5.6,56.5,1021.8,8.1,7.0,93.0,0.0,7.2,18.5,1021.3,,,1,0,85.28571428571429
2024-03-16 08:00:00,,9.9,7.0,13.4,25.2,0.0,5.6,56.5,1021.8,8.9,7.2,89.0,0.1,10.8,18.5,1021.4,,,1,0,145.71428571428572
2024-03-16 09:00:00,,9.9,7.0,13.4,25.2,0.0,5.6,56.5,1021.8,9.4,7.2,86.0,0.4,3.6,23.4,1021.9,0.0,,1,0,308.0
2024-03-16 10:00:00,,9.9,7.0,13.4,25.2,0.0,5.6,56.5,1021.8,9.7,7.5,86.0,0.0,0.0,19.1,1022.2,0.0,,1,0,408.0
2024-03-16 11:00:00,,9.9,7.0,13.4,25.2,0.0,5.6,56.5,1021.8,10.9,8.1,83.0,1.5,7.2,16.9,1022.1,0.0,,1,0,401.0
2024-03-16 12:00:00,,9.9,7.0,13.4,25.2,0.0,5.6,56.5,1021.8,12.9,6.9,67.0,0.0,7.2,18.0,1021.6,0.0,,1,0,369.2857142857143
2024-03-16 13:00:00,,9.9,7.0,13.4,25.2,0.0,5.6,56.5,1021.8,13.4,6.0,61.0,0.1,10.8,31.7,1021.3,0.0,,0,0,321.7142857142857
2024-03-16 14:00:00,,9.9,7.0,13.4,25.2,0.0,5.6,56.5,1021.8,11.4,8.4,82.0,2.0,0.0,16.2,1022.0,6.0,,0,0,262.7142857142857
2024-03-16 15:00:00,,9.9,7.0,13.4,25.2,0.0,5.6,56.5,1021.8,12.5,8.6,77.0,0.9,7.2,16.2,1021.3,5.0,,0,0,227.0
2024-03-16 16:00:00,,9.9,7.0,13.4,25.2,0.0,5.6,56.5,1021.8,11.4,6.7,73.0,0.9,10.8,22.7,1022.6,14.0,,0,0,164.625
2024-03-16 17:00:00,,9.9,7.0,13.4,25.2,0.0,5.6,56.5,1021.8,12.0,6.9,71.0,0.8,7.2,18.4,1023.0,22.0,,0,0,120.28571428571429
2024-03-16 18:00:00,,9.9,7.0,13.4,25.2,0.0,5.6,56.5,1021.8,11.1,6.8,75.0,0.8,3.6,23.0,1023.8,0.0,,0,0,136.71428571428572
2024-03-16 19:00:00,,9.9,7.0,13.4,25.2,0.0,5.6,56.5,1021.8,11.9,6.2,68.0,1.0,10.8,14.0,1024.3,0.0,,0,0,162.85714285714286
2024-03-16 20:00:00,,9.9,7.0,13.4,25.2,0.0,5.6,56.5,1021.8,10.6,7.5,81.0,0.8,7.2,18.0,1024.5,0.0,,0,0,179.71428571428572
2024-03-16 21:00:00,,9.9,7.0,13.4,25.2,0.0,5.6,56.5,1021.8,10.0,7.4,84.0,0.6,3.6,14.4,1025.0,0.0,,0,0,194.25
2024-03-16 22:00:00,,9.9,7.0,13.4,25.2,0.0,5.6,56.5,1021.8,9.2,7.6,90.0,0.1,0.0,22.7,1025.2,0.0,,0,0,196.85714285714286
2024-03-16 23:00:00,,9.9,7.0,13.4,25.2,0.0,5.6,56.5,1021.8,9.0,8.1,94.0,0.1,3.6,20.2,1025.5,0.0,,0,0,186.42857142857142
2024-03-17 00:00:00,,9.4,5.2,11.9,0.5,0.0,2.9,38.9,1022.8,8.0,7.2,95.0,0.0,3.6,19.8,1025.4,0.0,,0,0,142.42857142857142
2024-03-17 01:00:00,,9.4,5.2,11.9,0.5,0.0,2.9,38.9,1022.8,8.0,7.6,97.0,0.0,0.0,18.0,1025.4,0.0,,0,0,117.28571428571429
2024-03-17 02:00:00,,9.4,5.2,11.9,0.5,0.0,2.9,38.9,1022.8,7.9,7.5,97.0,0.0,0.0,16.6,1024.5,0.0,,0,0,95.75
2024-03-17 03:00:00,,9.4,5.2,11.9,0.5,0.0,2.9,38.9,1022.8,7.0,6.9,99.0,0.0,3.6,16.7,1024.1,,,0,0,81.85714285714286
2024-03-17 04:00:00,,9.4,5.2,11.9,0.5,0.0,2.9,38.9,1022.8,6.5,6.4,99.0,0.0,3.6,18.4,1024.0,0.0,,0,0,79.42857142857143
2024-03-17 05:00:00,,9.4,5.2,11.9,0.5,0.0,2.9,38.9,1022.8,5.7,5.7,100.0,0.0,0.0,16.2,1024.0,0.0,,0,0,79.0
2024-03-17 06:00:00,,9.4,5.2,11.9,0.5,0.0,2.9,38.9,1022.8,5.2,5.1,99.0,0.0,0.0,11.5,1024.3,0.0,,0,0,78.0
2024-03-17 07:00:00,,9.4,5.2,11.9,0.5,0.0,2.9,38.9,1022.8,6.5,6.5,100.0,0.0,0.0,8.6,1024.2,16.0,,0,0,78.0
2024-03-17 08:00:00,,9.4,5.2,11.9,0.5,0.0,2.9,38.9,1022.8,9.8,6.7,81.0,0.0,0.0,22.3,1023.5,60.0,,0,0,76.25
2024-03-17 09:00:00,,9.4,5.2,11.9,0.5,0.0,2.9,38.9,1022.8,10.0,6.5,79.0,0.0,3.6,20.9,1023.1,7.0,,0,0,77.57142857142857
2024-03-17 10:00:00,,9.4,5.2,11.9,0.5,0.0,2.9,38.9,1022.8,11.2,5.9,70.0,0.0,3.6,20.2,1022.5,16.0,,0,0,38.0
2024-03-17 11:00:00,,9.4,5.2,11.9,0.5,0.0,2.9,38.9,1022.8,11.9,5.3,64.0,0.0,3.6,12.6,1022.5,46.0,,0,0,22.333333333333332
2024-03-17 12:00:00,,9.4,5.2,11.9,0.5,0.0,2.9,38.9,1022.8,11.6,7.3,75.0,0.0,7.2,8.3,1022.5,0.0,,0,0,28.0
2024-03-17 13:00:00,,9.4,5.2,11.9,0.5,0.0,2.9,38.9,1022.8,11.8,6.9,72.0,0.0,3.6,8.6,1022.4,0.0,,0,0,37.57142857142857
2024-03-17 14:00:00,,9.4,5.2,11.9,0.5,0.0,2.9,38.9,1022.8,11.8,6.5,70.0,0.0,3.6,6.1,1022.1,0.0,,0,0,34.142857142857146
2024-03-17 15:00:00,,9.4,5.2,11.9,0.5,0.0,2.9,38.9,1022.8,11.1,8.1,82.0,0.0,3.6,7.6,1022.0,0.0,,0,0,35.875
2024-03-17 16:00:00,,9.4,5.2,11.9,0.5,0.0,2.9,38.9,1022.8,10.9,8.6,86.0,0.1,3.6,16.6,1021.1,0.0,,0,0,35.285714285714285
2024-03-17 17:00:00,,9.4,5.2,11.9,0.5,0.0,2.9,38.9,1022.8,10.6,9.0,90.0,0.1,3.6,14.0,1021.3,0.0,,0,0,37.57142857142857
2024-03-17 18:00:00,,9.4,5.2,11.9,0.5,0.0,2.9,38.9,1022.8,10.4,8.8,90.0,0.0,3.6,20.5,1020.9,0.0,,0,0,68.71428571428571
2024-03-17 19:00:00,,9.4,5.2,11.9,0.5,0.0,2.9,38.9,1022.8,10.3,8.2,87.0,0.1,3.6,31.3,1020.5,0.0,,0,0,72.42857142857143
2024-03-17 20:00:00,,9.4,5.2,11.9,0.5,0.0,2.9,38.9,1022.8,9.7,8.5,92.0,0.1,3.6,33.8,1021.0,0.0,,0,0,35.375
2024-03-17 21:00:00,,9.4,5.2,11.9,0.5,0.0,2.9,38.9,1022.8,10.2,7.8,85.0,0.0,3.6,31.0,1020.7,0.0,,0,0,22.571428571428573
2024-03-17 22:00:00,,9.4,5.2,11.9,0.5,0.0,2.9,38.9,1022.8,9.7,8.1,90.0,0.0,3.6,38.9,1019.9,0.0,,0,0,10.142857142857142
2024-03-17 23:00:00,,9.4,5.2,11.9,0.5,0.0,2.9,38.9,1022.8,10.3,6.6,78.0,0.0,3.6,37.4,1019.5,0.0,,0,0,8.428571428571429
2024-03-18 00:00:00,,8.9,7.8,10.3,15.5,0.0,3.8,37.4,1018.2,9.7,7.0,83.0,0.0,0.0,30.6,1019.2,0.0,,0,0,8.0
2024-03-18 01:00:00,,8.9,7.8,10.3,15.5,0.0,3.8,37.4,1018.2,9.2,7.5,89.0,0.0,0.0,27.4,1018.9,0.0,,0,0,8.0
2024-03-18 02:00:00,,8.9,7.8,10.3,15.5,0.0,3.8,37.4,1018.2,8.9,7.7,92.0,0.0,0.0,20.2,1018.4,0.0,,0,0,8.0
2024-03-18 03:00:00,,8.9,7.8,10.3,15.5,0.0,3.8,37.4,1018.2,9.2,7.6,90.0,0.0,0.0,16.9,1017.6,0.0,,0,0,8.0
2024-03-18 04:00:00,,8.9,7.8,10.3,15.5,0.0,3.8,37.4,1018.2,9.2,8.1,93.0,0.0,3.6,23.0,1017.3,0.0,,0,0,8.0
2024-03-18 05:00:00,,8.9,7.8,10.3,15.5,0.0,3.8,37.4,1018.2,10.0,6.5,79.0,0.2,3.6,25.2,1016.7,0.0,,0,0,8.0
2024-03-18 06:00:00,,8.9,7.8,10.3,15.5,0.0,3.8,37.4,1018.2,9.2,6.5,83.0,0.2,0.0,26.6,1016.5,0.0,,0,0,12.428571428571429
2024-03-18 07:00:00,,8.9,7.8,10.3,15.5,0.0,3.8,37.4,1018.2,9.2,7.0,86.0,0.2,3.6,16.6,1016.3,0.0,,0,0,75.42857142857143
2024-03-18 08:00:00,,8.9,7.8,10.3,15.5,0.0,3.8,37.4,1018.2,8.8,8.0,95.0,0.6,3.6,13.0,1016.2,0.0,,0,0,161.0
2024-03-18 09:00:00,,8.9,7.8,10.3,15.5,0.0,3.8,37.4,1018.2,9.2,8.4,95.0,1.7,3.6,16.2,1016.0,0.0,,0,0,366.57142857142856
2024-03-18 10:00:00,,8.9,7.8,10.3,15.5,0.0,3.8,37.4,1018.2,9.0,8.2,95.0,1.0,3.6,25.9,1016.4,0.0,,0,0,380.5
2024-03-18 11:00:00,,8.9,7.8,10.3,15.5,0.0,3.8,37.4,1018.2,8.8,8.3,97.0,4.0,7.2,25.2,1017.0,0.0,,0,0,278.14285714285717
2024-03-18 12:00:00,,8.9,7.8,10.3,15.5,0.0,3.8,37.4,1018.2,9.1,8.6,97.0,2.0,7.2,20.2,1017.6,0.0,,0,0,218.42857142857142
2024-03-18 13:00:00,,8.9,7.8,10.3,15.5,0.0,3.8,37.4,1018.2,8.9,7.2,89.0,1.0,7.2,24.5,1017.9,0.0,,0,0,204.42857142857142
2024-03-18 14:00:00,,8.9,7.8,10.3,15.5,0.0,3.8,37.4,1018.2,9.1,7.2,88.0,0.9,7.2,25.2,1018.1,0.0,,0,0,226.14285714285714
2024-03-18 15:00:00,,8.9,7.8,10.3,15.5,0.0,3.8,37.4,1018.2,8.8,7.2,90.0,1.1,7.2,27.7,1018.4,0.0,,0,0,232.0
2024-03-18 16:00:00,,8.9,7.8,10.3,15.5,0.0,3.8,37.4,1018.2,8.3,7.1,92.0,0.9,7.6,25.6,1019.1,0.0,,0,0,181.28571428571428
2024-03-18 17:00:00,,8.9,7.8,10.3,15.5,0.0,3.8,37.4,1018.2,8.5,7.7,95.0,0.6,3.6,20.9,1018.9,0.0,,0,0,135.0
2024-03-18 18:00:00,,8.9,7.8,10.3,15.5,0.0,3.8,37.4,1018.2,8.3,7.5,95.0,0.0,3.6,25.9,1019.5,0.0,,0,0,103.28571428571429
2024-03-18 19:00:00,,8.9,7.8,10.3,15.5,0.0,3.8,37.4,1018.2,8.1,7.3,95.0,0.2,3.6,31.3,1020.1,0.0,,0,0,90.0
2024-03-18 20:00:00,,8.9,7.8,10.3,15.5,0.0,3.8,37.4,1018.2,8.0,7.2,95.0,0.7,3.6,28.8,1020.4,0.0,,0,0,70.625
2024-03-18 21:00:00,,8.9,7.8,10.3,15.5,0.0,3.8,37.4,1018.2,8.0,7.4,96.0,0.0,3.6,25.6,1020.6,0.0,,0,0,42.714285714285715
2024-03-18 22:00:00,,8.9,7.8,10.3,15.5,0.0,3.8,37.4,1018.2,7.8,7.2,96.0,0.2,3.6,25.2,1020.7,0.0,,0,0,26.142857142857142
2024-03-18 23:00:00,,8.9,7.8,10.3,15.5,0.0,3.8,37.4,1018.2,8.0,6.9,93.0,0.0,3.6,34.6,1020.3,0.0,,0,0,20.428571428571427
2024-03-19 00:00:00,,10.0,6.6,15.1,2.7,0.0,3.9,34.6,1019.4,7.9,6.5,91.0,0.2,3.6,34.2,1020.1,0.0,,0,0,15.0
2024-03-19 01:00:00,,10.0,6.6,15.1,2.7,0.0,3.9,34.6,1019.4,7.4,7.1,98.0,2.0,3.6,32.4,1020.2,0.0,,0,0,14.0
2024-03-19 02:00:00,,10.0,6.6,15.1,2.7,0.0,3.9,34.6,1019.4,7.6,7.3,98.0,0.1,3.6,31.0,1019.8,0.0,,0,0,14.0
2024-03-19 03:00:00,,10.0,6.6,15.1,2.7,0.0,3.9,34.6,1019.4,7.6,6.9,95.0,0.0,3.6,18.5,1019.6,,,0,0,14.0
2024-03-19 04:00:00,,10.0,6.6,15.1,2.7,0.0,3.9,34.6,1019.4,7.4,7.0,97.0,0.1,3.6,20.9,1019.9,0.0,,0,0,14.0
2024-03-19 05:00:00,,10.0,6.6,15.1,2.7,0.0,3.9,34.6,1019.4,7.1,7.0,99.0,0.2,3.6,28.4,1019.8,0.0,,0,0,13.857142857142858
2024-03-19 06:00:00,,10.0,6.6,15.1,2.7,0.0,3.9,34.6,1019.4,6.8,6.8,100.0,0.0,3.6,23.4,1019.9,0.0,,0,0,15.0
2024-03-19 07:00:00,,10.0,6.6,15.1,2.7,0.0,3.9,34.6,1019.4,6.8,6.7,99.0,0.1,0.0,18.4,1020.2,19.0,,0,0,60.57142857142857
2024-03-19 08:00:00,,10.0,6.6,15.1,2.7,0.0,3.9,34.6,1019.4,9.1,6.9,86.0,0.0,0.0,10.4,1019.8,60.0,,0,0,148.71428571428572
2024-03-19 09:00:00,,10.0,6.6,15.1,2.7,0.0,3.9,34.6,1019.4,10.9,7.0,77.0,0.0,3.6,17.3,1019.6,60.0,,0,0,223.25
2024-03-19 10:00:00,,10.0,6.6,15.1,2.7,0.0,3.9,34.6,1019.4,12.3,7.2,71.0,0.0,0.0,12.2,1019.4,58.0,,0,0,256.0
2024-03-19 11:00:00,,10.0,6.6,15.1,2.7,0.0,3.9,34.6,1019.4,12.3,9.9,85.0,0.0,7.2,10.8,1018.9,54.0,,0,0,261.14285714285717
2024-03-19 12:00:00,,10.0,6.6,15.1,2.7,0.0,3.9,34.6,1019.4,12.5,8.8,78.0,0.0,7.2,11.2,1018.8,60.0,,0,0,255.57142857142858
2024-03-19 13:00:00,,10.0,6.6,15.1,2.7,0.0,3.9,34.6,1019.4,14.7,8.9,68.0,0.0,7.2,11.2,1017.7,60.0,,0,0,247.57142857142858
2024-03-19 14:00:00,,10.0,6.6,15.1,2.7,0.0,3.9,34.6,1019.4,14.7,8.9,68.0,0.0,7.2,11.9,1017.8,60.0,,0,0,248.125
2024-03-19 15:00:00,,10.0,6.6,15.1,2.7,0.0,3.9,34.6,1019.4,15.1,8.8,66.0,0.0,7.2,9.4,1017.9,60.0,,0,0,220.14285714285714
2024-03-19 16:00:00,,10.0,6.6,15.1,2.7,0.0,3.9,34.6,1019.4,14.2,6.8,61.0,0.0,7.2,10.4,1018.6,60.0,,0,0,170.85714285714286
2024-03-19 17:00:00,,10.0,6.6,15.1,2.7,0.0,3.9,34.6,1019.4,14.5,7.5,63.0,0.0,3.6,6.8,1018.4,41.0,,0,0,112.14285714285714
2024-03-19 18:00:00,,10.0,6.6,15.1,2.7,0.0,3.9,34.6,1019.4,11.8,8.6,81.0,0.0,0.0,8.6,1019.1,22.0,,0,0,89.83333333333333
2024-03-19 19:00:00,,10.0,6.6,15.1,2.7,0.0,3.9,34.6,1019.4,9.7,7.8,88.0,0.0,0.0,9.4,1019.8,0.0,,0,0,88.85714285714286
2024-03-19 20:00:00,,10.0,6.6,15.1,2.7,0.0,3.9,34.6,1019.4,7.1,4.6,84.0,0.0,6.1,8.6,1020.0,0.0,,0,0,74.14285714285714
2024-03-19 21:00:00,,10.0,6.6,15.1,2.7,0.0,3.9,34.6,1019.4,7.7,6.6,93.0,0.0,3.6,6.5,1020.4,0.0,,0,0,50.25
2024-03-19 22:00:00,,10.0,6.6,15.1,2.7,0.0,3.9,34.6,1019.4,6.6,6.0,96.0,0.0,3.6,4.7,1020.4,0.0,,0,0,23.714285714285715
2024-03-19 23:00:00,,10.0,6.6,15.1,2.7,0.0,3.9,34.6,1019.4,5.9,5.5,97.0,0.0,0.0,9.0,1020.5,0.0,,0,0,12.0
2024-03-20 00:00:00,,9.7,3.0,16.7,0.0,0.0,3.1,23.0,1020.1,5.4,5.1,98.0,0.0,0.0,7.9,1020.6,0.0,,0,0,6.285714285714286
2024-03-20 01:00:00,,9.7,3.0,16.7,0.0,0.0,3.1,23.0,1020.1,4.7,4.3,97.0,0.0,0.0,4.7,1020.6,0.0,,0,0,2.3333333333333335
2024-03-20 02:00:00,,9.7,3.0,16.7,0.0,0.0,3.1,23.0,1020.1,4.7,4.3,97.0,0.0,0.0,6.5,1020.5,0.0,,0,0,2.0
2024-03-20 03:00:00,,9.7,3.0,16.7,0.0,0.0,3.1,23.0,1020.1,4.3,4.0,98.0,0.0,3.6,6.5,1020.6,0.0,,0,0,2.0
2024-03-20 04:00:00,,9.7,3.0,16.7,0.0,0.0,3.1,23.0,1020.1,3.8,3.4,97.0,0.0,3.6,6.1,1020.9,0.0,,0,0,1.7142857142857142
2024-03-20 05:00:00,,9.7,3.0,16.7,0.0,0.0,3.1,23.0,1020.1,3.7,3.6,99.0,0.0,0.0,9.7,1021.1,0.0,,0,0,1.0
2024-03-20 06:00:00,,9.7,3.0,16.7,0.0,0.0,3.1,23.0,1020.1,3.0,2.9,99.0,0.0,0.0,6.8,1021.9,0.0,,0,0,3.142857142857143
2024-03-20 07:00:00,,9.7,3.0,16.7,0.0,0.0,3.1,23.0,1020.1,6.2,5.8,97.0,0.0,0.0,4.0,1021.6,20.0,,1,0,63.875
2024-03-20 08:00:00,,9.7,3.0,16.7,0.0,0.0,3.1,23.0,1020.1,9.7,4.7,71.0,0.0,3.6,9.7,1021.0,60.0,,1,0,166.42857142857142
2024-03-20 09:00:00,,9.7,3.0,16.7,0.0,0.0,3.1,23.0,1020.1,11.6,6.1,69.0,0.0,3.6,8.6,1020.7,60.0,,1,0,274.57142857142856
2024-03-20 10:00:00,,9.7,3.0,16.7,0.0,0.0,3.1,23.0,1020.1,12.8,5.5,61.0,0.0,3.6,11.9,1020.0,60.0,,1,0,320.57142857142856
2024-03-20 11:00:00,,9.7,3.0,16.7,0.0,0.0,3.1,23.0,1020.1,13.9,7.2,64.0,0.0,7.2,10.1,1019.4,60.0,,1,0,285.57142857142856
2024-03-20 12:00:00,,9.7,3.0,16.7,0.0,0.0,3.1,23.0,1020.1,14.0,6.6,61.0,0.0,7.2,13.3,1019.2,59.0,,1,0,225.14285714285714
2024-03-20 13:00:00,,9.7,3.0,16.7,0.0,0.0,3.1,23.0,1020.1,15.0,7.3,60.0,0.0,7.2,10.4,1018.9,59.0,,0,0,195.125
2024-03-20 14:00:00,,9.7,3.0,16.7,0.0,0.0,3.1,23.0,1020.1,15.8,5.4,50.0,0.0,3.6,8.6,1018.8,60.0,,0,0,222.28571428571428
2024-03-20 15:00:00,,9.7,3.0,16.7,0.0,0.0,3.1,23.0,1020.1,16.7,5.6,48.0,0.0,6.1,9.4,1019.2,58.0,,0,0,214.71428571428572
2024-03-20 16:00:00,,9.7,3.0,16.7,0.0,0.0,3.1,23.0,1020.1,16.0,4.4,46.0,0.0,3.6,7.6,1018.6,58.0,,0,0,178.57142857142858
2024-03-20 17:00:00,,9.7,3.0,16.7,0.0,0.0,3.1,23.0,1020.1,15.4,5.3,51.0,0.0,3.6,6.5,1018.7,36.0,,0,0,137.42857142857142
2024-03-20 18:00:00,,9.7,3.0,16.7,0.0,0.0,3.1,23.0,1020.1,12.6,7.1,69.0,0.0,3.6,9.7,1019.1,0.0,,0,0,99.5
2024-03-20 19:00:00,,9.7,3.0,16.7,0.0,0.0,3.1,23.0,1020.1,10.9,7.6,80.0,0.0,3.6,14.0,1019.4,0.0,,0,0,95.14285714285714
2024-03-20 20:00:00,,9.7,3.0,16.7,0.0,0.0,3.1,23.0,1020.1,9.9,6.6,80.0,0.0,3.6,23.0,1020.0,0.0,,0,0,90.14285714285714
2024-03-20 21:00:00,,9.7,3.0,16.7,0.0,0.0,3.1,23.0,1020.1,8.8,5.9,82.0,0.0,3.6,20.9,1020.6,0.0,,0,0,82.14285714285714
2024-03-20 22:00:00,,9.7,3.0,16.7,0.0,0.0,3.1,23.0,1020.1,8.4,6.5,88.0,0.0,3.6,16.6,1021.2,0.0,,0,0,58.285714285714285
2024-03-20 23:00:00,,9.7,3.0,16.7,0.0,0.0,3.1,23.0,1020.1,7.5,5.6,88.0,0.0,3.6,12.6,1021.7,0.0,,0,0,41.0
2024-03-21 00:00:00,,10.9,7.0,16.1,13.7,0.0,4.4,37.4,1023.6,7.0,5.3,89.0,0.0,0.0,37.4,1022.1,0.0,,0,0,29.571428571428573
2024-03-21 01:00:00,,10.9,7.0,16.1,13.7,0.0,4.4,37.4,1023.6,7.4,5.5,88.0,0.0,3.6,33.8,1022.2,0.0,,0,0,27.857142857142858
2024-03-21 02:00:00,,10.9,7.0,16.1,13.7,0.0,4.4,37.4,1023.6,8.5,6.0,84.0,0.0,3.6,29.9,1021.8,0.0,,0,0,25.285714285714285
2024-03-21 03:00:00,,10.9,7.0,16.1,13.7,0.0,4.4,37.4,1023.6,9.0,6.4,84.0,0.0,3.6,22.2,1021.7,,,0,0,24.857142857142858
2024-03-21 04:00:00,,10.9,7.0,16.1,13.7,0.0,4.4,37.4,1023.6,8.9,6.3,84.0,1.0,0.0,27.8,1022.0,,,0,0,24.875
2024-03-21 05:00:00,,10.9,7.0,16.1,13.7,0.0,4.4,37.4,1023.6,9.5,6.9,84.0,0.2,0.0,25.9,1022.1,,,0,0,24.714285714285715
2024-03-21 06:00:00,,10.9,7.0,16.1,13.7,0.0,4.4,37.4,1023.6,9.0,7.4,90.0,1.8,3.6,24.1,1023.4,,,0,0,26.428571428571427
2024-03-21 07:00:00,,10.9,7.0,16.1,13.7,0.0,4.4,37.4,1023.6,9.1,8.2,94.0,0.7,3.6,22.2,1023.5,,,0,0,79.28571428571429
2024-03-21 08:00:00,,10.9,7.0,16.1,13.7,0.0,4.4,37.4,1023.6,9.5,8.1,91.0,0.6,7.2,33.5,1024.0,0.0,,0,0,195.28571428571428
2024-03-21 09:00:00,,10.9,7.0,16.1,13.7,0.0,4.4,37.4,1023.6,9.4,8.9,97.0,2.1,3.6,32.0,1025.2,0.0,,0,0,307.75
2024-03-21 10:00:00,,10.9,7.0,16.1,13.7,0.0,4.4,37.4,1023.6,9.7,9.2,97.0,1.0,3.6,24.8,1024.9,0.0,,0,0,342.14285714285717
2024-03-21 11:00:00,,10.9,7.0,16.1,13.7,0.0,4.4,37.4,1023.6,11.7,10.6,93.0,0.1,3.6,21.6,1024.9,0.0,,0,0,312.57142857142856
2024-03-21 12:00:00,,10.9,7.0,16.1,13.7,0.0,4.4,37.4,1023.6,13.2,10.2,82.0,0.1,7.2,25.2,1024.3,5.0,,0,0,281.0
2024-03-21 13:00:00,,10.9,7.0,16.1,13.7,0.0,4.4,37.4,1023.6,15.0,10.4,74.0,0.0,7.2,16.2,1023.7,18.0,,0,0,275.7142857142857
2024-03-21 14:00:00,,10.9,7.0,16.1,13.7,0.0,4.4,37.4,1023.6,16.1,8.8,62.0,0.9,10.8,13.7,1023.1,32.0,,0,0,302.125
2024-03-21 15:00:00,,10.9,7.0,16.1,13.7,0.0,4.4,37.4,1023.6,14.6,9.4,71.0,0.9,15.5,14.0,1023.3,7.0,,0,0,320.14285714285717
2024-03-21 16:00:00,,10.9,7.0,16.1,13.7,0.0,4.4,37.4,1023.6,16.1,7.6,57.0,3.2,7.2,22.3,1022.5,30.0,,0,0,267.0
2024-03-21 17:00:00,,10.9,7.0,16.1,13.7,0.0,4.4,37.4,1023.6,15.8,8.3,61.0,0.8,3.6,20.2,1023.0,14.0,,0,0,176.28571428571428
2024-03-21 18:00:00,,10.9,7.0,16.1,13.7,0.0,4.4,37.4,1023.6,14.7,8.6,67.0,0.3,3.6,10.8,1023.6,0.0,,0,0,125.71428571428571
2024-03-21 19:00:00,,10.9,7.0,16.1,13.7,0.0,4.4,37.4,1023.6,12.3,9.1,81.0,0.0,3.6,9.4,1024.9,0.0,,0,0,119.25
2024-03-21 20:00:00,,10.9,7.0,16.1,13.7,0.0,4.4,37.4,1023.6,9.9,8.3,90.0,0.0,3.6,11.5,1025.8,0.0,,0,0,113.42857142857143
2024-03-21 21:00:00,,10.9,7.0,16.1,13.7,0.0,4.4,37.4,1023.6,9.2,7.6,90.0,0.0,3.6,9.7,1026.2,0.0,,0,0,86.14285714285714
2024-03-21 22:00:00,,10.9,7.0,16.1,13.7,0.0,4.4,37.4,1023.6,8.3,6.8,90.0,0.0,0.0,7.2,1026.4,0.0,,0,0,63.57142857142857
2024-03-21 23:00:00,,10.9,7.0,16.1,13.7,0.0,4.4,37.4,1023.6,9.1,7.4,89.0,0.0,0.0,8.6,1025.8,0.0,,0,0,43.285714285714285
2024-03-22 00:00:00,,12.0,5.7,18.8,0.0,0.0,3.5,36.7,1020.1,8.7,7.5,92.0,0.0,0.0,6.1,1025.8,0.0,,0,0,31.375
2024-03-22 01:00:00,,12.0,5.7,18.8,0.0,0.0,3.5,36.7,1020.1,8.8,7.6,92.0,0.0,0.0,5.4,1025.5,0.0,,0,0,26.857142857142858
2024-03-22 02:00:00,,12.0,5.7,18.8,0.0,0.0,3.5,36.7,1020.1,7.2,6.3,94.0,0.0,3.6,6.8,1025.2,0.0,,0,0,25.285714285714285
2024-03-22 03:00:00,,12.0,5.7,18.8,0.0,0.0,3.5,36.7,1020.1,6.9,6.5,97.0,0.0,3.6,20.4,1024.9,,,0,0,25.0
2024-03-22 04:00:00,,12.0,5.7,18.8,0.0,0.0,3.5,36.7,1020.1,6.3,6.2,99.0,0.0,0.0,28.1,1024.6,0.0,,0,0,25.0
2024-03-22 05:00:00,,12.0,5.7,18.8,0.0,0.0,3.5,36.7,1020.1,5.7,5.0,95.0,0.0,3.6,31.7,1024.6,0.0,,0,0,25.25
2024-03-22 06:00:00,,12.0,5.7,18.8,0.0,0.0,3.5,36.7,1020.1,5.7,5.4,98.0,0.0,3.6,34.9,1024.1,0.0,,0,0,28.571428571428573
2024-03-22 07:00:00,,12.0,5.7,18.8,0.0,0.0,3.5,36.7,1020.1,8.7,6.8,88.0,0.0,0.0,36.4,1023.4,24.0,,0,0,71.0
2024-03-22 08:00:00,,12.0,5.7,18.8,0.0,0.0,3.5,36.7,1020.1,11.8,6.7,71.0,0.0,3.6,36.7,1022.5,60.0,,0,0,145.85714285714286
2024-03-22 09:00:00,,12.0,5.7,18.8,0.0,0.0,3.5,36.7,1020.1,13.8,5.9,59.0,0.0,0.0,25.2,1021.6,60.0,,0,0,240.14285714285714
2024-03-22 10:00:00,,12.0,5.7,18.8,0.0,0.0,3.5,36.7,1020.1,15.0,6.0,55.0,0.0,3.6,14.0,1020.8,60.0,,0,0,255.25
2024-03-22 11:00:00,,12.0,5.7,18.8,0.0,0.0,3.5,36.7,1020.1,14.7,8.0,64.0,0.0,7.2,9.4,1020.1,59.0,,0,0,221.14285714285714
2024-03-22 12:00:00,,12.0,5.7,18.8,0.0,0.0,3.5,36.7,1020.1,15.5,8.0,61.0,0.0,7.2,9.0,1019.0,60.0,,0,0,191.71428571428572
2024-03-22 13:00:00,,12.0,5.7,18.8,0.0,0.0,3.5,36.7,1020.1,16.8,6.6,51.0,0.0,7.2,10.4,1018.0,60.0,,0,0,205.85714285714286
2024-03-22 14:00:00,,12.0,5.7,18.8,0.0,0.0,3.5,36.7,1020.1,18.3,6.8,47.0,0.0,7.2,11.9,1016.5,60.0,,0,0,215.71428571428572
2024-03-22 15:00:00,,12.0,5.7,18.8,0.0,0.0,3.5,36.7,1020.1,18.4,4.2,39.0,0.0,7.2,13.7,1015.7,60.0,,0,0,213.375
2024-03-22 16:00:00,,12.0,5.7,18.8,0.0,0.0,3.5,36.7,1020.1,18.8,3.0,35.0,0.0,3.6,9.7,1014.8,60.0,,0,0,188.0
2024-03-22 17:00:00,,12.0,5.7,18.8,0.0,0.0,3.5,36.7,1020.1,17.6,4.9,43.0,0.0,0.0,8.6,1014.6,50.0,,0,0,152.28571428571428
2024-03-22 18:00:00,,12.0,5.7,18.8,0.0,0.0,3.5,36.7,1020.1,13.4,6.5,63.0,0.0,3.6,11.5,1014.7,13.0,,0,0,129.71428571428572
2024-03-22 19:00:00,,12.0,5.7,18.8,0.0,0.0,3.5,36.7,1020.1,14.8,5.8,55.0,0.0,7.2,12.2,1014.3,0.0,,0,0,132.0
2024-03-22 20:00:00,,12.0,5.7,18.8,0.0,0.0,3.5,36.7,1020.1,11.6,6.5,71.0,0.0,3.6,22.0,1014.9,0.0,,0,0,143.75
2024-03-22 21:00:00,,12.0,5.7,18.8,0.0,0.0,3.5,36.7,1020.1,10.5,6.6,77.0,0.0,3.6,25.6,1015.1,0.0,,0,0,160.57142857142858
2024-03-22 22:00:00,,12.0,5.7,18.8,0.0,0.0,3.5,36.7,1020.1,10.2,6.5,78.0,0.0,3.6,27.4,1014.9,0.0,,0,0,135.14285714285714
2024-03-22 23:00:00,,12.0,5.7,18.8,0.0,0.0,3.5,36.7,1020.1,9.0,6.8,86.0,0.0,3.6,27.4,1014.4,0.0,,0,0,106.28571428571429
2024-03-23 00:00:00,,7.8,4.7,10.0,14.5,0.0,7.2,59.8,1013.9,7.9,5.5,85.0,0.0,3.6,31.0,1014.2,0.0,Ostermarkt,0,0,82.71428571428571
2024-03-23 01:00:00,,7.8,4.7,10.0,14.5,0.0,7.2,59.8,1013.9,7.3,5.4,88.0,0.0,3.6,28.8,1013.5,0.0,Ostermarkt,0,0,53.125
2024-03-23 02:00:00,,7.8,4.7,10.0,14.5,0.0,7.2,59.8,1013.9,6.9,5.2,89.0,0.0,3.6,43.6,1013.2,0.0,Ostermarkt,0,0,32.857142857142854
2024-03-23 03:00:00,,7.8,4.7,10.0,14.5,0.0,7.2,59.8,1013.9,7.1,4.1,81.0,0.0,3.6,24.1,1012.4,,Ostermarkt,0,0,26.0
2024-03-23 04:00:00,,7.8,4.7,10.0,14.5,0.0,7.2,59.8,1013.9,7.7,3.2,73.0,0.0,3.6,43.6,1011.5,0.0,Ostermarkt,0,0,23.714285714285715
2024-03-23 05:00:00,,7.8,4.7,10.0,14.5,0.0,7.2,59.8,1013.9,7.6,2.9,72.0,0.0,3.6,44.3,1010.8,0.0,Ostermarkt,0,0,23.0
2024-03-23 06:00:00,,7.8,4.7,10.0,14.5,0.0,7.2,59.8,1013.9,6.6,3.4,80.0,0.0,3.6,43.9,1009.7,0.0,Ostermarkt,0,0,24.625
2024-03-23 07:00:00,,7.8,4.7,10.0,14.5,0.0,7.2,59.8,1013.9,9.2,3.2,66.0,0.0,10.8,29.5,1010.5,0.0,Ostermarkt,1,0,38.42857142857143
2024-03-23 08:00:00,,7.8,4.7,10.0,14.5,0.0,7.2,59.8,1013.9,10.0,8.3,89.0,1.9,7.2,34.2,1012.3,0.0,Ostermarkt,1,0,131.85714285714286
2024-03-23 09:00:00,,7.8,4.7,10.0,14.5,0.0,7.2,59.8,1013.9,9.4,7.2,86.0,3.0,10.8,40.0,1013.7,0.0,Ostermarkt,1,0,296.14285714285717
2024-03-23 10:00:00,,7.8,4.7,10.0,14.5,0.0,7.2,59.8,1013.9,7.4,5.4,87.0,1.8,20.5,50.0,1016.4,0.0,Ostermarkt,1,0,395.14285714285717
2024-03-23 11:00:00,,7.8,4.7,10.0,14.5,0.0,7.2,59.8,1013.9,7.3,3.3,76.0,0.6,14.4,22.2,1016.3,,Ostermarkt,1,0,385.875
2024-03-23 12:00:00,,7.8,4.7,10.0,14.5,0.0,7.2,59.8,1013.9,8.0,2.2,67.0,0.4,10.8,33.1,1016.2,0.0,Ostermarkt,1,0,318.85714285714283
2024-03-23 13:00:00,,7.8,4.7,10.0,14.5,0.0,7.2,59.8,1013.9,8.3,1.2,61.0,0.6,14.4,46.8,1015.4,0.0,Ostermarkt,0,0,245.85714285714286
2024-03-23 14:00:00,,7.8,4.7,10.0,14.5,0.0,7.2,59.8,1013.9,9.2,1.6,59.0,0.5,10.8,37.1,1014.7,5.0,Ostermarkt,0,0,204.28571428571428
2024-03-23 15:00:00,,7.8,4.7,10.0,14.5,0.0,7.2,59.8,1013.9,8.8,2.4,64.0,0.7,3.6,33.5,1014.4,21.0,Ostermarkt,0,0,174.42857142857142
2024-03-23 16:00:00,,7.8,4.7,10.0,14.5,0.0,7.2,59.8,1013.9,9.2,1.4,58.0,0.3,3.6,34.6,1013.8,46.0,Ostermarkt,0,0,119.42857142857143
2024-03-23 17:00:00,,7.8,4.7,10.0,14.5,0.0,7.2,59.8,1013.9,9.4,0.0,52.0,0.0,7.2,28.4,1013.6,53.0,Ostermarkt,0,0,70.75
2024-03-23 18:00:00,,7.8,4.7,10.0,14.5,0.0,7.2,59.8,1013.9,8.4,-0.1,55.0,1.6,7.2,15.8,1014.1,0.0,Ostermarkt,0,0,97.28571428571429
2024-03-23 19:00:00,,7.8,4.7,10.0,14.5,0.0,7.2,59.8,1013.9,7.5,0.2,60.0,0.5,3.6,22.0,1014.4,0.0,Ostermarkt,0,0,255.28571428571428
2024-03-23 20:00:00,,7.8,4.7,10.0,14.5,0.0,7.2,59.8,1013.9,4.8,2.2,83.0,1.0,3.6,59.8,1016.3,0.0,Ostermarkt,0,0,316.57142857142856
2024-03-23 21:00:00,,7.8,4.7,10.0,14.5,0.0,7.2,59.8,1013.9,4.7,1.9,82.0,0.6,10.8,27.0,1016.1,0.0,Ostermarkt,0,0,328.625
2024-03-23 22:00:00,,7.8,4.7,10.0,14.5,0.0,7.2,59.8,1013.9,5.6,0.4,69.0,1.0,3.6,25.2,1015.3,0.0,Ostermarkt,0,0,301.85714285714283
2024-03-23 23:00:00,,7.8,4.7,10.0,14.5,0.0,7.2,59.8,1013.9,4.4,2.3,86.0,0.3,10.8,31.0,1015.7,0.0,Ostermarkt,0,0,142.28571428571428
2024-03-24 00:00:00,,5.0,2.8,7.0,15.5,0.0,8.0,47.2,1013.2,3.9,1.9,87.0,0.3,10.8,34.6,1014.5,0.0,,0,0,90.28571428571429
2024-03-24 01:00:00,,5.0,2.8,7.0,15.5,0.0,8.0,47.2,1013.2,3.8,2.2,89.0,0.3,7.2,30.6,1013.8,0.0,,0,0,62.42857142857143
2024-03-24 02:00:00,,5.0,2.8,7.0,15.5,0.0,8.0,47.2,1013.2,3.8,1.8,87.0,1.4,3.6,22.3,1012.8,0.0,,0,0,33.75
2024-03-24 03:00:00,,5.0,2.8,7.0,15.5,0.0,8.0,47.2,1013.2,4.0,1.9,86.0,0.3,3.6,24.8,1012.5,0.0,,0,0,24.285714285714285
2024-03-24 04:00:00,,5.0,2.8,7.0,15.5,0.0,8.0,47.2,1013.2,3.9,1.6,85.0,0.2,3.6,22.2,1011.9,,,0,0,23.0
2024-03-24 05:00:00,,5.0,2.8,7.0,15.5,0.0,8.0,47.2,1013.2,3.3,2.3,93.0,0.4,3.6,17.3,1012.3,0.0,,0,0,23.0
2024-03-24 06:00:00,,5.0,2.8,7.0,15.5,0.0,8.0,47.2,1013.2,3.4,2.1,91.0,0.9,7.2,15.5,1012.4,0.0,,0,0,23.428571428571427
2024-03-24 07:00:00,,5.0,2.8,7.0,15.5,0.0,8.0,47.2,1013.2,2.8,2.2,96.0,1.0,3.6,25.6,1013.0,0.0,,0,0,24.0
2024-03-24 08:00:00,,5.0,2.8,7.0,15.5,0.0,8.0,47.2,1013.2,3.3,1.7,89.0,2.0,14.4,21.2,1014.1,0.0,,0,0,25.5
2024-03-24 09:00:00,,5.0,2.8,7.0,15.5,0.0,8.0,47.2,1013.2,4.5,1.0,78.0,0.7,10.8,32.0,1014.3,0.0,,0,0,29.571428571428573
2024-03-24 10:00:00,,5.0,2.8,7.0,15.5,0.0,8.0,47.2,1013.2,5.5,-0.6,65.0,0.1,10.8,27.7,1014.1,0.0,,0,0,34.857142857142854
2024-03-24 11:00:00,,5.0,2.8,7.0,15.5,0.0,8.0,47.2,1013.2,5.8,-0.5,64.0,0.9,7.2,37.4,1013.7,14.0,,0,0,35.0
2024-03-24 12:00:00,,5.0,2.8,7.0,15.5,0.0,8.0,47.2,1013.2,5.6,1.1,73.0,1.0,10.8,32.4,1013.6,0.0,,0,0,36.57142857142857
2024-03-24 13:00:00,,5.0,2.8,7.0,15.5,0.0,8.0,47.2,1013.2,6.6,0.1,63.0,1.6,10.8,27.0,1012.8,0.0,,0,0,35.57142857142857
2024-03-24 14:00:00,,5.0,2.8,7.0,15.5,0.0,8.0,47.2,1013.2,4.7,1.4,79.0,0.3,10.8,27.7,1013.2,0.0,,0,0,38.375
2024-03-24 15:00:00,,5.0,2.8,7.0,15.5,0.0,8.0,47.2,1013.2,6.9,0.1,62.0,1.3,10.8,37.8,1012.3,1.0,,0,0,40.285714285714285
2024-03-24 16:00:00,,5.0,2.8,7.0,15.5,0.0,8.0,47.2,1013.2,6.5,0.6,66.0,0.2,7.2,43.9,1012.2,19.0,,0,0,42.142857142857146
2024-03-24 17:00:00,,5.0,2.8,7.0,15.5,0.0,8.0,47.2,1013.2,7.0,1.1,66.0,0.1,10.8,47.2,1012.3,32.0,,0,0,53.57142857142857
2024-03-24 18:00:00,,5.0,2.8,7.0,15.5,0.0,8.0,47.2,1013.2,5.9,0.4,68.0,0.9,7.2,31.3,1012.5,23.0,,0,0,151.57142857142858
2024-03-24 19:00:00,,5.0,2.8,7.0,15.5,0.0,8.0,47.2,1013.2,6.3,-0.9,60.0,0.3,10.8,21.6,1012.9,0.0,,0,0,147.25
2024-03-24 20:00:00,,5.0,2.8,7.0,15.5,0.0,8.0,47.2,1013.2,6.0,-0.3,64.0,0.8,3.6,19.8,1012.9,0.0,,0,0,55.0
2024-03-24 21:00:00,,5.0,2.8,7.0,15.5,0.0,8.0,47.2,1013.2,5.2,0.6,72.0,0.1,7.2,27.0,1013.3,0.0,,0,0,36.42857142857143
2024-03-24 22:00:00,,5.0,2.8,7.0,15.5,0.0,8.0,47.2,1013.2,5.7,-0.4,65.0,0.1,3.6,27.4,1012.6,0.0,,0,0,20.142857142857142
2024-03-24 23:00:00,,5.0,2.8,7.0,15.5,0.0,8.0,47.2,1013.2,4.8,0.7,75.0,0.6,7.2,27.4,1013.3,0.0,,0,0,11.571428571428571
2024-03-25 00:00:00,,7.1,2.1,13.0,2.5,0.0,5.3,31.0,1006.9,4.3,1.3,81.0,0.5,7.2,29.5,1013.5,0.0,,0,0,11.0
2024-03-25 01:00:00,,7.1,2.1,13.0,2.5,0.0,5.3,31.0,1006.9,3.6,1.5,86.0,0.6,7.2,26.3,1013.4,0.0,,0,0,11.0
2024-03-25 02:00:00,,7.1,2.1,13.0,2.5,0.0,5.3,31.0,1006.9,3.2,1.7,90.0,0.6,3.6,16.6,1013.0,0.0,,0,0,11.0
2024-03-25 03:00:00,,7.1,2.1,13.0,2.5,0.0,5.3,31.0,1006.9,3.0,1.7,91.0,0.2,3.6,20.4,1012.8,,,0,0,11.0
2024-03-25 04:00:00,,7.1,2.1,13.0,2.5,0.0,5.3,31.0,1006.9,3.1,1.5,89.0,0.0,3.6,20.4,1012.6,,,0,0,11.0
2024-03-25 05:00:00,,7.1,2.1,13.0,2.5,0.0,5.3,31.0,1006.9,2.7,1.5,92.0,0.0,3.6,20.4,1012.3,,,0,0,11.0
2024-03-25 06:00:00,,7.1,2.1,13.0,2.5,0.0,5.3,31.0,1006.9,2.1,1.5,96.0,0.0,3.6,18.5,1012.4,,,0,0,12.875
2024-03-25 07:00:00,,7.1,2.1,13.0,2.5,0.0,5.3,31.0,1006.9,4.5,1.7,82.0,0.0,3.6,18.5,1011.6,,,0,0,65.57142857142857
2024-03-25 08:00:00,,7.1,2.1,13.0,2.5,0.0,5.3,31.0,1006.9,5.7,0.8,71.0,0.0,7.2,22.3,1010.8,59.0,,0,0,134.42857142857142
2024-03-25 09:00:00,,7.1,2.1,13.0,2.5,0.0,5.3,31.0,1006.9,7.1,0.5,63.0,0.0,3.6,16.6,1009.7,60.0,,0,0,361.0
2024-03-25 10:00:00,,7.1,2.1,13.0,2.5,0.0,5.3,31.0,1006.9,8.4,1.3,61.0,0.0,7.2,13.3,1008.5,60.0,,0,0,388.42857142857144
2024-03-25 11:00:00,,7.1,2.1,13.0,2.5,0.0,5.3,31.0,1006.9,9.3,0.2,53.0,0.0,3.6,15.5,1007.3,60.0,,0,0,324.2857142857143
2024-03-25 12:00:00,,7.1,2.1,13.0,2.5,0.0,5.3,31.0,1006.9,10.8,-0.7,45.0,0.0,3.6,16.2,1005.6,60.0,,0,0,214.5
2024-03-25 13:00:00,,7.1,2.1,13.0,2.5,0.0,5.3,31.0,1006.9,11.7,0.2,45.0,0.0,7.2,20.9,1004.2,60.0,,0,0,186.71428571428572
2024-03-25 14:00:00,,7.1,2.1,13.0,2.5,0.0,5.3,31.0,1006.9,12.7,0.4,43.0,0.0,7.2,19.4,1002.7,60.0,,0,0,208.66666666666666
2024-03-25 15:00:00,,7.1,2.1,13.0,2.5,0.0,5.3,31.0,1006.9,13.0,0.7,43.0,0.0,7.2,25.6,1001.6,59.0,,0,0,217.14285714285714
2024-03-25 16:00:00,,7.1,2.1,13.0,2.5,0.0,5.3,31.0,1006.9,13.0,0.0,41.0,0.0,10.8,28.1,1000.3,60.0,,0,0,175.0
2024-03-25 17:00:00,,7.1,2.1,13.0,2.5,0.0,5.3,31.0,1006.9,11.5,0.0,45.0,0.0,7.2,23.4,1000.1,60.0,,0,0,108.71428571428571
2024-03-25 18:00:00,,7.1,2.1,13.0,2.5,0.0,5.3,31.0,1006.9,9.1,1.3,58.0,0.0,3.6,28.4,1000.1,8.0,,0,0,71.5
2024-03-25 19:00:00,,7.1,2.1,13.0,2.5,0.0,5.3,31.0,1006.9,7.8,1.4,64.0,0.0,3.6,31.0,1000.1,0.0,,0,0,71.42857142857143
2024-03-25 20:00:00,,7.1,2.1,13.0,2.5,0.0,5.3,31.0,1006.9,6.3,2.6,77.0,0.0,3.6,20.2,1000.0,0.0,,0,0,53.42857142857143
2024-03-25 21:00:00,,7.1,2.1,13.0,2.5,0.0,5.3,31.0,1006.9,5.7,1.0,72.0,0.0,3.6,24.1,999.6,0.0,,0,0,27.285714285714285
2024-03-25 22:00:00,,7.1,2.1,13.0,2.5,0.0,5.3,31.0,1006.9,7.1,0.3,62.0,0.0,3.6,25.9,999.2,0.0,,0,0,18.142857142857142
2024-03-25 23:00:00,,7.1,2.1,13.0,2.5,0.0,5.3,31.0,1006.9,6.9,0.1,62.0,0.0,3.6,32.4,998.9,0.0,,0,0,14.25
2024-03-26 00:00:00,,9.7,3.3,18.9,0.0,0.0,6.6,46.4,993.4,7.0,-0.7,58.0,0.0,7.2,38.2,998.5,0.0,,0,0,14.0
2024-03-26 01:00:00,,9.7,3.3,18.9,0.0,0.0,6.6,46.4,993.4,5.2,0.0,69.0,0.0,3.6,42.1,998.3,0.0,,0,0,14.0
2024-03-26 02:00:00,,9.7,3.3,18.9,0.0,0.0,6.6,46.4,993.4,5.8,-0.1,66.0,0.0,3.6,31.0,997.7,0.0,,0,0,14.0
2024-03-26 03:00:00,,9.7,3.3,18.9,0.0,0.0,6.6,46.4,993.4,5.4,0.0,68.0,0.0,3.6,18.5,997.2,,,0,0,14.0
2024-03-26 04:00:00,,9.7,3.3,18.9,0.0,0.0,6.6,46.4,993.4,4.0,0.2,76.0,0.0,3.6,18.5,997.2,,,0,0,14.0
2024-03-26 05:00:00,,9.7,3.3,18.9,0.0,0.0,6.6,46.4,993.4,3.5,-0.3,76.0,0.0,3.6,16.7,997.4,,,0,0,14.571428571428571
2024-03-26 06:00:00,,9.7,3.3,18.9,0.0,0.0,6.6,46.4,993.4,3.3,0.2,80.0,0.0,0.0,14.8,996.8,,,0,0,17.857142857142858
2024-03-26 07:00:00,,9.7,3.3,18.9,0.0,0.0,6.6,46.4,993.4,5.1,1.4,77.0,0.0,0.0,13.0,996.2,,,0,0,48.714285714285715
2024-03-26 08:00:00,,9.7,3.3,18.9,0.0,0.0,6.6,46.4,993.4,9.8,2.9,62.0,0.0,0.0,13.0,995.0,,,0,0,108.0
2024-03-26 09:00:00,,9.7,3.3,18.9,0.0,0.0,6.6,46.4,993.4,12.9,1.2,45.0,0.0,7.2,13.0,993.9,,,0,0,196.375
2024-03-26 10:00:00,,9.7,3.3,18.9,0.0,0.0,6.6,46.4,993.4,11.4,2.9,56.0,0.0,3.6,9.4,994.0,0.0,,0,0,259.42857142857144
2024-03-26 11:00:00,,9.7,3.3,18.9,0.0,0.0,6.6,46.4,993.4,13.0,0.0,41.0,0.0,7.2,14.0,993.1,0.0,,0,0,245.42857142857142
2024-03-26 12:00:00,,9.7,3.3,18.9,0.0,0.0,6.6,46.4,993.4,12.8,0.2,42.0,0.0,7.2,14.8,992.1,0.0,,0,0,203.71428571428572
2024-03-26 13:00:00,,9.7,3.3,18.9,0.0,0.0,6.6,46.4,993.4,14.8,4.2,49.0,0.0,9.4,19.1,991.1,30.0,,0,0,196.57142857142858
2024-03-26 14:00:00,,9.7,3.3,18.9,0.0,0.0,6.6,46.4,993.4,17.0,4.3,43.0,0.0,11.2,13.0,990.1,60.0,,0,0,218.25
2024-03-26 15:00:00,,9.7,3.3,18.9,0.0,0.0,6.6,46.4,993.4,17.1,4.7,44.0,0.0,12.6,15.5,989.4,60.0,,0,0,221.14285714285714
2024-03-26 16:00:00,,9.7,3.3,18.9,0.0,0.0,6.6,46.4,993.4,18.9,0.9,30.0,0.0,7.2,25.9,987.9,50.0,,0,0,207.57142857142858
2024-03-26 17:00:00,,9.7,3.3,18.9,0.0,0.0,6.6,46.4,993.4,16.3,0.8,35.0,0.0,7.2,45.0,988.1,47.0,,0,0,166.42857142857142
2024-03-26 18:00:00,,9.7,3.3,18.9,0.0,0.0,6.6,46.4,993.4,14.5,0.7,39.0,0.0,10.8,36.4,988.6,0.0,,0,0,123.14285714285714
2024-03-26 19:00:00,,9.7,3.3,18.9,0.0,0.0,6.6,46.4,993.4,9.0,2.6,64.0,0.0,10.1,35.3,989.1,0.0,,0,0,100.875
2024-03-26 20:00:00,,9.7,3.3,18.9,0.0,0.0,6.6,46.4,993.4,7.4,1.5,66.0,0.0,12.2,37.1,989.4,0.0,,0,0,85.0
2024-03-26 21:00:00,,9.7,3.3,18.9,0.0,0.0,6.6,46.4,993.4,6.7,1.0,67.0,0.0,12.2,46.4,990.3,0.0,,0,0,61.714285714285715
2024-03-26 22:00:00,,9.7,3.3,18.9,0.0,0.0,6.6,46.4,993.4,6.1,1.0,70.0,0.0,10.4,36.4,991.1,0.0,,0,0,32.142857142857146
2024-03-26 23:00:00,,9.7,3.3,18.9,0.0,0.0,6.6,46.4,993.4,6.0,0.7,69.0,0.0,10.8,45.4,990.9,0.0,,0,0,20.428571428571427
2024-03-27 00:00:00,,8.1,5.0,15.5,12.0,0.0,7.4,45.4,989.0,5.4,0.8,72.0,0.0,10.4,38.9,990.1,0.0,,0,0,17.0
2024-03-27 01:00:00,,8.1,5.0,15.5,12.0,0.0,7.4,45.4,989.0,5.7,0.8,71.0,0.0,10.8,29.2,989.4,0.0,,0,0,15.142857142857142
2024-03-27 02:00:00,,8.1,5.0,15.5,12.0,0.0,7.4,45.4,989.0,5.6,0.9,72.0,0.0,11.5,33.8,987.6,0.0,,0,0,14.142857142857142
2024-03-27 03:00:00,,8.1,5.0,15.5,12.0,0.0,7.4,45.4,989.0,5.0,0.6,73.0,0.0,11.2,20.4,986.9,,,0,0,14.0
2024-03-27 04:00:00,,8.1,5.0,15.5,12.0,0.0,7.4,45.4,989.0,7.1,3.9,80.0,0.0,0.0,16.7,985.4,,,0,0,14.0
2024-03-27 05:00:00,,8.1,5.0,15.5,12.0,0.0,7.4,45.4,989.0,5.9,2.9,81.0,0.0,3.6,16.7,985.4,,,0,0,13.125
2024-03-27 06:00:00,,8.1,5.0,15.5,12.0,0.0,7.4,45.4,989.0,6.2,4.0,86.0,0.0,0.0,16.7,984.5,,,0,0,16.857142857142858
2024-03-27 07:00:00,,8.1,5.0,15.5,12.0,0.0,7.4,45.4,989.0,11.2,4.4,63.0,0.0,0.0,26.3,983.5,29.0,,1,0,58.0
2024-03-27 08:00:00,,8.1,5.0,15.5,12.0,0.0,7.4,45.4,989.0,15.5,4.8,49.0,0.0,3.6,22.7,983.0,60.0,,1,0,143.57142857142858
2024-03-27 09:00:00,,8.1,5.0,15.5,12.0,0.0,7.4,45.4,989.0,13.7,6.8,63.0,0.0,10.8,20.9,983.7,59.0,,1,0,284.42857142857144
2024-03-27 10:00:00,,8.1,5.0,15.5,12.0,0.0,7.4,45.4,989.0,12.7,5.4,61.0,0.0,10.8,17.6,985.0,47.0,,1,0,342.5
2024-03-27 11:00:00,,8.1,5.0,15.5,12.0,0.0,7.4,45.4,989.0,12.3,7.2,71.0,0.0,14.4,33.5,986.3,23.0,,1,0,321.42857142857144
2024-03-27 12:00:00,,8.1,5.0,15.5,12.0,0.0,7.4,45.4,989.0,12.2,6.5,68.0,0.4,14.4,25.2,987.0,13.0,,1,0,238.0
2024-03-27 13:00:00,,8.1,5.0,15.5,12.0,0.0,7.4,45.4,989.0,10.0,4.4,68.0,1.1,10.8,27.4,988.5,0.0,,0,0,216.85714285714286
2024-03-27 14:00:00,,8.1,5.0,15.5,12.0,0.0,7.4,45.4,989.0,9.0,4.2,72.0,1.3,7.2,32.4,989.9,0.0,,0,0,237.85714285714286
2024-03-27 15:00:00,,8.1,5.0,15.5,12.0,0.0,7.4,45.4,989.0,7.6,5.9,89.0,2.0,3.6,28.1,991.3,0.0,,0,0,219.5
2024-03-27 16:00:00,,8.1,5.0,15.5,12.0,0.0,7.4,45.4,989.0,7.0,5.6,91.0,2.0,7.2,14.4,992.5,0.0,,0,0,177.0
2024-03-27 17:00:00,,8.1,5.0,15.5,12.0,0.0,7.4,45.4,989.0,6.3,4.8,90.0,4.0,3.6,16.9,993.4,0.0,,0,0,158.14285714285714
2024-03-27 18:00:00,,8.1,5.0,15.5,12.0,0.0,7.4,45.4,989.0,6.4,4.9,90.0,0.6,11.2,27.4,993.8,0.0,,0,0,161.14285714285714
2024-03-27 19:00:00,,8.1,5.0,15.5,12.0,0.0,7.4,45.4,989.0,6.3,5.4,94.0,0.3,8.3,11.2,994.8,0.0,,0,0,161.71428571428572
2024-03-27 20:00:00,,8.1,5.0,15.5,12.0,0.0,7.4,45.4,989.0,6.1,5.5,96.0,0.2,4.3,11.5,994.9,0.0,,0,0,144.0
2024-03-27 21:00:00,,8.1,5.0,15.5,12.0,0.0,7.4,45.4,989.0,5.8,5.1,95.0,0.1,5.8,22.0,994.4,0.0,,0,0,106.14285714285714
2024-03-27 22:00:00,,8.1,5.0,15.5,12.0,0.0,7.4,45.4,989.0,5.2,4.3,94.0,0.0,4.3,29.5,994.4,0.0,,0,0,91.57142857142857
2024-03-27 23:00:00,,8.1,5.0,15.5,12.0,0.0,7.4,45.4,989.0,3.6,2.7,94.0,0.0,4.0,26.3,994.1,0.0,,0,0,75.14285714285714
2024-03-28 00:00:00,,5.1,1.4,9.0,1.7,0.0,11.7,51.5,996.9,2.9,1.9,93.0,0.0,5.8,34.6,993.5,0.0,,0,0,50.666666666666664
2024-03-28 01:00:00,,5.1,1.4,9.0,1.7,0.0,11.7,51.5,996.9,1.9,1.0,94.0,0.0,10.8,31.3,993.1,0.0,,0,0,27.714285714285715
2024-03-28 02:00:00,,5.1,1.4,9.0,1.7,0.0,11.7,51.5,996.9,2.1,0.9,92.0,0.0,11.9,22.3,992.6,0.0,,0,0,14.75
2024-03-28 03:00:00,,5.1,1.4,9.0,1.7,0.0,11.7,51.5,996.9,2.1,0.8,91.0,0.0,13.7,16.7,992.0,,,0,0,13.0
2024-03-28 04:00:00,,5.1,1.4,9.0,1.7,0.0,11.7,51.5,996.9,1.7,0.1,89.0,0.0,15.1,19.1,991.9,0.0,,0,0,12.142857142857142
2024-03-28 05:00:00,,5.1,1.4,9.0,1.7,0.0,11.7,51.5,996.9,1.4,-0.8,85.0,0.0,15.8,31.0,991.7,0.0,,0,0,12.0
2024-03-28 06:00:00,,5.1,1.4,9.0,1.7,0.0,11.7,51.5,996.9,2.5,-0.6,80.0,0.0,15.8,51.5,991.3,0.0,,0,0,14.714285714285714
2024-03-28 07:00:00,,5.1,1.4,9.0,1.7,0.0,11.7,51.5,996.9,4.6,0.2,73.0,0.0,15.5,51.1,991.4,0.0,,0,0,49.875
2024-03-28 08:00:00,,5.1,1.4,9.0,1.7,0.0,11.7,51.5,996.9,7.3,2.0,69.0,0.0,14.0,38.9,992.2,0.0,,0,0,115.14285714285714
2024-03-28 09:00:00,,5.1,1.4,9.0,1.7,0.0,11.7,51.5,996.9,8.5,3.5,71.0,0.0,19.1,38.5,996.6,0.0,,0,0,178.0
2024-03-28 10:00:00,,5.1,1.4,9.0,1.7,0.0,11.7,51.5,996.9,8.4,3.6,72.0,0.2,11.9,31.3,997.8,0.0,,0,0,226.42857142857142
2024-03-28 11:00:00,,5.1,1.4,9.0,1.7,0.0,11.7,51.5,996.9,7.5,4.6,82.0,0.4,9.7,19.4,998.2,0.0,,0,0,224.0
2024-03-28 12:00:00,,5.1,1.4,9.0,1.7,0.0,11.7,51.5,996.9,7.6,5.4,86.0,0.6,8.3,21.2,998.3,0.0,,0,0,212.25
2024-03-28 13:00:00,,5.1,1.4,9.0,1.7,0.0,11.7,51.5,996.9,9.0,5.2,77.0,0.0,8.6,18.7,998.1,0.0,,0,0,200.71428571428572
2024-03-28 14:00:00,,5.1,1.4,9.0,1.7,0.0,11.7,51.5,996.9,8.7,5.1,78.0,0.0,7.2,13.3,998.8,0.0,,0,0,213.0
2024-03-28 15:00:00,,5.1,1.4,9.0,1.7,0.0,11.7,51.5,996.9,8.3,5.6,83.0,0.5,11.2,19.1,999.6,0.0,,0,0,226.57142857142858
2024-03-28 16:00:00,,5.1,1.4,9.0,1.7,0.0,11.7,51.5,996.9,8.2,5.5,83.0,0.0,12.2,20.9,1000.0,28.0,,0,0,193.42857142857142
2024-03-28 17:00:00,,5.1,1.4,9.0,1.7,0.0,11.7,51.5,996.9,8.2,4.4,77.0,0.0,10.8,22.0,1001.2,60.0,,0,0,141.375
2024-03-28 18:00:00,,5.1,1.4,9.0,1.7,0.0,11.7,51.5,996.9,5.9,2.7,80.0,0.0,9.4,32.8,1001.1,25.0,,0,0,112.28571428571429
2024-03-28 19:00:00,,5.1,1.4,9.0,1.7,0.0,11.7,51.5,996.9,4.0,1.7,85.0,0.0,11.5,32.0,1002.4,0.0,,0,0,115.28571428571429
2024-03-28 20:00:00,,5.1,1.4,9.0,1.7,0.0,11.7,51.5,996.9,3.2,0.8,84.0,0.0,12.2,34.6,1003.2,0.0,,0,0,99.57142857142857
2024-03-28 21:00:00,,5.1,1.4,9.0,1.7,0.0,11.7,51.5,996.9,2.9,0.5,84.0,0.0,12.2,43.9,1003.2,0.0,,0,0,81.28571428571429
2024-03-28 22:00:00,,5.1,1.4,9.0,1.7,0.0,11.7,51.5,996.9,2.8,0.4,84.0,0.0,14.0,39.6,1002.9,0.0,,0,0,56.285714285714285
2024-03-28 23:00:00,,5.1,1.4,9.0,1.7,0.0,11.7,51.5,996.9,2.7,-0.1,82.0,0.0,14.4,43.9,1002.5,0.0,,0,0,35.857142857142854
2024-03-29 00:00:00,,12.2,2.6,20.5,0.0,0.0,17.6,70.9,999.7,2.6,-0.5,80.0,0.0,15.1,48.2,1001.6,0.0,,0,0,20.428571428571427
2024-03-29 01:00:00,,12.2,2.6,20.5,0.0,0.0,17.6,70.9,999.7,2.7,-1.1,76.0,0.0,15.8,46.4,1001.1,0.0,,0,0,18.0
2024-03-29 02:00:00,,12.2,2.6,20.5,0.0,0.0,17.6,70.9,999.7,3.5,-1.5,70.0,0.0,16.9,52.6,1000.7,0.0,,0,0,18.857142857142858
2024-03-29 03:00:00,,12.2,2.6,20.5,0.0,0.0,17.6,70.9,999.7,3.5,-2.1,67.0,0.0,16.6,27.8,1000.3,,,0,0,17.428571428571427
2024-03-29 04:00:00,,12.2,2.6,20.5,0.0,0.0,17.6,70.9,999.7,4.5,-1.9,63.0,0.0,16.9,49.3,999.8,0.0,,0,0,17.0
2024-03-29 05:00:00,,12.2,2.6,20.5,0.0,0.0,17.6,70.9,999.7,5.4,-2.0,59.0,0.0,17.6,47.2,1000.3,0.0,,0,0,17.285714285714285
2024-03-29 06:00:00,,12.2,2.6,20.5,0.0,0.0,17.6,70.9,999.7,6.6,-0.4,61.0,0.0,17.3,46.8,1001.3,0.0,,0,0,20.5
2024-03-29 07:00:00,,12.2,2.6,20.5,0.0,0.0,17.6,70.9,999.7,9.0,1.4,59.0,0.0,14.4,47.5,1001.4,20.0,,0,0,47.714285714285715
2024-03-29 08:00:00,,12.2,2.6,20.5,0.0,0.0,17.6,70.9,999.7,12.9,3.0,51.0,0.0,13.7,32.4,1000.6,59.0,,0,0,96.85714285714286
2024-03-29 09:00:00,,12.2,2.6,20.5,0.0,0.0,17.6,70.9,999.7,15.6,4.9,49.0,0.0,13.7,34.2,999.7,7.0,,0,0,167.85714285714286
2024-03-29 10:00:00,,12.2,2.6,20.5,0.0,0.0,17.6,70.9,999.7,17.8,5.7,45.0,0.0,14.4,41.0,999.4,12.0,,0,0,269.0
2024-03-29 11:00:00,,12.2,2.6,20.5,0.0,0.0,17.6,70.9,999.7,19.5,5.9,41.0,0.0,16.9,51.8,999.2,38.0,,0,0,302.5
2024-03-29 12:00:00,,12.2,2.6,20.5,0.0,0.0,17.6,70.9,999.7,20.2,6.5,41.0,0.0,16.6,54.7,999.2,55.0,,0,0,281.57142857142856
2024-03-29 13:00:00,,12.2,2.6,20.5,0.0,0.0,17.6,70.9,999.7,20.5,5.3,37.0,0.0,21.6,54.0,998.6,53.0,,0,0,282.7142857142857
2024-03-29 14:00:00,,12.2,2.6,20.5,0.0,0.0,17.6,70.9,999.7,20.1,4.2,35.0,0.0,22.3,53.6,998.4,14.0,,0,0,300.42857142857144
2024-03-29 15:00:00,,12.2,2.6,20.5,0.0,0.0,17.6,70.9,999.7,19.3,4.6,38.0,0.0,20.9,45.0,998.2,0.0,,0,0,320.85714285714283
2024-03-29 16:00:00,,12.2,2.6,20.5,0.0,0.0,17.6,70.9,999.7,18.3,4.1,39.0,0.0,24.8,41.0,997.6,7.0,,0,0,280.125
2024-03-29 17:00:00,,12.2,2.6,20.5,0.0,0.0,17.6,70.9,999.7,17.2,2.8,38.0,0.0,22.0,38.2,997.3,6.0,,0,0,189.57142857142858
2024-03-29 18:00:00,,12.2,2.6,20.5,0.0,0.0,17.6,70.9,999.7,15.3,1.4,39.0,0.0,18.4,36.4,998.8,0.0,,0,0,136.14285714285714
2024-03-29 19:00:00,,12.2,2.6,20.5,0.0,0.0,17.6,70.9,999.7,14.3,1.9,43.0,0.0,16.9,39.6,999.3,0.0,,0,0,122.28571428571429
2024-03-29 20:00:00,,12.2,2.6,20.5,0.0,0.0,17.6,70.9,999.7,14.4,1.3,41.0,0.0,17.6,51.8,999.1,0.0,,0,0,132.57142857142858
2024-03-29 21:00:00,,12.2,2.6,20.5,0.0,0.0,17.6,70.9,999.7,14.5,0.7,39.0,0.0,18.0,70.9,999.0,0.0,,0,0,137.375
2024-03-29 22:00:00,,12.2,2.6,20.5,0.0,0.0,17.6,70.9,999.7,13.1,0.8,43.0,0.0,18.7,49.0,999.0,0.0,,0,0,126.85714285714286
2024-03-29 23:00:00,,12.2,2.6,20.5,0.0,0.0,17.6,70.9,999.7,12.7,1.7,47.0,0.0,18.4,41.4,999.0,0.0,,0,0,102.0
2024-03-30 00:00:00,,13.9,4.6,21.3,0.0,0.0,10.8,42.1,998.1,14.4,1.0,40.0,0.0,14.0,32.4,999.4,0.0,,0,0,84.28571428571429
2024-03-30 01:00:00,,13.9,4.6,21.3,0.0,0.0,10.8,42.1,998.1,14.0,0.9,41.0,0.0,10.4,42.1,1000.0,0.0,,0,0,62.42857142857143
2024-03-30 02:00:00,,13.9,4.6,21.3,0.0,0.0,10.8,42.1,998.1,9.8,2.2,59.0,0.0,7.9,19.8,1000.2,0.0,,0,0,43.0
2024-03-30 03:00:00,,13.9,4.6,21.3,0.0,0.0,10.8,42.1,998.1,9.0,1.9,61.0,0.0,7.6,13.7,999.9,0.0,,0,0,30.285714285714285
2024-03-30 04:00:00,,13.9,4.6,21.3,0.0,0.0,10.8,42.1,998.1,5.6,1.9,77.0,0.0,9.7,14.8,1000.0,0.0,,0,0,27.428571428571427
2024-03-30 05:00:00,,13.9,4.6,21.3,0.0,0.0,10.8,42.1,998.1,4.6,0.9,77.0,0.0,11.2,13.0,999.2,0.0,,0,0,26.142857142857142
2024-03-30 06:00:00,,13.9,4.6,21.3,0.0,0.0,10.8,42.1,998.1,6.2,1.9,74.0,0.0,10.8,15.1,998.9,0.0,,0,0,26.0
2024-03-30 07:00:00,,13.9,4.6,21.3,0.0,0.0,10.8,42.1,998.1,10.4,4.3,66.0,0.0,9.4,27.7,999.2,0.0,,1,0,47.5
2024-03-30 08:00:00,,13.9,4.6,21.3,0.0,0.0,10.8,42.1,998.1,14.0,6.8,62.0,0.0,8.3,18.4,998.8,46.0,,1,0,175.42857142857142
2024-03-30 09:00:00,,13.9,4.6,21.3,0.0,0.0,10.8,42.1,998.1,18.5,5.7,43.0,0.0,15.8,10.4,997.8,6.0,,1,0,371.14285714285717
2024-03-30 10:00:00,,13.9,4.6,21.3,0.0,0.0,10.8,42.1,998.1,19.7,4.2,36.0,0.0,16.2,15.1,997.5,7.0,,1,0,412.14285714285717
2024-03-30 11:00:00,,13.9,4.6,21.3,0.0,0.0,10.8,42.1,998.1,20.5,3.7,33.0,0.0,15.5,19.4,996.7,0.0,,1,0,398.7142857142857
2024-03-30 12:00:00,,13.9,4.6,21.3,0.0,0.0,10.8,42.1,998.1,21.1,4.2,33.0,0.0,14.0,27.0,996.4,0.0,,1,0,344.875
2024-03-30 13:00:00,,13.9,4.6,21.3,0.0,0.0,10.8,42.1,998.1,21.3,4.8,34.0,0.0,12.2,25.2,996.2,0.0,,0,0,246.85714285714286
2024-03-30 14:00:00,,13.9,4.6,21.3,0.0,0.0,10.8,42.1,998.1,20.8,4.8,35.0,0.0,10.4,28.1,996.1,13.0,,0,0,210.28571428571428
2024-03-30 15:00:00,,13.9,4.6,21.3,0.0,0.0,10.8,42.1,998.1,20.5,4.9,36.0,0.0,8.6,25.2,995.6,0.0,,0,0,161.42857142857142
2024-03-30 16:00:00,,13.9,4.6,21.3,0.0,0.0,10.8,42.1,998.1,19.3,9.2,52.0,0.0,6.8,14.0,995.9,4.0,,0,0,112.71428571428571
2024-03-30 17:00:00,,13.9,4.6,21.3,0.0,0.0,10.8,42.1,998.1,17.5,7.2,51.0,0.0,7.6,22.3,996.6,0.0,,0,0,77.5
2024-03-30 18:00:00,,13.9,4.6,21.3,0.0,0.0,10.8,42.1,998.1,16.2,4.6,46.0,0.0,10.1,29.2,997.2,0.0,,0,0,73.57142857142857
2024-03-30 19:00:00,,13.9,4.6,21.3,0.0,0.0,10.8,42.1,998.1,11.8,4.5,61.0,0.0,7.6,20.5,997.8,0.0,,0,0,94.57142857142857
2024-03-30 20:00:00,,13.9,4.6,21.3,0.0,0.0,10.8,42.1,998.1,9.4,4.0,69.0,0.0,7.6,15.1,997.9,0.0,,0,0,105.42857142857143
2024-03-30 21:00:00,,13.9,4.6,21.3,0.0,0.0,10.8,42.1,998.1,8.5,3.7,72.0,0.0,8.6,16.6,998.1,0.0,,0,0,119.85714285714286
2024-03-30 22:00:00,,13.9,4.6,21.3,0.0,0.0,10.8,42.1,998.1,8.4,3.6,72.0,0.0,9.4,16.2,998.8,0.0,,0,0,127.125
2024-03-30 23:00:00,,13.9,4.6,21.3,0.0,0.0,10.8,42.1,998.1,8.6,4.6,76.0,0.2,8.6,12.2,999.9,0.0,,0,0,120.14285714285714
2024-03-31 00:00:00,,12.0,4.9,19.6,0.3,0.0,9.2,60.5,997.8,7.5,5.0,84.0,0.1,7.2,14.8,1000.4,0.0,,0,0,96.14285714285714
2024-03-31 01:00:00,,12.0,4.9,19.6,0.3,0.0,9.2,60.5,997.8,7.2,5.2,87.0,0.0,7.6,51.8,1000.6,0.0,,0,0,71.57142857142857
2024-03-31 03:00:00,,12.0,4.9,19.6,0.3,0.0,9.2,60.5,997.8,5.7,4.8,94.0,0.0,7.6,22.7,1000.2,0.0,,0,0,38.714285714285715
2024-03-31 04:00:00,,12.0,4.9,19.6,0.3,0.0,9.2,60.5,997.8,5.1,4.4,95.0,0.0,7.9,32.4,1000.2,0.0,,0,0,26.875
2024-03-31 05:00:00,,12.0,4.9,19.6,0.3,0.0,9.2,60.5,997.8,4.9,4.6,98.0,0.0,9.0,31.3,1000.3,0.0,,0,0,25.0
2024-03-31 06:00:00,,12.0,4.9,19.6,0.3,0.0,9.2,60.5,997.8,5.9,5.5,97.0,0.0,10.8,23.0,999.5,0.0,,0,0,24.142857142857142
2024-03-31 07:00:00,,12.0,4.9,19.6,0.3,0.0,9.2,60.5,997.8,8.6,7.2,91.0,0.0,9.7,16.6,998.4,27.0,,0,0,24.285714285714285
2024-03-31 08:00:00,,12.0,4.9,19.6,0.3,0.0,9.2,60.5,997.8,12.0,9.7,86.0,0.0,5.8,15.8,998.1,4.0,,0,0,25.571428571428573
2024-03-31 09:00:00,,12.0,4.9,19.6,0.3,0.0,9.2,60.5,997.8,13.6,10.0,79.0,0.0,4.0,16.2,997.7,17.0,,0,0,26.625
2024-03-31 10:00:00,,12.0,4.9,19.6,0.3,0.0,9.2,60.5,997.8,16.2,8.7,61.0,0.0,4.3,16.2,997.0,24.0,,0,0,32.0
2024-03-31 11:00:00,,12.0,4.9,19.6,0.3,0.0,9.2,60.5,997.8,17.9,7.9,52.0,0.0,8.3,32.8,996.6,41.0,,0,0,41.57142857142857
2024-03-31 12:00:00,,12.0,4.9,19.6,0.3,0.0,9.2,60.5,997.8,18.7,7.8,49.0,0.0,11.9,52.2,996.2,17.0,,0,0,29.5
2024-03-31 13:00:00,,12.0,4.9,19.6,0.3,0.0,9.2,60.5,997.8,19.6,4.9,38.0,0.0,17.6,60.5,996.1,37.0,,0,0,31.285714285714285
2024-03-31 14:00:00,,12.0,4.9,19.6,0.3,0.0,9.2,60.5,997.8,19.0,4.7,39.0,0.0,19.4,46.4,996.2,52.0,,0,0,28.857142857142858
2024-03-31 15:00:00,,12.0,4.9,19.6,0.3,0.0,9.2,60.5,997.8,18.1,4.6,41.0,0.0,16.9,55.4,995.7,50.0,,0,0,23.0
2024-03-31 16:00:00,,12.0,4.9,19.6,0.3,0.0,9.2,60.5,997.8,17.3,5.3,45.0,0.0,11.2,54.7,995.8,0.0,,0,0,25.285714285714285
2024-03-31 17:00:00,,12.0,4.9,19.6,0.3,0.0,9.2,60.5,997.8,15.3,6.3,55.0,0.0,7.9,39.2,995.9,0.0,,0,0,27.25
2024-03-31 18:00:00,,12.0,4.9,19.6,0.3,0.0,9.2,60.5,997.8,13.9,4.7,54.0,0.0,8.6,33.1,995.4,0.0,,0,0,30.857142857142858
2024-03-31 19:00:00,,12.0,4.9,19.6,0.3,0.0,9.2,60.5,997.8,12.5,5.4,62.0,0.0,5.0,23.0,996.8,0.0,,0,0,43.42857142857143
2024-03-31 20:00:00,,12.0,4.9,19.6,0.3,0.0,9.2,60.5,997.8,10.7,2.8,58.0,0.0,6.1,33.5,997.1,0.0,,0,0,54.0
2024-03-31 21:00:00,,12.0,4.9,19.6,0.3,0.0,9.2,60.5,997.8,10.3,2.4,58.0,0.0,6.8,11.2,996.2,0.0,,0,0,68.71428571428571
2024-03-31 22:00:00,,12.0,4.9,19.6,0.3,0.0,9.2,60.5,997.8,8.9,2.9,66.0,0.0,10.1,17.3,995.9,0.0,,0,0,72.625
2024-03-31 23:00:00,,12.0,4.9,19.6,0.3,0.0,9.2,60.5,997.8,8.0,3.6,74.0,0.0,7.6,23.0,995.2,0.0,,0,0,63.142857142857146
2024-04-01 00:00:00,holiday,8.2,7.0,9.6,12.6,0.0,8.9,40.0,1001.4,7.2,4.3,82.0,0.2,6.8,13.0,994.3,0.0,,0,0,48.57142857142857
2024-04-01 01:00:00,holiday,8.2,7.0,9.6,12.6,0.0,8.9,40.0,1001.4,7.6,5.9,89.0,0.3,4.7,11.5,993.8,0.0,,0,0,34.42857142857143
2024-04-01 02:00:00,holiday,8.2,7.0,9.6,12.6,0.0,8.9,40.0,1001.4,7.8,6.4,91.0,0.2,7.2,13.3,993.7,0.0,,0,0,25.857142857142858
2024-04-01 03:00:00,holiday,8.2,7.0,9.6,12.6,0.0,8.9,40.0,1001.4,7.1,6.0,93.0,0.2,7.6,22.2,992.7,,,0,0,20.5
2024-04-01 04:00:00,holiday,8.2,7.0,9.6,12.6,0.0,8.9,40.0,1001.4,7.9,6.5,91.0,0.2,6.8,39.6,992.2,0.0,,0,0,19.571428571428573
2024-04-01 05:00:00,holiday,8.2,7.0,9.6,12.6,0.0,8.9,40.0,1001.4,7.9,6.4,90.0,0.8,7.6,37.4,993.9,0.0,,0,0,19.0
2024-04-01 06:00:00,holiday,8.2,7.0,9.6,12.6,0.0,8.9,40.0,1001.4,8.6,6.9,89.0,1.1,22.7,39.6,997.4,0.0,,0,0,19.0
2024-04-01 07:00:00,holiday,8.2,7.0,9.6,12.6,0.0,8.9,40.0,1001.4,8.8,7.1,89.0,2.2,11.2,40.0,999.6,0.0,,0,0,19.428571428571427
2024-04-01 08:00:00,holiday,8.2,7.0,9.6,12.6,0.0,8.9,40.0,1001.4,9.3,7.6,89.0,0.8,4.3,26.3,1000.7,0.0,,0,0,21.0
2024-04-01 09:00:00,holiday,8.2,7.0,9.6,12.6,0.0,8.9,40.0,1001.4,9.0,6.6,85.0,1.1,13.0,23.8,1002.6,0.0,,0,0,25.285714285714285
2024-04-01 10:00:00,holiday,8.2,7.0,9.6,12.6,0.0,8.9,40.0,1001.4,8.0,5.6,85.0,2.1,13.0,15.8,1004.5,0.0,,0,0,29.142857142857142
2024-04-01 11:00:00,holiday,8.2,7.0,9.6,12.6,0.0,8.9,40.0,1001.4,8.4,5.5,82.0,1.6,12.6,28.1,1005.4,0.0,,0,0,32.333333333333336
2024-04-01 12:00:00,holiday,8.2,7.0,9.6,12.6,0.0,8.9,40.0,1001.4,8.4,5.7,83.0,0.6,13.0,21.6,1006.5,0.0,,0,0,39.714285714285715
2024-04-01 13:00:00,holiday,8.2,7.0,9.6,12.6,0.0,8.9,40.0,1001.4,8.5,4.9,78.0,0.5,12.2,24.5,1006.8,0.0,,0,0,45.285714285714285
2024-04-01 14:00:00,holiday,8.2,7.0,9.6,12.6,0.0,8.9,40.0,1001.4,8.9,5.3,78.0,0.3,9.7,24.1,1006.6,0.0,,0,0,50.42857142857143
2024-04-01 15:00:00,holiday,8.2,7.0,9.6,12.6,0.0,8.9,40.0,1001.4,9.4,5.4,76.0,0.1,9.0,23.8,1006.4,0.0,,0,0,46.5
2024-04-01 16:00:00,holiday,8.2,7.0,9.6,12.6,0.0,8.9,40.0,1001.4,9.6,5.6,76.0,0.0,7.6,30.2,1006.0,0.0,,0,0,39.142857142857146
2024-04-01 17:00:00,holiday,8.2,7.0,9.6,12.6,0.0,8.9,40.0,1001.4,8.6,6.2,85.0,0.0,8.6,35.3,1007.2,0.0,,0,0,33.714285714285715
2024-04-01 18:00:00,holiday,8.2,7.0,9.6,12.6,0.0,8.9,40.0,1001.4,7.5,4.6,82.0,0.0,7.2,27.0,1007.3,5.0,,0,0,29.0
2024-04-01 19:00:00,holiday,8.2,7.0,9.6,12.6,0.0,8.9,40.0,1001.4,7.1,4.6,84.0,0.3,3.6,36.0,1008.1,0.0,,0,0,32.57142857142857
2024-04-01 20:00:00,holiday,8.2,7.0,9.6,12.6,0.0,8.9,40.0,1001.4,7.0,4.7,85.0,0.0,3.6,31.3,1008.4,0.0,,0,0,34.5
2024-04-01 21:00:00,holiday,8.2,7.0,9.6,12.6,0.0,8.9,40.0,1001.4,7.0,4.8,86.0,0.0,3.6,30.2,1009.2,0.0,,0,0,30.714285714285715
2024-04-01 22:00:00,holiday,8.2,7.0,9.6,12.6,0.0,8.9,40.0,1001.4,6.7,5.3,91.0,0.1,3.6,22.7,1009.7,0.0,,0,0,25.285714285714285
2024-04-01 23:00:00,holiday,8.2,7.0,9.6,12.6,0.0,8.9,40.0,1001.4,6.5,5.0,90.0,0.1,3.6,24.1,1010.1,0.0,,0,0,21.0
2024-04-02 00:00:00,,8.3,3.3,12.5,4.1,0.0,9.6,33.5,1014.3,6.9,4.7,86.0,0.5,3.6,25.9,1010.7,0.0,,0,0,19.0
2024-04-02 01:00:00,,8.3,3.3,12.5,4.1,0.0,9.6,33.5,1014.3,7.4,5.0,85.0,0.2,7.2,32.8,1011.0,0.0,,0,0,19.0
2024-04-02 02:00:00,,8.3,3.3,12.5,4.1,0.0,9.6,33.5,1014.3,6.9,4.7,86.0,0.1,3.6,19.4,1012.0,0.0,,0,0,19.0
2024-04-02 03:00:00,,8.3,3.3,12.5,4.1,0.0,9.6,33.5,1014.3,7.7,4.3,79.0,1.3,3.6,25.2,1012.5,0.0,,0,0,18.142857142857142
2024-04-02 04:00:00,,8.3,3.3,12.5,4.1,0.0,9.6,33.5,1014.3,6.9,4.6,85.0,0.0,3.6,14.0,1013.0,0.0,,0,0,18.571428571428573
2024-04-02 05:00:00,,8.3,3.3,12.5,4.1,0.0,9.6,33.5,1014.3,4.1,2.8,91.0,0.0,8.3,21.2,1014.4,0.0,,0,0,20.0
2024-04-02 06:00:00,,8.3,3.3,12.5,4.1,0.0,9.6,33.5,1014.3,4.7,2.9,88.0,0.0,8.6,18.7,1015.2,0.0,,0,0,25.25
2024-04-02 07:00:00,,8.3,3.3,12.5,4.1,0.0,9.6,33.5,1014.3,6.2,4.2,87.0,0.0,7.9,15.8,1016.0,0.0,,0,0,75.71428571428571
2024-04-02 08:00:00,,8.3,3.3,12.5,4.1,0.0,9.6,33.5,1014.3,8.8,4.4,74.0,0.0,10.1,14.4,1016.3,0.0,,0,0,151.85714285714286
2024-04-02 09:00:00,,8.3,3.3,12.5,4.1,0.0,9.6,33.5,1014.3,10.3,4.4,67.0,0.0,14.8,19.1,1016.5,29.0,,0,0,209.14285714285714
2024-04-02 10:00:00,,8.3,3.3,12.5,4.1,0.0,9.6,33.5,1014.3,11.8,3.3,56.0,0.0,16.2,17.3,1015.9,10.0,,0,0,232.0
2024-04-02 11:00:00,,8.3,3.3,12.5,4.1,0.0,9.6,33.5,1014.3,12.1,3.3,55.0,0.1,18.4,14.4,1015.4,20.0,,0,0,235.5
2024-04-02 12:00:00,,8.3,3.3,12.5,4.1,0.0,9.6,33.5,1014.3,11.3,3.1,57.0,0.1,18.0,33.5,1015.7,14.0,,0,0,214.71428571428572
2024-04-02 13:00:00,,8.3,3.3,12.5,4.1,0.0,9.6,33.5,1014.3,10.6,4.9,68.0,1.0,17.6,25.9,1016.4,25.0,,0,0,209.42857142857142
2024-04-02 14:00:00,,8.3,3.3,12.5,4.1,0.0,9.6,33.5,1014.3,10.9,5.0,67.0,0.2,11.9,23.8,1016.1,29.0,,0,0,240.14285714285714
2024-04-02 15:00:00,,8.3,3.3,12.5,4.1,0.0,9.6,33.5,1014.3,12.1,4.8,61.0,0.4,13.7,15.8,1015.3,32.0,,0,0,232.14285714285714
2024-04-02 16:00:00,,8.3,3.3,12.5,4.1,0.0,9.6,33.5,1014.3,12.5,4.2,57.0,0.0,11.9,16.6,1014.8,17.0,,0,0,194.625
2024-04-02 17:00:00,,8.3,3.3,12.5,4.1,0.0,9.6,33.5,1014.3,11.2,5.9,70.0,0.0,8.6,13.7,1014.5,39.0,,0,0,137.57142857142858
2024-04-02 18:00:00,,8.3,3.3,12.5,4.1,0.0,9.6,33.5,1014.3,9.4,1.8,59.0,0.0,9.0,14.8,1015.0,42.0,,0,0,99.71428571428571
2024-04-02 19:00:00,,8.3,3.3,12.5,4.1,0.0,9.6,33.5,1014.3,6.8,1.9,71.0,0.0,8.3,9.4,1015.9,0.0,,0,0,77.71428571428571
2024-04-02 20:00:00,,8.3,3.3,12.5,4.1,0.0,9.6,33.5,1014.3,4.9,2.3,83.0,0.0,9.0,12.6,1015.7,0.0,,0,0,67.42857142857143
2024-04-02 21:00:00,,8.3,3.3,12.5,4.1,0.0,9.6,33.5,1014.3,3.3,1.8,90.0,0.0,9.4,22.7,1015.5,0.0,,0,0,45.375
2024-04-02 22:00:00,,8.3,3.3,12.5,4.1,0.0,9.6,33.5,1014.3,5.4,3.1,85.0,0.0,0.0,20.9,1015.6,0.0,,0,0,26.571428571428573
2024-04-02 23:00:00,,8.3,3.3,12.5,4.1,0.0,9.6,33.5,1014.3,4.6,3.3,91.0,0.0,0.0,13.0,1015.6,0.0,,0,0,17.142857142857142
2024-04-03 00:00:00,,8.0,2.8,12.4,1.8,0.0,3.9,23.0,1013.5,4.1,2.9,92.0,0.0,0.0,18.4,1015.1,0.0,,0,0,16.0
2024-04-03 01:00:00,,8.0,2.8,12.4,1.8,0.0,3.9,23.0,1013.5,3.5,2.3,92.0,0.0,0.0,13.3,1014.3,0.0,,0,0,16.0
2024-04-03 02:00:00,,8.0,2.8,12.4,1.8,0.0,3.9,23.0,1013.5,3.6,2.6,93.0,0.0,3.6,10.1,1013.4,0.0,,0,0,16.0
2024-04-03 03:00:00,,8.0,2.8,12.4,1.8,0.0,3.9,23.0,1013.5,2.8,2.1,95.0,0.0,3.6,9.0,1013.0,0.0,,0,0,16.0
2024-04-03 04:00:00,,8.0,2.8,12.4,1.8,0.0,3.9,23.0,1013.5,3.6,2.1,90.0,0.0,3.6,13.0,1012.7,0.0,,0,0,16.0
2024-04-03 05:00:00,,8.0,2.8,12.4,1.8,0.0,3.9,23.0,1013.5,4.1,2.4,89.0,0.0,0.0,13.7,1012.2,0.0,,0,0,15.0
2024-04-03 06:00:00,,8.0,2.8,12.4,1.8,0.0,3.9,23.0,1013.5,5.1,3.0,86.0,0.0,3.6,18.7,1012.5,0.0,,0,0,17.571428571428573
2024-04-03 07:00:00,,8.0,2.8,12.4,1.8,0.0,3.9,23.0,1013.5,6.1,3.4,83.0,0.0,3.6,14.4,1012.9,0.0,,1,0,68.125
2024-04-03 08:00:00,,8.0,2.8,12.4,1.8,0.0,3.9,23.0,1013.5,7.1,4.6,84.0,0.0,7.2,14.0,1012.7,0.0,,1,0,166.71428571428572
2024-04-03 09:00:00,,8.0,2.8,12.4,1.8,0.0,3.9,23.0,1013.5,9.0,4.8,75.0,0.0,3.6,22.0,1011.7,10.0,,1,0,264.57142857142856
2024-04-03 10:00:00,,8.0,2.8,12.4,1.8,0.0,3.9,23.0,1013.5,12.0,3.7,57.0,0.0,3.6,11.2,1011.0,25.0,,1,0,298.57142857142856
2024-04-03 11:00:00,,8.0,2.8,12.4,1.8,0.0,3.9,23.0,1013.5,12.4,3.9,56.0,0.0,10.8,14.4,1011.3,2.0,,1,0,292.14285714285717
2024-04-03 12:00:00,,8.0,2.8,12.4,1.8,0.0,3.9,23.0,1013.5,11.7,4.9,63.0,0.0,7.2,14.4,1011.9,0.0,,1,0,242.875
2024-04-03 13:00:00,,8.0,2.8,12.4,1.8,0.0,3.9,23.0,1013.5,10.3,5.7,73.0,0.0,7.2,15.1,1012.6,0.0,,0,0,220.57142857142858
2024-04-03 14:00:00,,8.0,2.8,12.4,1.8,0.0,3.9,23.0,1013.5,10.9,5.8,71.0,0.0,7.2,11.2,1012.4,0.0,,0,0,252.71428571428572
2024-04-03 15:00:00,,8.0,2.8,12.4,1.8,0.0,3.9,23.0,1013.5,10.5,7.2,80.0,0.3,3.6,12.6,1013.0,0.0,,0,0,248.71428571428572
2024-04-03 16:00:00,,8.0,2.8,12.4,1.8,0.0,3.9,23.0,1013.5,11.2,6.7,74.0,0.2,7.2,20.9,1014.0,0.0,,0,0,207.71428571428572
2024-04-03 17:00:00,,8.0,2.8,12.4,1.8,0.0,3.9,23.0,1013.5,11.2,7.1,76.0,0.1,7.2,19.1,1014.2,0.0,,0,0,146.375
2024-04-03 18:00:00,,8.0,2.8,12.4,1.8,0.0,3.9,23.0,1013.5,11.6,6.1,69.0,0.0,3.6,19.1,1013.9,2.0,,0,0,122.14285714285714
2024-04-03 19:00:00,,8.0,2.8,12.4,1.8,0.0,3.9,23.0,1013.5,11.2,6.3,72.0,0.0,3.6,11.2,1015.0,0.0,,0,0,126.71428571428571
2024-04-03 20:00:00,,8.0,2.8,12.4,1.8,0.0,3.9,23.0,1013.5,10.2,7.1,81.0,0.4,0.0,21.6,1015.9,0.0,,0,0,126.28571428571429
2024-04-03 21:00:00,,8.0,2.8,12.4,1.8,0.0,3.9,23.0,1013.5,10.1,7.7,85.0,0.8,3.6,23.0,1016.5,0.0,,0,0,103.0
2024-04-03 22:00:00,,8.0,2.8,12.4,1.8,0.0,3.9,23.0,1013.5,9.5,8.3,92.0,0.1,0.0,26.3,1016.6,0.0,,0,0,63.75
2024-04-03 23:00:00,,8.0,2.8,12.4,1.8,0.0,3.9,23.0,1013.5,10.1,7.0,81.0,2.4,3.6,22.7,1016.9,0.0,,0,0,37.57142857142857
2024-04-04 00:00:00,,12.5,9.4,17.6,6.8,0.0,5.1,41.8,1016.4,10.6,6.7,77.0,0.2,7.2,22.7,1016.7,0.0,,0,0,27.428571428571427
2024-04-04 01:00:00,,12.5,9.4,17.6,6.8,0.0,5.1,41.8,1016.4,9.9,6.8,81.0,1.2,3.6,22.3,1017.0,0.0,,0,0,21.142857142857142
2024-04-04 02:00:00,,12.5,9.4,17.6,6.8,0.0,5.1,41.8,1016.4,10.4,7.1,80.0,0.8,7.2,29.5,1017.2,0.0,,0,0,18.714285714285715
2024-04-04 03:00:00,,12.5,9.4,17.6,6.8,0.0,5.1,41.8,1016.4,10.7,6.6,76.0,0.5,7.2,24.5,1017.0,0.0,,0,0,18.0
2024-04-04 04:00:00,,12.5,9.4,17.6,6.8,0.0,5.1,41.8,1016.4,10.2,6.5,78.0,0.0,7.2,27.0,1017.0,0.0,,0,0,18.428571428571427
2024-04-04 05:00:00,,12.5,9.4,17.6,6.8,0.0,5.1,41.8,1016.4,9.4,6.5,82.0,0.0,7.2,30.2,1017.0,0.0,,0,0,19.285714285714285
2024-04-04 06:00:00,,12.5,9.4,17.6,6.8,0.0,5.1,41.8,1016.4,9.9,6.4,79.0,0.0,3.6,34.6,1017.1,0.0,,0,0,21.857142857142858
2024-04-04 07:00:00,,12.5,9.4,17.6,6.8,0.0,5.1,41.8,1016.4,11.0,7.1,77.0,0.0,7.2,41.8,1016.9,30.0,,0,0,71.14285714285714
2024-04-04 08:00:00,,12.5,9.4,17.6,6.8,0.0,5.1,41.8,1016.4,12.4,6.7,68.0,0.0,7.2,28.1,1016.6,16.0,,0,0,155.0
2024-04-04 09:00:00,,12.5,9.4,17.6,6.8,0.0,5.1,41.8,1016.4,13.6,7.6,67.0,0.0,7.2,27.4,1015.9,35.0,,0,0,254.0
2024-04-04 10:00:00,,12.5,9.4,17.6,6.8,0.0,5.1,41.8,1016.4,13.5,7.3,66.0,0.0,3.6,24.8,1015.7,2.0,,0,0,299.2857142857143
2024-04-04 11:00:00,,12.5,9.4,17.6,6.8,0.0,5.1,41.8,1016.4,14.2,6.8,61.0,0.0,7.2,20.9,1015.6,6.0,,0,0,268.85714285714283
2024-04-04 12:00:00,,12.5,9.4,17.6,6.8,0.0,5.1,41.8,1016.4,15.8,6.2,53.0,0.0,3.6,15.5,1015.3,11.0,,0,0,244.8
2024-04-04 13:00:00,,12.5,9.4,17.6,6.8,0.0,5.1,41.8,1016.4,16.7,6.8,52.0,0.0,3.6,11.2,1015.2,0.0,,0,0,258.625
2024-04-04 14:00:00,,12.5,9.4,17.6,6.8,0.0,5.1,41.8,1016.4,17.6,5.5,45.0,0.0,3.6,28.1,1014.8,0.0,,0,0,286.7142857142857
2024-04-04 15:00:00,,12.5,9.4,17.6,6.8,0.0,5.1,41.8,1016.4,16.2,6.9,54.0,0.3,7.2,16.9,1015.3,8.0,,0,0,286.57142857142856
2024-04-04 16:00:00,,12.5,9.4,17.6,6.8,0.0,5.1,41.8,1016.4,14.1,8.5,69.0,0.0,7.2,18.7,1016.1,0.0,,0,0,253.85714285714286
2024-04-04 17:00:00,,12.5,9.4,17.6,6.8,0.0,5.1,41.8,1016.4,14.0,9.2,73.0,0.6,7.2,9.4,1016.4,0.0,,0,0,190.42857142857142
2024-04-04 18:00:00,,12.5,9.4,17.6,6.8,0.0,5.1,41.8,1016.4,13.3,9.9,80.0,0.0,0.0,24.1,1015.9,0.0,,0,0,121.28571428571429
2024-04-04 19:00:00,,12.5,9.4,17.6,6.8,0.0,5.1,41.8,1016.4,12.9,9.3,79.0,0.0,7.2,24.8,1016.4,0.0,,0,0,128.125
2024-04-04 20:00:00,,12.5,9.4,17.6,6.8,0.0,5.1,41.8,1016.4,11.9,9.3,84.0,0.0,0.0,23.0,1017.5,0.0,,0,0,122.16666666666667
2024-04-04 21:00:00,,12.5,9.4,17.6,6.8,0.0,5.1,41.8,1016.4,10.9,8.6,86.0,0.7,3.6,25.9,1018.0,0.0,,0,0,104.25
2024-04-04 22:00:00,,12.5,9.4,17.6,6.8,0.0,5.1,41.8,1016.4,11.5,8.5,82.0,0.0,7.2,19.4,1018.5,0.0,,0,0,65.85714285714286
2024-04-04 23:00:00,,12.5,9.4,17.6,6.8,0.0,5.1,41.8,1016.4,11.0,8.7,86.0,0.1,0.0,11.5,1018.5,0.0,,0,0,39.42857142857143
2024-04-05 00:00:00,,15.9,8.6,24.0,0.1,0.0,4.2,36.4,1016.7,11.3,8.5,83.0,0.0,3.6,22.3,1018.3,0.0,,0,0,31.0
2024-04-05 01:00:00,,15.9,8.6,24.0,0.1,0.0,4.2,36.4,1016.7,11.6,9.2,85.0,0.0,3.6,24.1,1018.2,0.0,,0,0,24.714285714285715
2024-04-05 02:00:00,,15.9,8.6,24.0,0.1,0.0,4.2,36.4,1016.7,11.2,8.8,85.0,0.0,0.0,24.5,1018.0,0.0,,0,0,23.0
2024-04-05 03:00:00,,15.9,8.6,24.0,0.1,0.0,4.2,36.4,1016.7,10.4,8.2,86.0,0.0,0.0,24.8,1018.1,0.0,,0,0,23.0
2024-04-05 04:00:00,,15.9,8.6,24.0,0.1,0.0,4.2,36.4,1016.7,9.1,7.4,89.0,0.0,3.6,30.6,1018.3,0.0,,0,0,23.571428571428573
2024-04-05 05:00:00,,15.9,8.6,24.0,0.1,0.0,4.2,36.4,1016.7,8.6,7.4,92.0,0.0,0.0,29.5,1018.4,0.0,,0,0,23.857142857142858
2024-04-05 06:00:00,,15.9,8.6,24.0,0.1,0.0,4.2,36.4,1016.7,8.8,7.4,91.0,0.0,3.6,36.4,1018.2,0.0,,0,0,25.428571428571427
2024-04-05 07:00:00,,15.9,8.6,24.0,0.1,0.0,4.2,36.4,1016.7,12.3,8.2,76.0,0.0,0.0,33.8,1017.6,38.0,,0,0,65.75
2024-04-05 08:00:00,,15.9,8.6,24.0,0.1,0.0,4.2,36.4,1016.7,16.0,7.2,56.0,0.0,0.0,26.6,1016.6,60.0,,0,0,139.85714285714286
2024-04-05 09:00:00,,15.9,8.6,24.0,0.1,0.0,4.2,36.4,1016.7,18.1,5.0,42.0,0.0,7.2,35.3,1016.1,60.0,,0,0,211.42857142857142
2024-04-05 10:00:00,,15.9,8.6,24.0,0.1,0.0,4.2,36.4,1016.7,20.0,5.2,38.0,0.0,7.2,32.4,1015.6,60.0,,0,0,243.14285714285714
2024-04-05 11:00:00,,15.9,8.6,24.0,0.1,0.0,4.2,36.4,1016.7,21.8,5.7,35.0,0.0,10.8,27.4,1014.9,60.0,,0,0,220.85714285714286
2024-04-05 12:00:00,,15.9,8.6,24.0,0.1,0.0,4.2,36.4,1016.7,24.0,3.8,27.0,0.0,7.2,22.3,1013.9,60.0,,0,0,177.5
2024-04-05 13:00:00,,15.9,8.6,24.0,0.1,0.0,4.2,36.4,1016.7,18.8,8.4,51.0,0.0,14.4,16.6,1015.0,59.0,,0,0,186.28571428571428
2024-04-05 14:00:00,,15.9,8.6,24.0,0.1,0.0,4.2,36.4,1016.7,21.8,9.0,44.0,0.0,7.2,14.8,1014.9,59.0,,0,0,215.85714285714286
2024-04-05 15:00:00,,15.9,8.6,24.0,0.1,0.0,4.2,36.4,1016.7,22.4,8.5,41.0,0.0,7.2,18.7,1014.1,53.0,,0,0,207.85714285714286
2024-04-05 16:00:00,,15.9,8.6,24.0,0.1,0.0,4.2,36.4,1016.7,21.9,8.1,41.0,0.0,3.6,20.9,1014.5,13.0,,0,0,197.42857142857142
2024-04-05 17:00:00,,15.9,8.6,24.0,0.1,0.0,4.2,36.4,1016.7,20.8,8.1,44.0,0.0,3.6,11.5,1015.1,0.0,,0,0,175.375
2024-04-05 18:00:00,,15.9,8.6,24.0,0.1,0.0,4.2,36.4,1016.7,19.1,9.8,55.0,0.0,0.0,10.4,1015.8,0.0,,0,0,137.0
2024-04-05 19:00:00,,15.9,8.6,24.0,0.1,0.0,4.2,36.4,1016.7,16.8,9.2,61.0,0.0,3.6,12.2,1016.9,0.0,,0,0,139.28571428571428
2024-04-05 20:00:00,,15.9,8.6,24.0,0.1,0.0,4.2,36.4,1016.7,17.4,8.0,54.0,0.0,3.6,15.8,1017.0,0.0,,0,0,137.71428571428572
2024-04-05 21:00:00,,15.9,8.6,24.0,0.1,0.0,4.2,36.4,1016.7,15.8,8.5,62.0,0.0,3.6,21.2,1017.3,0.0,,0,0,133.28571428571428
2024-04-05 22:00:00,,15.9,8.6,24.0,0.1,0.0,4.2,36.4,1016.7,14.2,9.8,75.0,0.0,3.6,20.5,1017.4,0.0,,0,0,124.0
2024-04-05 23:00:00,,15.9,8.6,24.0,0.1,0.0,4.2,36.4,1016.7,13.9,9.3,74.0,0.0,0.0,19.4,1017.7,0.0,,0,0,99.71428571428571
2024-04-06 00:00:00,,16.3,7.8,26.4,0.0,0.0,3.4,31.7,1017.5,11.9,8.9,82.0,0.0,0.0,28.1,1018.2,0.0,,0,0,79.57142857142857
2024-04-06 01:00:00,,16.3,7.8,26.4,0.0,0.0,3.4,31.7,1017.5,11.4,8.8,84.0,0.0,3.6,29.5,1018.3,0.0,,0,0,61.714285714285715
2024-04-06 02:00:00,,16.3,7.8,26.4,0.0,0.0,3.4,31.7,1017.5,7.8,1.4,64.0,0.0,12.2,13.3,1018.7,0.0,,0,0,38.714285714285715
2024-04-06 03:00:00,,16.3,7.8,26.4,0.0,0.0,3.4,31.7,1017.5,9.6,7.4,86.0,0.0,0.0,19.8,1019.4,0.0,,0,0,26.0
2024-04-06 04:00:00,,16.3,7.8,26.4,0.0,0.0,3.4,31.7,1017.5,9.3,6.6,83.0,0.0,3.6,13.3,1019.5,0.0,,0,0,23.0
2024-04-06 05:00:00,,16.3,7.8,26.4,0.0,0.0,3.4,31.7,1017.5,8.6,6.4,86.0,0.0,3.6,31.7,1019.8,0.0,,0,0,22.714285714285715
2024-04-06 06:00:00,,16.3,7.8,26.4,0.0,0.0,3.4,31.7,1017.5,10.3,7.4,82.0,0.0,0.0,19.8,1019.9,0.0,,0,0,22.0
2024-04-06 07:00:00,,16.3,7.8,26.4,0.0,0.0,3.4,31.7,1017.5,14.1,6.0,58.0,0.0,7.2,7.2,1019.6,46.0,,1,0,28.571428571428573
2024-04-06 08:00:00,,16.3,7.8,26.4,0.0,0.0,3.4,31.7,1017.5,16.3,4.0,44.0,0.0,3.6,10.1,1019.0,60.0,,1,0,89.75
2024-04-06 09:00:00,,16.3,7.8,26.4,0.0,0.0,3.4,31.7,1017.5,19.0,5.1,40.0,0.0,0.0,22.7,1018.5,60.0,,1,0,258.57142857142856
2024-04-06 10:00:00,,16.3,7.8,26.4,0.0,0.0,3.4,31.7,1017.5,20.8,9.4,48.0,0.0,4.7,16.9,1019.2,59.0,,1,0,386.2857142857143
2024-04-06 11:00:00,,16.3,7.8,26.4,0.0,0.0,3.4,31.7,1017.5,21.7,6.0,36.0,0.0,3.6,11.5,1017.2,60.0,,1,0,391.14285714285717
2024-04-06 12:00:00,,16.3,7.8,26.4,0.0,0.0,3.4,31.7,1017.5,21.1,9.0,46.0,0.0,7.2,11.5,1016.9,60.0,,1,0,313.14285714285717
2024-04-06 13:00:00,,16.3,7.8,26.4,0.0,0.0,3.4,31.7,1017.5,20.9,9.5,48.0,0.0,7.2,11.5,1017.3,50.0,,0,0,248.5
2024-04-06 14:00:00,,16.3,7.8,26.4,0.0,0.0,3.4,31.7,1017.5,23.6,11.6,47.0,0.0,3.6,11.5,1015.8,60.0,,0,0,186.42857142857142
2024-04-06 15:00:00,,16.3,7.8,26.4,0.0,0.0,3.4,31.7,1017.5,24.4,9.2,38.0,0.0,3.6,8.6,1014.9,60.0,,0,0,156.14285714285714
2024-04-06 16:00:00,,16.3,7.8,26.4,0.0,0.0,3.4,31.7,1017.5,26.4,10.5,37.0,0.0,3.6,7.9,1014.1,60.0,,0,0,109.0
2024-04-06 17:00:00,,16.3,7.8,26.4,0.0,0.0,3.4,31.7,1017.5,24.2,10.5,42.0,0.0,3.6,9.0,1014.1,60.0,,0,0,64.42857142857143
2024-04-06 18:00:00,,16.3,7.8,26.4,0.0,0.0,3.4,31.7,1017.5,18.7,10.8,60.0,0.0,0.0,7.6,1015.0,2.0,,0,0,67.0
2024-04-06 19:00:00,,16.3,7.8,26.4,0.0,0.0,3.4,31.7,1017.5,16.1,10.8,71.0,0.0,3.6,6.1,1016.2,0.0,,0,0,93.28571428571429
2024-04-06 20:00:00,,16.3,7.8,26.4,0.0,0.0,3.4,31.7,1017.5,14.1,9.9,76.0,0.0,3.6,19.8,1016.8,0.0,,0,0,104.14285714285714
2024-04-06 21:00:00,,16.3,7.8,26.4,0.0,0.0,3.4,31.7,1017.5,13.1,9.4,78.0,0.0,0.0,29.9,1017.6,0.0,,0,0,124.42857142857143
2024-04-06 22:00:00,,16.3,7.8,26.4,0.0,0.0,3.4,31.7,1017.5,12.8,8.3,74.0,0.0,0.0,16.6,1018.0,0.0,,0,0,117.28571428571429
2024-04-06 23:00:00,,16.3,7.8,26.4,0.0,0.0,3.4,31.7,1017.5,11.9,8.0,77.0,0.0,0.0,14.4,1018.1,0.0,,0,0,96.625
2024-04-07 00:00:00,,17.1,10.2,23.5,0.0,0.0,3.5,52.6,1017.2,10.5,8.1,85.0,0.0,0.0,12.6,1019.0,0.0,,0,0,63.285714285714285
2024-04-07 01:00:00,,17.1,10.2,23.5,0.0,0.0,3.5,52.6,1017.2,10.3,7.2,81.0,0.0,3.6,28.4,1018.6,0.0,,0,0,41.285714285714285
2024-04-07 02:00:00,,17.1,10.2,23.5,0.0,0.0,3.5,52.6,1017.2,11.2,6.5,73.0,0.0,3.6,51.1,1018.0,0.0,,0,0,29.857142857142858
2024-04-07 03:00:00,,17.1,10.2,23.5,0.0,0.0,3.5,52.6,1017.2,11.6,5.5,66.0,0.0,3.6,52.6,1017.9,0.0,,0,0,21.285714285714285
2024-04-07 04:00:00,,17.1,10.2,23.5,0.0,0.0,3.5,52.6,1017.2,10.2,6.3,77.0,0.0,0.0,44.3,1018.0,0.0,,0,0,20.5
2024-04-07 05:00:00,,17.1,10.2,23.5,0.0,0.0,3.5,52.6,1017.2,10.5,5.1,69.0,0.0,3.6,49.0,1018.2,0.0,,0,0,20.0
2024-04-07 06:00:00,,17.1,10.2,23.5,0.0,0.0,3.5,52.6,1017.2,12.3,7.2,71.0,0.0,3.6,25.9,1020.1,,,0,0,20.0
2024-04-07 07:00:00,,17.1,10.2,23.5,0.0,0.0,3.5,52.6,1017.2,18.9,1.8,32.0,0.0,10.8,20.9,1019.1,28.0,,0,0,19.428571428571427
2024-04-07 08:00:00,,17.1,10.2,23.5,0.0,0.0,3.5,52.6,1017.2,19.4,6.5,43.0,0.0,0.0,15.8,1020.1,60.0,,0,0,20.285714285714285
2024-04-07 09:00:00,,17.1,10.2,23.5,0.0,0.0,3.5,52.6,1017.2,20.9,5.7,37.0,0.0,7.2,24.8,1019.4,60.0,,0,0,20.125
2024-04-07 10:00:00,,17.1,10.2,23.5,0.0,0.0,3.5,52.6,1017.2,22.4,5.3,33.0,0.0,7.2,10.4,1019.1,60.0,,0,0,22.714285714285715
2024-04-07 11:00:00,,17.1,10.2,23.5,0.0,0.0,3.5,52.6,1017.2,23.5,5.4,31.0,0.0,3.6,14.4,1018.1,59.0,,0,0,23.857142857142858
2024-04-07 12:00:00,,17.1,10.2,23.5,0.0,0.0,3.5,52.6,1017.2,23.5,5.9,32.0,0.0,3.6,10.4,1017.5,25.0,,0,0,32.42857142857143
2024-04-07 13:00:00,,17.1,10.2,23.5,0.0,0.0,3.5,52.6,1017.2,22.6,7.9,39.0,0.0,7.2,11.9,1017.0,2.0,,0,0,38.57142857142857
2024-04-07 14:00:00,,17.1,10.2,23.5,0.0,0.0,3.5,52.6,1017.2,22.5,8.6,41.0,0.0,3.6,12.6,1016.2,16.0,,0,0,36.875
2024-04-07 15:00:00,,17.1,10.2,23.5,0.0,0.0,3.5,52.6,1017.2,22.5,9.3,43.0,0.0,3.6,10.4,1015.3,1.0,,0,0,35.57142857142857
2024-04-07 16:00:00,,17.1,10.2,23.5,0.0,0.0,3.5,52.6,1017.2,23.1,9.5,42.0,0.0,7.2,12.2,1014.3,29.0,,0,0,32.0
2024-04-07 17:00:00,,17.1,10.2,23.5,0.0,0.0,3.5,52.6,1017.2,21.4,9.3,46.0,0.0,0.0,8.3,1014.3,6.0,,0,0,35.857142857142854
2024-04-07 18:00:00,,17.1,10.2,23.5,0.0,0.0,3.5,52.6,1017.2,18.7,11.5,63.0,0.0,0.0,7.2,1014.1,0.0,,0,0,55.57142857142857
2024-04-07 19:00:00,,17.1,10.2,23.5,0.0,0.0,3.5,52.6,1017.2,17.4,12.7,74.0,0.0,3.6,10.8,1014.0,0.0,,0,0,62.625
2024-04-07 20:00:00,,17.1,10.2,23.5,0.0,0.0,3.5,52.6,1017.2,16.5,12.3,76.0,0.0,3.6,22.3,1014.2,0.0,,0,0,40.42857142857143
2024-04-07 21:00:00,,17.1,10.2,23.5,0.0,0.0,3.5,52.6,1017.2,16.3,9.7,65.0,0.0,3.6,46.1,1013.6,0.0,,0,0,27.714285714285715
2024-04-07 22:00:00,,17.1,10.2,23.5,0.0,0.0,3.5,52.6,1017.2,16.2,7.7,57.0,0.0,3.6,46.8,1013.1,0.0,,0,0,19.571428571428573
2024-04-07 23:00:00,,17.1,10.2,23.5,0.0,0.0,3.5,52.6,1017.2,16.3,6.7,53.0,0.0,7.2,51.8,1012.6,0.0,,0,0,19.857142857142858
2024-04-08 00:00:00,,20.5,13.3,28.4,0.0,0.0,6.5,51.8,1010.2,17.2,6.4,49.0,0.0,3.6,49.7,1012.2,0.0,,0,0,20.0
2024-04-08 01:00:00,,20.5,13.3,28.4,0.0,0.0,6.5,51.8,1010.2,16.0,8.0,59.0,0.0,3.6,50.4,1011.8,0.0,,0,0,19.142857142857142
2024-04-08 02:00:00,,20.5,13.3,28.4,0.0,0.0,6.5,51.8,1010.2,18.1,5.0,42.0,0.0,3.6,43.2,1011.7,0.0,,0,0,19.0
2024-04-08 03:00:00,,20.5,13.3,28.4,0.0,0.0,6.5,51.8,1010.2,14.8,7.4,61.0,0.0,3.6,18.4,1011.9,0.0,,0,0,19.0
2024-04-08 04:00:00,,20.5,13.3,28.4,0.0,0.0,6.5,51.8,1010.2,14.3,7.1,62.0,0.0,3.6,31.3,1011.8,0.0,,0,0,19.0
2024-04-08 05:00:00,,20.5,13.3,28.4,0.0,0.0,6.5,51.8,1010.2,14.3,9.1,71.0,0.0,14.4,37.4,1013.2,0.0,,0,0,18.875
2024-04-08 06:00:00,,20.5,13.3,28.4,0.0,0.0,6.5,51.8,1010.2,13.3,9.0,75.0,0.0,0.0,13.0,1013.3,0.0,,0,0,20.285714285714285
2024-04-08 07:00:00,,20.5,13.3,28.4,0.0,0.0,6.5,51.8,1010.2,15.1,9.2,68.0,0.0,0.0,10.8,1012.9,19.0,,0,0,69.28571428571429
2024-04-08 08:00:00,,20.5,13.3,28.4,0.0,0.0,6.5,51.8,1010.2,19.7,11.5,59.0,0.0,3.6,8.3,1011.7,60.0,,0,0,151.0
2024-04-08 09:00:00,,20.5,13.3,28.4,0.0,0.0,6.5,51.8,1010.2,23.4,5.3,31.0,0.0,7.2,38.2,1010.6,60.0,,0,0,347.57142857142856
2024-04-08 10:00:00,,20.5,13.3,28.4,0.0,0.0,6.5,51.8,1010.2,25.5,7.6,32.0,0.0,7.2,30.6,1009.9,60.0,,0,0,396.5
2024-04-08 11:00:00,,20.5,13.3,28.4,0.0,0.0,6.5,51.8,1010.2,27.3,0.9,18.0,0.0,10.8,23.0,1008.8,60.0,,0,0,283.7142857142857
2024-04-08 12:00:00,,20.5,13.3,28.4,0.0,0.0,6.5,51.8,1010.2,27.8,3.5,21.0,0.0,10.8,34.6,1008.3,60.0,,0,0,235.28571428571428
2024-04-08 13:00:00,,20.5,13.3,28.4,0.0,0.0,6.5,51.8,1010.2,28.4,2.6,19.0,0.0,14.4,39.2,1007.7,48.0,,0,0,202.71428571428572
2024-04-08 14:00:00,,20.5,13.3,28.4,0.0,0.0,6.5,51.8,1010.2,28.2,0.8,17.0,0.0,14.4,38.5,1007.4,56.0,,0,0,220.14285714285714
2024-04-08 15:00:00,,20.5,13.3,28.4,0.0,0.0,6.5,51.8,1010.2,24.7,10.2,40.0,0.0,10.8,13.7,1008.5,41.0,,0,0,224.75
2024-04-08 16:00:00,,20.5,13.3,28.4,0.0,0.0,6.5,51.8,1010.2,24.0,11.0,44.0,0.0,10.8,11.5,1008.0,56.0,,0,0,184.71428571428572
2024-04-08 17:00:00,,20.5,13.3,28.4,0.0,0.0,6.5,51.8,1010.2,23.3,10.0,43.0,0.0,0.0,16.6,1007.9,6.0,,0,0,125.85714285714286
2024-04-08 18:00:00,,20.5,13.3,28.4,0.0,0.0,6.5,51.8,1010.2,20.4,11.1,55.0,0.0,3.6,21.6,1007.5,0.0,,0,0,75.85714285714286
2024-04-08 19:00:00,,20.5,13.3,28.4,0.0,0.0,6.5,51.8,1010.2,21.5,5.0,34.0,0.0,7.2,25.6,1007.6,0.0,,0,0,55.57142857142857
2024-04-08 20:00:00,,20.5,13.3,28.4,0.0,0.0,6.5,51.8,1010.2,19.4,4.3,37.0,0.0,0.0,30.6,1008.0,0.0,,0,0,41.25
2024-04-08 21:00:00,,20.5,13.3,28.4,0.0,0.0,6.5,51.8,1010.2,23.1,0.2,22.0,0.0,10.8,38.5,1007.2,0.0,,0,0,26.857142857142858
2024-04-08 22:00:00,,20.5,13.3,28.4,0.0,0.0,6.5,51.8,1010.2,22.1,1.1,25.0,0.0,10.8,38.9,1007.1,0.0,,0,0,19.571428571428573
2024-04-08 23:00:00,,20.5,13.3,28.4,0.0,0.0,6.5,51.8,1010.2,21.4,2.1,28.0,0.0,7.2,44.3,1006.4,0.0,,0,0,13.857142857142858
2024-04-09 00:00:00,,14.5,6.6,24.0,8.6,0.0,8.6,63.4,1014.4,22.6,-0.8,21.0,0.0,10.8,52.9,1006.3,0.0,Camerata Salzburg,0,0,13.0
2024-04-09 01:00:00,,14.5,6.6,24.0,8.6,0.0,8.6,63.4,1014.4,22.0,1.6,26.0,0.0,21.6,63.4,1005.8,0.0,Camerata Salzburg,0,0,13.0
2024-04-09 02:00:00,,14.5,6.6,24.0,8.6,0.0,8.6,63.4,1014.4,24.0,-3.4,16.0,0.0,18.0,41.8,1004.9,0.0,Camerata Salzburg,0,0,13.0
2024-04-09 03:00:00,,14.5,6.6,24.0,8.6,0.0,8.6,63.4,1014.4,22.2,0.1,23.0,0.0,7.2,51.1,1005.5,0.0,Camerata Salzburg,0,0,13.0
2024-04-09 04:00:00,,14.5,6.6,24.0,8.6,0.0,8.6,63.4,1014.4,21.1,1.9,28.0,0.0,10.8,43.6,1005.9,0.0,Camerata Salzburg,0,0,13.0
2024-04-09 05:00:00,,14.5,6.6,24.0,8.6,0.0,8.6,63.4,1014.4,18.9,3.1,35.0,0.0,3.6,24.1,1007.6,0.0,Camerata Salzburg,0,0,13.0
2024-04-09 06:00:00,,14.5,6.6,24.0,8.6,0.0,8.6,63.4,1014.4,18.3,4.8,41.0,0.0,10.8,27.4,1008.2,0.0,Camerata Salzburg,0,0,17.125
2024-04-09 07:00:00,,14.5,6.6,24.0,8.6,0.0,8.6,63.4,1014.4,17.9,6.4,47.0,0.0,7.2,25.2,1009.4,20.0,Camerata Salzburg,0,0,72.57142857142857
2024-04-09 08:00:00,,14.5,6.6,24.0,8.6,0.0,8.6,63.4,1014.4,17.8,9.7,59.0,0.0,10.8,26.3,1011.0,46.0,Camerata Salzburg,0,0,159.28571428571428
2024-04-09 09:00:00,,14.5,6.6,24.0,8.6,0.0,8.6,63.4,1014.4,14.4,7.7,64.0,0.0,14.4,26.3,1013.4,1.0,Camerata Salzburg,0,0,213.85714285714286
2024-04-09 10:00:00,,14.5,6.6,24.0,8.6,0.0,8.6,63.4,1014.4,13.6,5.5,58.0,0.2,10.8,27.0,1015.1,0.0,Camerata Salzburg,0,0,253.33333333333334
2024-04-09 11:00:00,,14.5,6.6,24.0,8.6,0.0,8.6,63.4,1014.4,12.0,4.7,61.0,0.4,14.4,30.6,1016.7,0.0,Camerata Salzburg,0,0,233.14285714285714
2024-04-09 12:00:00,,14.5,6.6,24.0,8.6,0.0,8.6,63.4,1014.4,10.1,5.9,75.0,0.5,10.8,36.4,1018.4,0.0,Camerata Salzburg,0,0,213.875
2024-04-09 13:00:00,,14.5,6.6,24.0,8.6,0.0,8.6,63.4,1014.4,9.0,6.6,85.0,0.5,3.6,37.8,1019.5,0.0,Camerata Salzburg,0,0,220.71428571428572
2024-04-09 14:00:00,,14.5,6.6,24.0,8.6,0.0,8.6,63.4,1014.4,8.4,6.4,87.0,0.7,7.2,23.8,1020.3,0.0,Camerata Salzburg,0,0,236.0
2024-04-09 15:00:00,,14.5,6.6,24.0,8.6,0.0,8.6,63.4,1014.4,8.1,6.2,88.0,1.5,3.6,19.4,1021.3,0.0,Camerata Salzburg,0,0,216.57142857142858
2024-04-09 16:00:00,,14.5,6.6,24.0,8.6,0.0,8.6,63.4,1014.4,8.2,5.8,85.0,0.7,7.2,9.7,1022.0,0.0,Camerata Salzburg,0,0,181.71428571428572
2024-04-09 17:00:00,,14.5,6.6,24.0,8.6,0.0,8.6,63.4,1014.4,8.0,4.8,80.0,0.2,0.0,28.1,1023.0,0.0,Camerata Salzburg,0,0,135.57142857142858
2024-04-09 18:00:00,,14.5,6.6,24.0,8.6,0.0,8.6,63.4,1014.4,6.8,5.9,94.0,1.3,3.6,27.4,1024.3,0.0,Camerata Salzburg,0,0,130.85714285714286
2024-04-09 19:00:00,,14.5,6.6,24.0,8.6,0.0,8.6,63.4,1014.4,6.9,6.2,95.0,2.0,7.2,9.4,1024.7,0.0,Camerata Salzburg,0,0,258.375
2024-04-09 20:00:00,,14.5,6.6,24.0,8.6,0.0,8.6,63.4,1014.4,6.8,4.5,85.0,0.3,3.6,20.2,1024.7,0.0,Camerata Salzburg,0,0,265.42857142857144
2024-04-09 21:00:00,,14.5,6.6,24.0,8.6,0.0,8.6,63.4,1014.4,6.6,5.5,93.0,0.3,0.0,14.4,1025.2,0.0,Camerata Salzburg,0,0,162.57142857142858
2024-04-09 22:00:00,,14.5,6.6,24.0,8.6,0.0,8.6,63.4,1014.4,6.6,5.9,95.0,0.5,0.0,9.4,1026.0,0.0,Camerata Salzburg,0,0,54.142857142857146
2024-04-09 23:00:00,,14.5,6.6,24.0,8.6,0.0,8.6,63.4,1014.4,6.9,5.7,92.0,0.3,3.6,10.1,1026.3,0.0,Camerata Salzburg,0,0,22.857142857142858
2024-04-10 00:00:00,,7.8,5.4,10.7,8.4,0.0,4.2,30.2,1029.0,6.2,4.5,89.0,0.8,7.2,20.5,1026.9,0.0,,0,0,13.875
2024-04-10 01:00:00,,7.8,5.4,10.7,8.4,0.0,4.2,30.2,1029.0,6.1,3.9,86.0,0.8,7.2,23.0,1027.1,0.0,,0,0,13.0
2024-04-10 02:00:00,,7.8,5.4,10.7,8.4,0.0,4.2,30.2,1029.0,5.8,4.3,90.0,0.8,3.6,16.6,1027.2,0.0,,0,0,13.0
2024-04-10 03:00:00,,7.8,5.4,10.7,8.4,0.0,4.2,30.2,1029.0,5.9,4.9,93.0,0.2,7.2,19.4,1027.1,0.0,,0,0,13.0
2024-04-10 04:00:00,,7.8,5.4,10.7,8.4,0.0,4.2,30.2,1029.0,5.8,4.9,94.0,0.2,3.6,19.4,1027.5,0.0,,0,0,13.0
2024-04-10 05:00:00,,7.8,5.4,10.7,8.4,0.0,4.2,30.2,1029.0,5.8,5.4,97.0,0.5,3.6,13.3,1028.2,0.0,,0,0,13.0
2024-04-10 06:00:00,,7.8,5.4,10.7,8.4,0.0,4.2,30.2,1029.0,5.8,5.1,95.0,0.8,3.6,11.2,1028.8,0.0,,0,0,15.428571428571429
2024-04-10 07:00:00,,7.8,5.4,10.7,8.4,0.0,4.2,30.2,1029.0,5.4,4.0,91.0,1.0,3.6,15.5,1029.7,0.0,,1,0,76.71428571428571
2024-04-10 08:00:00,,7.8,5.4,10.7,8.4,0.0,4.2,30.2,1029.0,5.7,4.3,91.0,1.0,3.6,9.4,1030.0,0.0,,1,0,191.14285714285714
2024-04-10 09:00:00,,7.8,5.4,10.7,8.4,0.0,4.2,30.2,1029.0,6.6,3.7,82.0,0.4,3.6,28.1,1030.7,0.0,,1,0,284.2857142857143
2024-04-10 10:00:00,,7.8,5.4,10.7,8.4,0.0,4.2,30.2,1029.0,8.4,5.0,79.0,0.2,3.6,11.5,1030.4,16.0,,1,0,328.625
2024-04-10 11:00:00,,7.8,5.4,10.7,8.4,0.0,4.2,30.2,1029.0,9.9,4.9,71.0,0.2,7.2,11.9,1029.7,2.0,,1,0,308.42857142857144
2024-04-10 12:00:00,,7.8,5.4,10.7,8.4,0.0,4.2,30.2,1029.0,10.5,4.2,65.0,0.3,7.2,10.8,1029.3,2.0,,1,0,233.71428571428572
2024-04-10 13:00:00,,7.8,5.4,10.7,8.4,0.0,4.2,30.2,1029.0,10.6,3.6,62.0,0.1,7.2,30.2,1029.1,8.0,,0,0,208.14285714285714
2024-04-10 14:00:00,,7.8,5.4,10.7,8.4,0.0,4.2,30.2,1029.0,10.4,4.5,67.0,0.1,7.2,18.7,1028.8,17.0,,0,0,215.57142857142858
2024-04-10 15:00:00,,7.8,5.4,10.7,8.4,0.0,4.2,30.2,1029.0,10.7,4.8,67.0,0.0,7.2,18.7,1028.9,21.0,,0,0,244.75
2024-04-10 16:00:00,,7.8,5.4,10.7,8.4,0.0,4.2,30.2,1029.0,10.2,5.2,71.0,0.1,3.6,15.5,1029.4,0.0,,0,0,222.71428571428572
2024-04-10 17:00:00,,7.8,5.4,10.7,8.4,0.0,4.2,30.2,1029.0,10.1,5.1,71.0,0.1,3.6,5.8,1029.9,0.0,,0,0,181.57142857142858
2024-04-10 18:00:00,,7.8,5.4,10.7,8.4,0.0,4.2,30.2,1029.0,9.7,4.9,72.0,0.0,0.0,6.5,1030.6,19.0,,0,0,126.42857142857143
2024-04-10 19:00:00,,7.8,5.4,10.7,8.4,0.0,4.2,30.2,1029.0,8.7,6.0,83.0,0.0,0.0,14.8,1031.0,0.0,,0,0,108.71428571428571
2024-04-10 20:00:00,,7.8,5.4,10.7,8.4,0.0,4.2,30.2,1029.0,8.0,4.4,78.0,0.0,3.6,27.0,1031.5,0.0,,0,0,91.75
2024-04-10 21:00:00,,7.8,5.4,10.7,8.4,0.0,4.2,30.2,1029.0,6.7,4.4,85.0,0.0,0.0,14.8,1031.9,0.0,,0,0,77.85714285714286
2024-04-10 22:00:00,,7.8,5.4,10.7,8.4,0.0,4.2,30.2,1029.0,5.8,4.6,92.0,0.0,3.6,11.5,1032.7,0.0,,0,0,58.857142857142854
2024-04-10 23:00:00,,7.8,5.4,10.7,8.4,0.0,4.2,30.2,1029.0,4.8,4.2,96.0,0.0,3.6,10.4,1033.3,0.0,,0,0,40.714285714285715
2024-04-11 00:00:00,,9.1,2.6,15.8,0.0,0.0,3.8,18.0,1033.1,4.0,3.6,97.0,0.0,3.6,14.8,1033.4,0.0,,0,0,28.142857142857142
2024-04-11 01:00:00,,9.1,2.6,15.8,0.0,0.0,3.8,18.0,1033.1,3.6,3.5,99.0,0.0,3.6,18.0,1033.4,0.0,,0,0,19.75
2024-04-11 02:00:00,,9.1,2.6,15.8,0.0,0.0,3.8,18.0,1033.1,3.5,3.1,97.0,0.0,0.0,8.6,1033.0,0.0,,0,0,17.0
2024-04-11 03:00:00,,9.1,2.6,15.8,0.0,0.0,3.8,18.0,1033.1,3.1,3.0,99.0,0.0,0.0,7.6,1032.7,0.0,,0,0,17.0
2024-04-11 04:00:00,,9.1,2.6,15.8,0.0,0.0,3.8,18.0,1033.1,2.6,2.6,100.0,0.0,0.0,11.5,1032.9,0.0,,0,0,17.0
2024-04-11 05:00:00,,9.1,2.6,15.8,0.0,0.0,3.8,18.0,1033.1,2.6,2.5,99.0,0.0,3.6,8.6,1033.5,0.0,,0,0,17.428571428571427
2024-04-11 06:00:00,,9.1,2.6,15.8,0.0,0.0,3.8,18.0,1033.1,4.0,3.7,98.0,0.0,3.6,10.1,1034.2,0.0,,0,0,20.5
2024-04-11 07:00:00,,9.1,2.6,15.8,0.0,0.0,3.8,18.0,1033.1,6.7,4.4,85.0,0.0,3.6,6.8,1034.0,53.0,,0,0,65.85714285714286
2024-04-11 08:00:00,,9.1,2.6,15.8,0.0,0.0,3.8,18.0,1033.1,8.9,5.3,78.0,0.0,0.0,10.4,1033.8,60.0,,0,0,155.28571428571428
2024-04-11 09:00:00,,9.1,2.6,15.8,0.0,0.0,3.8,18.0,1033.1,10.5,6.1,74.0,0.0,3.6,10.1,1033.9,60.0,,0,0,211.71428571428572
2024-04-11 10:00:00,,9.1,2.6,15.8,0.0,0.0,3.8,18.0,1033.1,12.5,6.3,66.0,0.0,7.9,11.5,1034.3,60.0,,0,0,247.57142857142858
2024-04-11 11:00:00,,9.1,2.6,15.8,0.0,0.0,3.8,18.0,1033.1,12.9,5.1,59.0,0.0,7.2,13.7,1033.4,60.0,,0,0,230.875
2024-04-11 12:00:00,,9.1,2.6,15.8,0.0,0.0,3.8,18.0,1033.1,13.7,5.3,57.0,0.0,3.6,10.8,1032.9,60.0,,0,0,217.71428571428572
2024-04-11 13:00:00,,9.1,2.6,15.8,0.0,0.0,3.8,18.0,1033.1,14.7,5.8,55.0,0.0,7.2,11.9,1032.6,60.0,,0,0,199.71428571428572
2024-04-11 14:00:00,,9.1,2.6,15.8,0.0,0.0,3.8,18.0,1033.1,15.6,6.3,54.0,0.0,7.2,12.2,1032.1,60.0,,0,0,208.85714285714286
2024-04-11 15:00:00,,9.1,2.6,15.8,0.0,0.0,3.8,18.0,1033.1,15.7,5.6,51.0,0.0,7.2,11.5,1031.7,60.0,,0,0,209.57142857142858
2024-04-11 16:00:00,,9.1,2.6,15.8,0.0,0.0,3.8,18.0,1033.1,15.8,6.5,54.0,0.0,7.2,12.2,1031.8,59.0,,0,0,168.25
2024-04-11 17:00:00,,9.1,2.6,15.8,0.0,0.0,3.8,18.0,1033.1,15.4,5.9,53.0,0.0,3.6,9.0,1031.9,60.0,,0,0,130.57142857142858
2024-04-11 18:00:00,,9.1,2.6,15.8,0.0,0.0,3.8,18.0,1033.1,12.9,6.5,65.0,0.0,3.6,8.3,1032.1,13.0,,0,0,147.57142857142858
2024-04-11 19:00:00,,9.1,2.6,15.8,0.0,0.0,3.8,18.0,1033.1,11.2,7.7,79.0,0.0,3.6,10.4,1033.1,0.0,,0,0,239.42857142857142
2024-04-11 20:00:00,,9.1,2.6,15.8,0.0,0.0,3.8,18.0,1033.1,9.2,7.1,87.0,0.0,0.0,9.0,1033.9,0.0,,0,0,291.2857142857143
2024-04-11 21:00:00,,9.1,2.6,15.8,0.0,0.0,3.8,18.0,1033.1,8.9,7.3,90.0,0.0,3.6,7.9,1033.7,0.0,,0,0,266.25
2024-04-11 22:00:00,,9.1,2.6,15.8,0.0,0.0,3.8,18.0,1033.1,8.0,6.9,93.0,0.0,0.0,10.4,1033.9,0.0,,0,0,166.71428571428572
2024-04-11 23:00:00,,9.1,2.6,15.8,0.0,0.0,3.8,18.0,1033.1,7.2,6.1,93.0,0.0,3.6,10.4,1033.9,0.0,,0,0,46.285714285714285
2024-04-12 00:00:00,,12.0,4.8,20.4,0.0,0.0,3.5,15.5,1032.7,7.1,6.7,97.0,0.0,0.0,7.2,1034.4,0.0,,0,0,24.142857142857142
2024-04-12 01:00:00,,12.0,4.8,20.4,0.0,0.0,3.5,15.5,1032.7,6.1,6.0,99.0,0.0,3.6,11.5,1034.3,0.0,,0,0,18.428571428571427
2024-04-12 02:00:00,,12.0,4.8,20.4,0.0,0.0,3.5,15.5,1032.7,6.2,6.1,99.0,0.0,3.6,8.6,1034.5,0.0,,0,0,17.375
2024-04-12 03:00:00,,12.0,4.8,20.4,0.0,0.0,3.5,15.5,1032.7,5.4,5.3,99.0,0.0,0.0,9.7,1034.8,0.0,,0,0,17.0
2024-04-12 04:00:00,,12.0,4.8,20.4,0.0,0.0,3.5,15.5,1032.7,5.2,5.1,99.0,0.0,0.0,7.6,1035.3,0.0,,0,0,17.0
2024-04-12 05:00:00,,12.0,4.8,20.4,0.0,0.0,3.5,15.5,1032.7,4.8,4.7,99.0,0.0,3.6,6.1,1035.3,0.0,,0,0,17.0
2024-04-12 06:00:00,,12.0,4.8,20.4,0.0,0.0,3.5,15.5,1032.7,6.6,6.5,99.0,0.0,0.0,8.6,1035.2,0.0,,0,0,18.571428571428573
2024-04-12 07:00:00,,12.0,4.8,20.4,0.0,0.0,3.5,15.5,1032.7,8.8,7.1,89.0,0.0,3.6,4.7,1034.8,54.0,,0,0,59.25
2024-04-12 08:00:00,,12.0,4.8,20.4,0.0,0.0,3.5,15.5,1032.7,13.7,8.1,69.0,0.0,3.2,14.0,1034.0,60.0,,0,0,138.28571428571428
2024-04-12 09:00:00,,12.0,4.8,20.4,0.0,0.0,3.5,15.5,1032.7,13.7,8.7,72.0,0.0,3.6,10.4,1033.7,60.0,,0,0,203.42857142857142
2024-04-12 10:00:00,,12.0,4.8,20.4,0.0,0.0,3.5,15.5,1032.7,16.5,10.4,67.0,0.0,5.0,14.0,1033.4,59.0,,0,0,226.42857142857142
2024-04-12 11:00:00,,12.0,4.8,20.4,0.0,0.0,3.5,15.5,1032.7,15.8,10.1,69.0,0.0,7.2,15.5,1032.5,60.0,,0,0,230.71428571428572
2024-04-12 12:00:00,,12.0,4.8,20.4,0.0,0.0,3.5,15.5,1032.7,16.6,9.5,63.0,0.0,7.2,13.0,1031.4,59.0,,0,0,203.75
2024-04-12 13:00:00,,12.0,4.8,20.4,0.0,0.0,3.5,15.5,1032.7,17.0,8.4,57.0,0.0,7.2,11.5,1031.6,60.0,,0,0,188.0
2024-04-12 14:00:00,,12.0,4.8,20.4,0.0,0.0,3.5,15.5,1032.7,18.7,10.5,59.0,0.0,7.2,10.8,1031.3,57.0,,0,0,219.14285714285714
2024-04-12 15:00:00,,12.0,4.8,20.4,0.0,0.0,3.5,15.5,1032.7,18.7,10.0,57.0,0.0,5.0,10.1,1031.0,60.0,,0,0,249.71428571428572
2024-04-12 16:00:00,,12.0,4.8,20.4,0.0,0.0,3.5,15.5,1032.7,20.4,9.3,49.0,0.0,7.2,8.6,1028.7,50.0,,0,0,218.57142857142858
2024-04-12 17:00:00,,12.0,4.8,20.4,0.0,0.0,3.5,15.5,1032.7,18.8,9.6,55.0,0.0,3.6,6.5,1028.9,59.0,,0,0,177.0
2024-04-12 18:00:00,,12.0,4.8,20.4,0.0,0.0,3.5,15.5,1032.7,16.4,10.7,69.0,0.0,3.6,7.2,1029.3,49.0,,0,0,134.28571428571428
2024-04-12 19:00:00,,12.0,4.8,20.4,0.0,0.0,3.5,15.5,1032.7,13.9,10.7,81.0,0.0,0.0,6.8,1030.3,0.0,,0,0,139.125
2024-04-12 20:00:00,,12.0,4.8,20.4,0.0,0.0,3.5,15.5,1032.7,11.0,8.6,85.0,0.0,5.4,9.7,1031.6,0.0,,0,0,136.14285714285714
2024-04-12 21:00:00,,12.0,4.8,20.4,0.0,0.0,3.5,15.5,1032.7,10.7,8.6,87.0,0.0,0.0,8.3,1031.5,0.0,,0,0,140.57142857142858
2024-04-12 22:00:00,,12.0,4.8,20.4,0.0,0.0,3.5,15.5,1032.7,10.4,8.5,88.0,0.0,3.6,7.9,1031.7,0.0,,0,0,131.14285714285714
2024-04-12 23:00:00,,12.0,4.8,20.4,0.0,0.0,3.5,15.5,1032.7,9.7,8.0,89.0,0.0,3.6,21.2,1031.5,0.0,,0,0,108.85714285714286
2024-04-13 00:00:00,,14.9,6.8,23.2,0.0,0.0,3.5,23.8,1028.0,9.8,8.6,92.0,0.0,3.6,11.2,1031.1,0.0,,0,0,75.875
2024-04-13 01:00:00,,14.9,6.8,23.2,0.0,0.0,3.5,23.8,1028.0,9.6,8.4,92.0,0.0,3.6,13.0,1030.5,0.0,,0,0,56.714285714285715
2024-04-13 02:00:00,,14.9,6.8,23.2,0.0,0.0,3.5,23.8,1028.0,8.7,7.9,95.0,0.0,0.0,18.0,1030.5,0.0,,0,0,40.57142857142857
2024-04-13 03:00:00,,14.9,6.8,23.2,0.0,0.0,3.5,23.8,1028.0,7.9,7.5,97.0,0.0,0.0,9.0,1030.8,0.0,,0,0,32.57142857142857
2024-04-13 04:00:00,,14.9,6.8,23.2,0.0,0.0,3.5,23.8,1028.0,7.6,7.3,98.0,0.0,0.0,9.4,1031.0,0.0,,0,0,32.0
2024-04-13 05:00:00,,14.9,6.8,23.2,0.0,0.0,3.5,23.8,1028.0,6.8,4.6,86.0,0.0,8.6,10.8,1030.3,0.0,,0,0,32.0
2024-04-13 06:00:00,,14.9,6.8,23.2,0.0,0.0,3.5,23.8,1028.0,8.9,8.1,95.0,0.0,0.0,12.6,1031.4,0.0,,0,0,32.285714285714285
2024-04-13 07:00:00,,14.9,6.8,23.2,0.0,0.0,3.5,23.8,1028.0,13.6,9.4,76.0,0.0,0.0,9.7,1030.3,56.0,,1,0,46.714285714285715
2024-04-13 08:00:00,,14.9,6.8,23.2,0.0,0.0,3.5,23.8,1028.0,16.4,9.1,62.0,0.0,3.6,20.2,1029.4,60.0,,1,0,138.0
2024-04-13 09:00:00,,14.9,6.8,23.2,0.0,0.0,3.5,23.8,1028.0,17.1,8.5,57.0,0.0,7.2,12.6,1029.0,60.0,,1,0,316.14285714285717
2024-04-13 10:00:00,,14.9,6.8,23.2,0.0,0.0,3.5,23.8,1028.0,17.7,11.3,66.0,0.0,7.2,10.8,1028.7,59.0,,1,0,422.125
2024-04-13 11:00:00,,14.9,6.8,23.2,0.0,0.0,3.5,23.8,1028.0,18.0,9.9,59.0,0.0,7.2,9.0,1028.0,60.0,,1,0,391.42857142857144
2024-04-13 12:00:00,,14.9,6.8,23.2,0.0,0.0,3.5,23.8,1028.0,20.4,10.2,52.0,0.0,3.6,10.1,1026.7,60.0,,1,0,332.7142857142857
2024-04-13 13:00:00,,14.9,6.8,23.2,0.0,0.0,3.5,23.8,1028.0,21.3,8.6,44.0,0.0,3.6,8.3,1025.8,60.0,,0,0,234.42857142857142
2024-04-13 14:00:00,,14.9,6.8,23.2,0.0,0.0,3.5,23.8,1028.0,21.9,9.4,45.0,0.0,7.2,10.1,1025.0,60.0,,0,0,164.71428571428572
2024-04-13 15:00:00,,14.9,6.8,23.2,0.0,0.0,3.5,23.8,1028.0,22.9,9.3,42.0,0.0,7.2,8.3,1024.1,60.0,,0,0,129.75
2024-04-13 16:00:00,,14.9,6.8,23.2,0.0,0.0,3.5,23.8,1028.0,23.2,9.2,41.0,0.0,3.6,11.5,1023.4,60.0,,0,0,98.0
2024-04-13 17:00:00,,14.9,6.8,23.2,0.0,0.0,3.5,23.8,1028.0,22.6,7.6,38.0,0.0,3.6,6.8,1023.4,59.0,,0,0,83.14285714285714
2024-04-13 18:00:00,,14.9,6.8,23.2,0.0,0.0,3.5,23.8,1028.0,19.2,11.7,62.0,0.0,0.0,5.4,1023.5,48.0,,0,0,69.0
2024-04-13 19:00:00,,14.9,6.8,23.2,0.0,0.0,3.5,23.8,1028.0,14.6,11.0,79.0,0.0,7.2,7.6,1025.7,0.0,,0,0,84.85714285714286
2024-04-13 20:00:00,,14.9,6.8,23.2,0.0,0.0,3.5,23.8,1028.0,14.7,11.1,79.0,0.0,0.0,13.7,1025.0,0.0,,0,0,96.25
2024-04-13 21:00:00,,14.9,6.8,23.2,0.0,0.0,3.5,23.8,1028.0,13.4,10.9,85.0,0.0,0.0,23.8,1025.2,0.0,,0,0,108.28571428571429
2024-04-13 22:00:00,,14.9,6.8,23.2,0.0,0.0,3.5,23.8,1028.0,13.0,10.5,85.0,0.0,0.0,21.2,1025.5,0.0,,0,0,99.42857142857143
2024-04-13 23:00:00,,14.9,6.8,23.2,0.0,0.0,3.5,23.8,1028.0,12.6,9.6,82.0,0.0,3.6,28.4,1025.4,0.0,,0,0,79.28571428571429
2024-04-14 00:00:00,,17.8,9.2,26.3,0.0,0.0,3.4,39.2,1021.4,12.0,9.0,82.0,0.0,0.0,36.0,1025.4,0.0,,0,0,60.42857142857143
2024-04-14 01:00:00,,17.8,9.2,26.3,0.0,0.0,3.4,39.2,1021.4,10.7,8.3,85.0,0.0,3.6,36.7,1025.2,0.0,,0,0,42.375
2024-04-14 02:00:00,,17.8,9.2,26.3,0.0,0.0,3.4,39.2,1021.4,10.1,8.5,90.0,0.0,0.0,31.0,1024.9,0.0,,0,0,28.285714285714285
2024-04-14 03:00:00,,17.8,9.2,26.3,0.0,0.0,3.4,39.2,1021.4,9.8,8.1,89.0,0.0,3.6,39.2,1024.7,0.0,,0,0,20.0
2024-04-14 04:00:00,,17.8,9.2,26.3,0.0,0.0,3.4,39.2,1021.4,10.0,7.6,85.0,0.0,3.6,27.7,1024.6,0.0,,0,0,20.0
2024-04-14 05:00:00,,17.8,9.2,26.3,0.0,0.0,3.4,39.2,1021.4,9.2,7.0,86.0,0.0,3.6,22.0,1024.8,0.0,,0,0,21.0
2024-04-14 06:00:00,,17.8,9.2,26.3,0.0,0.0,3.4,39.2,1021.4,11.8,8.1,78.0,0.0,3.6,24.8,1024.6,0.0,,0,0,21.0
2024-04-14 07:00:00,,17.8,9.2,26.3,0.0,0.0,3.4,39.2,1021.4,16.9,8.3,57.0,0.0,3.6,22.3,1023.8,58.0,,0,0,21.714285714285715
2024-04-14 08:00:00,,17.8,9.2,26.3,0.0,0.0,3.4,39.2,1021.4,19.1,5.2,40.0,0.0,7.2,27.7,1023.1,60.0,,0,0,23.142857142857142
2024-04-14 09:00:00,,17.8,9.2,26.3,0.0,0.0,3.4,39.2,1021.4,20.4,5.6,38.0,0.0,3.6,19.4,1022.9,60.0,,0,0,26.428571428571427
2024-04-14 10:00:00,,17.8,9.2,26.3,0.0,0.0,3.4,39.2,1021.4,22.9,10.3,45.0,0.0,5.4,10.1,1023.3,60.0,,0,0,29.285714285714285
2024-04-14 11:00:00,,17.8,9.2,26.3,0.0,0.0,3.4,39.2,1021.4,23.1,7.2,36.0,0.0,0.0,12.2,1021.1,60.0,,0,0,34.625
2024-04-14 12:00:00,,17.8,9.2,26.3,0.0,0.0,3.4,39.2,1021.4,24.9,9.6,38.0,0.0,7.2,12.2,1020.1,60.0,,0,0,39.142857142857146
2024-04-14 13:00:00,,17.8,9.2,26.3,0.0,0.0,3.4,39.2,1021.4,25.1,10.2,39.0,0.0,3.6,15.5,1019.2,60.0,,0,0,37.0
2024-04-14 14:00:00,,17.8,9.2,26.3,0.0,0.0,3.4,39.2,1021.4,26.1,9.9,36.0,0.0,7.2,15.8,1018.0,60.0,,0,0,38.57142857142857
2024-04-14 15:00:00,,17.8,9.2,26.3,0.0,0.0,3.4,39.2,1021.4,26.0,7.1,30.0,0.0,7.2,17.6,1017.2,60.0,,0,0,41.0
2024-04-14 16:00:00,,17.8,9.2,26.3,0.0,0.0,3.4,39.2,1021.4,25.7,8.2,33.0,0.0,7.2,13.7,1017.2,60.0,,0,0,51.5
2024-04-14 17:00:00,,17.8,9.2,26.3,0.0,0.0,3.4,39.2,1021.4,26.3,7.8,31.0,0.0,3.6,9.0,1016.2,60.0,,0,0,111.71428571428571
2024-04-14 18:00:00,,17.8,9.2,26.3,0.0,0.0,3.4,39.2,1021.4,21.7,8.6,43.0,0.0,0.0,9.4,1016.5,22.0,,0,0,173.14285714285714
2024-04-14 19:00:00,,17.8,9.2,26.3,0.0,0.0,3.4,39.2,1021.4,18.1,10.9,63.0,0.0,0.0,9.4,1016.9,0.0,,0,0,176.42857142857142
2024-04-14 20:00:00,,17.8,9.2,26.3,0.0,0.0,3.4,39.2,1021.4,16.5,11.6,73.0,0.0,0.0,9.0,1017.1,0.0,,0,0,108.57142857142857
2024-04-14 21:00:00,,17.8,9.2,26.3,0.0,0.0,3.4,39.2,1021.4,15.7,11.5,76.0,0.0,3.6,10.4,1016.9,0.0,,0,0,52.625
2024-04-14 22:00:00,,17.8,9.2,26.3,0.0,0.0,3.4,39.2,1021.4,15.7,10.2,70.0,0.0,3.6,24.1,1016.3,0.0,,0,0,23.857142857142858
2024-04-14 23:00:00,,17.8,9.2,26.3,0.0,0.0,3.4,39.2,1021.4,13.8,11.0,83.0,0.0,3.6,19.1,1016.2,0.0,,0,0,17.0
2024-04-15 00:00:00,,15.4,12.7,18.6,16.2,0.0,5.2,58.3,1011.6,13.6,10.8,83.0,0.0,3.6,25.6,1015.8,0.0,,0,0,16.0
2024-04-15 01:00:00,,15.4,12.7,18.6,16.2,0.0,5.2,58.3,1011.6,13.0,10.0,82.0,0.0,0.0,28.8,1015.1,0.0,,0,0,16.0
2024-04-15 02:00:00,,15.4,12.7,18.6,16.2,0.0,5.2,58.3,1011.6,13.2,10.2,82.0,0.0,3.6,33.1,1014.1,0.0,,0,0,16.0
2024-04-15 03:00:00,,15.4,12.7,18.6,16.2,0.0,5.2,58.3,1011.6,13.4,11.1,86.0,0.0,3.6,28.4,1013.6,0.0,,0,0,16.0
2024-04-15 04:00:00,,15.4,12.7,18.6,16.2,0.0,5.2,58.3,1011.6,13.9,10.3,79.0,0.2,3.6,20.5,1013.5,0.0,,0,0,16.0
2024-04-15 05:00:00,,15.4,12.7,18.6,16.2,0.0,5.2,58.3,1011.6,14.0,11.5,85.0,0.1,3.6,19.8,1013.2,0.0,,0,0,16.0
2024-04-15 06:00:00,,15.4,12.7,18.6,16.2,0.0,5.2,58.3,1011.6,14.8,11.6,81.0,0.0,3.6,11.9,1013.2,0.0,,0,0,19.666666666666668
2024-04-15 07:00:00,,15.4,12.7,18.6,16.2,0.0,5.2,58.3,1011.6,14.8,12.1,84.0,0.0,3.6,10.4,1012.9,0.0,,0,0,71.85714285714286
2024-04-15 08:00:00,,15.4,12.7,18.6,16.2,0.0,5.2,58.3,1011.6,16.4,12.0,75.0,0.0,3.6,13.3,1012.4,0.0,,0,0,176.0
2024-04-15 09:00:00,,15.4,12.7,18.6,16.2,0.0,5.2,58.3,1011.6,16.4,12.6,78.0,0.1,3.6,14.4,1013.0,0.0,,0,0,381.5
2024-04-15 10:00:00,,15.4,12.7,18.6,16.2,0.0,5.2,58.3,1011.6,14.3,13.2,93.0,0.7,0.0,20.5,1014.0,0.0,,0,0,411.85714285714283
2024-04-15 11:00:00,,15.4,12.7,18.6,16.2,0.0,5.2,58.3,1011.6,14.7,13.4,92.0,1.0,3.6,13.0,1012.7,0.0,,0,0,307.3333333333333
2024-04-15 12:00:00,,15.4,12.7,18.6,16.2,0.0,5.2,58.3,1011.6,16.6,13.9,84.0,4.2,3.6,15.5,1011.0,1.0,,0,0,206.71428571428572
2024-04-15 13:00:00,,15.4,12.7,18.6,16.2,0.0,5.2,58.3,1011.6,17.0,11.9,72.0,0.3,10.8,18.7,1009.5,0.0,,0,0,200.42857142857142
2024-04-15 14:00:00,,15.4,12.7,18.6,16.2,0.0,5.2,58.3,1011.6,18.6,11.2,62.0,2.4,7.2,41.0,1008.4,0.0,,0,0,232.5
2024-04-15 15:00:00,,15.4,12.7,18.6,16.2,0.0,5.2,58.3,1011.6,17.7,11.7,68.0,0.1,7.2,16.9,1007.5,20.0,,0,0,239.28571428571428
2024-04-15 16:00:00,,15.4,12.7,18.6,16.2,0.0,5.2,58.3,1011.6,18.2,12.9,71.0,2.7,7.2,28.1,1006.7,7.0,,0,0,212.42857142857142
2024-04-15 17:00:00,,15.4,12.7,18.6,16.2,0.0,5.2,58.3,1011.6,17.4,13.3,77.0,0.5,3.6,16.2,1006.4,5.0,,0,0,160.0
2024-04-15 18:00:00,,15.4,12.7,18.6,16.2,0.0,5.2,58.3,1011.6,17.6,9.2,58.0,1.4,3.6,58.3,1006.4,1.0,,0,0,101.42857142857143
2024-04-15 19:00:00,,15.4,12.7,18.6,16.2,0.0,5.2,58.3,1011.6,12.7,10.1,84.0,0.7,13.7,38.2,1010.1,0.0,,0,0,76.625
2024-04-15 20:00:00,,15.4,12.7,18.6,16.2,0.0,5.2,58.3,1011.6,16.8,2.0,37.0,1.4,10.8,23.8,1008.0,0.0,,0,0,62.714285714285715
2024-04-15 21:00:00,,15.4,12.7,18.6,16.2,0.0,5.2,58.3,1011.6,15.6,2.4,41.0,0.4,14.4,40.3,1008.7,0.0,,0,0,44.714285714285715
2024-04-15 22:00:00,,15.4,12.7,18.6,16.2,0.0,5.2,58.3,1011.6,13.3,3.6,52.0,0.2,3.6,38.2,1009.7,0.0,,0,0,24.857142857142858
2024-04-15 23:00:00,,15.4,12.7,18.6,16.2,0.0,5.2,58.3,1011.6,12.9,3.8,54.0,0.0,3.6,32.0,1009.9,0.0,,0,0,19.428571428571427
2024-04-16 00:00:00,,8.4,4.3,13.3,23.7,0.0,7.8,53.6,1011.5,11.6,3.9,59.0,0.0,7.2,22.3,1009.9,0.0,,0,0,17.625
2024-04-16 01:00:00,,8.4,4.3,13.3,23.7,0.0,7.8,53.6,1011.5,8.1,3.2,71.0,0.2,7.2,33.5,1011.3,0.0,,0,0,17.0
2024-04-16 02:00:00,,8.4,4.3,13.3,23.7,0.0,7.8,53.6,1011.5,6.8,2.3,73.0,0.4,3.6,24.8,1011.6,0.0,,0,0,17.0
2024-04-16 03:00:00,,8.4,4.3,13.3,23.7,0.0,7.8,53.6,1011.5,4.7,3.4,91.0,0.9,10.8,35.6,1012.5,0.0,,0,0,17.0
2024-04-16 04:00:00,,8.4,4.3,13.3,23.7,0.0,7.8,53.6,1011.5,4.3,3.3,93.0,2.0,7.2,19.1,1013.3,0.0,,0,0,17.0
2024-04-16 05:00:00,,8.4,4.3,13.3,23.7,0.0,7.8,53.6,1011.5,4.8,3.1,89.0,1.0,3.6,13.7,1013.4,0.0,,0,0,17.25
2024-04-16 06:00:00,,8.4,4.3,13.3,23.7,0.0,7.8,53.6,1011.5,5.4,3.1,85.0,0.6,10.8,24.5,1013.7,0.0,,0,0,23.428571428571427
2024-04-16 07:00:00,,8.4,4.3,13.3,23.7,0.0,7.8,53.6,1011.5,5.7,2.3,79.0,0.1,7.2,31.0,1013.5,0.0,,0,0,85.71428571428571
2024-04-16 08:00:00,,8.4,4.3,13.3,23.7,0.0,7.8,53.6,1011.5,5.6,3.3,85.0,0.3,7.2,24.8,1013.8,11.0,,0,0,190.85714285714286
2024-04-16 09:00:00,,8.4,4.3,13.3,23.7,0.0,7.8,53.6,1011.5,7.4,2.3,70.0,1.5,7.2,28.8,1013.2,0.0,,0,0,253.71428571428572
2024-04-16 10:00:00,,8.4,4.3,13.3,23.7,0.0,7.8,53.6,1011.5,8.5,1.4,61.0,1.1,10.8,16.6,1012.8,1.0,,0,0,288.75
2024-04-16 11:00:00,,8.4,4.3,13.3,23.7,0.0,7.8,53.6,1011.5,9.8,1.2,55.0,0.3,10.8,20.2,1012.3,2.0,,0,0,261.2857142857143
2024-04-16 12:00:00,,8.4,4.3,13.3,23.7,0.0,7.8,53.6,1011.5,10.5,1.1,52.0,1.1,18.0,42.5,1011.3,35.0,,0,0,220.0
2024-04-16 13:00:00,,8.4,4.3,13.3,23.7,0.0,7.8,53.6,1011.5,10.6,-0.3,47.0,1.3,14.4,35.6,1011.0,5.0,,0,0,224.28571428571428
2024-04-16 14:00:00,,8.4,4.3,13.3,23.7,0.0,7.8,53.6,1011.5,10.6,-0.9,45.0,1.7,10.8,38.9,1010.3,18.0,,0,0,253.28571428571428
2024-04-16 15:00:00,,8.4,4.3,13.3,23.7,0.0,7.8,53.6,1011.5,10.7,-1.4,43.0,1.5,10.8,33.8,1009.9,10.0,,0,0,254.125
2024-04-16 16:00:00,,8.4,4.3,13.3,23.7,0.0,7.8,53.6,1011.5,10.4,-0.7,46.0,1.7,7.2,28.1,1009.3,1.0,,0,0,199.57142857142858
2024-04-16 17:00:00,,8.4,4.3,13.3,23.7,0.0,7.8,53.6,1011.5,10.3,-0.2,48.0,1.7,7.2,22.0,1009.3,0.0,,0,0,146.14285714285714
2024-04-16 18:00:00,,8.4,4.3,13.3,23.7,0.0,7.8,53.6,1011.5,9.7,0.0,51.0,2.9,3.6,14.4,1009.3,0.0,,0,0,106.71428571428571
2024-04-16 19:00:00,,8.4,4.3,13.3,23.7,0.0,7.8,53.6,1011.5,6.8,3.9,82.0,0.4,3.6,53.6,1011.0,0.0,,0,0,115.0
2024-04-16 20:00:00,,8.4,4.3,13.3,23.7,0.0,7.8,53.6,1011.5,6.5,4.2,85.0,0.6,7.2,28.1,1011.4,0.0,,0,0,92.625
2024-04-16 21:00:00,,8.4,4.3,13.3,23.7,0.0,7.8,53.6,1011.5,5.9,4.2,89.0,2.2,3.6,22.7,1011.5,0.0,,0,0,62.714285714285715
2024-04-16 22:00:00,,8.4,4.3,13.3,23.7,0.0,7.8,53.6,1011.5,6.2,3.9,85.0,0.1,7.2,10.4,1011.1,0.0,,0,0,37.142857142857146
2024-04-16 23:00:00,,8.4,4.3,13.3,23.7,0.0,7.8,53.6,1011.5,6.4,3.6,82.0,0.1,3.6,13.3,1010.8,0.0,,0,0,25.285714285714285
2024-04-17 00:00:00,,5.6,3.3,7.0,17.2,0.0,5.6,33.8,1011.3,6.3,3.6,83.0,0.2,3.6,9.7,1010.6,0.0,,0,0,18.714285714285715
2024-04-17 01:00:00,,5.6,3.3,7.0,17.2,0.0,5.6,33.8,1011.3,6.4,2.8,78.0,0.5,7.2,9.4,1010.2,0.0,,0,0,17.0
2024-04-17 02:00:00,,5.6,3.3,7.0,17.2,0.0,5.6,33.8,1011.3,6.3,2.4,76.0,0.3,3.6,23.0,1010.0,0.0,,0,0,17.0
2024-04-17 03:00:00,,5.6,3.3,7.0,17.2,0.0,5.6,33.8,1011.3,5.8,3.8,87.0,0.3,3.6,19.8,1010.0,0.0,,0,0,17.0
2024-04-17 04:00:00,,5.6,3.3,7.0,17.2,0.0,5.6,33.8,1011.3,5.8,3.6,86.0,0.4,0.0,23.0,1010.3,0.0,,0,0,17.0
2024-04-17 05:00:00,,5.6,3.3,7.0,17.2,0.0,5.6,33.8,1011.3,6.2,2.6,78.0,0.5,7.2,19.8,1010.3,0.0,,0,0,16.714285714285715
2024-04-17 06:00:00,,5.6,3.3,7.0,17.2,0.0,5.6,33.8,1011.3,6.2,3.0,80.0,0.8,3.6,22.7,1010.6,0.0,,0,0,19.75
2024-04-17 07:00:00,,5.6,3.3,7.0,17.2,0.0,5.6,33.8,1011.3,6.1,3.1,81.0,0.4,7.2,23.8,1010.8,0.0,,1,0,73.71428571428571
2024-04-17 08:00:00,,5.6,3.3,7.0,17.2,0.0,5.6,33.8,1011.3,5.7,3.4,85.0,1.0,7.2,16.2,1010.9,0.0,,1,0,161.57142857142858
2024-04-17 09:00:00,,5.6,3.3,7.0,17.2,0.0,5.6,33.8,1011.3,5.5,3.5,87.0,0.8,3.6,23.0,1011.0,0.0,,1,0,260.14285714285717
2024-04-17 10:00:00,,5.6,3.3,7.0,17.2,0.0,5.6,33.8,1011.3,6.2,4.0,86.0,0.3,7.2,23.8,1010.9,0.0,,1,0,310.14285714285717
2024-04-17 11:00:00,,5.6,3.3,7.0,17.2,0.0,5.6,33.8,1011.3,7.0,3.2,77.0,0.1,10.8,23.4,1010.4,0.0,,1,0,262.875
2024-04-17 12:00:00,,5.6,3.3,7.0,17.2,0.0,5.6,33.8,1011.3,6.9,3.1,77.0,0.9,10.8,31.3,1010.8,0.0,,1,0,213.28571428571428
2024-04-17 13:00:00,,5.6,3.3,7.0,17.2,0.0,5.6,33.8,1011.3,4.8,4.1,95.0,0.7,7.2,33.8,1011.9,0.0,,0,0,216.28571428571428
2024-04-17 14:00:00,,5.6,3.3,7.0,17.2,0.0,5.6,33.8,1011.3,4.0,3.3,95.0,3.0,3.6,27.0,1012.8,0.0,,0,0,226.85714285714286
2024-04-17 15:00:00,,5.6,3.3,7.0,17.2,0.0,5.6,33.8,1011.3,4.3,2.8,90.0,1.5,3.6,21.6,1013.0,0.0,,0,0,217.85714285714286
2024-04-17 16:00:00,,5.6,3.3,7.0,17.2,0.0,5.6,33.8,1011.3,5.0,2.9,86.0,1.2,9.0,22.7,1012.2,7.0,,0,0,205.875
2024-04-17 17:00:00,,5.6,3.3,7.0,17.2,0.0,5.6,33.8,1011.3,7.0,2.5,73.0,0.0,3.6,18.4,1011.6,28.0,,0,0,163.42857142857142
2024-04-17 18:00:00,,5.6,3.3,7.0,17.2,0.0,5.6,33.8,1011.3,5.1,3.4,89.0,0.7,3.6,18.0,1012.3,0.0,,0,0,127.71428571428571
2024-04-17 19:00:00,,5.6,3.3,7.0,17.2,0.0,5.6,33.8,1011.3,4.6,3.1,90.0,2.5,3.6,10.8,1012.3,0.0,,0,0,110.28571428571429
2024-04-17 20:00:00,,5.6,3.3,7.0,17.2,0.0,5.6,33.8,1011.3,3.9,2.4,90.0,0.4,7.2,27.7,1013.3,0.0,,0,0,92.85714285714286
2024-04-17 21:00:00,,5.6,3.3,7.0,17.2,0.0,5.6,33.8,1011.3,3.3,2.6,95.0,0.5,7.2,14.8,1013.5,,,0,0,80.125
2024-04-17 22:00:00,,5.6,3.3,7.0,17.2,0.0,5.6,33.8,1011.3,3.2,2.6,96.0,0.6,3.6,14.8,1013.4,,,0,0,61.42857142857143
2024-04-17 23:00:00,,5.6,3.3,7.0,17.2,0.0,5.6,33.8,1011.3,3.4,3.0,97.0,0.7,3.6,8.3,1013.5,0.0,,0,0,44.714285714285715
2024-04-18 00:00:00,,4.2,1.1,8.4,10.2,0.0,4.1,32.0,1016.6,1.8,1.4,97.0,0.9,3.6,18.4,1014.2,0.0,,0,0,33.857142857142854
2024-04-18 01:00:00,,4.2,1.1,8.4,10.2,0.0,4.1,32.0,1016.6,1.7,1.6,99.0,0.8,3.6,15.1,1014.2,0.0,,0,0,27.857142857142858
2024-04-18 02:00:00,,4.2,1.1,8.4,10.2,0.0,4.1,32.0,1016.6,2.2,1.8,97.0,0.4,0.0,11.9,1013.8,0.0,,0,0,21.625
2024-04-18 03:00:00,,4.2,1.1,8.4,10.2,0.0,4.1,32.0,1016.6,1.7,1.4,98.0,0.1,0.0,10.8,1013.8,0.0,,0,0,20.0
2024-04-18 04:00:00,,4.2,1.1,8.4,10.2,0.0,4.1,32.0,1016.6,1.5,1.4,99.0,0.2,3.6,11.9,1013.9,0.0,,0,0,20.0
2024-04-18 05:00:00,,4.2,1.1,8.4,10.2,0.0,4.1,32.0,1016.6,2.4,2.3,99.0,0.0,3.6,8.6,1014.0,0.0,,0,0,20.0
2024-04-18 06:00:00,,4.2,1.1,8.4,10.2,0.0,4.1,32.0,1016.6,3.2,2.8,97.0,0.4,3.6,10.8,1014.3,0.0,,0,0,23.714285714285715
2024-04-18 07:00:00,,4.2,1.1,8.4,10.2,0.0,4.1,32.0,1016.6,4.2,2.9,91.0,0.2,0.0,9.0,1014.7,0.0,,0,0,73.125
2024-04-18 08:00:00,,4.2,1.1,8.4,10.2,0.0,4.1,32.0,1016.6,1.1,0.5,96.0,2.0,7.2,23.8,1016.3,0.0,,0,0,161.28571428571428
2024-04-18 09:00:00,,4.2,1.1,8.4,10.2,0.0,4.1,32.0,1016.6,1.2,1.1,99.0,0.3,7.2,9.4,1016.9,8.0,,0,0,223.14285714285714
2024-04-18 10:00:00,,4.2,1.1,8.4,10.2,0.0,4.1,32.0,1016.6,5.1,2.5,83.0,0.2,3.6,9.4,1016.6,16.0,,0,0,250.85714285714286
2024-04-18 11:00:00,,4.2,1.1,8.4,10.2,0.0,4.1,32.0,1016.6,6.8,2.3,73.0,0.0,3.6,13.0,1016.4,,,0,0,226.14285714285714
2024-04-18 12:00:00,,4.2,1.1,8.4,10.2,0.0,4.1,32.0,1016.6,7.8,1.8,66.0,0.0,3.6,20.9,1016.2,53.0,,0,0,214.875
2024-04-18 13:00:00,,4.2,1.1,8.4,10.2,0.0,4.1,32.0,1016.6,8.4,1.5,62.0,0.5,10.8,32.0,1016.8,34.0,,0,0,209.0
2024-04-18 14:00:00,,4.2,1.1,8.4,10.2,0.0,4.1,32.0,1016.6,6.4,2.8,78.0,0.4,7.2,21.2,1017.9,26.0,,0,0,227.42857142857142
2024-04-18 15:00:00,,4.2,1.1,8.4,10.2,0.0,4.1,32.0,1016.6,7.2,1.7,68.0,0.2,3.6,22.0,1017.8,49.0,,0,0,229.0
2024-04-18 16:00:00,,4.2,1.1,8.4,10.2,0.0,4.1,32.0,1016.6,7.4,1.2,65.0,0.1,7.2,19.4,1018.5,47.0,,0,0,209.28571428571428
2024-04-18 17:00:00,,4.2,1.1,8.4,10.2,0.0,4.1,32.0,1016.6,5.1,2.1,81.0,0.4,3.6,22.3,1019.8,0.0,,0,0,176.42857142857142
2024-04-18 18:00:00,,4.2,1.1,8.4,10.2,0.0,4.1,32.0,1016.6,5.1,1.9,80.0,1.0,3.6,10.8,1020.5,0.0,,0,0,159.375
2024-04-18 19:00:00,,4.2,1.1,8.4,10.2,0.0,4.1,32.0,1016.6,4.7,3.0,89.0,0.1,3.6,12.6,1021.3,0.0,,0,0,226.14285714285714
2024-04-18 20:00:00,,4.2,1.1,8.4,10.2,0.0,4.1,32.0,1016.6,4.8,3.6,92.0,0.7,3.6,14.8,1021.9,0.0,,0,0,210.14285714285714
2024-04-18 21:00:00,,4.2,1.1,8.4,10.2,0.0,4.1,32.0,1016.6,4.0,3.3,95.0,0.0,3.6,10.8,1022.7,0.0,,0,0,174.2
2024-04-18 22:00:00,,4.2,1.1,8.4,10.2,0.0,4.1,32.0,1016.6,3.4,2.4,93.0,0.7,3.6,10.4,1023.0,0.0,,0,0,63.857142857142854
2024-04-18 23:00:00,,4.2,1.1,8.4,10.2,0.0,4.1,32.0,1016.6,3.8,2.8,93.0,0.2,0.0,7.6,1022.8,0.0,,0,0,33.833333333333336
2024-04-19 00:00:00,,5.5,3.4,8.1,6.1,0.0,5.6,37.4,1018.4,4.2,3.5,95.0,0.0,3.6,8.3,1022.3,0.0,,0,0,22.875
2024-04-19 01:00:00,,5.5,3.4,8.1,6.1,0.0,5.6,37.4,1018.4,4.2,3.5,95.0,0.0,3.6,17.6,1022.2,0.0,,0,0,18.857142857142858
2024-04-19 02:00:00,,5.5,3.4,8.1,6.1,0.0,5.6,37.4,1018.4,4.0,3.4,96.0,0.1,3.6,16.9,1021.9,0.0,,0,0,18.0
2024-04-19 03:00:00,,5.5,3.4,8.1,6.1,0.0,5.6,37.4,1018.4,4.0,3.3,95.0,0.0,0.0,17.3,1021.4,0.0,,0,0,18.0
2024-04-19 04:00:00,,5.5,3.4,8.1,6.1,0.0,5.6,37.4,1018.4,4.1,3.4,95.0,0.0,3.6,16.7,1020.9,,,0,0,18.0
2024-04-19 05:00:00,,5.5,3.4,8.1,6.1,0.0,5.6,37.4,1018.4,4.0,3.6,97.0,0.0,3.6,16.7,1021.0,,,0,0,18.5
2024-04-19 06:00:00,,5.5,3.4,8.1,6.1,0.0,5.6,37.4,1018.4,4.3,3.1,92.0,0.0,3.6,28.1,1020.8,0.0,,0,0,20.833333333333332
2024-04-19 07:00:00,,5.5,3.4,8.1,6.1,0.0,5.6,37.4,1018.4,4.6,3.7,94.0,0.0,7.2,21.6,1020.8,0.0,,0,0,64.42857142857143
2024-04-19 08:00:00,,5.5,3.4,8.1,6.1,0.0,5.6,37.4,1018.4,6.1,3.1,81.0,0.0,10.8,20.9,1019.9,0.0,,0,0,139.125
2024-04-19 09:00:00,,5.5,3.4,8.1,6.1,0.0,5.6,37.4,1018.4,6.6,1.5,70.0,0.2,10.8,28.8,1020.0,0.0,,0,0,196.28571428571428
2024-04-19 10:00:00,,5.5,3.4,8.1,6.1,0.0,5.6,37.4,1018.4,7.1,1.2,66.0,0.5,14.4,31.3,1019.1,0.0,,0,0,234.0
2024-04-19 11:00:00,,5.5,3.4,8.1,6.1,0.0,5.6,37.4,1018.4,7.1,1.0,65.0,0.2,14.4,37.4,1017.8,0.0,,0,0,216.71428571428572
2024-04-19 12:00:00,,5.5,3.4,8.1,6.1,0.0,5.6,37.4,1018.4,8.1,-0.4,55.0,0.0,14.4,37.1,1016.4,0.0,,0,0,168.57142857142858
2024-04-19 13:00:00,,5.5,3.4,8.1,6.1,0.0,5.6,37.4,1018.4,8.1,1.0,61.0,0.1,3.6,36.7,1016.1,0.0,,0,0,155.625
2024-04-19 14:00:00,,5.5,3.4,8.1,6.1,0.0,5.6,37.4,1018.4,7.5,1.8,67.0,0.4,7.2,31.0,1015.2,0.0,,0,0,177.57142857142858
2024-04-19 15:00:00,,5.5,3.4,8.1,6.1,0.0,5.6,37.4,1018.4,6.4,2.3,75.0,0.5,3.6,23.8,1014.7,0.0,,0,0,185.85714285714286
2024-04-19 16:00:00,,5.5,3.4,8.1,6.1,0.0,5.6,37.4,1018.4,6.3,2.7,78.0,0.4,3.6,11.2,1014.5,0.0,,0,0,190.71428571428572
2024-04-19 17:00:00,,5.5,3.4,8.1,6.1,0.0,5.6,37.4,1018.4,5.9,3.2,83.0,0.7,3.6,16.9,1013.7,0.0,,0,0,156.0
2024-04-19 18:00:00,,5.5,3.4,8.1,6.1,0.0,5.6,37.4,1018.4,6.2,3.4,82.0,0.6,3.6,15.8,1013.4,0.0,,0,0,160.5
2024-04-19 19:00:00,,5.5,3.4,8.1,6.1,0.0,5.6,37.4,1018.4,5.6,4.1,90.0,0.1,3.6,13.7,1013.7,0.0,,0,0,175.42857142857142
2024-04-19 20:00:00,,5.5,3.4,8.1,6.1,0.0,5.6,37.4,1018.4,5.9,3.6,85.0,0.5,3.6,20.9,1014.4,0.0,,0,0,182.85714285714286
2024-04-19 21:00:00,,5.5,3.4,8.1,6.1,0.0,5.6,37.4,1018.4,5.0,3.7,91.0,0.9,3.6,27.0,1015.1,0.0,,0,0,181.0
2024-04-19 22:00:00,,5.5,3.4,8.1,6.1,0.0,5.6,37.4,1018.4,5.8,3.3,84.0,0.2,7.2,12.6,1014.7,0.0,,0,0,148.57142857142858
2024-04-19 23:00:00,,5.5,3.4,8.1,6.1,0.0,5.6,37.4,1018.4,6.3,3.5,82.0,0.3,7.2,19.8,1014.5,0.0,,0,0,115.75
2024-04-20 00:00:00,,5.1,3.3,7.1,27.4,0.0,5.4,42.8,1018.7,6.5,2.8,77.0,0.8,7.2,20.5,1014.4,0.0,„Vincent“ Weintour Dornbirn,0,0,71.57142857142857
2024-04-20 01:00:00,,5.1,3.3,7.1,27.4,0.0,5.4,42.8,1018.7,6.4,2.7,77.0,2.1,3.6,42.8,1014.0,0.0,„Vincent“ Weintour Dornbirn,0,0,43.42857142857143
2024-04-20 02:00:00,,5.1,3.3,7.1,27.4,0.0,5.4,42.8,1018.7,4.2,3.3,94.0,0.6,3.6,12.6,1015.2,0.0,„Vincent“ Weintour Dornbirn,0,0,22.571428571428573
2024-04-20 03:00:00,,5.1,3.3,7.1,27.4,0.0,5.4,42.8,1018.7,4.0,3.0,93.0,1.1,7.2,20.9,1015.7,0.0,„Vincent“ Weintour Dornbirn,0,0,19.142857142857142
2024-04-20 04:00:00,,5.1,3.3,7.1,27.4,0.0,5.4,42.8,1018.7,4.2,3.2,93.0,1.0,3.6,15.8,1016.0,0.0,„Vincent“ Weintour Dornbirn,0,0,17.25
2024-04-20 05:00:00,,5.1,3.3,7.1,27.4,0.0,5.4,42.8,1018.7,4.3,3.1,92.0,0.5,3.6,17.6,1016.7,0.0,„Vincent“ Weintour Dornbirn,0,0,17.0
2024-04-20 06:00:00,,5.1,3.3,7.1,27.4,0.0,5.4,42.8,1018.7,4.9,2.9,87.0,0.5,3.6,20.9,1017.3,0.0,„Vincent“ Weintour Dornbirn,0,0,17.0
2024-04-20 07:00:00,,5.1,3.3,7.1,27.4,0.0,5.4,42.8,1018.7,5.1,1.6,78.0,0.8,3.6,26.3,1018.0,0.0,„Vincent“ Weintour Dornbirn,1,0,21.0
2024-04-20 08:00:00,,5.1,3.3,7.1,27.4,0.0,5.4,42.8,1018.7,4.2,2.2,87.0,0.9,3.6,27.0,1019.0,0.0,„Vincent“ Weintour Dornbirn,1,0,71.14285714285714
2024-04-20 09:00:00,,5.1,3.3,7.1,27.4,0.0,5.4,42.8,1018.7,4.0,2.0,87.0,1.6,3.6,24.1,1019.5,0.0,„Vincent“ Weintour Dornbirn,1,0,201.625
2024-04-20 10:00:00,,5.1,3.3,7.1,27.4,0.0,5.4,42.8,1018.7,5.0,2.4,83.0,0.1,3.6,31.0,1019.6,0.0,„Vincent“ Weintour Dornbirn,1,0,339.57142857142856
2024-04-20 11:00:00,,5.1,3.3,7.1,27.4,0.0,5.4,42.8,1018.7,3.4,1.9,90.0,3.0,3.6,28.1,1020.8,0.0,„Vincent“ Weintour Dornbirn,1,0,385.2857142857143
2024-04-20 12:00:00,,5.1,3.3,7.1,27.4,0.0,5.4,42.8,1018.7,4.8,2.2,83.0,0.6,7.2,24.5,1020.8,14.0,„Vincent“ Weintour Dornbirn,1,0,321.2857142857143
2024-04-20 13:00:00,,5.1,3.3,7.1,27.4,0.0,5.4,42.8,1018.7,6.1,2.4,77.0,0.2,7.2,20.5,1020.5,23.0,„Vincent“ Weintour Dornbirn,0,0,244.57142857142858
2024-04-20 14:00:00,,5.1,3.3,7.1,27.4,0.0,5.4,42.8,1018.7,6.9,2.8,75.0,1.2,7.2,19.1,1020.4,7.0,„Vincent“ Weintour Dornbirn,0,0,197.25
2024-04-20 15:00:00,,5.1,3.3,7.1,27.4,0.0,5.4,42.8,1018.7,7.1,2.6,73.0,0.4,7.2,18.4,1020.3,8.0,„Vincent“ Weintour Dornbirn,0,0,194.85714285714286
2024-04-20 16:00:00,,5.1,3.3,7.1,27.4,0.0,5.4,42.8,1018.7,6.3,2.2,75.0,0.4,7.2,17.6,1020.7,14.0,„Vincent“ Weintour Dornbirn,0,0,169.57142857142858
2024-04-20 17:00:00,,5.1,3.3,7.1,27.4,0.0,5.4,42.8,1018.7,6.3,2.0,74.0,1.1,7.2,22.0,1020.7,0.0,„Vincent“ Weintour Dornbirn,0,0,129.28571428571428
2024-04-20 18:00:00,,5.1,3.3,7.1,27.4,0.0,5.4,42.8,1018.7,5.6,2.1,78.0,0.2,3.6,19.8,1020.9,0.0,„Vincent“ Weintour Dornbirn,0,0,140.28571428571428
2024-04-20 19:00:00,,5.1,3.3,7.1,27.4,0.0,5.4,42.8,1018.7,3.4,2.5,94.0,0.5,8.3,11.2,1022.6,0.0,„Vincent“ Weintour Dornbirn,0,0,236.5
2024-04-20 20:00:00,,5.1,3.3,7.1,27.4,0.0,5.4,42.8,1018.7,3.3,2.6,95.0,8.0,7.2,29.2,1022.8,0.0,„Vincent“ Weintour Dornbirn,0,0,293.7142857142857
2024-04-20 21:00:00,,5.1,3.3,7.1,27.4,0.0,5.4,42.8,1018.7,3.5,2.8,95.0,1.3,3.6,15.1,1022.7,0.0,„Vincent“ Weintour Dornbirn,0,0,302.42857142857144
2024-04-20 22:00:00,,5.1,3.3,7.1,27.4,0.0,5.4,42.8,1018.7,3.8,3.4,97.0,0.6,3.6,7.9,1022.4,0.0,„Vincent“ Weintour Dornbirn,0,0,276.42857142857144
2024-04-20 23:00:00,,5.1,3.3,7.1,27.4,0.0,5.4,42.8,1018.7,3.8,3.2,96.0,0.6,7.2,19.8,1022.2,0.0,„Vincent“ Weintour Dornbirn,0,0,163.57142857142858
2024-04-21 00:00:00,,2.8,0.7,5.1,14.3,0.0,4.6,39.6,1020.1,3.8,2.8,93.0,0.5,3.6,21.6,1021.8,0.0,,0,0,111.75
2024-04-21 01:00:00,,2.8,0.7,5.1,14.3,0.0,4.6,39.6,1020.1,3.4,3.0,97.0,0.3,3.6,18.4,1021.2,0.0,,0,0,77.57142857142857
2024-04-21 02:00:00,,2.8,0.7,5.1,14.3,0.0,4.6,39.6,1020.1,2.9,1.1,88.0,0.2,6.1,14.8,1021.1,0.0,,0,0,51.57142857142857
2024-04-21 03:00:00,,2.8,0.7,5.1,14.3,0.0,4.6,39.6,1020.1,3.3,3.2,99.0,0.3,3.6,15.8,1020.4,0.0,,0,0,41.42857142857143
2024-04-21 04:00:00,,2.8,0.7,5.1,14.3,0.0,4.6,39.6,1020.1,3.5,3.1,97.0,0.1,3.6,16.9,1019.5,0.0,,0,0,37.42857142857143
2024-04-21 05:00:00,,2.8,0.7,5.1,14.3,0.0,4.6,39.6,1020.1,3.4,3.1,98.0,0.1,3.6,14.4,1019.1,0.0,,0,0,36.0
2024-04-21 06:00:00,,2.8,0.7,5.1,14.3,0.0,4.6,39.6,1020.1,3.3,2.9,97.0,0.9,3.6,15.1,1018.8,0.0,,0,0,36.0
2024-04-21 07:00:00,,2.8,0.7,5.1,14.3,0.0,4.6,39.6,1020.1,3.3,2.9,97.0,1.0,7.2,16.9,1018.7,0.0,,0,0,36.857142857142854
2024-04-21 08:00:00,,2.8,0.7,5.1,14.3,0.0,4.6,39.6,1020.1,3.5,2.9,96.0,0.4,7.2,18.4,1018.5,0.0,,0,0,36.857142857142854
2024-04-21 09:00:00,,2.8,0.7,5.1,14.3,0.0,4.6,39.6,1020.1,5.1,3.0,86.0,0.8,3.6,16.6,1017.7,0.0,,0,0,37.857142857142854
2024-04-21 10:00:00,,2.8,0.7,5.1,14.3,0.0,4.6,39.6,1020.1,2.1,0.8,91.0,0.9,10.8,39.6,1018.5,0.0,,0,0,43.5
2024-04-21 11:00:00,,2.8,0.7,5.1,14.3,0.0,4.6,39.6,1020.1,1.4,0.7,95.0,1.0,7.2,19.8,1019.1,0.0,,0,0,52.42857142857143
2024-04-21 12:00:00,,2.8,0.7,5.1,14.3,0.0,4.6,39.6,1020.1,0.7,0.6,99.0,1.0,0.0,29.2,1019.7,0.0,,0,0,62.714285714285715
2024-04-21 13:00:00,,2.8,0.7,5.1,14.3,0.0,4.6,39.6,1020.1,0.7,0.6,99.0,2.0,3.6,23.8,1020.4,0.0,,0,0,68.14285714285714
2024-04-21 14:00:00,,2.8,0.7,5.1,14.3,0.0,4.6,39.6,1020.1,1.0,0.9,99.0,2.0,3.6,15.8,1020.3,0.0,,0,0,62.285714285714285
2024-04-21 15:00:00,,2.8,0.7,5.1,14.3,0.0,4.6,39.6,1020.1,2.2,1.6,96.0,0.1,7.2,23.4,1019.9,0.0,,0,0,57.285714285714285
2024-04-21 16:00:00,,2.8,0.7,5.1,14.3,0.0,4.6,39.6,1020.1,3.0,1.7,91.0,0.2,3.6,15.1,1019.8,5.0,,0,0,53.857142857142854
2024-04-21 17:00:00,,2.8,0.7,5.1,14.3,0.0,4.6,39.6,1020.1,3.2,1.6,89.0,0.1,3.6,7.9,1020.1,0.0,,0,0,47.57142857142857
2024-04-21 18:00:00,,2.8,0.7,5.1,14.3,0.0,4.6,39.6,1020.1,3.2,2.3,94.0,0.3,3.6,9.7,1020.4,6.0,,0,0,80.0
2024-04-21 19:00:00,,2.8,0.7,5.1,14.3,0.0,4.6,39.6,1020.1,2.0,1.4,96.0,0.1,3.6,10.1,1021.1,0.0,,0,0,85.71428571428571
2024-04-21 20:00:00,,2.8,0.7,5.1,14.3,0.0,4.6,39.6,1020.1,2.2,1.5,95.0,0.4,3.6,10.1,1021.2,0.0,,0,0,54.0
2024-04-21 21:00:00,,2.8,0.7,5.1,14.3,0.0,4.6,39.6,1020.1,2.8,2.1,95.0,0.4,3.6,11.2,1021.1,0.0,,0,0,26.571428571428573
2024-04-21 22:00:00,,2.8,0.7,5.1,14.3,0.0,4.6,39.6,1020.1,1.9,1.5,97.0,0.4,3.6,6.1,1021.3,0.0,,0,0,23.428571428571427
2024-04-21 23:00:00,,2.8,0.7,5.1,14.3,0.0,4.6,39.6,1020.1,1.5,1.1,97.0,0.5,3.6,8.3,1021.0,0.0,,0,0,20.5
2024-04-22 00:00:00,,3.5,0.8,5.6,5.1,0.0,5.8,34.6,1018.9,1.8,1.4,97.0,0.4,3.6,10.1,1021.0,0.0,,0,0,20.0
2024-04-22 01:00:00,,3.5,0.8,5.6,5.1,0.0,5.8,34.6,1018.9,1.6,1.2,97.0,0.2,0.0,9.7,1020.4,0.0,,0,0,20.0
2024-04-22 02:00:00,,3.5,0.8,5.6,5.1,0.0,5.8,34.6,1018.9,1.2,0.8,97.0,0.6,0.0,7.9,1020.2,0.0,,0,0,20.0
2024-04-22 03:00:00,,3.5,0.8,5.6,5.1,0.0,5.8,34.6,1018.9,0.8,0.7,99.0,0.2,0.0,7.9,1019.9,0.0,,0,0,20.0
2024-04-22 04:00:00,,3.5,0.8,5.6,5.1,0.0,5.8,34.6,1018.9,1.0,0.9,99.0,0.0,3.6,7.2,1019.7,0.0,,0,0,20.0
2024-04-22 05:00:00,,3.5,0.8,5.6,5.1,0.0,5.8,34.6,1018.9,1.8,1.4,97.0,0.1,8.6,5.8,1020.1,0.0,,0,0,20.0
2024-04-22 06:00:00,,3.5,0.8,5.6,5.1,0.0,5.8,34.6,1018.9,2.0,1.7,98.0,0.0,3.6,7.9,1019.4,0.0,,0,0,19.0
2024-04-22 07:00:00,,3.5,0.8,5.6,5.1,0.0,5.8,34.6,1018.9,2.5,1.9,96.0,0.0,3.6,14.0,1019.3,2.0,,0,0,68.0
2024-04-22 08:00:00,,3.5,0.8,5.6,5.1,0.0,5.8,34.6,1018.9,4.0,1.2,82.0,0.2,3.6,20.5,1018.8,59.0,,0,0,170.0
2024-04-22 09:00:00,,3.5,0.8,5.6,5.1,0.0,5.8,34.6,1018.9,5.3,1.6,77.0,0.5,7.2,26.6,1018.6,59.0,,0,0,365.125
2024-04-22 10:00:00,,3.5,0.8,5.6,5.1,0.0,5.8,34.6,1018.9,5.6,1.9,77.0,0.5,7.2,23.4,1018.5,6.0,,0,0,392.42857142857144
2024-04-22 11:00:00,,3.5,0.8,5.6,5.1,0.0,5.8,34.6,1018.9,5.4,1.7,77.0,0.6,7.2,31.0,1018.4,0.0,,0,0,281.2857142857143
2024-04-22 12:00:00,,3.5,0.8,5.6,5.1,0.0,5.8,34.6,1018.9,5.6,1.5,75.0,0.2,7.2,30.2,1018.2,0.0,,0,0,202.71428571428572
2024-04-22 13:00:00,,3.5,0.8,5.6,5.1,0.0,5.8,34.6,1018.9,5.4,0.8,72.0,0.2,10.8,30.6,1018.0,0.0,,0,0,185.0
2024-04-22 14:00:00,,3.5,0.8,5.6,5.1,0.0,5.8,34.6,1018.9,4.8,0.9,76.0,0.1,7.2,32.4,1018.0,0.0,,0,0,193.25
2024-04-22 15:00:00,,3.5,0.8,5.6,5.1,0.0,5.8,34.6,1018.9,5.1,0.7,73.0,0.3,10.8,34.6,1017.8,0.0,,0,0,196.85714285714286
2024-04-22 16:00:00,,3.5,0.8,5.6,5.1,0.0,5.8,34.6,1018.9,5.3,1.0,74.0,0.0,7.2,28.4,1017.4,0.0,,0,0,162.42857142857142
2024-04-22 17:00:00,,3.5,0.8,5.6,5.1,0.0,5.8,34.6,1018.9,5.0,0.9,75.0,0.1,10.8,27.4,1017.4,0.0,,0,0,112.28571428571429
2024-04-22 18:00:00,,3.5,0.8,5.6,5.1,0.0,5.8,34.6,1018.9,4.7,1.2,78.0,0.0,3.6,26.6,1017.4,0.0,,0,0,76.57142857142857
2024-04-22 19:00:00,,3.5,0.8,5.6,5.1,0.0,5.8,34.6,1018.9,4.0,1.2,82.0,0.0,3.6,20.2,1017.6,0.0,,0,0,82.0
2024-04-22 20:00:00,,3.5,0.8,5.6,5.1,0.0,5.8,34.6,1018.9,3.9,0.9,81.0,0.0,10.8,27.4,1017.9,0.0,,0,0,71.85714285714286
2024-04-22 21:00:00,,3.5,0.8,5.6,5.1,0.0,5.8,34.6,1018.9,3.8,0.7,80.0,0.0,10.8,31.3,1017.7,0.0,,0,0,41.142857142857146
2024-04-22 22:00:00,,3.5,0.8,5.6,5.1,0.0,5.8,34.6,1018.9,3.5,0.9,83.0,0.0,10.8,26.3,1017.5,0.0,,0,0,22.0
2024-04-22 23:00:00,,3.5,0.8,5.6,5.1,0.0,5.8,34.6,1018.9,3.3,0.9,84.0,0.1,7.2,22.7,1017.4,0.0,,0,0,14.0
2024-04-23 00:00:00,,4.2,2.7,6.6,2.6,0.0,6.2,34.2,1015.6,3.2,0.8,84.0,0.1,7.2,25.2,1016.9,0.0,,0,0,11.5
2024-04-23 01:00:00,,4.2,2.7,6.6,2.6,0.0,6.2,34.2,1015.6,3.3,0.2,80.0,0.1,3.6,31.7,1016.4,0.0,,0,0,11.0
2024-04-23 02:00:00,,4.2,2.7,6.6,2.6,0.0,6.2,34.2,1015.6,3.1,0.5,83.0,0.2,3.6,23.8,1016.0,0.0,,0,0,11.0
2024-04-23 03:00:00,,4.2,2.7,6.6,2.6,0.0,6.2,34.2,1015.6,2.7,0.6,86.0,0.2,3.6,22.0,1015.6,0.0,,0,0,11.0
2024-04-23 04:00:00,,4.2,2.7,6.6,2.6,0.0,6.2,34.2,1015.6,3.1,0.3,82.0,0.2,3.6,27.0,1015.3,0.0,,0,0,11.0
2024-04-23 05:00:00,,4.2,2.7,6.6,2.6,0.0,6.2,34.2,1015.6,3.1,0.5,83.0,0.3,7.2,29.2,1015.3,0.0,,0,0,11.125
2024-04-23 06:00:00,,4.2,2.7,6.6,2.6,0.0,6.2,34.2,1015.6,3.3,0.5,82.0,0.2,7.2,24.5,1015.3,5.0,,0,0,15.714285714285714
2024-04-23 07:00:00,,4.2,2.7,6.6,2.6,0.0,6.2,34.2,1015.6,4.1,0.4,77.0,0.0,7.2,28.4,1015.2,20.0,,0,0,70.0
2024-04-23 08:00:00,,4.2,2.7,6.6,2.6,0.0,6.2,34.2,1015.6,5.0,0.4,72.0,0.0,7.2,32.8,1015.0,23.0,,0,0,149.14285714285714
2024-04-23 09:00:00,,4.2,2.7,6.6,2.6,0.0,6.2,34.2,1015.6,5.6,0.6,70.0,0.3,7.2,32.0,1014.8,13.0,,0,0,193.57142857142858
2024-04-23 10:00:00,,4.2,2.7,6.6,2.6,0.0,6.2,34.2,1015.6,6.0,0.9,70.0,0.2,7.2,27.4,1014.8,7.0,,0,0,248.375
2024-04-23 11:00:00,,4.2,2.7,6.6,2.6,0.0,6.2,34.2,1015.6,6.6,0.9,67.0,0.0,7.2,34.2,1014.3,0.0,,0,0,225.28571428571428
2024-04-23 12:00:00,,4.2,2.7,6.6,2.6,0.0,6.2,34.2,1015.6,6.0,-0.1,65.0,0.0,10.8,32.4,1014.6,0.0,,0,0,198.28571428571428
2024-04-23 13:00:00,,4.2,2.7,6.6,2.6,0.0,6.2,34.2,1015.6,5.7,0.5,69.0,0.0,10.8,32.8,1014.7,0.0,,0,0,185.57142857142858
2024-04-23 14:00:00,,4.2,2.7,6.6,2.6,0.0,6.2,34.2,1015.6,5.5,0.9,72.0,0.2,7.2,28.1,1014.6,0.0,,0,0,201.0
2024-04-23 15:00:00,,4.2,2.7,6.6,2.6,0.0,6.2,34.2,1015.6,4.5,0.6,76.0,0.2,10.8,27.4,1015.0,0.0,,0,0,202.33333333333334
2024-04-23 16:00:00,,4.2,2.7,6.6,2.6,0.0,6.2,34.2,1015.6,4.3,0.8,78.0,0.2,7.2,25.6,1015.3,0.0,,0,0,174.57142857142858
2024-04-23 17:00:00,,4.2,2.7,6.6,2.6,0.0,6.2,34.2,1015.6,4.4,0.7,77.0,0.1,3.6,22.3,1015.5,0.0,,0,0,139.28571428571428
2024-04-23 18:00:00,,4.2,2.7,6.6,2.6,0.0,6.2,34.2,1015.6,4.2,0.5,77.0,0.0,3.6,19.4,1015.6,0.0,,0,0,99.125
2024-04-23 19:00:00,,4.2,2.7,6.6,2.6,0.0,6.2,34.2,1015.6,3.8,1.2,83.0,0.0,0.0,10.8,1016.0,0.0,,0,0,106.42857142857143
2024-04-23 20:00:00,,4.2,2.7,6.6,2.6,0.0,6.2,34.2,1015.6,3.5,2.0,90.0,0.0,0.0,11.5,1016.2,0.0,,0,0,97.42857142857143
2024-04-23 21:00:00,,4.2,2.7,6.6,2.6,0.0,6.2,34.2,1015.6,3.5,2.2,91.0,0.0,3.6,10.8,1016.2,0.0,,0,0,68.57142857142857
2024-04-23 22:00:00,,4.2,2.7,6.6,2.6,0.0,6.2,34.2,1015.6,3.7,2.1,89.0,0.1,3.6,10.8,1015.9,0.0,,0,0,31.375
2024-04-23 23:00:00,,4.2,2.7,6.6,2.6,0.0,6.2,34.2,1015.6,3.3,2.6,95.0,0.1,3.6,11.2,1015.9,0.0,,0,0,18.428571428571427
2024-04-24 00:00:00,,5.2,3.2,8.7,9.0,0.0,6.2,36.0,1012.6,3.2,2.2,93.0,0.1,0.0,7.2,1015.3,0.0,,0,0,16.428571428571427
2024-04-24 01:00:00,,5.2,3.2,8.7,9.0,0.0,6.2,36.0,1012.6,3.2,2.3,94.0,0.1,3.6,6.5,1014.8,0.0,,0,0,16.0
2024-04-24 02:00:00,,5.2,3.2,8.7,9.0,0.0,6.2,36.0,1012.6,3.5,2.5,93.0,0.8,3.6,6.8,1014.5,0.0,,0,0,15.142857142857142
2024-04-24 03:00:00,,5.2,3.2,8.7,9.0,0.0,6.2,36.0,1012.6,3.3,2.4,94.0,1.2,3.6,7.2,1014.1,0.0,,0,0,15.0
2024-04-24 04:00:00,,5.2,3.2,8.7,9.0,0.0,6.2,36.0,1012.6,3.5,2.8,95.0,0.1,3.6,9.4,1013.7,0.0,,0,0,15.0
2024-04-24 05:00:00,,5.2,3.2,8.7,9.0,0.0,6.2,36.0,1012.6,3.2,2.2,93.0,0.4,3.6,8.3,1013.6,0.0,,0,0,15.142857142857142
2024-04-24 06:00:00,,5.2,3.2,8.7,9.0,0.0,6.2,36.0,1012.6,3.5,2.8,95.0,0.1,3.6,8.6,1013.5,0.0,,0,0,18.0
2024-04-24 07:00:00,,5.2,3.2,8.7,9.0,0.0,6.2,36.0,1012.6,3.9,2.6,91.0,0.1,3.6,11.2,1013.3,0.0,,1,0,63.0
2024-04-24 08:00:00,,5.2,3.2,8.7,9.0,0.0,6.2,36.0,1012.6,5.4,2.6,82.0,0.0,3.6,7.2,1012.7,0.0,,1,0,155.85714285714286
2024-04-24 09:00:00,,5.2,3.2,8.7,9.0,0.0,6.2,36.0,1012.6,6.2,-0.3,63.0,0.2,10.8,12.2,1012.3,3.0,,1,0,270.875
2024-04-24 10:00:00,,5.2,3.2,8.7,9.0,0.0,6.2,36.0,1012.6,7.1,-1.1,56.0,0.3,10.8,18.0,1011.9,1.0,,1,0,292.42857142857144
2024-04-24 11:00:00,,5.2,3.2,8.7,9.0,0.0,6.2,36.0,1012.6,7.4,-0.6,57.0,0.0,10.8,13.7,1011.5,22.0,,1,0,255.0
2024-04-24 12:00:00,,5.2,3.2,8.7,9.0,0.0,6.2,36.0,1012.6,8.7,-0.9,51.0,0.1,10.8,36.0,1010.4,22.0,,1,0,192.0
2024-04-24 13:00:00,,5.2,3.2,8.7,9.0,0.0,6.2,36.0,1012.6,7.2,-0.3,59.0,0.1,7.2,33.1,1010.9,0.0,,0,0,179.57142857142858
2024-04-24 14:00:00,,5.2,3.2,8.7,9.0,0.0,6.2,36.0,1012.6,6.6,0.1,63.0,0.7,7.2,24.5,1010.8,0.0,,0,0,203.57142857142858
2024-04-24 15:00:00,,5.2,3.2,8.7,9.0,0.0,6.2,36.0,1012.6,7.1,-0.4,59.0,1.0,7.2,29.2,1010.4,0.0,,0,0,220.85714285714286
2024-04-24 16:00:00,,5.2,3.2,8.7,9.0,0.0,6.2,36.0,1012.6,6.7,1.0,67.0,0.8,7.2,29.9,1010.2,4.0,,0,0,205.71428571428572
2024-04-24 17:00:00,,5.2,3.2,8.7,9.0,0.0,6.2,36.0,1012.6,6.0,2.5,78.0,0.2,10.8,26.6,1010.3,22.0,,0,0,150.25
2024-04-24 18:00:00,,5.2,3.2,8.7,9.0,0.0,6.2,36.0,1012.6,6.5,1.0,68.0,0.5,7.2,24.1,1010.6,15.0,,0,0,134.28571428571428
2024-04-24 19:00:00,,5.2,3.2,8.7,9.0,0.0,6.2,36.0,1012.6,6.4,0.5,66.0,1.4,10.8,26.6,1011.0,0.0,,0,0,152.42857142857142
2024-04-24 20:00:00,,5.2,3.2,8.7,9.0,0.0,6.2,36.0,1012.6,5.3,1.6,77.0,0.0,7.2,24.1,1012.0,0.0,,0,0,144.0
2024-04-24 21:00:00,,5.2,3.2,8.7,9.0,0.0,6.2,36.0,1012.6,4.7,1.7,81.0,0.6,3.6,22.7,1012.3,0.0,,0,0,97.28571428571429
2024-04-24 22:00:00,,5.2,3.2,8.7,9.0,0.0,6.2,36.0,1012.6,4.5,2.2,85.0,0.0,3.6,18.4,1012.3,0.0,,0,0,58.625
2024-04-24 23:00:00,,5.2,3.2,8.7,9.0,0.0,6.2,36.0,1012.6,4.3,1.7,83.0,0.4,3.6,14.4,1012.0,0.0,,0,0,34.57142857142857
2024-04-25 00:00:00,,5.8,3.2,9.7,3.6,0.0,4.8,28.4,1010.0,3.8,2.0,88.0,0.4,0.0,17.6,1012.2,0.0,,0,0,22.428571428571427
2024-04-25 01:00:00,,5.8,3.2,9.7,3.6,0.0,4.8,28.4,1010.0,4.4,1.9,84.0,0.1,3.6,11.9,1011.5,0.0,,0,0,15.857142857142858
2024-04-25 02:00:00,,5.8,3.2,9.7,3.6,0.0,4.8,28.4,1010.0,3.9,2.3,89.0,0.0,3.6,14.0,1011.2,0.0,,0,0,13.285714285714286
2024-04-25 03:00:00,,5.8,3.2,9.7,3.6,0.0,4.8,28.4,1010.0,3.7,2.1,89.0,0.5,3.6,6.5,1011.0,0.0,,0,0,13.0
2024-04-25 04:00:00,,5.8,3.2,9.7,3.6,0.0,4.8,28.4,1010.0,3.2,2.2,93.0,0.6,3.6,9.4,1011.2,0.0,,0,0,13.0
2024-04-25 05:00:00,,5.8,3.2,9.7,3.6,0.0,4.8,28.4,1010.0,3.4,2.4,93.0,0.7,3.6,18.0,1011.2,0.0,,0,0,13.428571428571429
2024-04-25 06:00:00,,5.8,3.2,9.7,3.6,0.0,4.8,28.4,1010.0,3.4,2.2,92.0,0.0,3.6,14.8,1011.3,0.0,,0,0,17.0
2024-04-25 07:00:00,,5.8,3.2,9.7,3.6,0.0,4.8,28.4,1010.0,3.7,1.9,88.0,0.0,3.6,15.8,1011.7,0.0,,0,0,68.71428571428571
2024-04-25 08:00:00,,5.8,3.2,9.7,3.6,0.0,4.8,28.4,1010.0,4.6,1.8,82.0,0.4,3.6,17.6,1011.3,1.0,,0,0,133.14285714285714
2024-04-25 09:00:00,,5.8,3.2,9.7,3.6,0.0,4.8,28.4,1010.0,6.2,1.3,71.0,0.0,7.2,14.8,1010.7,21.0,,0,0,191.71428571428572
2024-04-25 10:00:00,,5.8,3.2,9.7,3.6,0.0,4.8,28.4,1010.0,7.0,0.9,65.0,0.2,7.2,12.6,1010.1,10.0,,0,0,231.5
2024-04-25 11:00:00,,5.8,3.2,9.7,3.6,0.0,4.8,28.4,1010.0,8.5,0.2,56.0,0.2,7.2,23.0,1009.3,10.0,,0,0,207.71428571428572
2024-04-25 12:00:00,,5.8,3.2,9.7,3.6,0.0,4.8,28.4,1010.0,7.4,0.6,62.0,0.1,7.2,28.4,1009.5,0.0,,0,0,201.0
2024-04-25 13:00:00,,5.8,3.2,9.7,3.6,0.0,4.8,28.4,1010.0,8.8,0.5,56.0,0.0,7.2,18.0,1008.6,22.0,,0,0,192.71428571428572
2024-04-25 14:00:00,,5.8,3.2,9.7,3.6,0.0,4.8,28.4,1010.0,8.7,-0.1,54.0,0.0,7.2,20.2,1008.4,43.0,,0,0,208.28571428571428
2024-04-25 15:00:00,,5.8,3.2,9.7,3.6,0.0,4.8,28.4,1010.0,9.7,-0.5,49.0,0.0,7.2,13.3,1007.8,60.0,,0,0,230.85714285714286
2024-04-25 16:00:00,,5.8,3.2,9.7,3.6,0.0,4.8,28.4,1010.0,9.7,-0.8,48.0,0.0,3.6,13.7,1007.3,60.0,,0,0,189.5
2024-04-25 17:00:00,,5.8,3.2,9.7,3.6,0.0,4.8,28.4,1010.0,9.4,-0.5,50.0,0.0,7.2,11.5,1007.2,60.0,,0,0,133.57142857142858
2024-04-25 18:00:00,,5.8,3.2,9.7,3.6,0.0,4.8,28.4,1010.0,8.4,0.6,58.0,0.0,3.6,8.6,1007.5,53.0,,0,0,123.0
2024-04-25 19:00:00,,5.8,3.2,9.7,3.6,0.0,4.8,28.4,1010.0,4.5,-0.1,72.0,0.0,7.6,9.0,1008.6,7.0,,0,0,149.42857142857142
2024-04-25 20:00:00,,5.8,3.2,9.7,3.6,0.0,4.8,28.4,1010.0,4.4,1.6,82.0,0.0,3.6,8.3,1009.0,0.0,,0,0,134.375
2024-04-25 21:00:00,,5.8,3.2,9.7,3.6,0.0,4.8,28.4,1010.0,4.6,1.3,79.0,0.0,3.6,6.8,1008.9,0.0,,0,0,89.14285714285714
2024-04-25 22:00:00,,5.8,3.2,9.7,3.6,0.0,4.8,28.4,1010.0,2.5,1.2,91.0,0.0,0.0,8.3,1009.4,0.0,,0,0,55.57142857142857
2024-04-25 23:00:00,,5.8,3.2,9.7,3.6,0.0,4.8,28.4,1010.0,2.8,1.2,89.0,0.0,0.0,21.2,1009.5,0.0,,0,0,32.857142857142854
2024-04-26 00:00:00,,7.8,0.8,15.0,0.0,0.0,3.6,29.2,1007.8,1.6,0.4,92.0,0.0,0.0,20.5,1009.5,0.0,,0,0,25.333333333333332
2024-04-26 01:00:00,,7.8,0.8,15.0,0.0,0.0,3.6,29.2,1007.8,0.8,-0.1,94.0,0.0,0.0,20.2,1009.4,0.0,,0,0,22.0
2024-04-26 02:00:00,,7.8,0.8,15.0,0.0,0.0,3.6,29.2,1007.8,1.2,0.3,94.0,0.0,0.0,29.2,1009.2,0.0,,0,0,19.375
2024-04-26 03:00:00,,7.8,0.8,15.0,0.0,0.0,3.6,29.2,1007.8,1.3,0.4,94.0,0.0,3.6,28.4,1009.1,0.0,,0,0,19.0
2024-04-26 04:00:00,,7.8,0.8,15.0,0.0,0.0,3.6,29.2,1007.8,1.7,0.8,94.0,0.0,3.6,19.1,1008.3,0.0,,0,0,19.0
2024-04-26 05:00:00,,7.8,0.8,15.0,0.0,0.0,3.6,29.2,1007.8,1.5,0.5,93.0,0.0,3.6,11.2,1008.5,0.0,,0,0,19.571428571428573
2024-04-26 06:00:00,,7.8,0.8,15.0,0.0,0.0,3.6,29.2,1007.8,4.6,1.3,79.0,0.0,3.6,9.0,1007.8,1.0,,0,0,23.0
2024-04-26 07:00:00,,7.8,0.8,15.0,0.0,0.0,3.6,29.2,1007.8,6.5,1.8,72.0,0.0,3.6,6.5,1007.8,40.0,,0,0,76.125
2024-04-26 08:00:00,,7.8,0.8,15.0,0.0,0.0,3.6,29.2,1007.8,9.0,1.9,61.0,0.0,3.6,7.6,1007.4,58.0,,0,0,145.57142857142858
2024-04-26 09:00:00,,7.8,0.8,15.0,0.0,0.0,3.6,29.2,1007.8,10.6,3.2,60.0,0.0,7.2,19.1,1007.4,46.0,,0,0,204.28571428571428
2024-04-26 10:00:00,,7.8,0.8,15.0,0.0,0.0,3.6,29.2,1007.8,9.8,1.9,58.0,0.0,7.2,13.7,1007.8,13.0,,0,0,226.57142857142858
2024-04-26 11:00:00,,7.8,0.8,15.0,0.0,0.0,3.6,29.2,1007.8,12.4,1.4,47.0,0.0,3.6,10.1,1006.8,59.0,,0,0,219.42857142857142
2024-04-26 12:00:00,,7.8,0.8,15.0,0.0,0.0,3.6,29.2,1007.8,13.5,2.4,47.0,0.0,7.2,14.0,1006.1,49.0,,0,0,215.25
2024-04-26 13:00:00,,7.8,0.8,15.0,0.0,0.0,3.6,29.2,1007.8,13.3,3.4,51.0,0.0,10.8,17.6,1006.5,33.0,,0,0,238.0
2024-04-26 14:00:00,,7.8,0.8,15.0,0.0,0.0,3.6,29.2,1007.8,13.1,1.7,46.0,0.0,10.8,14.0,1006.6,32.0,,0,0,248.57142857142858
2024-04-26 15:00:00,,7.8,0.8,15.0,0.0,0.0,3.6,29.2,1007.8,14.5,2.7,45.0,0.0,7.2,13.0,1005.9,52.0,,0,0,238.85714285714286
2024-04-26 16:00:00,,7.8,0.8,15.0,0.0,0.0,3.6,29.2,1007.8,15.0,2.5,43.0,0.0,3.6,12.6,1005.6,60.0,,0,0,223.57142857142858
2024-04-26 17:00:00,,7.8,0.8,15.0,0.0,0.0,3.6,29.2,1007.8,14.5,2.7,45.0,0.0,3.6,11.9,1005.6,57.0,,0,0,203.14285714285714
2024-04-26 18:00:00,,7.8,0.8,15.0,0.0,0.0,3.6,29.2,1007.8,11.9,3.9,58.0,0.0,0.0,9.0,1006.5,22.0,,0,0,285.25
2024-04-26 19:00:00,,7.8,0.8,15.0,0.0,0.0,3.6,29.2,1007.8,9.5,4.5,71.0,0.0,3.6,10.8,1007.8,0.0,,0,0,372.14285714285717
2024-04-26 20:00:00,,7.8,0.8,15.0,0.0,0.0,3.6,29.2,1007.8,9.1,3.7,69.0,0.0,0.0,11.9,1008.5,0.0,,0,0,375.7142857142857
2024-04-26 21:00:00,,7.8,0.8,15.0,0.0,0.0,3.6,29.2,1007.8,6.4,3.6,82.0,0.0,0.0,13.3,1009.1,0.0,,0,0,277.14285714285717
2024-04-26 22:00:00,,7.8,0.8,15.0,0.0,0.0,3.6,29.2,1007.8,5.3,3.1,86.0,0.0,0.0,10.8,1009.5,0.0,,0,0,186.14285714285714
2024-04-26 23:00:00,,7.8,0.8,15.0,0.0,0.0,3.6,29.2,1007.8,4.9,3.6,91.0,0.0,3.6,8.3,1009.6,0.0,,0,0,128.5
2024-04-27 00:00:00,,12.4,2.3,20.1,0.0,0.0,6.8,53.6,1008.4,4.1,2.8,91.0,0.0,0.0,6.1,1009.8,0.0,,0,0,89.14285714285714
2024-04-27 01:00:00,,12.4,2.3,20.1,0.0,0.0,6.8,53.6,1008.4,3.5,2.5,93.0,0.0,0.0,9.4,1010.1,0.0,,0,0,68.71428571428571
2024-04-27 02:00:00,,12.4,2.3,20.1,0.0,0.0,6.8,53.6,1008.4,3.0,2.3,95.0,0.0,0.0,7.9,1009.9,0.0,,0,0,50.714285714285715
2024-04-27 03:00:00,,12.4,2.3,20.1,0.0,0.0,6.8,53.6,1008.4,2.4,1.7,95.0,0.0,0.0,9.4,1010.3,0.0,,0,0,43.57142857142857
2024-04-27 04:00:00,,12.4,2.3,20.1,0.0,0.0,6.8,53.6,1008.4,2.3,1.9,97.0,0.0,0.0,7.2,1010.3,0.0,,0,0,41.5
2024-04-27 05:00:00,,12.4,2.3,20.1,0.0,0.0,6.8,53.6,1008.4,3.3,2.9,97.0,0.0,0.0,8.3,1010.4,0.0,,0,0,41.0
2024-04-27 06:00:00,,12.4,2.3,20.1,0.0,0.0,6.8,53.6,1008.4,7.5,3.0,73.0,0.0,0.0,14.8,1009.8,,,0,0,41.142857142857146
2024-04-27 07:00:00,,12.4,2.3,20.1,0.0,0.0,6.8,53.6,1008.4,11.4,3.4,58.0,0.0,3.6,7.9,1009.2,60.0,,1,0,52.0
2024-04-27 08:00:00,,12.4,2.3,20.1,0.0,0.0,6.8,53.6,1008.4,14.0,1.9,44.0,0.0,3.6,10.8,1008.8,60.0,,1,0,106.28571428571429
2024-04-27 09:00:00,,12.4,2.3,20.1,0.0,0.0,6.8,53.6,1008.4,15.7,4.4,47.0,0.0,3.6,11.5,1008.4,60.0,,1,0,260.25
2024-04-27 10:00:00,,12.4,2.3,20.1,0.0,0.0,6.8,53.6,1008.4,18.1,-0.7,28.0,0.0,10.8,11.5,1007.7,60.0,,1,0,401.57142857142856
2024-04-27 11:00:00,,12.4,2.3,20.1,0.0,0.0,6.8,53.6,1008.4,18.8,-2.2,24.0,0.0,14.4,16.9,1007.5,60.0,,1,0,384.14285714285717
2024-04-27 12:00:00,,12.4,2.3,20.1,0.0,0.0,6.8,53.6,1008.4,19.3,-0.2,27.0,0.0,14.4,40.7,1006.8,60.0,,1,0,324.57142857142856
2024-04-27 13:00:00,,12.4,2.3,20.1,0.0,0.0,6.8,53.6,1008.4,19.4,-0.6,26.0,0.0,18.0,48.6,1007.1,59.0,,0,0,260.42857142857144
2024-04-27 14:00:00,,12.4,2.3,20.1,0.0,0.0,6.8,53.6,1008.4,20.0,-1.2,24.0,0.0,18.0,50.0,1006.7,60.0,,0,0,221.625
2024-04-27 15:00:00,,12.4,2.3,20.1,0.0,0.0,6.8,53.6,1008.4,19.9,-1.9,23.0,0.0,18.0,47.2,1006.6,60.0,,0,0,186.28571428571428
2024-04-27 16:00:00,,12.4,2.3,20.1,0.0,0.0,6.8,53.6,1008.4,20.1,-1.7,23.0,0.0,18.0,49.0,1006.3,59.0,,0,0,130.57142857142858
2024-04-27 17:00:00,,12.4,2.3,20.1,0.0,0.0,6.8,53.6,1008.4,19.6,-0.4,26.0,0.0,10.8,53.6,1006.3,50.0,,0,0,94.42857142857143
2024-04-27 18:00:00,,12.4,2.3,20.1,0.0,0.0,6.8,53.6,1008.4,17.3,0.4,32.0,0.0,7.2,35.6,1006.7,8.0,,0,0,154.33333333333334
2024-04-27 19:00:00,,12.4,2.3,20.1,0.0,0.0,6.8,53.6,1008.4,16.8,0.8,34.0,0.0,7.2,33.8,1007.1,0.0,,0,0,298.25
2024-04-27 20:00:00,,12.4,2.3,20.1,0.0,0.0,6.8,53.6,1008.4,16.2,1.1,36.0,0.0,10.8,39.6,1007.7,0.0,,0,0,328.85714285714283
2024-04-27 21:00:00,,12.4,2.3,20.1,0.0,0.0,6.8,53.6,1008.4,14.5,2.7,45.0,0.0,0.0,40.0,1008.6,0.0,,0,0,253.28571428571428
2024-04-27 22:00:00,,12.4,2.3,20.1,0.0,0.0,6.8,53.6,1008.4,12.9,3.5,53.0,0.0,3.6,38.9,1009.0,0.0,,0,0,181.0
2024-04-27 23:00:00,,12.4,2.3,20.1,0.0,0.0,6.8,53.6,1008.4,15.0,3.2,45.0,0.0,3.6,32.8,1008.8,0.0,,0,0,128.71428571428572
2024-04-28 00:00:00,,15.4,10.6,20.0,0.1,0.0,7.5,49.7,1012.1,15.5,2.6,42.0,0.0,10.8,37.1,1008.7,0.0,,0,0,92.125
2024-04-28 01:00:00,,15.4,10.6,20.0,0.1,0.0,7.5,49.7,1012.1,13.9,2.5,46.0,0.0,0.0,39.2,1008.2,0.0,,0,0,62.57142857142857
2024-04-28 02:00:00,,15.4,10.6,20.0,0.1,0.0,7.5,49.7,1012.1,15.4,2.5,42.0,0.0,7.2,38.2,1008.3,0.0,,0,0,44.57142857142857
2024-04-28 03:00:00,,15.4,10.6,20.0,0.1,0.0,7.5,49.7,1012.1,15.0,2.8,44.0,0.0,7.2,45.7,1008.3,0.0,,0,0,37.285714285714285
2024-04-28 04:00:00,,15.4,10.6,20.0,0.1,0.0,7.5,49.7,1012.1,15.7,3.1,43.0,0.0,14.4,37.8,1008.1,0.0,,0,0,36.0
2024-04-28 05:00:00,,15.4,10.6,20.0,0.1,0.0,7.5,49.7,1012.1,15.3,3.7,46.0,0.0,7.2,42.8,1008.4,0.0,,0,0,35.0
2024-04-28 06:00:00,,15.4,10.6,20.0,0.1,0.0,7.5,49.7,1012.1,14.9,3.7,47.0,0.0,10.8,43.2,1008.8,0.0,,0,0,35.0
2024-04-28 07:00:00,,15.4,10.6,20.0,0.1,0.0,7.5,49.7,1012.1,16.0,4.7,47.0,0.0,3.6,49.7,1009.2,0.0,,0,0,35.857142857142854
2024-04-28 08:00:00,,15.4,10.6,20.0,0.1,0.0,7.5,49.7,1012.1,18.4,3.4,37.0,0.0,7.2,46.1,1009.1,13.0,,0,0,37.0
2024-04-28 09:00:00,,15.4,10.6,20.0,0.1,0.0,7.5,49.7,1012.1,20.0,4.1,35.0,0.0,14.4,34.9,1009.6,23.0,,0,0,38.5
2024-04-28 10:00:00,,15.4,10.6,20.0,0.1,0.0,7.5,49.7,1012.1,16.7,6.2,50.0,0.0,14.4,34.9,1011.5,41.0,,0,0,42.0
2024-04-28 11:00:00,,15.4,10.6,20.0,0.1,0.0,7.5,49.7,1012.1,16.2,7.9,58.0,0.0,14.4,25.6,1012.7,59.0,,0,0,43.285714285714285
2024-04-28 12:00:00,,15.4,10.6,20.0,0.1,0.0,7.5,49.7,1012.1,16.7,8.1,57.0,0.0,7.2,15.5,1013.0,1.0,,0,0,49.0
2024-04-28 13:00:00,,15.4,10.6,20.0,0.1,0.0,7.5,49.7,1012.1,17.2,8.3,56.0,0.0,7.2,13.3,1013.7,2.0,,0,0,52.0
2024-04-28 14:00:00,,15.4,10.6,20.0,0.1,0.0,7.5,49.7,1012.1,17.3,7.9,54.0,0.0,10.8,14.4,1014.1,7.0,,0,0,50.625
2024-04-28 15:00:00,,15.4,10.6,20.0,0.1,0.0,7.5,49.7,1012.1,17.6,8.7,56.0,0.0,7.2,16.9,1014.7,0.0,,0,0,58.142857142857146
2024-04-28 16:00:00,,15.4,10.6,20.0,0.1,0.0,7.5,49.7,1012.1,15.6,8.8,64.0,0.0,7.2,16.6,1015.9,0.0,,0,0,71.71428571428571
2024-04-28 17:00:00,,15.4,10.6,20.0,0.1,0.0,7.5,49.7,1012.1,14.7,8.0,64.0,0.1,3.6,20.9,1016.6,0.0,,0,0,136.85714285714286
2024-04-28 18:00:00,,15.4,10.6,20.0,0.1,0.0,7.5,49.7,1012.1,13.9,7.4,65.0,0.0,3.6,11.2,1017.0,0.0,,0,0,209.14285714285714
2024-04-28 19:00:00,,15.4,10.6,20.0,0.1,0.0,7.5,49.7,1012.1,13.3,9.7,79.0,0.0,5.4,12.2,1018.1,0.0,,0,0,210.71428571428572
2024-04-28 20:00:00,,15.4,10.6,20.0,0.1,0.0,7.5,49.7,1012.1,12.5,9.7,83.0,0.0,5.8,9.7,1018.4,0.0,,0,0,117.5
2024-04-28 21:00:00,,15.4,10.6,20.0,0.1,0.0,7.5,49.7,1012.1,10.6,7.3,80.0,0.0,3.6,8.3,1019.5,0.0,,0,0,51.142857142857146
2024-04-28 22:00:00,,15.4,10.6,20.0,0.1,0.0,7.5,49.7,1012.1,9.4,7.2,86.0,0.0,3.6,9.0,1020.1,0.0,,0,0,32.57142857142857
2024-04-28 23:00:00,,15.4,10.6,20.0,0.1,0.0,7.5,49.7,1012.1,8.2,6.8,91.0,0.0,0.0,11.2,1020.7,0.0,,0,0,26.571428571428573
2024-04-29 00:00:00,,13.3,5.4,22.1,0.0,0.0,2.9,14.0,1019.1,7.9,6.8,93.0,0.0,0.0,8.3,1020.7,0.0,,0,0,26.0
2024-04-29 01:00:00,,13.3,5.4,22.1,0.0,0.0,2.9,14.0,1019.1,6.9,6.3,96.0,0.0,0.0,5.8,1021.0,0.0,,0,0,26.0
2024-04-29 02:00:00,,13.3,5.4,22.1,0.0,0.0,2.9,14.0,1019.1,6.4,6.0,97.0,0.0,0.0,6.5,1021.6,0.0,,0,0,26.0
2024-04-29 03:00:00,,13.3,5.4,22.1,0.0,0.0,2.9,14.0,1019.1,5.8,5.4,97.0,0.0,0.0,11.1,1021.8,,,0,0,27.0
2024-04-29 04:00:00,,13.3,5.4,22.1,0.0,0.0,2.9,14.0,1019.1,5.4,5.1,98.0,0.0,3.6,9.3,1021.8,,,0,0,27.0
2024-04-29 05:00:00,,13.3,5.4,22.1,0.0,0.0,2.9,14.0,1019.1,6.4,6.0,97.0,0.0,3.6,7.9,1021.8,0.0,,0,0,27.0
2024-04-29 06:00:00,,13.3,5.4,22.1,0.0,0.0,2.9,14.0,1019.1,9.4,6.1,80.0,0.0,3.6,7.4,1021.3,,,0,0,29.0
2024-04-29 07:00:00,,13.3,5.4,22.1,0.0,0.0,2.9,14.0,1019.1,11.7,6.8,72.0,0.0,0.0,7.9,1020.6,59.0,,0,0,73.85714285714286
2024-04-29 08:00:00,,13.3,5.4,22.1,0.0,0.0,2.9,14.0,1019.1,14.0,7.7,66.0,0.0,7.2,10.1,1020.1,60.0,,0,0,157.71428571428572
2024-04-29 09:00:00,,13.3,5.4,22.1,0.0,0.0,2.9,14.0,1019.1,14.1,8.1,67.0,0.0,7.2,14.0,1019.9,60.0,,0,0,348.42857142857144
2024-04-29 10:00:00,,13.3,5.4,22.1,0.0,0.0,2.9,14.0,1019.1,14.3,8.9,70.0,0.0,7.2,13.3,1019.8,59.0,,0,0,386.85714285714283
2024-04-29 11:00:00,,13.3,5.4,22.1,0.0,0.0,2.9,14.0,1019.1,16.0,8.7,62.0,0.0,3.6,9.4,1018.9,59.0,,0,0,287.625
2024-04-29 12:00:00,,13.3,5.4,22.1,0.0,0.0,2.9,14.0,1019.1,18.1,10.2,60.0,0.0,3.6,9.0,1018.0,59.0,,0,0,207.28571428571428
2024-04-29 13:00:00,,13.3,5.4,22.1,0.0,0.0,2.9,14.0,1019.1,19.5,9.9,54.0,0.0,3.6,11.2,1017.2,59.0,,0,0,193.28571428571428
2024-04-29 14:00:00,,13.3,5.4,22.1,0.0,0.0,2.9,14.0,1019.1,20.6,11.2,55.0,0.0,3.6,10.1,1016.4,50.0,,0,0,213.57142857142858
2024-04-29 15:00:00,,13.3,5.4,22.1,0.0,0.0,2.9,14.0,1019.1,21.2,10.4,50.0,0.0,7.2,10.8,1016.1,56.0,,0,0,199.5
2024-04-29 16:00:00,,13.3,5.4,22.1,0.0,0.0,2.9,14.0,1019.1,22.1,10.3,47.0,0.0,3.6,8.6,1015.9,60.0,,0,0,163.14285714285714
2024-04-29 17:00:00,,13.3,5.4,22.1,0.0,0.0,2.9,14.0,1019.1,22.0,9.8,46.0,0.0,3.6,6.1,1015.4,60.0,,0,0,136.71428571428572
2024-04-29 18:00:00,,13.3,5.4,22.1,0.0,0.0,2.9,14.0,1019.1,18.5,11.6,64.0,0.0,0.0,5.4,1016.0,22.0,,0,0,118.28571428571429
2024-04-29 19:00:00,,13.3,5.4,22.1,0.0,0.0,2.9,14.0,1019.1,15.5,10.7,73.0,0.0,0.0,9.7,1017.0,0.0,,0,0,115.28571428571429
2024-04-29 20:00:00,,13.3,5.4,22.1,0.0,0.0,2.9,14.0,1019.1,13.8,10.6,81.0,0.0,0.0,9.4,1017.6,0.0,,0,0,97.57142857142857
2024-04-29 21:00:00,,13.3,5.4,22.1,0.0,0.0,2.9,14.0,1019.1,12.7,10.1,84.0,0.0,3.6,8.6,1017.8,0.0,,0,0,56.5
2024-04-29 22:00:00,,13.3,5.4,22.1,0.0,0.0,2.9,14.0,1019.1,12.6,9.2,80.0,0.0,3.6,9.0,1017.8,0.0,,0,0,32.57142857142857
2024-04-29 23:00:00,,13.3,5.4,22.1,0.0,0.0,2.9,14.0,1019.1,12.2,9.4,83.0,0.0,3.6,15.1,1017.8,0.0,,0,0,26.428571428571427
2024-04-30 00:00:00,,17.3,9.2,25.3,0.0,0.0,3.5,32.0,1013.8,11.5,8.9,84.0,0.0,0.0,10.4,1017.6,0.0,Hörbar,0,0,25.0
2024-04-30 01:00:00,,17.3,9.2,25.3,0.0,0.0,3.5,32.0,1013.8,12.2,8.7,79.0,0.0,3.6,23.4,1017.3,0.0,Hörbar,0,0,24.285714285714285
2024-04-30 02:00:00,,17.3,9.2,25.3,0.0,0.0,3.5,32.0,1013.8,10.5,8.6,88.0,0.0,0.0,27.7,1017.5,0.0,Hörbar,0,0,24.0
2024-04-30 03:00:00,,17.3,9.2,25.3,0.0,0.0,3.5,32.0,1013.8,9.7,7.5,86.0,0.0,3.6,21.2,1017.3,0.0,Hörbar,0,0,24.857142857142858
2024-04-30 04:00:00,,17.3,9.2,25.3,0.0,0.0,3.5,32.0,1013.8,9.4,7.0,85.0,0.0,0.0,21.2,1016.9,0.0,Hörbar,0,0,25.0
2024-04-30 05:00:00,,17.3,9.2,25.3,0.0,0.0,3.5,32.0,1013.8,9.2,6.6,84.0,0.0,0.0,24.5,1017.2,0.0,Hörbar,0,0,25.0
2024-04-30 06:00:00,,17.3,9.2,25.3,0.0,0.0,3.5,32.0,1013.8,13.0,8.7,75.0,0.0,0.0,24.8,1016.3,29.0,Hörbar,0,0,27.714285714285715
2024-04-30 07:00:00,,17.3,9.2,25.3,0.0,0.0,3.5,32.0,1013.8,16.8,7.7,55.0,0.0,0.0,15.8,1015.4,59.0,Hörbar,0,0,80.375
2024-04-30 08:00:00,,17.3,9.2,25.3,0.0,0.0,3.5,32.0,1013.8,20.2,5.4,38.0,0.0,3.6,20.5,1014.6,59.0,Hörbar,0,0,152.28571428571428
2024-04-30 09:00:00,,17.3,9.2,25.3,0.0,0.0,3.5,32.0,1013.8,20.9,3.1,31.0,0.0,3.6,11.2,1014.3,44.0,Hörbar,0,0,206.28571428571428
2024-04-30 10:00:00,,17.3,9.2,25.3,0.0,0.0,3.5,32.0,1013.8,22.2,3.8,30.0,0.0,3.6,20.5,1013.6,38.0,Hörbar,0,0,261.57142857142856
2024-04-30 11:00:00,,17.3,9.2,25.3,0.0,0.0,3.5,32.0,1013.8,24.0,1.0,22.0,0.0,3.6,23.4,1012.5,60.0,Hörbar,0,0,257.14285714285717
2024-04-30 12:00:00,,17.3,9.2,25.3,0.0,0.0,3.5,32.0,1013.8,25.3,2.7,23.0,0.0,7.2,26.3,1011.3,60.0,Hörbar,0,0,227.5
2024-04-30 13:00:00,,17.3,9.2,25.3,0.0,0.0,3.5,32.0,1013.8,24.2,5.0,29.0,0.0,7.2,24.5,1011.0,60.0,Hörbar,0,0,208.16666666666666
2024-04-30 14:00:00,,17.3,9.2,25.3,0.0,0.0,3.5,32.0,1013.8,24.7,3.4,25.0,0.0,7.2,32.0,1010.5,15.0,Hörbar,0,0,233.0
2024-04-30 15:00:00,,17.3,9.2,25.3,0.0,0.0,3.5,32.0,1013.8,24.7,3.9,26.0,0.0,10.8,32.0,1009.8,2.0,Hörbar,0,0,217.85714285714286
2024-04-30 16:00:00,,17.3,9.2,25.3,0.0,0.0,3.5,32.0,1013.8,24.4,3.7,26.0,0.0,7.2,15.5,1009.6,16.0,Hörbar,0,0,183.28571428571428
2024-04-30 17:00:00,,17.3,9.2,25.3,0.0,0.0,3.5,32.0,1013.8,23.3,5.2,31.0,0.0,3.6,24.5,1009.6,9.0,Hörbar,0,0,160.875
2024-04-30 18:00:00,,17.3,9.2,25.3,0.0,0.0,3.5,32.0,1013.8,19.2,9.7,54.0,0.0,0.0,9.4,1010.1,0.0,Hörbar,0,0,165.28571428571428
2024-04-30 19:00:00,,17.3,9.2,25.3,0.0,0.0,3.5,32.0,1013.8,16.1,9.7,66.0,0.0,3.6,9.7,1010.6,0.0,Hörbar,0,0,244.42857142857142
2024-04-30 20:00:00,,17.3,9.2,25.3,0.0,0.0,3.5,32.0,1013.8,14.0,9.4,74.0,0.0,3.6,13.3,1011.0,0.0,Hörbar,0,0,322.57142857142856
2024-04-30 21:00:00,,17.3,9.2,25.3,0.0,0.0,3.5,32.0,1013.8,13.9,9.7,76.0,0.0,3.6,14.0,1010.8,0.0,Hörbar,0,0,368.42857142857144
2024-04-30 22:00:00,,17.3,9.2,25.3,0.0,0.0,3.5,32.0,1013.8,11.0,6.3,73.0,0.0,10.8,28.4,1010.6,0.0,Hörbar,0,0,376.875
2024-04-30 23:00:00,,17.3,9.2,25.3,0.0,0.0,3.5,32.0,1013.8,10.6,6.0,73.0,0.0,11.2,15.1,1010.3,0.0,Hörbar,0,0,307.85714285714283
2024-05-01 00:00:00,holiday,16.5,8.0,23.9,1.4,,8.9,38.9,1004.9,10.5,5.7,72.0,0.0,11.2,13.3,1010.1,0.0,,0,0,216.71428571428572
2024-05-01 01:00:00,holiday,16.5,8.0,23.9,1.4,,8.9,38.9,1004.9,9.7,5.3,74.0,0.0,10.8,15.8,1009.9,0.0,,0,0,136.14285714285714
2024-05-01 02:00:00,holiday,16.5,8.0,23.9,1.4,,8.9,38.9,1004.9,9.0,5.0,76.0,0.0,10.8,34.2,1009.5,0.0,,0,0,77.14285714285714
2024-05-01 03:00:00,holiday,16.5,8.0,23.9,1.4,,8.9,38.9,1004.9,8.3,3.5,72.0,0.0,11.5,30.2,1008.8,0.0,,0,0,56.875
2024-05-01 04:00:00,holiday,16.5,8.0,23.9,1.4,,8.9,38.9,1004.9,8.0,3.5,73.0,0.0,11.9,10.8,1008.3,0.0,,0,0,49.57142857142857
2024-05-01 05:00:00,holiday,16.5,8.0,23.9,1.4,,8.9,38.9,1004.9,8.8,4.6,75.0,0.0,12.2,10.1,1008.1,0.0,,0,0,49.0
2024-05-01 06:00:00,holiday,16.5,8.0,23.9,1.4,,8.9,38.9,1004.9,12.7,8.6,76.0,0.0,11.9,10.8,1007.7,30.0,,0,0,48.142857142857146
2024-05-01 07:00:00,holiday,16.5,8.0,23.9,1.4,,8.9,38.9,1004.9,17.2,10.1,63.0,0.0,9.4,17.6,1007.0,55.0,,1,0,48.0
2024-05-01 08:00:00,holiday,16.5,8.0,23.9,1.4,,8.9,38.9,1004.9,20.1,11.3,57.0,0.0,7.9,22.0,1006.0,60.0,,1,0,49.375
2024-05-01 09:00:00,holiday,16.5,8.0,23.9,1.4,,8.9,38.9,1004.9,22.1,10.9,49.0,0.0,7.2,14.8,1005.0,59.0,,1,0,53.714285714285715
2024-05-01 10:00:00,holiday,16.5,8.0,23.9,1.4,,8.9,38.9,1004.9,23.4,10.5,44.0,0.0,6.1,13.0,1004.1,60.0,,1,0,60.142857142857146
2024-05-01 11:00:00,holiday,16.5,8.0,23.9,1.4,,8.9,38.9,1004.9,23.9,11.2,45.0,0.0,9.0,13.7,1003.0,59.0,,1,0,61.285714285714285
2024-05-01 12:00:00,holiday,16.5,8.0,23.9,1.4,,8.9,38.9,1004.9,23.5,11.5,47.0,0.5,9.4,12.2,1002.6,52.0,,1,0,58.0
2024-05-01 13:00:00,holiday,16.5,8.0,23.9,1.4,,8.9,38.9,1004.9,23.7,10.7,44.0,0.0,9.7,14.4,1001.5,59.0,,0,0,50.625
2024-05-01 14:00:00,holiday,16.5,8.0,23.9,1.4,,8.9,38.9,1004.9,23.7,11.4,46.0,0.1,6.5,37.1,1001.0,56.0,,0,0,54.57142857142857
2024-05-01 15:00:00,holiday,16.5,8.0,23.9,1.4,,8.9,38.9,1004.9,22.3,12.0,52.0,0.8,7.6,34.6,1001.0,59.0,,0,0,57.714285714285715
2024-05-01 16:00:00,holiday,16.5,8.0,23.9,1.4,,8.9,38.9,1004.9,21.8,12.6,56.0,0.0,4.7,38.9,1000.4,60.0,,0,0,51.142857142857146
2024-05-01 17:00:00,holiday,16.5,8.0,23.9,1.4,,8.9,38.9,1004.9,20.6,15.6,73.0,0.0,3.2,36.7,1000.3,2.0,,0,0,50.0
2024-05-01 18:00:00,holiday,16.5,8.0,23.9,1.4,,8.9,38.9,1004.9,18.5,13.6,73.0,0.0,5.4,25.9,1000.2,0.0,,0,0,50.0
2024-05-01 19:00:00,holiday,16.5,8.0,23.9,1.4,,8.9,38.9,1004.9,16.5,11.0,70.0,0.0,7.6,18.4,1000.6,0.0,,0,0,49.0
2024-05-01 20:00:00,holiday,16.5,8.0,23.9,1.4,,8.9,38.9,1004.9,15.1,8.1,63.0,0.0,8.3,19.4,1000.9,0.0,,0,0,45.285714285714285
2024-05-01 21:00:00,holiday,16.5,8.0,23.9,1.4,,8.9,38.9,1004.9,14.3,6.6,60.0,0.0,8.3,24.1,1000.8,0.0,,0,0,41.285714285714285
2024-05-01 22:00:00,holiday,16.5,8.0,23.9,1.4,,8.9,38.9,1004.9,17.9,5.1,43.0,0.0,3.6,30.2,999.8,0.0,,0,0,33.0
2024-05-01 23:00:00,holiday,16.5,8.0,23.9,1.4,,8.9,38.9,1004.9,15.1,6.6,57.0,0.0,0.0,35.6,1000.3,0.0,,0,0,28.875
2024-05-02 00:00:00,,15.5,10.8,21.0,5.0,,5.6,41.0,1000.4,15.7,6.1,53.0,0.0,3.6,33.8,999.7,0.0,,0,0,27.0
2024-05-02 01:00:00,,15.5,10.8,21.0,5.0,,5.6,41.0,1000.4,14.4,9.2,71.0,0.0,0.0,29.9,999.3,0.0,,0,0,24.0
2024-05-02 02:00:00,,15.5,10.8,21.0,5.0,,5.6,41.0,1000.4,13.1,7.8,70.0,0.0,0.0,29.2,999.4,0.0,,0,0,23.428571428571427
2024-05-02 03:00:00,,15.5,10.8,21.0,5.0,,5.6,41.0,1000.4,12.5,7.6,72.0,0.0,3.6,31.0,999.3,0.0,,0,0,23.0
2024-05-02 04:00:00,,15.5,10.8,21.0,5.0,,5.6,41.0,1000.4,12.8,8.5,75.0,0.0,3.6,15.8,999.1,0.0,,0,0,23.0
2024-05-02 05:00:00,,15.5,10.8,21.0,5.0,,5.6,41.0,1000.4,13.0,8.5,74.0,0.0,3.6,9.7,999.3,0.0,,0,0,23.428571428571427
2024-05-02 06:00:00,,15.5,10.8,21.0,5.0,,5.6,41.0,1000.4,13.7,8.3,70.0,0.0,3.6,7.2,999.1,0.0,,0,0,27.25
2024-05-02 07:00:00,,15.5,10.8,21.0,5.0,,5.6,41.0,1000.4,17.0,9.4,61.0,0.0,7.2,14.4,998.5,6.0,,0,0,74.0
2024-05-02 08:00:00,,15.5,10.8,21.0,5.0,,5.6,41.0,1000.4,18.0,10.4,61.0,0.0,7.2,14.4,998.0,37.0,,0,0,145.14285714285714
2024-05-02 09:00:00,,15.5,10.8,21.0,5.0,,5.6,41.0,1000.4,18.2,8.7,54.0,0.0,7.2,14.8,997.9,47.0,,0,0,221.28571428571428
2024-05-02 10:00:00,,15.5,10.8,21.0,5.0,,5.6,41.0,1000.4,18.8,8.2,50.0,0.0,3.6,9.0,997.8,14.0,,0,0,267.42857142857144
2024-05-02 11:00:00,,15.5,10.8,21.0,5.0,,5.6,41.0,1000.4,20.4,8.7,47.0,0.0,3.6,13.7,997.1,49.0,,0,0,256.125
2024-05-02 12:00:00,,15.5,10.8,21.0,5.0,,5.6,41.0,1000.4,19.9,11.7,59.0,0.0,7.2,13.3,997.1,16.0,,0,0,227.57142857142858
2024-05-02 13:00:00,,15.5,10.8,21.0,5.0,,5.6,41.0,1000.4,21.0,9.9,49.0,0.0,7.2,9.7,996.8,17.0,,0,0,210.42857142857142
2024-05-02 14:00:00,,15.5,10.8,21.0,5.0,,5.6,41.0,1000.4,20.7,12.1,58.0,0.4,7.2,38.2,997.7,5.0,,0,0,227.71428571428572
2024-05-02 15:00:00,,15.5,10.8,21.0,5.0,,5.6,41.0,1000.4,15.7,12.3,80.0,0.5,7.2,41.0,1000.4,28.0,,0,0,237.71428571428572
2024-05-02 16:00:00,,15.5,10.8,21.0,5.0,,5.6,41.0,1000.4,14.1,10.9,81.0,1.0,18.0,38.9,1001.7,14.0,,0,0,203.875
2024-05-02 17:00:00,,15.5,10.8,21.0,5.0,,5.6,41.0,1000.4,13.0,9.1,77.0,0.6,14.4,40.0,1003.5,16.0,,0,0,153.57142857142858
2024-05-02 18:00:00,,15.5,10.8,21.0,5.0,,5.6,41.0,1000.4,12.2,8.7,79.0,0.5,7.2,33.1,1005.4,0.0,,0,0,124.42857142857143
2024-05-02 19:00:00,,15.5,10.8,21.0,5.0,,5.6,41.0,1000.4,12.2,8.5,78.0,0.3,7.2,20.9,1006.4,0.0,,0,0,140.85714285714286
2024-05-02 20:00:00,,15.5,10.8,21.0,5.0,,5.6,41.0,1000.4,11.5,9.2,86.0,0.6,3.6,15.1,1007.8,0.0,,0,0,120.28571428571429
2024-05-02 21:00:00,,15.5,10.8,21.0,5.0,,5.6,41.0,1000.4,10.8,9.6,92.0,1.1,3.6,13.7,1009.0,0.0,,0,0,70.5
2024-05-02 22:00:00,,15.5,10.8,21.0,5.0,,5.6,41.0,1000.4,10.6,9.4,92.0,2.0,3.6,18.4,1010.0,0.0,,0,0,38.285714285714285
2024-05-02 23:00:00,,15.5,10.8,21.0,5.0,,5.6,41.0,1000.4,10.5,9.3,92.0,2.0,7.2,14.0,1010.8,0.0,,0,0,26.142857142857142
2024-05-03 00:00:00,,11.3,9.9,13.1,8.3,,3.8,22.7,1014.5,10.4,8.5,88.0,0.6,3.6,14.0,1011.3,0.0,,0,0,23.857142857142858
2024-05-03 01:00:00,,11.3,9.9,13.1,8.3,,3.8,22.7,1014.5,10.3,8.2,87.0,0.1,3.6,16.2,1011.5,0.0,,0,0,21.833333333333332
2024-05-03 02:00:00,,11.3,9.9,13.1,8.3,,3.8,22.7,1014.5,10.1,7.5,84.0,0.5,3.6,17.3,1011.9,0.0,,0,0,21.0
2024-05-03 03:00:00,,11.3,9.9,13.1,8.3,,3.8,22.7,1014.5,10.1,7.5,84.0,0.2,3.6,12.2,1012.2,0.0,,0,0,21.0
2024-05-03 04:00:00,,11.3,9.9,13.1,8.3,,3.8,22.7,1014.5,9.9,7.7,86.0,0.4,3.6,7.6,1012.6,0.0,,0,0,21.0
2024-05-03 05:00:00,,11.3,9.9,13.1,8.3,,3.8,22.7,1014.5,10.5,5.9,73.0,0.4,7.2,13.7,1013.6,0.0,,0,0,21.0
2024-05-03 06:00:00,,11.3,9.9,13.1,8.3,,3.8,22.7,1014.5,10.2,6.5,78.0,0.0,3.6,10.1,1014.5,0.0,,0,0,23.571428571428573
2024-05-03 07:00:00,,11.3,9.9,13.1,8.3,,3.8,22.7,1014.5,10.6,5.4,70.0,0.0,3.6,22.7,1015.6,0.0,,0,0,56.714285714285715
2024-05-03 08:00:00,,11.3,9.9,13.1,8.3,,3.8,22.7,1014.5,10.6,4.9,68.0,0.0,7.2,20.9,1016.0,0.0,,0,0,131.75
2024-05-03 09:00:00,,11.3,9.9,13.1,8.3,,3.8,22.7,1014.5,11.4,5.5,67.0,0.0,7.2,14.0,1015.9,0.0,,0,0,209.42857142857142
2024-05-03 10:00:00,,11.3,9.9,13.1,8.3,,3.8,22.7,1014.5,12.2,4.7,60.0,0.0,3.6,15.1,1016.0,0.0,,0,0,231.28571428571428
2024-05-03 11:00:00,,11.3,9.9,13.1,8.3,,3.8,22.7,1014.5,12.3,4.3,58.0,0.2,0.0,13.7,1015.8,0.0,,0,0,228.85714285714286
2024-05-03 12:00:00,,11.3,9.9,13.1,8.3,,3.8,22.7,1014.5,12.1,5.7,65.0,0.2,7.2,14.0,1015.9,0.0,,0,0,206.71428571428572
2024-05-03 13:00:00,,11.3,9.9,13.1,8.3,,3.8,22.7,1014.5,12.1,5.0,62.0,0.3,3.6,9.7,1015.9,0.0,,0,0,197.125
2024-05-03 14:00:00,,11.3,9.9,13.1,8.3,,3.8,22.7,1014.5,12.9,6.5,65.0,0.1,3.6,9.7,1015.6,0.0,,0,0,214.42857142857142
2024-05-03 15:00:00,,11.3,9.9,13.1,8.3,,3.8,22.7,1014.5,13.1,5.7,61.0,0.0,3.6,10.8,1015.6,0.0,,0,0,223.85714285714286
2024-05-03 16:00:00,,11.3,9.9,13.1,8.3,,3.8,22.7,1014.5,12.8,7.7,71.0,0.1,0.0,10.1,1015.6,0.0,,0,0,194.57142857142858
2024-05-03 17:00:00,,11.3,9.9,13.1,8.3,,3.8,22.7,1014.5,12.7,7.4,70.0,0.3,3.6,10.4,1015.5,0.0,,0,0,137.71428571428572
2024-05-03 18:00:00,,11.3,9.9,13.1,8.3,,3.8,22.7,1014.5,11.6,9.0,84.0,0.6,0.0,5.8,1016.0,0.0,,0,0,135.5
2024-05-03 19:00:00,,11.3,9.9,13.1,8.3,,3.8,22.7,1014.5,11.3,8.7,84.0,0.3,3.6,6.8,1016.5,0.0,,0,0,192.14285714285714
2024-05-03 20:00:00,,11.3,9.9,13.1,8.3,,3.8,22.7,1014.5,11.4,7.3,76.0,0.0,3.6,7.2,1016.9,0.0,,0,0,191.14285714285714
2024-05-03 21:00:00,,11.3,9.9,13.1,8.3,,3.8,22.7,1014.5,10.4,8.0,85.0,0.0,0.0,7.6,1017.0,0.0,,0,0,189.0
2024-05-03 22:00:00,,11.3,9.9,13.1,8.3,,3.8,22.7,1014.5,9.8,8.6,92.0,0.0,3.6,7.6,1017.3,0.0,,0,0,114.57142857142857
2024-05-03 23:00:00,,11.3,9.9,13.1,8.3,,3.8,22.7,1014.5,9.8,9.0,95.0,0.1,0.0,8.3,1017.5,0.0,,0,0,74.25
2024-05-04 00:00:00,,12.7,7.4,18.9,0.2,,3.6,17.3,1014.7,9.5,8.9,96.0,0.0,3.6,7.9,1017.3,0.0,Weltladentag im Pfarrpark,0,0,41.42857142857143
2024-05-04 01:00:00,,12.7,7.4,18.9,0.2,,3.6,17.3,1014.7,8.5,8.4,99.0,0.1,3.6,7.9,1017.0,0.0,Weltladentag im Pfarrpark,0,0,33.0
2024-05-04 02:00:00,,12.7,7.4,18.9,0.2,,3.6,17.3,1014.7,7.9,7.8,99.0,0.0,3.6,6.5,1016.7,0.0,Weltladentag im Pfarrpark,0,0,20.428571428571427
2024-05-04 03:00:00,,12.7,7.4,18.9,0.2,,3.6,17.3,1014.7,7.9,7.8,99.0,0.0,0.0,11.2,1016.6,0.0,Weltladentag im Pfarrpark,0,0,17.142857142857142
2024-05-04 04:00:00,,12.7,7.4,18.9,0.2,,3.6,17.3,1014.7,7.4,7.3,99.0,0.0,3.6,5.8,1017.0,0.0,Weltladentag im Pfarrpark,0,0,14.75
2024-05-04 05:00:00,,12.7,7.4,18.9,0.2,,3.6,17.3,1014.7,7.8,6.9,94.0,0.0,0.0,7.2,1016.9,0.0,Weltladentag im Pfarrpark,0,0,14.0
2024-05-04 06:00:00,,12.7,7.4,18.9,0.2,,3.6,17.3,1014.7,9.7,6.4,80.0,0.0,7.2,5.4,1016.6,4.0,Weltladentag im Pfarrpark,0,0,13.5
2024-05-04 07:00:00,,12.7,7.4,18.9,0.2,,3.6,17.3,1014.7,10.8,7.8,82.0,0.0,3.6,11.9,1016.3,55.0,Weltladentag im Pfarrpark,1,0,26.285714285714285
2024-05-04 08:00:00,,12.7,7.4,18.9,0.2,,3.6,17.3,1014.7,12.9,8.4,74.0,0.0,3.6,11.2,1015.5,60.0,Weltladentag im Pfarrpark,1,0,110.0
2024-05-04 09:00:00,,12.7,7.4,18.9,0.2,,3.6,17.3,1014.7,13.3,7.5,68.0,0.0,7.2,17.3,1014.7,60.0,Weltladentag im Pfarrpark,1,0,296.42857142857144
2024-05-04 10:00:00,,12.7,7.4,18.9,0.2,,3.6,17.3,1014.7,14.7,6.8,59.0,0.0,3.6,11.9,1014.4,58.0,Weltladentag im Pfarrpark,1,0,411.125
2024-05-04 11:00:00,,12.7,7.4,18.9,0.2,,3.6,17.3,1014.7,15.7,7.7,59.0,0.0,0.0,12.6,1014.1,60.0,Weltladentag im Pfarrpark,1,0,401.7142857142857
2024-05-04 12:00:00,,12.7,7.4,18.9,0.2,,3.6,17.3,1014.7,16.3,8.5,60.0,0.0,7.2,17.3,1013.5,60.0,Weltladentag im Pfarrpark,1,0,340.0
2024-05-04 13:00:00,,12.7,7.4,18.9,0.2,,3.6,17.3,1014.7,16.7,8.1,57.0,0.0,7.2,13.0,1013.3,60.0,Weltladentag im Pfarrpark,0,0,273.7142857142857
2024-05-04 14:00:00,,12.7,7.4,18.9,0.2,,3.6,17.3,1014.7,18.2,8.7,54.0,0.0,7.2,10.1,1012.3,60.0,Weltladentag im Pfarrpark,0,0,206.14285714285714
2024-05-04 15:00:00,,12.7,7.4,18.9,0.2,,3.6,17.3,1014.7,18.9,5.0,40.0,0.0,7.2,10.1,1011.6,60.0,Weltladentag im Pfarrpark,0,0,170.125
2024-05-04 16:00:00,,12.7,7.4,18.9,0.2,,3.6,17.3,1014.7,18.1,2.8,36.0,0.0,7.2,14.0,1011.6,53.0,Weltladentag im Pfarrpark,0,0,122.57142857142857
2024-05-04 17:00:00,,12.7,7.4,18.9,0.2,,3.6,17.3,1014.7,16.9,6.4,50.0,0.0,3.6,10.8,1011.6,2.0,Weltladentag im Pfarrpark,0,0,81.28571428571429
2024-05-04 18:00:00,,12.7,7.4,18.9,0.2,,3.6,17.3,1014.7,16.2,6.9,54.0,0.0,0.0,6.8,1012.0,0.0,Weltladentag im Pfarrpark,0,0,81.57142857142857
2024-05-04 19:00:00,,12.7,7.4,18.9,0.2,,3.6,17.3,1014.7,13.8,8.0,68.0,0.0,0.0,10.8,1012.7,0.0,Weltladentag im Pfarrpark,0,0,125.0
2024-05-04 20:00:00,,12.7,7.4,18.9,0.2,,3.6,17.3,1014.7,12.5,8.2,75.0,0.0,0.0,10.8,1012.9,0.0,Weltladentag im Pfarrpark,0,0,157.875
2024-05-04 21:00:00,,12.7,7.4,18.9,0.2,,3.6,17.3,1014.7,12.5,8.6,77.0,0.0,3.6,10.8,1012.6,0.0,Weltladentag im Pfarrpark,0,0,167.28571428571428
2024-05-04 22:00:00,,12.7,7.4,18.9,0.2,,3.6,17.3,1014.7,10.5,7.9,84.0,0.0,3.6,8.3,1013.0,0.0,Weltladentag im Pfarrpark,0,0,112.57142857142857
2024-05-04 23:00:00,,12.7,7.4,18.9,0.2,,3.6,17.3,1014.7,10.0,7.9,87.0,0.0,0.0,11.2,1013.6,0.0,Weltladentag im Pfarrpark,0,0,81.71428571428571
2024-05-05 00:00:00,,14.6,10.0,21.0,0.5,,3.2,33.1,1012.0,10.8,7.7,81.0,0.0,3.6,10.8,1013.3,0.0,,0,0,53.57142857142857
2024-05-05 01:00:00,,14.6,10.0,21.0,0.5,,3.2,33.1,1012.0,10.8,8.9,88.0,0.0,3.6,11.5,1013.1,0.0,,0,0,30.625
2024-05-05 02:00:00,,14.6,10.0,21.0,0.5,,3.2,33.1,1012.0,10.1,8.4,89.0,0.0,3.6,10.4,1013.3,0.0,,0,0,19.714285714285715
2024-05-05 03:00:00,,14.6,10.0,21.0,0.5,,3.2,33.1,1012.0,10.0,8.3,89.0,0.0,3.6,9.7,1013.6,0.0,,0,0,16.714285714285715
2024-05-05 04:00:00,,14.6,10.0,21.0,0.5,,3.2,33.1,1012.0,10.0,8.6,91.0,0.0,3.6,18.0,1013.8,0.0,,0,0,16.0
2024-05-05 05:00:00,,14.6,10.0,21.0,0.5,,3.2,33.1,1012.0,10.5,9.3,92.0,0.0,0.0,13.7,1013.9,0.0,,0,0,16.0
2024-05-05 06:00:00,,14.6,10.0,21.0,0.5,,3.2,33.1,1012.0,12.0,9.7,86.0,0.0,3.6,12.6,1013.6,0.0,,0,0,16.0
2024-05-05 07:00:00,,14.6,10.0,21.0,0.5,,3.2,33.1,1012.0,13.4,9.6,78.0,0.0,3.6,25.6,1013.6,0.0,,0,0,16.0
2024-05-05 08:00:00,,14.6,10.0,21.0,0.5,,3.2,33.1,1012.0,13.9,8.7,71.0,0.0,3.6,33.1,1013.8,0.0,,0,0,15.571428571428571
2024-05-05 09:00:00,,14.6,10.0,21.0,0.5,,3.2,33.1,1012.0,14.0,8.6,70.0,0.0,3.6,19.4,1013.8,0.0,,0,0,30.428571428571427
2024-05-05 10:00:00,,14.6,10.0,21.0,0.5,,3.2,33.1,1012.0,14.1,9.5,74.0,0.3,3.6,25.2,1013.9,0.0,,0,0,78.85714285714286
2024-05-05 11:00:00,,14.6,10.0,21.0,0.5,,3.2,33.1,1012.0,17.3,9.7,61.0,0.0,7.2,10.4,1012.7,5.0,,0,0,86.625
2024-05-05 12:00:00,,14.6,10.0,21.0,0.5,,3.2,33.1,1012.0,19.1,10.4,57.0,0.2,3.6,14.4,1012.1,22.0,,0,0,57.285714285714285
2024-05-05 13:00:00,,14.6,10.0,21.0,0.5,,3.2,33.1,1012.0,19.2,9.9,55.0,0.0,3.6,12.2,1011.5,2.0,,0,0,40.714285714285715
2024-05-05 14:00:00,,14.6,10.0,21.0,0.5,,3.2,33.1,1012.0,19.6,10.3,55.0,0.0,3.6,11.9,1010.9,25.0,,0,0,32.857142857142854
2024-05-05 15:00:00,,14.6,10.0,21.0,0.5,,3.2,33.1,1012.0,20.2,8.8,48.0,0.0,7.2,14.8,1010.0,55.0,,0,0,36.714285714285715
2024-05-05 16:00:00,,14.6,10.0,21.0,0.5,,3.2,33.1,1012.0,20.9,9.2,47.0,0.0,3.6,13.3,1009.3,23.0,,0,0,27.875
2024-05-05 17:00:00,,14.6,10.0,21.0,0.5,,3.2,33.1,1012.0,21.0,8.6,45.0,0.0,3.6,9.0,1008.7,20.0,,0,0,26.285714285714285
2024-05-05 18:00:00,,14.6,10.0,21.0,0.5,,3.2,33.1,1012.0,18.3,10.4,60.0,0.0,0.0,10.1,1008.9,17.0,,0,0,54.285714285714285
2024-05-05 19:00:00,,14.6,10.0,21.0,0.5,,3.2,33.1,1012.0,16.2,11.4,73.0,0.0,3.6,9.4,1009.2,0.0,,0,0,52.57142857142857
2024-05-05 20:00:00,,14.6,10.0,21.0,0.5,,3.2,33.1,1012.0,14.5,11.3,81.0,0.0,0.0,10.1,1009.7,0.0,,0,0,29.428571428571427
2024-05-05 21:00:00,,14.6,10.0,21.0,0.5,,3.2,33.1,1012.0,13.0,11.1,88.0,0.0,0.0,13.7,1009.7,0.0,,0,0,17.875
2024-05-05 22:00:00,,14.6,10.0,21.0,0.5,,3.2,33.1,1012.0,12.3,10.4,88.0,0.0,3.6,6.5,1009.7,0.0,,0,0,6.857142857142857
2024-05-05 23:00:00,,14.6,10.0,21.0,0.5,,3.2,33.1,1012.0,12.5,10.6,88.0,0.0,0.0,6.1,1009.3,0.0,,0,0,5.142857142857143
2024-05-06 00:00:00,,13.2,10.4,17.9,11.5,,3.2,38.9,1010.0,11.6,10.3,92.0,0.0,0.0,7.9,1009.6,0.0,,0,0,5.0
2024-05-06 01:00:00,,13.2,10.4,17.9,11.5,,3.2,38.9,1010.0,12.2,9.8,85.0,0.0,3.6,12.6,1009.7,0.0,,0,0,5.0
2024-05-06 02:00:00,,13.2,10.4,17.9,11.5,,3.2,38.9,1010.0,11.3,9.9,91.0,0.0,7.2,10.1,1009.6,0.0,,0,0,5.125
2024-05-06 03:00:00,,13.2,10.4,17.9,11.5,,3.2,38.9,1010.0,10.7,9.6,93.0,0.0,0.0,10.8,1009.4,0.0,,0,0,6.0
2024-05-06 04:00:00,,13.2,10.4,17.9,11.5,,3.2,38.9,1010.0,10.4,9.6,95.0,0.0,0.0,7.2,1009.4,0.0,,0,0,6.0
2024-05-06 05:00:00,,13.2,10.4,17.9,11.5,,3.2,38.9,1010.0,10.7,9.9,95.0,0.0,0.0,9.7,1009.2,0.0,,0,0,6.142857142857143
2024-05-06 06:00:00,,13.2,10.4,17.9,11.5,,3.2,38.9,1010.0,13.0,10.9,87.0,0.0,0.0,8.6,1008.8,32.0,,0,0,9.428571428571429
2024-05-06 07:00:00,,13.2,10.4,17.9,11.5,,3.2,38.9,1010.0,15.4,10.8,74.0,0.0,3.6,7.9,1008.3,58.0,,0,0,61.0
2024-05-06 08:00:00,,13.2,10.4,17.9,11.5,,3.2,38.9,1010.0,16.4,10.9,70.0,0.0,3.6,10.8,1007.6,57.0,,0,0,153.85714285714286
2024-05-06 09:00:00,,13.2,10.4,17.9,11.5,,3.2,38.9,1010.0,16.8,11.5,71.0,0.0,7.2,11.9,1007.1,11.0,,0,0,361.0
2024-05-06 10:00:00,,13.2,10.4,17.9,11.5,,3.2,38.9,1010.0,17.9,12.4,70.0,0.0,7.2,14.8,1006.7,59.0,,0,0,383.0
2024-05-06 11:00:00,,13.2,10.4,17.9,11.5,,3.2,38.9,1010.0,16.6,11.1,70.0,0.0,7.2,16.6,1007.7,3.0,,0,0,275.85714285714283
2024-05-06 12:00:00,,13.2,10.4,17.9,11.5,,3.2,38.9,1010.0,16.1,12.8,81.0,5.9,3.6,13.0,1008.4,0.0,,0,0,215.25
2024-05-06 13:00:00,,13.2,10.4,17.9,11.5,,3.2,38.9,1010.0,13.4,10.8,84.0,2.0,0.0,38.9,1010.1,0.0,,0,0,203.57142857142858
2024-05-06 14:00:00,,13.2,10.4,17.9,11.5,,3.2,38.9,1010.0,13.0,12.1,94.0,1.0,7.2,28.4,1010.7,0.0,,0,0,212.57142857142858
2024-05-06 15:00:00,,13.2,10.4,17.9,11.5,,3.2,38.9,1010.0,13.0,11.7,92.0,0.2,3.6,16.6,1011.0,0.0,,0,0,214.28571428571428
2024-05-06 16:00:00,,13.2,10.4,17.9,11.5,,3.2,38.9,1010.0,13.9,8.9,72.0,0.1,7.2,10.4,1011.7,0.0,,0,0,177.57142857142858
2024-05-06 17:00:00,,13.2,10.4,17.9,11.5,,3.2,38.9,1010.0,12.3,11.2,93.0,1.0,3.6,13.7,1012.4,0.0,,0,0,103.75
2024-05-06 18:00:00,,13.2,10.4,17.9,11.5,,3.2,38.9,1010.0,12.0,11.4,96.0,0.5,3.6,12.2,1012.9,0.0,,0,0,57.42857142857143
2024-05-06 19:00:00,,13.2,10.4,17.9,11.5,,3.2,38.9,1010.0,11.7,11.2,97.0,0.4,0.0,10.4,1013.2,0.0,,0,0,57.857142857142854
2024-05-06 20:00:00,,13.2,10.4,17.9,11.5,,3.2,38.9,1010.0,11.5,11.2,98.0,0.4,3.6,12.6,1013.6,0.0,,0,0,54.166666666666664
2024-05-08 09:00:00,,11.4,10.3,14.6,12.0,,6.0,22.3,1022.2,11.1,10.2,94.0,0.4,8.6,20.2,1023.3,0.0,,1,0,354.5
2024-05-08 10:00:00,,11.4,10.3,14.6,12.0,,6.0,22.3,1022.2,11.1,10.2,94.0,0.6,6.8,13.7,1023.8,0.0,,1,0,376.85714285714283
2024-05-08 11:00:00,,11.4,10.3,14.6,12.0,,6.0,22.3,1022.2,11.2,9.8,91.0,0.1,3.6,10.4,1023.1,0.0,,1,0,328.7142857142857
2024-05-08 12:00:00,,11.4,10.3,14.6,12.0,,6.0,22.3,1022.2,11.9,10.6,92.0,0.0,7.2,17.3,1023.0,1.0,,1,0,239.42857142857142
2024-05-08 13:00:00,,11.4,10.3,14.6,12.0,,6.0,22.3,1022.2,14.6,10.0,74.0,0.0,7.2,19.8,1022.5,0.0,,0,0,229.625
2024-05-08 14:00:00,,11.4,10.3,14.6,12.0,,6.0,22.3,1022.2,13.2,10.4,83.0,0.0,3.6,19.1,1022.9,0.0,,0,0,248.0
2024-05-08 15:00:00,,11.4,10.3,14.6,12.0,,6.0,22.3,1022.2,12.4,10.5,88.0,0.0,7.2,10.1,1023.6,0.0,,0,0,244.85714285714286
2024-05-08 16:00:00,,11.4,10.3,14.6,12.0,,6.0,22.3,1022.2,13.5,9.2,75.0,0.0,8.6,13.0,1023.6,0.0,,0,0,205.28571428571428
2024-05-08 17:00:00,,11.4,10.3,14.6,12.0,,6.0,22.3,1022.2,12.7,9.5,81.0,0.0,7.2,8.6,1023.7,0.0,,0,0,135.85714285714286
2024-05-08 18:00:00,,11.4,10.3,14.6,12.0,,6.0,22.3,1022.2,12.1,9.8,86.0,0.0,5.0,5.4,1024.7,0.0,,0,0,84.375
2024-05-08 19:00:00,,11.4,10.3,14.6,12.0,,6.0,22.3,1022.2,11.4,9.8,90.0,0.0,4.7,7.2,1025.2,0.0,,0,0,109.42857142857143
2024-05-08 20:00:00,,11.4,10.3,14.6,12.0,,6.0,22.3,1022.2,11.2,9.8,91.0,0.0,5.0,6.5,1025.8,0.0,,0,0,114.85714285714286
2024-05-08 21:00:00,,11.4,10.3,14.6,12.0,,6.0,22.3,1022.2,11.0,9.6,91.0,0.0,3.6,7.9,1025.5,0.0,,0,0,118.57142857142857
2024-05-08 22:00:00,,11.4,10.3,14.6,12.0,,6.0,22.3,1022.2,11.0,9.7,92.0,0.0,0.0,9.7,1025.5,0.0,,0,0,123.71428571428571
2024-05-08 23:00:00,,11.4,10.3,14.6,12.0,,6.0,22.3,1022.2,10.7,9.5,92.0,0.0,3.6,6.8,1025.5,0.0,,0,0,122.125
2024-05-09 00:00:00,holiday,13.5,6.7,18.5,0.0,,3.7,38.5,1023.2,10.4,9.5,94.0,0.0,3.6,7.2,1025.2,0.0,,0,0,98.57142857142857
2024-05-09 01:00:00,holiday,13.5,6.7,18.5,0.0,,3.7,38.5,1023.2,9.2,9.1,99.0,0.0,3.6,8.6,1025.2,0.0,,0,0,61.285714285714285
2024-05-09 02:00:00,holiday,13.5,6.7,18.5,0.0,,3.7,38.5,1023.2,8.3,8.3,100.0,0.0,3.6,9.0,1025.0,0.0,,0,0,29.571428571428573
2024-05-09 03:00:00,holiday,13.5,6.7,18.5,0.0,,3.7,38.5,1023.2,7.6,7.5,99.0,0.0,0.0,8.3,1025.0,0.0,,0,0,16.0
2024-05-09 04:00:00,holiday,13.5,6.7,18.5,0.0,,3.7,38.5,1023.2,6.7,6.6,99.0,0.0,0.0,8.6,1025.2,0.0,,0,0,12.75
2024-05-09 05:00:00,holiday,13.5,6.7,18.5,0.0,,3.7,38.5,1023.2,9.4,8.6,95.0,0.0,4.3,10.8,1025.6,0.0,,0,0,12.0
2024-05-09 06:00:00,holiday,13.5,6.7,18.5,0.0,,3.7,38.5,1023.2,10.1,8.9,92.0,0.0,3.6,7.6,1025.0,19.0,,0,0,12.0
2024-05-09 07:00:00,holiday,13.5,6.7,18.5,0.0,,3.7,38.5,1023.2,12.8,8.9,77.0,0.0,3.6,7.2,1024.6,25.0,,0,0,11.428571428571429
2024-05-09 08:00:00,holiday,13.5,6.7,18.5,0.0,,3.7,38.5,1023.2,13.3,8.6,73.0,0.0,3.6,11.2,1024.0,18.0,,0,0,13.285714285714286
2024-05-09 09:00:00,holiday,13.5,6.7,18.5,0.0,,3.7,38.5,1023.2,15.1,9.0,67.0,0.0,3.6,10.8,1023.5,7.0,,0,0,16.0
2024-05-09 10:00:00,holiday,13.5,6.7,18.5,0.0,,3.7,38.5,1023.2,15.1,10.1,72.0,0.0,3.6,8.3,1023.3,1.0,,0,0,18.0
2024-05-09 11:00:00,holiday,13.5,6.7,18.5,0.0,,3.7,38.5,1023.2,16.1,10.4,69.0,0.0,3.6,11.2,1022.8,16.0,,0,0,18.428571428571427
2024-05-09 12:00:00,holiday,13.5,6.7,18.5,0.0,,3.7,38.5,1023.2,16.7,10.3,66.0,0.0,3.6,11.9,1022.1,7.0,,0,0,19.714285714285715
2024-05-09 13:00:00,holiday,13.5,6.7,18.5,0.0,,3.7,38.5,1023.2,17.6,11.4,67.0,0.0,3.6,8.3,1021.6,1.0,,0,0,29.285714285714285
2024-05-09 14:00:00,holiday,13.5,6.7,18.5,0.0,,3.7,38.5,1023.2,18.5,10.3,59.0,0.0,3.6,19.4,1020.9,0.0,,0,0,36.142857142857146
2024-05-09 15:00:00,holiday,13.5,6.7,18.5,0.0,,3.7,38.5,1023.2,18.1,9.7,58.0,0.0,15.5,30.6,1021.3,2.0,,0,0,38.285714285714285
2024-05-09 16:00:00,holiday,13.5,6.7,18.5,0.0,,3.7,38.5,1023.2,18.4,10.5,60.0,0.0,3.6,33.5,1020.3,0.0,,0,0,41.0
2024-05-09 17:00:00,holiday,13.5,6.7,18.5,0.0,,3.7,38.5,1023.2,17.6,10.0,61.0,0.0,3.6,38.5,1020.4,0.0,,0,0,43.57142857142857
2024-05-09 18:00:00,holiday,13.5,6.7,18.5,0.0,,3.7,38.5,1023.2,17.1,10.0,63.0,0.0,3.6,37.1,1020.5,34.0,,0,0,55.75
2024-05-09 19:00:00,holiday,13.5,6.7,18.5,0.0,,3.7,38.5,1023.2,15.1,9.7,70.0,0.0,3.6,32.0,1021.1,12.0,,0,0,67.57142857142857
2024-05-09 20:00:00,holiday,13.5,6.7,18.5,0.0,,3.7,38.5,1023.2,14.8,9.4,70.0,0.0,7.2,24.1,1021.5,0.0,,0,0,73.57142857142857
2024-05-09 21:00:00,holiday,13.5,6.7,18.5,0.0,,3.7,38.5,1023.2,13.3,9.5,78.0,0.0,0.0,9.0,1022.1,0.0,,0,0,59.0
2024-05-09 22:00:00,holiday,13.5,6.7,18.5,0.0,,3.7,38.5,1023.2,10.9,9.5,91.0,0.0,0.0,11.2,1022.4,0.0,,0,0,43.714285714285715
2024-05-09 23:00:00,holiday,13.5,6.7,18.5,0.0,,3.7,38.5,1023.2,10.1,9.5,96.0,0.0,0.0,8.6,1022.3,0.0,,0,0,25.625
2024-05-10 00:00:00,,14.8,7.3,22.2,0.0,,3.9,33.5,1020.3,9.2,9.1,99.0,0.0,3.6,6.5,1022.2,0.0,Modenacht,0,1,15.571428571428571
2024-05-10 01:00:00,,14.8,7.3,22.2,0.0,,3.9,33.5,1020.3,8.7,8.6,99.0,0.0,0.0,7.2,1022.1,0.0,Modenacht,0,1,12.285714285714286
2024-05-10 02:00:00,,14.8,7.3,22.2,0.0,,3.9,33.5,1020.3,8.0,8.0,100.0,0.0,0.0,9.4,1021.9,0.0,Modenacht,0,1,10.428571428571429
2024-05-10 03:00:00,,14.8,7.3,22.2,0.0,,3.9,33.5,1020.3,7.9,7.8,99.0,0.0,0.0,10.4,1021.9,0.0,Modenacht,0,1,10.0
2024-05-10 04:00:00,,14.8,7.3,22.2,0.0,,3.9,33.5,1020.3,7.3,7.2,99.0,0.0,3.6,10.4,1022.2,0.0,Modenacht,0,1,10.0
2024-05-10 05:00:00,,14.8,7.3,22.2,0.0,,3.9,33.5,1020.3,7.9,6.2,89.0,0.0,9.7,6.1,1022.1,0.0,Modenacht,0,1,10.0
2024-05-10 06:00:00,,14.8,7.3,22.2,0.0,,3.9,33.5,1020.3,10.9,9.8,93.0,0.0,0.0,5.0,1021.8,44.0,Modenacht,0,1,12.428571428571429
2024-05-10 07:00:00,,14.8,7.3,22.2,0.0,,3.9,33.5,1020.3,14.0,10.0,77.0,0.0,0.0,9.7,1021.1,60.0,Modenacht,0,1,41.42857142857143
2024-05-10 08:00:00,,14.8,7.3,22.2,0.0,,3.9,33.5,1020.3,15.0,10.4,74.0,0.0,3.6,10.1,1021.1,60.0,Modenacht,0,1,89.42857142857143
2024-05-10 09:00:00,,14.8,7.3,22.2,0.0,,3.9,33.5,1020.3,15.9,10.9,72.0,0.0,7.2,10.4,1020.9,60.0,Modenacht,0,1,189.875
2024-05-10 10:00:00,,14.8,7.3,22.2,0.0,,3.9,33.5,1020.3,18.0,12.2,69.0,0.0,7.9,13.3,1021.2,60.0,Modenacht,0,1,293.0
2024-05-10 11:00:00,,14.8,7.3,22.2,0.0,,3.9,33.5,1020.3,18.4,11.9,66.0,0.0,7.2,11.2,1020.0,59.0,Modenacht,0,1,318.7142857142857
2024-05-10 12:00:00,,14.8,7.3,22.2,0.0,,3.9,33.5,1020.3,19.8,12.1,61.0,0.0,7.2,13.3,1019.2,60.0,Modenacht,0,1,276.2857142857143
2024-05-10 13:00:00,,14.8,7.3,22.2,0.0,,3.9,33.5,1020.3,20.7,10.8,53.0,0.0,7.2,14.8,1018.8,60.0,Modenacht,0,1,241.14285714285714
2024-05-10 14:00:00,,14.8,7.3,22.2,0.0,,3.9,33.5,1020.3,21.4,9.9,48.0,0.0,7.2,17.6,1018.3,60.0,Modenacht,0,1,228.875
2024-05-10 15:00:00,,14.8,7.3,22.2,0.0,,3.9,33.5,1020.3,22.0,9.8,46.0,0.0,7.2,16.6,1017.7,60.0,Modenacht,0,1,248.42857142857142
2024-05-10 16:00:00,,14.8,7.3,22.2,0.0,,3.9,33.5,1020.3,22.2,10.0,46.0,0.0,3.6,13.0,1017.5,60.0,Modenacht,0,1,205.71428571428572
2024-05-10 17:00:00,,14.8,7.3,22.2,0.0,,3.9,33.5,1020.3,21.3,9.2,46.0,0.0,7.2,13.7,1017.4,60.0,Modenacht,0,1,157.71428571428572
2024-05-10 18:00:00,,14.8,7.3,22.2,0.0,,3.9,33.5,1020.3,19.5,9.4,52.0,0.0,7.2,23.0,1017.9,60.0,Modenacht,0,1,114.85714285714286
2024-05-10 19:00:00,,14.8,7.3,22.2,0.0,,3.9,33.5,1020.3,15.9,11.5,75.0,0.0,0.0,19.8,1018.8,25.0,Modenacht,0,1,159.5
2024-05-10 20:00:00,,14.8,7.3,22.2,0.0,,3.9,33.5,1020.3,15.4,10.2,71.0,0.0,0.0,33.5,1019.3,0.0,Modenacht,0,1,235.71428571428572
2024-05-10 21:00:00,,14.8,7.3,22.2,0.0,,3.9,33.5,1020.3,15.0,9.4,69.0,0.0,3.6,30.2,1019.5,0.0,Modenacht,0,1,281.7142857142857
2024-05-10 22:00:00,,14.8,7.3,22.2,0.0,,3.9,33.5,1020.3,12.7,10.2,85.0,0.0,0.0,10.8,1020.1,0.0,Modenacht,0,1,240.28571428571428
2024-05-10 23:00:00,,14.8,7.3,22.2,0.0,,3.9,33.5,1020.3,10.1,8.0,87.0,0.0,5.4,8.6,1020.5,0.0,Modenacht,0,1,144.57142857142858
2024-05-11 00:00:00,,15.8,8.7,24.0,0.0,,3.5,13.3,1018.8,10.6,10.1,97.0,0.0,3.6,7.2,1020.3,0.0,,0,0,74.5
2024-05-11 01:00:00,,15.8,8.7,24.0,0.0,,3.5,13.3,1018.8,9.8,9.3,97.0,0.0,0.0,7.2,1020.3,0.0,,0,0,43.57142857142857
2024-05-11 02:00:00,,15.8,8.7,24.0,0.0,,3.5,13.3,1018.8,9.3,8.8,97.0,0.0,0.0,5.8,1020.2,0.0,,0,0,27.0
2024-05-11 03:00:00,,15.8,8.7,24.0,0.0,,3.5,13.3,1018.8,9.0,8.9,99.0,0.0,0.0,7.2,1020.2,0.0,,0,0,20.571428571428573
2024-05-11 04:00:00,,15.8,8.7,24.0,0.0,,3.5,13.3,1018.8,8.7,8.6,99.0,0.0,0.0,5.8,1020.5,0.0,,0,0,20.0
2024-05-11 05:00:00,,15.8,8.7,24.0,0.0,,3.5,13.3,1018.8,9.3,9.2,99.0,0.0,0.0,4.3,1020.6,0.0,,0,0,20.0
2024-05-11 06:00:00,,15.8,8.7,24.0,0.0,,3.5,13.3,1018.8,13.2,9.6,79.0,0.0,3.6,5.0,1020.1,46.0,,0,0,21.0
2024-05-11 07:00:00,,15.8,8.7,24.0,0.0,,3.5,13.3,1018.8,14.7,10.9,78.0,0.0,3.6,6.8,1019.9,59.0,,1,0,38.714285714285715
2024-05-11 08:00:00,,15.8,8.7,24.0,0.0,,3.5,13.3,1018.8,16.7,9.9,64.0,0.0,3.6,10.4,1019.4,60.0,,1,0,134.0
2024-05-11 09:00:00,,15.8,8.7,24.0,0.0,,3.5,13.3,1018.8,16.8,10.4,66.0,0.0,7.2,12.2,1019.3,60.0,,1,0,301.14285714285717
2024-05-11 10:00:00,,15.8,8.7,24.0,0.0,,3.5,13.3,1018.8,18.6,11.7,64.0,0.0,7.2,11.5,1018.8,60.0,,1,0,405.14285714285717
2024-05-11 11:00:00,,15.8,8.7,24.0,0.0,,3.5,13.3,1018.8,20.2,10.9,55.0,0.0,7.9,13.3,1019.4,60.0,,1,0,396.2857142857143
2024-05-11 12:00:00,,15.8,8.7,24.0,0.0,,3.5,13.3,1018.8,19.9,11.4,58.0,0.0,7.2,11.9,1018.0,60.0,,1,0,326.2857142857143
2024-05-11 13:00:00,,15.8,8.7,24.0,0.0,,3.5,13.3,1018.8,21.9,11.3,51.0,0.0,7.2,11.5,1017.3,60.0,,0,0,211.125
2024-05-11 14:00:00,,15.8,8.7,24.0,0.0,,3.5,13.3,1018.8,22.7,9.5,43.0,0.0,3.6,10.4,1017.0,60.0,,0,0,140.85714285714286
2024-05-11 15:00:00,,15.8,8.7,24.0,0.0,,3.5,13.3,1018.8,23.9,4.8,29.0,0.0,3.6,11.2,1016.3,60.0,,0,0,132.85714285714286
2024-05-11 16:00:00,,15.8,8.7,24.0,0.0,,3.5,13.3,1018.8,21.2,7.1,40.0,0.0,5.4,10.4,1017.8,60.0,,0,0,126.85714285714286
2024-05-11 17:00:00,,15.8,8.7,24.0,0.0,,3.5,13.3,1018.8,24.0,4.9,29.0,0.0,3.6,8.6,1015.6,60.0,,0,0,173.28571428571428
2024-05-11 18:00:00,,15.8,8.7,24.0,0.0,,3.5,13.3,1018.8,20.9,7.5,42.0,0.0,3.6,7.9,1015.7,60.0,,0,0,239.85714285714286
2024-05-11 19:00:00,,15.8,8.7,24.0,0.0,,3.5,13.3,1018.8,16.9,7.8,55.0,0.0,3.2,7.6,1018.3,28.0,,0,0,260.14285714285717
2024-05-11 20:00:00,,15.8,8.7,24.0,0.0,,3.5,13.3,1018.8,14.6,10.6,77.0,0.0,0.0,12.6,1017.4,0.0,,0,0,196.57142857142858
2024-05-11 21:00:00,,15.8,8.7,24.0,0.0,,3.5,13.3,1018.8,12.9,9.7,81.0,0.0,3.6,6.8,1017.9,0.0,,0,0,131.625
2024-05-11 22:00:00,,15.8,8.7,24.0,0.0,,3.5,13.3,1018.8,12.3,9.7,84.0,0.0,3.6,9.4,1018.2,0.0,,0,0,107.71428571428571
2024-05-11 23:00:00,,15.8,8.7,24.0,0.0,,3.5,13.3,1018.8,9.2,5.2,76.0,0.0,6.5,9.0,1018.4,0.0,,0,0,87.28571428571429
2024-05-12 00:00:00,,16.4,8.0,24.8,0.0,,4.5,15.1,1015.8,10.8,8.9,88.0,0.0,3.6,9.4,1018.3,0.0,,0,0,62.714285714285715
2024-05-12 01:00:00,,16.4,8.0,24.8,0.0,,4.5,15.1,1015.8,9.8,8.4,91.0,0.0,3.6,9.4,1018.6,0.0,,0,0,45.57142857142857
2024-05-12 02:00:00,,16.4,8.0,24.8,0.0,,4.5,15.1,1015.8,8.0,4.2,77.0,0.0,9.0,5.8,1018.5,0.0,,0,0,25.125
2024-05-12 03:00:00,,16.4,8.0,24.8,0.0,,4.5,15.1,1015.8,9.0,8.2,95.0,0.0,0.0,6.8,1018.7,0.0,,0,0,16.714285714285715
2024-05-12 04:00:00,,16.4,8.0,24.8,0.0,,4.5,15.1,1015.8,8.5,7.9,96.0,0.0,0.0,7.2,1018.7,0.0,,0,0,14.0
2024-05-12 05:00:00,,16.4,8.0,24.8,0.0,,4.5,15.1,1015.8,10.7,5.7,71.0,0.0,9.4,7.2,1018.4,0.0,,0,0,14.0
2024-05-12 06:00:00,,16.4,8.0,24.8,0.0,,4.5,15.1,1015.8,13.0,8.3,73.0,0.0,3.6,6.8,1018.0,48.0,,0,0,15.0
2024-05-12 07:00:00,,16.4,8.0,24.8,0.0,,4.5,15.1,1015.8,15.7,8.7,63.0,0.0,3.6,7.2,1017.4,60.0,,0,0,14.125
2024-05-12 08:00:00,,16.4,8.0,24.8,0.0,,4.5,15.1,1015.8,17.0,9.9,63.0,0.0,3.6,10.4,1017.0,60.0,,0,0,13.571428571428571
2024-05-12 09:00:00,,16.4,8.0,24.8,0.0,,4.5,15.1,1015.8,17.8,11.1,65.0,0.0,7.2,11.5,1016.7,55.0,,0,0,15.428571428571429
2024-05-12 10:00:00,,16.4,8.0,24.8,0.0,,4.5,15.1,1015.8,18.9,10.5,58.0,0.0,7.2,11.2,1016.4,52.0,,0,0,24.285714285714285
2024-05-12 11:00:00,,16.4,8.0,24.8,0.0,,4.5,15.1,1015.8,19.7,10.1,54.0,0.0,7.2,11.2,1015.8,60.0,,0,0,31.0
2024-05-12 12:00:00,,16.4,8.0,24.8,0.0,,4.5,15.1,1015.8,21.8,11.8,53.0,0.0,3.6,11.5,1014.7,60.0,,0,0,59.285714285714285
2024-05-12 13:00:00,,16.4,8.0,24.8,0.0,,4.5,15.1,1015.8,22.8,10.9,47.0,0.0,3.6,9.0,1013.9,60.0,,0,0,53.125
2024-05-12 14:00:00,,16.4,8.0,24.8,0.0,,4.5,15.1,1015.8,23.4,10.8,45.0,0.0,7.2,8.6,1013.1,60.0,,0,0,35.714285714285715
2024-05-12 15:00:00,,16.4,8.0,24.8,0.0,,4.5,15.1,1015.8,24.8,8.7,36.0,0.0,7.2,11.2,1012.4,60.0,,0,0,32.714285714285715
2024-05-12 16:00:00,,16.4,8.0,24.8,0.0,,4.5,15.1,1015.8,24.5,8.0,35.0,0.0,7.2,8.6,1012.1,60.0,,0,0,24.571428571428573
2024-05-12 17:00:00,,16.4,8.0,24.8,0.0,,4.5,15.1,1015.8,24.4,9.9,40.0,0.0,3.6,10.1,1011.6,60.0,,0,0,23.714285714285715
2024-05-12 18:00:00,,16.4,8.0,24.8,0.0,,4.5,15.1,1015.8,21.1,12.0,56.0,0.0,3.6,7.2,1012.0,60.0,,0,0,31.25
2024-05-12 19:00:00,,16.4,8.0,24.8,0.0,,4.5,15.1,1015.8,18.1,9.7,58.0,0.0,0.0,8.3,1012.8,1.0,,0,0,34.0
2024-05-12 20:00:00,,16.4,8.0,24.8,0.0,,4.5,15.1,1015.8,16.0,11.8,76.0,0.0,0.0,9.4,1013.5,0.0,,0,0,25.0
2024-05-12 21:00:00,,16.4,8.0,24.8,0.0,,4.5,15.1,1015.8,16.2,11.6,74.0,0.0,3.6,15.1,1014.2,0.0,,0,0,12.714285714285714
2024-05-12 22:00:00,,16.4,8.0,24.8,0.0,,4.5,15.1,1015.8,15.1,13.0,87.0,0.1,3.6,9.0,1014.4,0.0,,0,0,6.428571428571429
2024-05-12 23:00:00,,16.4,8.0,24.8,0.0,,4.5,15.1,1015.8,15.5,12.6,83.0,0.0,3.6,7.2,1014.7,0.0,,0,0,6.875
2024-05-13 00:00:00,,17.1,13.6,21.7,4.4,,5.1,36.4,1013.2,16.4,12.2,76.0,0.0,3.6,20.9,1015.0,0.0,,0,0,8.0
2024-05-13 01:00:00,,17.1,13.6,21.7,4.4,,5.1,36.4,1013.2,15.5,12.4,82.0,0.0,7.2,28.8,1015.4,0.0,,0,0,8.0
2024-05-13 02:00:00,,17.1,13.6,21.7,4.4,,5.1,36.4,1013.2,14.7,12.6,87.0,0.2,7.2,33.8,1015.9,0.0,,0,0,8.0
2024-05-13 03:00:00,,17.1,13.6,21.7,4.4,,5.1,36.4,1013.2,14.3,13.0,92.0,0.7,3.6,14.8,1016.0,,,0,0,8.0
2024-05-13 04:00:00,,17.1,13.6,21.7,4.4,,5.1,36.4,1013.2,14.1,13.0,93.0,0.1,3.6,29.9,1015.9,0.0,,0,0,8.0
2024-05-13 05:00:00,,17.1,13.6,21.7,4.4,,5.1,36.4,1013.2,13.6,13.1,97.0,1.0,7.2,32.0,1015.8,0.0,,0,0,8.0
2024-05-13 06:00:00,,17.1,13.6,21.7,4.4,,5.1,36.4,1013.2,13.8,13.2,96.0,1.8,3.6,26.6,1015.8,0.0,,0,0,12.428571428571429
2024-05-13 07:00:00,,17.1,13.6,21.7,4.4,,5.1,36.4,1013.2,14.5,13.4,93.0,0.1,3.6,36.0,1015.4,0.0,,0,0,62.0
2024-05-13 08:00:00,,17.1,13.6,21.7,4.4,,5.1,36.4,1013.2,15.6,12.4,81.0,0.2,7.2,36.4,1015.2,0.0,,0,0,151.42857142857142
2024-05-13 09:00:00,,17.1,13.6,21.7,4.4,,5.1,36.4,1013.2,16.8,12.9,78.0,0.0,7.2,28.4,1014.7,0.0,,0,0,363.75
2024-05-13 10:00:00,,17.1,13.6,21.7,4.4,,5.1,36.4,1013.2,17.7,12.8,73.0,0.0,7.2,28.8,1014.3,0.0,,0,0,412.57142857142856
2024-05-13 11:00:00,,17.1,13.6,21.7,4.4,,5.1,36.4,1013.2,18.9,13.3,70.0,0.0,7.2,27.0,1013.5,0.0,,0,0,304.57142857142856
2024-05-13 12:00:00,,17.1,13.6,21.7,4.4,,5.1,36.4,1013.2,19.2,11.7,62.0,0.0,10.8,20.2,1012.8,0.0,,0,0,231.42857142857142
2024-05-13 13:00:00,,17.1,13.6,21.7,4.4,,5.1,36.4,1013.2,19.6,11.1,58.0,0.0,7.2,25.2,1012.0,22.0,,0,0,198.0
2024-05-13 14:00:00,,17.1,13.6,21.7,4.4,,5.1,36.4,1013.2,20.8,11.2,54.0,0.2,7.2,24.8,1011.1,60.0,,0,0,210.25
2024-05-13 15:00:00,,17.1,13.6,21.7,4.4,,5.1,36.4,1013.2,20.9,11.8,56.0,0.0,7.2,24.1,1010.4,57.0,,0,0,221.85714285714286
2024-05-13 16:00:00,,17.1,13.6,21.7,4.4,,5.1,36.4,1013.2,21.7,10.5,49.0,0.0,3.6,13.7,1009.7,40.0,,0,0,192.71428571428572
2024-05-13 17:00:00,,17.1,13.6,21.7,4.4,,5.1,36.4,1013.2,21.7,11.4,52.0,0.0,3.6,10.8,1009.3,58.0,,0,0,139.0
2024-05-13 18:00:00,,17.1,13.6,21.7,4.4,,5.1,36.4,1013.2,20.5,13.2,63.0,0.0,0.0,7.2,1009.4,60.0,,0,0,108.85714285714286
2024-05-13 19:00:00,,17.1,13.6,21.7,4.4,,5.1,36.4,1013.2,18.2,12.4,69.0,0.0,3.6,9.4,1009.6,24.0,,0,0,92.875
2024-05-13 20:00:00,,17.1,13.6,21.7,4.4,,5.1,36.4,1013.2,15.2,12.1,82.0,0.0,0.0,9.7,1010.3,0.0,,0,0,74.14285714285714
2024-05-13 21:00:00,,17.1,13.6,21.7,4.4,,5.1,36.4,1013.2,15.3,11.9,80.0,0.0,3.6,13.0,1010.1,0.0,,0,0,43.285714285714285
2024-05-13 22:00:00,,17.1,13.6,21.7,4.4,,5.1,36.4,1013.2,13.8,11.1,84.0,0.0,0.0,11.2,1010.2,0.0,,0,0,25.714285714285715
2024-05-13 23:00:00,,17.1,13.6,21.7,4.4,,5.1,36.4,1013.2,12.5,11.6,94.0,0.0,3.6,12.6,1010.0,0.0,,0,0,18.428571428571427
2024-05-14 00:00:00,,17.4,9.8,25.7,0.1,,2.6,29.5,1005.9,12.0,10.9,93.0,0.0,0.0,11.9,1009.6,0.0,,0,0,17.0
2024-05-14 01:00:00,,17.4,9.8,25.7,0.1,,2.6,29.5,1005.9,11.4,10.8,96.0,0.0,0.0,8.3,1009.2,0.0,,0,0,17.0
2024-05-14 02:00:00,,17.4,9.8,25.7,0.1,,2.6,29.5,1005.9,11.0,10.5,97.0,0.0,0.0,8.6,1009.2,0.0,,0,0,17.0
2024-05-14 03:00:00,,17.4,9.8,25.7,0.1,,2.6,29.5,1005.9,10.3,10.0,98.0,0.0,0.0,6.5,1009.1,0.0,,0,0,17.0
2024-05-14 04:00:00,,17.4,9.8,25.7,0.1,,2.6,29.5,1005.9,9.8,9.5,98.0,0.0,3.6,12.6,1009.1,0.0,,0,0,17.0
2024-05-14 05:00:00,,17.4,9.8,25.7,0.1,,2.6,29.5,1005.9,11.3,10.4,94.0,0.0,0.0,10.1,1008.8,0.0,,0,0,17.0
2024-05-14 06:00:00,,17.4,9.8,25.7,0.1,,2.6,29.5,1005.9,15.0,11.0,77.0,0.0,0.0,6.1,1007.9,50.0,,0,0,20.285714285714285
2024-05-14 07:00:00,,17.4,9.8,25.7,0.1,,2.6,29.5,1005.9,17.3,10.4,64.0,0.0,0.0,5.4,1007.6,60.0,,0,0,68.42857142857143
2024-05-14 08:00:00,,17.4,9.8,25.7,0.1,,2.6,29.5,1005.9,18.6,11.4,63.0,0.0,0.0,8.3,1007.1,60.0,,0,0,148.85714285714286
2024-05-14 09:00:00,,17.4,9.8,25.7,0.1,,2.6,29.5,1005.9,21.0,12.4,58.0,0.0,3.6,9.4,1005.9,60.0,,0,0,217.0
2024-05-14 10:00:00,,17.4,9.8,25.7,0.1,,2.6,29.5,1005.9,22.0,11.1,50.0,0.0,3.6,10.1,1005.1,60.0,,0,0,251.5
2024-05-14 11:00:00,,17.4,9.8,25.7,0.1,,2.6,29.5,1005.9,22.5,10.9,48.0,0.0,3.6,9.7,1004.5,60.0,,0,0,226.28571428571428
2024-05-14 12:00:00,,17.4,9.8,25.7,0.1,,2.6,29.5,1005.9,24.0,12.0,47.0,0.0,7.2,11.2,1003.3,60.0,,0,0,206.28571428571428
2024-05-14 13:00:00,,17.4,9.8,25.7,0.1,,2.6,29.5,1005.9,24.8,11.4,43.0,0.0,7.2,13.3,1002.4,60.0,,0,0,204.14285714285714
2024-05-14 14:00:00,,17.4,9.8,25.7,0.1,,2.6,29.5,1005.9,25.7,11.5,41.0,0.0,7.2,16.6,1001.8,59.0,,0,0,218.0
2024-05-14 15:00:00,,17.4,9.8,25.7,0.1,,2.6,29.5,1005.9,24.6,11.2,43.0,0.0,3.6,15.8,1001.8,32.0,,0,0,208.25
2024-05-14 16:00:00,,17.4,9.8,25.7,0.1,,2.6,29.5,1005.9,22.0,13.1,57.0,0.1,3.6,29.5,1002.4,0.0,,0,0,165.71428571428572
2024-05-14 17:00:00,,17.4,9.8,25.7,0.1,,2.6,29.5,1005.9,21.3,12.7,58.0,0.0,3.6,12.6,1002.2,0.0,,0,0,117.28571428571429
2024-05-14 18:00:00,,17.4,9.8,25.7,0.1,,2.6,29.5,1005.9,19.8,13.7,68.0,0.0,7.2,15.8,1002.6,0.0,,0,0,115.14285714285714
2024-05-14 19:00:00,,17.4,9.8,25.7,0.1,,2.6,29.5,1005.9,17.3,13.4,78.0,0.0,0.0,14.4,1003.1,0.0,,0,0,124.42857142857143
2024-05-14 20:00:00,,17.4,9.8,25.7,0.1,,2.6,29.5,1005.9,15.3,12.4,83.0,0.0,3.6,9.0,1004.1,0.0,,0,0,108.42857142857143
2024-05-14 21:00:00,,17.4,9.8,25.7,0.1,,2.6,29.5,1005.9,15.1,12.8,86.0,0.0,0.0,8.3,1003.9,0.0,,0,0,74.125
2024-05-14 22:00:00,,17.4,9.8,25.7,0.1,,2.6,29.5,1005.9,14.5,11.6,83.0,0.0,3.6,15.5,1003.9,0.0,,0,0,44.42857142857143
2024-05-14 23:00:00,,17.4,9.8,25.7,0.1,,2.6,29.5,1005.9,14.3,12.0,86.0,0.0,0.0,18.0,1004.0,0.0,,0,0,28.571428571428573
2024-05-15 00:00:00,,15.9,13.9,19.1,4.0,,3.6,18.7,1004.6,15.5,11.7,78.0,0.0,0.0,18.0,1004.5,0.0,,0,0,21.666666666666668
2024-05-15 01:00:00,,15.9,13.9,19.1,4.0,,3.6,18.7,1004.6,15.7,11.9,78.0,0.0,3.6,16.6,1004.7,0.0,,0,0,17.4
2024-05-15 02:00:00,,15.9,13.9,19.1,4.0,,3.6,18.7,1004.6,15.1,11.7,80.0,0.0,3.6,17.6,1005.0,0.0,,0,0,17.0
2024-05-15 03:00:00,,15.9,13.9,19.1,4.0,,3.6,18.7,1004.6,14.9,11.5,80.0,0.1,3.6,18.7,1004.8,0.0,,0,0,17.0
2024-05-15 04:00:00,,15.9,13.9,19.1,4.0,,3.6,18.7,1004.6,14.6,11.6,82.0,0.2,3.6,15.5,1005.1,0.0,,0,0,17.0
2024-05-15 05:00:00,,15.9,13.9,19.1,4.0,,3.6,18.7,1004.6,14.1,12.0,87.0,0.0,0.0,6.8,1005.2,0.0,,0,0,17.0
2024-05-15 06:00:00,,15.9,13.9,19.1,4.0,,3.6,18.7,1004.6,14.0,12.9,93.0,0.0,0.0,9.4,1005.9,0.0,,0,0,18.714285714285715
2024-05-15 07:00:00,,15.9,13.9,19.1,4.0,,3.6,18.7,1004.6,13.9,12.6,92.0,0.4,3.6,10.8,1006.2,0.0,,1,0,60.625
2024-05-15 08:00:00,,15.9,13.9,19.1,4.0,,3.6,18.7,1004.6,14.5,12.7,89.0,0.3,3.6,10.8,1006.3,0.0,,1,0,178.57142857142858
2024-05-15 09:00:00,,15.9,13.9,19.1,4.0,,3.6,18.7,1004.6,14.8,11.9,83.0,0.0,3.6,9.4,1006.3,0.0,,1,0,291.85714285714283
2024-05-15 10:00:00,,15.9,13.9,19.1,4.0,,3.6,18.7,1004.6,16.4,12.6,78.0,0.0,3.6,9.4,1005.6,17.0,,1,0,345.0
2024-05-15 11:00:00,,15.9,13.9,19.1,4.0,,3.6,18.7,1004.6,17.5,12.8,74.0,0.0,10.8,11.9,1004.9,39.0,,1,0,307.57142857142856
2024-05-15 12:00:00,,15.9,13.9,19.1,4.0,,3.6,18.7,1004.6,17.3,12.4,73.0,0.4,7.2,13.0,1004.5,0.0,,1,0,232.5
2024-05-15 13:00:00,,15.9,13.9,19.1,4.0,,3.6,18.7,1004.6,18.0,12.9,72.0,0.8,7.2,15.5,1003.9,3.0,,0,0,198.71428571428572
2024-05-15 14:00:00,,15.9,13.9,19.1,4.0,,3.6,18.7,1004.6,18.2,13.9,76.0,1.2,3.6,16.2,1003.6,7.0,,0,0,210.28571428571428
2024-05-15 15:00:00,,15.9,13.9,19.1,4.0,,3.6,18.7,1004.6,19.1,13.7,71.0,0.3,7.2,10.1,1003.0,22.0,,0,0,220.33333333333334
2024-05-15 16:00:00,,15.9,13.9,19.1,4.0,,3.6,18.7,1004.6,18.5,14.4,77.0,0.2,3.6,17.6,1003.0,5.0,,0,0,190.42857142857142
2024-05-15 17:00:00,,15.9,13.9,19.1,4.0,,3.6,18.7,1004.6,17.7,14.4,81.0,0.1,3.6,14.0,1003.7,0.0,,0,0,155.57142857142858
2024-05-15 18:00:00,,15.9,13.9,19.1,4.0,,3.6,18.7,1004.6,17.1,14.7,86.0,0.0,3.6,14.4,1003.4,0.0,,0,0,146.85714285714286
2024-05-15 19:00:00,,15.9,13.9,19.1,4.0,,3.6,18.7,1004.6,16.4,14.9,91.0,0.0,3.6,12.2,1003.9,0.0,,0,0,147.75
2024-05-15 20:00:00,,15.9,13.9,19.1,4.0,,3.6,18.7,1004.6,15.1,14.5,96.0,0.0,0.0,11.5,1004.3,0.0,,0,0,127.28571428571429
2024-05-15 21:00:00,,15.9,13.9,19.1,4.0,,3.6,18.7,1004.6,13.9,13.6,98.0,0.0,3.6,15.5,1005.1,0.0,,0,0,103.0
2024-05-15 22:00:00,,15.9,13.9,19.1,4.0,,3.6,18.7,1004.6,14.3,12.2,87.0,0.2,7.2,28.1,1006.0,0.0,,0,0,47.42857142857143
2024-05-15 23:00:00,,15.9,13.9,19.1,4.0,,3.6,18.7,1004.6,13.6,10.4,81.0,0.2,7.2,21.2,1006.8,0.0,,0,0,23.428571428571427
2024-05-16 00:00:00,,14.9,9.7,20.0,19.6,,4.2,33.1,1004.7,12.2,9.8,85.0,0.0,0.0,14.4,1007.4,0.0,,0,0,15.5
2024-05-16 01:00:00,,14.9,9.7,20.0,19.6,,4.2,33.1,1004.7,11.1,9.8,92.0,0.0,0.0,12.2,1007.3,0.0,,0,0,10.0
2024-05-16 02:00:00,,14.9,9.7,20.0,19.6,,4.2,33.1,1004.7,9.8,9.3,97.0,0.0,3.6,9.7,1007.2,0.0,,0,0,6.0
2024-05-16 03:00:00,,14.9,9.7,20.0,19.6,,4.2,33.1,1004.7,10.9,9.5,91.0,0.0,3.6,10.1,1006.8,0.0,,0,0,6.0
2024-05-16 04:00:00,,14.9,9.7,20.0,19.6,,4.2,33.1,1004.7,9.7,9.1,96.0,0.0,0.0,7.6,1007.0,0.0,,0,0,6.0
2024-05-16 05:00:00,,14.9,9.7,20.0,19.6,,4.2,33.1,1004.7,10.5,9.7,95.0,0.0,0.0,6.8,1007.0,0.0,,0,0,7.0
2024-05-16 06:00:00,,14.9,9.7,20.0,19.6,,4.2,33.1,1004.7,11.6,10.3,92.0,0.0,3.6,6.5,1006.4,25.0,,0,0,10.125
2024-05-16 07:00:00,,14.9,9.7,20.0,19.6,,4.2,33.1,1004.7,14.8,9.8,72.0,0.0,3.6,9.7,1006.0,53.0,,0,0,57.0
2024-05-16 08:00:00,,14.9,9.7,20.0,19.6,,4.2,33.1,1004.7,16.6,10.4,67.0,0.0,0.0,12.6,1005.3,60.0,,0,0,125.14285714285714
2024-05-16 09:00:00,,14.9,9.7,20.0,19.6,,4.2,33.1,1004.7,16.7,10.3,66.0,0.0,7.2,15.1,1004.6,55.0,,0,0,204.0
2024-05-16 10:00:00,,14.9,9.7,20.0,19.6,,4.2,33.1,1004.7,17.4,10.5,64.0,0.0,7.2,15.8,1004.2,60.0,,0,0,245.42857142857142
2024-05-16 11:00:00,,14.9,9.7,20.0,19.6,,4.2,33.1,1004.7,18.1,11.2,64.0,0.0,10.8,18.0,1003.8,47.0,,0,0,219.42857142857142
2024-05-16 12:00:00,,14.9,9.7,20.0,19.6,,4.2,33.1,1004.7,19.0,11.6,62.0,0.3,7.2,19.1,1003.1,55.0,,0,0,201.57142857142858
2024-05-16 13:00:00,,14.9,9.7,20.0,19.6,,4.2,33.1,1004.7,19.6,12.1,62.0,3.4,7.2,15.8,1002.5,53.0,,0,0,215.75
2024-05-16 14:00:00,,14.9,9.7,20.0,19.6,,4.2,33.1,1004.7,20.0,12.0,60.0,0.9,3.6,16.6,1001.8,59.0,,0,0,229.57142857142858
2024-05-16 15:00:00,,14.9,9.7,20.0,19.6,,4.2,33.1,1004.7,19.9,11.9,60.0,0.0,3.6,17.3,1001.4,32.0,,0,0,241.57142857142858
2024-05-16 16:00:00,,14.9,9.7,20.0,19.6,,4.2,33.1,1004.7,18.8,11.1,61.0,0.0,7.2,18.4,1001.2,19.0,,0,0,206.42857142857142
2024-05-16 17:00:00,,14.9,9.7,20.0,19.6,,4.2,33.1,1004.7,17.6,12.3,71.0,0.3,3.6,23.0,1001.8,0.0,,0,0,162.42857142857142
2024-05-16 18:00:00,,14.9,9.7,20.0,19.6,,4.2,33.1,1004.7,16.2,9.6,65.0,2.7,3.6,33.1,1002.9,0.0,,0,0,137.71428571428572
2024-05-16 19:00:00,,14.9,9.7,20.0,19.6,,4.2,33.1,1004.7,13.3,12.0,92.0,4.0,3.6,30.6,1004.0,0.0,,0,0,144.75
2024-05-16 20:00:00,,14.9,9.7,20.0,19.6,,4.2,33.1,1004.7,12.8,12.5,98.0,3.0,3.6,22.3,1004.2,0.0,,0,0,133.0
2024-05-16 21:00:00,,14.9,9.7,20.0,19.6,,4.2,33.1,1004.7,12.4,12.1,98.0,4.6,3.6,27.0,1005.0,0.0,,0,0,96.0
2024-05-16 22:00:00,,14.9,9.7,20.0,19.6,,4.2,33.1,1004.7,11.6,10.8,95.0,1.0,10.8,25.6,1006.0,0.0,,0,0,63.125
2024-05-16 23:00:00,,14.9,9.7,20.0,19.6,,4.2,33.1,1004.7,11.6,10.3,92.0,0.5,7.2,26.3,1006.1,0.0,,0,0,42.42857142857143
2024-05-17 00:00:00,,12.8,9.8,18.0,12.2,,5.1,29.2,1008.6,10.8,9.4,91.0,3.9,10.8,21.2,1006.5,0.0,,0,0,35.714285714285715
2024-05-17 01:00:00,,12.8,9.8,18.0,12.2,,5.1,29.2,1008.6,10.3,8.7,90.0,0.3,3.6,22.3,1006.9,0.0,,0,0,33.42857142857143
2024-05-17 02:00:00,,12.8,9.8,18.0,12.2,,5.1,29.2,1008.6,11.1,9.0,87.0,2.1,15.5,22.7,1008.0,0.0,,0,0,30.142857142857142
2024-05-17 03:00:00,,12.8,9.8,18.0,12.2,,5.1,29.2,1008.6,10.1,9.2,94.0,1.5,3.6,15.8,1007.3,0.0,,0,0,30.0
2024-05-17 04:00:00,,12.8,9.8,18.0,12.2,,5.1,29.2,1008.6,9.8,9.2,96.0,0.2,3.6,19.1,1007.9,0.0,,0,0,30.0
2024-05-17 05:00:00,,12.8,9.8,18.0,12.2,,5.1,29.2,1008.6,10.2,9.3,94.0,0.1,3.6,21.6,1008.0,0.0,,0,0,30.142857142857142
2024-05-17 06:00:00,,12.8,9.8,18.0,12.2,,5.1,29.2,1008.6,10.3,9.5,95.0,0.3,3.6,20.9,1008.6,0.0,,0,0,33.714285714285715
2024-05-17 07:00:00,,12.8,9.8,18.0,12.2,,5.1,29.2,1008.6,10.7,9.8,94.0,0.1,3.6,15.8,1008.7,0.0,,0,0,61.0
2024-05-17 08:00:00,,12.8,9.8,18.0,12.2,,5.1,29.2,1008.6,11.1,9.8,92.0,0.1,3.6,13.0,1008.8,0.0,,0,0,142.625
2024-05-17 09:00:00,,12.8,9.8,18.0,12.2,,5.1,29.2,1008.6,12.1,10.3,89.0,0.3,0.0,12.2,1009.0,0.0,,0,0,226.28571428571428
2024-05-17 10:00:00,,12.8,9.8,18.0,12.2,,5.1,29.2,1008.6,12.9,10.3,84.0,0.1,3.6,29.2,1008.9,0.0,,0,0,277.57142857142856
2024-05-17 11:00:00,,12.8,9.8,18.0,12.2,,5.1,29.2,1008.6,12.9,10.8,87.0,0.1,3.6,18.0,1009.3,0.0,,0,0,287.85714285714283
2024-05-17 12:00:00,,12.8,9.8,18.0,12.2,,5.1,29.2,1008.6,13.6,10.4,81.0,0.0,3.6,11.9,1009.4,0.0,,0,0,262.57142857142856
2024-05-17 13:00:00,,12.8,9.8,18.0,12.2,,5.1,29.2,1008.6,16.2,9.4,64.0,0.2,7.2,23.0,1008.7,21.0,,0,0,272.875
2024-05-17 14:00:00,,12.8,9.8,18.0,12.2,,5.1,29.2,1008.6,18.0,11.3,65.0,0.1,3.6,19.1,1008.2,50.0,,0,0,295.0
2024-05-17 15:00:00,,12.8,9.8,18.0,12.2,,5.1,29.2,1008.6,17.4,10.3,63.0,0.3,7.2,21.2,1008.3,20.0,,0,0,295.2857142857143
2024-05-17 16:00:00,,12.8,9.8,18.0,12.2,,5.1,29.2,1008.6,16.5,9.9,65.0,0.2,10.8,21.2,1008.8,38.0,,0,0,282.0
2024-05-17 17:00:00,,12.8,9.8,18.0,12.2,,5.1,29.2,1008.6,16.4,10.0,66.0,0.8,3.6,15.5,1009.0,16.0,,0,0,224.57142857142858
2024-05-17 18:00:00,,12.8,9.8,18.0,12.2,,5.1,29.2,1008.6,15.5,10.7,73.0,0.0,0.0,12.2,1009.5,4.0,,0,0,158.875
2024-05-17 19:00:00,,12.8,9.8,18.0,12.2,,5.1,29.2,1008.6,14.2,11.2,82.0,0.0,0.0,9.0,1010.4,0.0,,0,0,153.0
2024-05-17 20:00:00,,12.8,9.8,18.0,12.2,,5.1,29.2,1008.6,10.6,9.2,91.0,0.0,5.8,11.2,1011.8,0.0,,0,0,161.14285714285714
2024-05-17 21:00:00,,12.8,9.8,18.0,12.2,,5.1,29.2,1008.6,12.9,11.0,88.0,0.0,3.6,10.8,1011.7,0.0,,0,0,142.71428571428572
2024-05-17 22:00:00,,12.8,9.8,18.0,12.2,,5.1,29.2,1008.6,12.2,10.9,92.0,0.0,0.0,10.8,1012.0,0.0,,0,0,97.28571428571429
2024-05-17 23:00:00,,12.8,9.8,18.0,12.2,,5.1,29.2,1008.6,7.9,7.1,95.0,0.0,6.8,18.7,1012.2,0.0,,0,0,68.375
2024-05-18 00:00:00,,14.8,7.9,21.9,2.0,,3.6,35.3,1011.5,10.8,9.9,94.0,0.0,0.0,22.7,1012.5,0.0,,0,0,49.333333333333336
2024-05-18 01:00:00,,14.8,7.9,21.9,2.0,,3.6,35.3,1011.5,10.4,9.9,97.0,0.0,3.6,23.4,1012.5,0.0,,0,0,39.57142857142857
2024-05-18 02:00:00,,14.8,7.9,21.9,2.0,,3.6,35.3,1011.5,9.5,9.4,99.0,0.0,0.0,23.4,1012.6,0.0,,0,0,23.25
2024-05-18 03:00:00,,14.8,7.9,21.9,2.0,,3.6,35.3,1011.5,9.1,9.0,99.0,0.0,3.6,24.5,1012.8,0.0,,0,0,18.142857142857142
2024-05-18 04:00:00,,14.8,7.9,21.9,2.0,,3.6,35.3,1011.5,8.9,8.8,99.0,0.0,0.0,25.6,1013.0,0.0,,0,0,14.714285714285714
2024-05-18 05:00:00,,14.8,7.9,21.9,2.0,,3.6,35.3,1011.5,10.0,9.5,97.0,0.0,0.0,24.8,1013.2,0.0,,0,0,13.0
2024-05-18 06:00:00,,14.8,7.9,21.9,2.0,,3.6,35.3,1011.5,12.4,9.6,83.0,0.0,3.6,27.4,1012.9,26.0,,0,0,13.428571428571429
2024-05-18 07:00:00,,14.8,7.9,21.9,2.0,,3.6,35.3,1011.5,14.0,10.4,79.0,0.0,0.0,24.1,1012.9,13.0,,1,0,29.125
2024-05-18 08:00:00,,14.8,7.9,21.9,2.0,,3.6,35.3,1011.5,15.2,10.6,74.0,0.1,3.6,21.2,1012.5,37.0,,1,0,118.42857142857143
2024-05-18 09:00:00,,14.8,7.9,21.9,2.0,,3.6,35.3,1011.5,16.7,11.2,70.0,0.0,3.6,15.5,1012.1,56.0,,1,0,304.57142857142856
2024-05-18 10:00:00,,14.8,7.9,21.9,2.0,,3.6,35.3,1011.5,18.3,8.8,54.0,0.0,0.0,11.9,1011.4,59.0,,1,0,417.0
2024-05-18 11:00:00,,14.8,7.9,21.9,2.0,,3.6,35.3,1011.5,19.6,10.0,54.0,0.0,10.8,18.4,1010.8,51.0,,1,0,403.57142857142856
2024-05-18 12:00:00,,14.8,7.9,21.9,2.0,,3.6,35.3,1011.5,19.5,9.1,51.0,0.0,7.2,15.1,1010.3,52.0,,1,0,366.125
2024-05-18 13:00:00,,14.8,7.9,21.9,2.0,,3.6,35.3,1011.5,20.1,10.8,55.0,0.2,7.2,14.8,1009.9,37.0,,0,0,297.14285714285717
2024-05-18 14:00:00,,14.8,7.9,21.9,2.0,,3.6,35.3,1011.5,21.2,10.4,50.0,0.0,3.6,9.7,1009.1,3.0,,0,0,223.28571428571428
2024-05-18 15:00:00,,14.8,7.9,21.9,2.0,,3.6,35.3,1011.5,21.2,10.1,49.0,0.2,3.6,12.2,1008.4,22.0,,0,0,188.0
2024-05-18 16:00:00,,14.8,7.9,21.9,2.0,,3.6,35.3,1011.5,21.9,9.4,45.0,0.4,7.2,13.3,1007.8,60.0,,0,0,147.85714285714286
2024-05-18 17:00:00,,14.8,7.9,21.9,2.0,,3.6,35.3,1011.5,19.5,11.0,58.0,0.1,3.6,12.6,1008.3,19.0,,0,0,119.125
2024-05-18 18:00:00,,14.8,7.9,21.9,2.0,,3.6,35.3,1011.5,17.2,12.5,74.0,0.4,3.6,10.4,1009.0,16.0,,0,0,111.28571428571429
2024-05-18 19:00:00,,14.8,7.9,21.9,2.0,,3.6,35.3,1011.5,13.9,12.3,90.0,0.1,7.2,35.3,1011.7,3.0,,0,0,129.71428571428572
2024-05-18 20:00:00,,14.8,7.9,21.9,2.0,,3.6,35.3,1011.5,13.5,12.6,94.0,0.5,3.6,31.7,1013.4,0.0,,0,0,146.28571428571428
2024-05-18 21:00:00,,14.8,7.9,21.9,2.0,,3.6,35.3,1011.5,12.8,11.9,94.0,0.0,3.6,21.6,1014.2,0.0,,0,0,144.85714285714286
2024-05-18 22:00:00,,14.8,7.9,21.9,2.0,,3.6,35.3,1011.5,12.2,11.3,94.0,0.1,3.6,16.2,1014.2,0.0,,0,0,112.75
2024-05-18 23:00:00,,14.8,7.9,21.9,2.0,,3.6,35.3,1011.5,11.6,10.8,95.0,0.1,3.6,17.6,1013.8,0.0,,0,0,80.57142857142857
2024-05-19 00:00:00,,15.1,10.8,20.6,1.9,,4.9,30.2,1011.9,12.3,11.0,92.0,0.0,3.6,24.1,1013.1,0.0,,0,0,57.42857142857143
2024-05-19 01:00:00,,15.1,10.8,20.6,1.9,,4.9,30.2,1011.9,11.8,10.9,94.0,0.1,3.6,24.8,1012.7,0.0,,0,0,35.0
2024-05-19 02:00:00,,15.1,10.8,20.6,1.9,,4.9,30.2,1011.9,11.0,10.8,99.0,0.2,3.6,16.2,1012.8,0.0,,0,0,21.428571428571427
2024-05-19 03:00:00,,15.1,10.8,20.6,1.9,,4.9,30.2,1011.9,10.8,10.5,98.0,0.0,3.6,20.5,1012.9,0.0,,0,0,14.25
2024-05-19 04:00:00,,15.1,10.8,20.6,1.9,,4.9,30.2,1011.9,10.8,10.3,97.0,0.2,3.6,13.0,1012.9,0.0,,0,0,12.285714285714286
2024-05-19 05:00:00,,15.1,10.8,20.6,1.9,,4.9,30.2,1011.9,11.8,9.5,86.0,0.0,3.6,29.2,1013.0,0.0,,0,0,12.0
2024-05-19 06:00:00,,15.1,10.8,20.6,1.9,,4.9,30.2,1011.9,12.9,11.0,88.0,0.0,6.5,25.9,1013.6,4.0,,0,0,11.428571428571429
2024-05-19 07:00:00,,15.1,10.8,20.6,1.9,,4.9,30.2,1011.9,13.4,9.8,79.0,0.0,0.0,20.9,1013.6,0.0,,0,0,10.571428571428571
2024-05-19 08:00:00,,15.1,10.8,20.6,1.9,,4.9,30.2,1011.9,15.1,11.7,80.0,0.0,3.6,8.6,1013.2,33.0,,0,0,14.833333333333334
2024-05-19 09:00:00,,15.1,10.8,20.6,1.9,,4.9,30.2,1011.9,17.2,12.3,73.0,0.0,3.6,11.2,1012.4,56.0,,0,0,54.0
2024-05-19 10:00:00,,15.1,10.8,20.6,1.9,,4.9,30.2,1011.9,18.4,11.2,63.0,0.0,7.2,14.4,1011.9,59.0,,0,0,63.285714285714285
2024-05-19 11:00:00,,15.1,10.8,20.6,1.9,,4.9,30.2,1011.9,19.0,11.8,63.0,0.0,7.2,16.6,1011.3,50.0,,0,0,68.85714285714286
2024-05-19 12:00:00,,15.1,10.8,20.6,1.9,,4.9,30.2,1011.9,19.1,11.2,60.0,0.6,7.2,16.6,1011.0,60.0,,0,0,65.85714285714286
2024-05-19 13:00:00,,15.1,10.8,20.6,1.9,,4.9,30.2,1011.9,18.4,10.5,60.0,0.2,3.6,15.5,1010.7,58.0,,0,0,71.375
2024-05-19 14:00:00,,15.1,10.8,20.6,1.9,,4.9,30.2,1011.9,20.3,11.5,57.0,0.1,7.2,13.0,1009.7,45.0,,0,0,72.28571428571429
2024-05-19 15:00:00,,15.1,10.8,20.6,1.9,,4.9,30.2,1011.9,20.6,10.7,53.0,0.0,7.2,14.4,1009.4,60.0,,0,0,74.57142857142857
2024-05-19 16:00:00,,15.1,10.8,20.6,1.9,,4.9,30.2,1011.9,19.0,10.8,59.0,0.3,3.6,11.2,1009.9,10.0,,0,0,74.0
2024-05-19 17:00:00,,15.1,10.8,20.6,1.9,,4.9,30.2,1011.9,17.7,10.8,64.0,0.0,10.8,30.2,1010.3,0.0,,0,0,80.42857142857143
2024-05-19 18:00:00,,15.1,10.8,20.6,1.9,,4.9,30.2,1011.9,16.6,10.7,68.0,0.0,10.8,30.2,1009.9,25.0,,0,0,86.625
2024-05-19 19:00:00,,15.1,10.8,20.6,1.9,,4.9,30.2,1011.9,15.9,11.3,74.0,0.0,3.6,22.0,1010.4,22.0,,0,0,91.14285714285714
2024-05-19 20:00:00,,15.1,10.8,20.6,1.9,,4.9,30.2,1011.9,13.8,11.3,85.0,0.0,3.6,12.6,1011.5,0.0,,0,0,106.28571428571429
2024-05-19 21:00:00,,15.1,10.8,20.6,1.9,,4.9,30.2,1011.9,12.5,10.9,90.0,0.0,3.6,13.7,1011.7,0.0,,0,0,112.42857142857143
2024-05-19 22:00:00,,15.1,10.8,20.6,1.9,,4.9,30.2,1011.9,12.3,10.0,86.0,0.0,3.6,21.6,1011.8,0.0,,0,0,89.0
2024-05-19 23:00:00,,15.1,10.8,20.6,1.9,,4.9,30.2,1011.9,11.4,10.5,94.0,0.0,0.0,22.0,1011.6,0.0,,0,0,46.42857142857143
2024-05-20 00:00:00,holiday,16.6,8.6,23.5,2.9,,3.4,45.4,1008.6,10.2,9.7,97.0,0.0,0.0,10.4,1011.8,0.0,,0,0,31.428571428571427
2024-05-20 01:00:00,holiday,16.6,8.6,23.5,2.9,,3.4,45.4,1008.6,9.9,9.4,97.0,0.0,0.0,9.0,1011.9,0.0,,0,0,19.714285714285715
2024-05-20 02:00:00,holiday,16.6,8.6,23.5,2.9,,3.4,45.4,1008.6,9.4,9.3,99.0,0.0,0.0,7.9,1011.8,0.0,,0,0,17.428571428571427
2024-05-20 03:00:00,holiday,16.6,8.6,23.5,2.9,,3.4,45.4,1008.6,9.0,8.9,99.0,0.0,0.0,8.6,1011.6,0.0,,0,0,15.285714285714286
2024-05-20 04:00:00,holiday,16.6,8.6,23.5,2.9,,3.4,45.4,1008.6,8.6,8.5,99.0,0.0,0.0,10.8,1011.9,0.0,,0,0,13.0
2024-05-20 05:00:00,holiday,16.6,8.6,23.5,2.9,,3.4,45.4,1008.6,10.2,9.6,96.0,0.0,0.0,9.4,1011.6,0.0,,0,0,12.0
2024-05-20 06:00:00,holiday,16.6,8.6,23.5,2.9,,3.4,45.4,1008.6,14.0,9.6,75.0,0.0,0.0,5.0,1011.0,57.0,,0,0,12.0
2024-05-20 07:00:00,holiday,16.6,8.6,23.5,2.9,,3.4,45.4,1008.6,15.5,10.5,72.0,0.0,0.0,7.6,1010.5,60.0,,0,0,12.285714285714286
2024-05-20 08:00:00,holiday,16.6,8.6,23.5,2.9,,3.4,45.4,1008.6,16.4,10.0,66.0,0.0,7.2,9.4,1010.1,60.0,,0,0,12.285714285714286
2024-05-20 09:00:00,holiday,16.6,8.6,23.5,2.9,,3.4,45.4,1008.6,17.8,10.4,62.0,0.0,7.2,11.5,1009.4,60.0,,0,0,16.5
2024-05-20 10:00:00,holiday,16.6,8.6,23.5,2.9,,3.4,45.4,1008.6,19.9,13.4,66.0,0.0,6.8,13.7,1010.0,60.0,,0,0,23.571428571428573
2024-05-20 11:00:00,holiday,16.6,8.6,23.5,2.9,,3.4,45.4,1008.6,20.3,13.0,63.0,0.0,3.6,13.7,1008.5,60.0,,0,0,20.714285714285715
2024-05-20 12:00:00,holiday,16.6,8.6,23.5,2.9,,3.4,45.4,1008.6,20.6,12.8,61.0,0.4,7.2,13.7,1007.6,60.0,,0,0,25.0
2024-05-20 13:00:00,holiday,16.6,8.6,23.5,2.9,,3.4,45.4,1008.6,21.6,13.8,61.0,2.5,7.2,13.3,1006.8,46.0,,0,0,31.714285714285715
2024-05-20 14:00:00,holiday,16.6,8.6,23.5,2.9,,3.4,45.4,1008.6,22.8,12.1,51.0,0.0,7.2,13.0,1005.8,52.0,,0,0,30.125
2024-05-20 15:00:00,holiday,16.6,8.6,23.5,2.9,,3.4,45.4,1008.6,23.5,12.5,50.0,0.0,3.6,13.3,1005.2,60.0,,0,0,35.142857142857146
2024-05-20 16:00:00,holiday,16.6,8.6,23.5,2.9,,3.4,45.4,1008.6,23.0,11.4,48.0,0.0,7.2,13.7,1004.8,59.0,,0,0,35.142857142857146
2024-05-20 17:00:00,holiday,16.6,8.6,23.5,2.9,,3.4,45.4,1008.6,22.6,12.8,54.0,0.0,3.6,11.2,1004.4,17.0,,0,0,37.42857142857143
2024-05-20 18:00:00,holiday,16.6,8.6,23.5,2.9,,3.4,45.4,1008.6,20.7,14.8,69.0,0.0,3.6,34.6,1004.5,0.0,,0,0,34.714285714285715
2024-05-20 19:00:00,holiday,16.6,8.6,23.5,2.9,,3.4,45.4,1008.6,20.1,12.6,62.0,0.0,3.6,38.2,1004.5,0.0,,0,0,32.75
2024-05-20 20:00:00,holiday,16.6,8.6,23.5,2.9,,3.4,45.4,1008.6,19.7,11.7,60.0,0.0,7.2,41.8,1004.8,0.0,,0,0,28.428571428571427
2024-05-20 21:00:00,holiday,16.6,8.6,23.5,2.9,,3.4,45.4,1008.6,18.2,14.3,78.0,0.0,3.6,45.4,1005.2,0.0,,0,0,17.428571428571427
2024-05-20 22:00:00,holiday,16.6,8.6,23.5,2.9,,3.4,45.4,1008.6,17.6,13.5,77.0,0.0,0.0,11.2,1005.2,0.0,,0,0,8.714285714285714
2024-05-20 23:00:00,holiday,16.6,8.6,23.5,2.9,,3.4,45.4,1008.6,16.4,14.1,86.0,0.0,0.0,7.6,1005.1,0.0,,0,0,7.0
2024-05-21 00:00:00,,14.4,12.1,17.6,14.1,,3.9,40.0,1007.7,16.0,13.5,85.0,0.0,0.0,7.6,1004.8,0.0,,0,0,7.0
2024-05-21 01:00:00,,14.4,12.1,17.6,14.1,,3.9,40.0,1007.7,15.7,13.4,86.0,0.0,0.0,6.5,1004.6,0.0,,0,0,7.0
2024-05-21 02:00:00,,14.4,12.1,17.6,14.1,,3.9,40.0,1007.7,15.9,13.4,85.0,0.5,3.6,40.0,1006.4,0.0,,0,0,7.0
2024-05-21 03:00:00,,14.4,12.1,17.6,14.1,,3.9,40.0,1007.7,14.6,14.0,96.0,0.6,7.2,23.4,1006.8,0.0,,0,0,7.0
2024-05-21 04:00:00,,14.4,12.1,17.6,14.1,,3.9,40.0,1007.7,13.9,13.3,96.0,1.0,7.2,18.7,1006.9,0.0,,0,0,7.0
2024-05-21 05:00:00,,14.4,12.1,17.6,14.1,,3.9,40.0,1007.7,13.9,13.7,99.0,2.0,3.6,10.8,1007.0,0.0,,0,0,7.625
2024-05-21 06:00:00,,14.4,12.1,17.6,14.1,,3.9,40.0,1007.7,13.9,12.3,90.0,1.8,7.2,10.8,1007.4,0.0,,0,0,13.142857142857142
2024-05-21 07:00:00,,14.4,12.1,17.6,14.1,,3.9,40.0,1007.7,13.9,13.3,96.0,2.2,3.6,5.4,1007.6,0.0,,0,0,72.28571428571429
2024-05-21 08:00:00,,14.4,12.1,17.6,14.1,,3.9,40.0,1007.7,14.1,13.0,93.0,1.6,3.6,12.6,1007.6,0.0,,0,0,148.33333333333334
2024-05-21 09:00:00,,14.4,12.1,17.6,14.1,,3.9,40.0,1007.7,13.2,12.7,97.0,0.9,3.6,15.1,1008.2,0.0,,0,0,209.42857142857142
2024-05-21 10:00:00,,14.4,12.1,17.6,14.1,,3.9,40.0,1007.7,13.4,12.9,97.0,0.7,3.6,14.4,1008.5,0.0,,0,0,234.83333333333334
2024-05-21 11:00:00,,14.4,12.1,17.6,14.1,,3.9,40.0,1007.7,13.8,13.2,96.0,0.7,3.6,14.8,1008.6,0.0,,0,0,233.5
2024-05-21 12:00:00,,14.4,12.1,17.6,14.1,,3.9,40.0,1007.7,14.3,13.3,94.0,0.7,3.6,13.0,1008.8,0.0,,0,0,213.14285714285714
2024-05-21 13:00:00,,14.4,12.1,17.6,14.1,,3.9,40.0,1007.7,14.5,12.4,87.0,0.5,7.2,14.4,1008.7,0.0,,0,0,227.14285714285714
2024-05-21 14:00:00,,14.4,12.1,17.6,14.1,,3.9,40.0,1007.7,14.5,12.2,86.0,0.5,7.2,19.8,1009.1,0.0,,0,0,256.85714285714283
2024-05-21 15:00:00,,14.4,12.1,17.6,14.1,,3.9,40.0,1007.7,14.0,11.7,86.0,0.4,7.2,18.4,1009.1,0.0,,0,0,250.71428571428572
2024-05-21 16:00:00,,14.4,12.1,17.6,14.1,,3.9,40.0,1007.7,14.2,12.1,87.0,0.0,3.6,15.8,1008.8,0.0,,0,0,199.42857142857142
2024-05-21 17:00:00,,14.4,12.1,17.6,14.1,,3.9,40.0,1007.7,14.4,11.9,85.0,0.0,3.6,19.8,1008.7,0.0,,0,0,147.14285714285714
2024-05-21 18:00:00,,14.4,12.1,17.6,14.1,,3.9,40.0,1007.7,14.3,11.5,83.0,0.0,3.6,21.2,1009.0,0.0,,0,0,112.25
2024-05-21 19:00:00,,14.4,12.1,17.6,14.1,,3.9,40.0,1007.7,13.3,12.5,95.0,0.0,3.6,23.4,1008.9,0.0,,0,0,86.42857142857143
2024-05-21 20:00:00,,14.4,12.1,17.6,14.1,,3.9,40.0,1007.7,13.0,12.1,94.0,0.0,3.6,22.7,1009.7,0.0,,0,0,57.857142857142854
2024-05-21 21:00:00,,14.4,12.1,17.6,14.1,,3.9,40.0,1007.7,12.1,11.0,93.0,0.0,3.6,28.1,1010.1,0.0,,0,0,42.285714285714285
2024-05-21 22:00:00,,14.4,12.1,17.6,14.1,,3.9,40.0,1007.7,12.1,11.0,93.0,0.0,3.6,31.7,1010.2,0.0,,0,0,16.75
2024-05-21 23:00:00,,14.4,12.1,17.6,14.1,,3.9,40.0,1007.7,12.7,11.3,91.0,0.0,7.2,32.4,1010.9,0.0,,0,0,9.714285714285714
2024-05-22 00:00:00,,14.6,12.1,18.9,9.2,,5.1,34.6,1012.5,12.7,10.6,87.0,0.0,3.6,34.6,1010.9,0.0,,0,0,7.714285714285714
2024-05-22 01:00:00,,14.6,12.1,18.9,9.2,,5.1,34.6,1012.5,12.7,11.9,95.0,0.0,3.6,31.7,1010.9,0.0,,0,0,8.0
2024-05-22 02:00:00,,14.6,12.1,18.9,9.2,,5.1,34.6,1012.5,12.6,11.5,93.0,0.0,7.2,25.2,1011.1,0.0,,0,0,8.0
2024-05-22 03:00:00,,14.6,12.1,18.9,9.2,,5.1,34.6,1012.5,12.5,11.6,94.0,0.0,3.6,27.0,1011.2,0.0,,0,0,8.0
2024-05-22 04:00:00,,14.6,12.1,18.9,9.2,,5.1,34.6,1012.5,12.3,11.7,96.0,0.0,3.6,27.0,1011.3,0.0,,0,0,8.0
2024-05-22 05:00:00,,14.6,12.1,18.9,9.2,,5.1,34.6,1012.5,12.2,11.9,98.0,0.1,0.0,27.4,1011.8,0.0,,0,0,8.0
2024-05-22 06:00:00,,14.6,12.1,18.9,9.2,,5.1,34.6,1012.5,12.8,11.5,92.0,0.0,3.6,31.3,1012.3,0.0,,0,0,10.285714285714286
2024-05-22 07:00:00,,14.6,12.1,18.9,9.2,,5.1,34.6,1012.5,13.4,11.3,87.0,0.0,7.2,27.0,1012.7,0.0,,1,0,62.42857142857143
2024-05-22 08:00:00,,14.6,12.1,18.9,9.2,,5.1,34.6,1012.5,14.5,12.0,85.0,0.0,3.6,9.0,1012.8,6.0,,1,0,170.71428571428572
2024-05-22 09:00:00,,14.6,12.1,18.9,9.2,,5.1,34.6,1012.5,15.5,12.3,81.0,0.2,3.6,11.9,1012.7,12.0,,1,0,279.625
2024-05-22 10:00:00,,14.6,12.1,18.9,9.2,,5.1,34.6,1012.5,15.8,13.5,86.0,0.1,7.2,10.8,1013.0,0.0,,1,0,323.0
2024-05-22 11:00:00,,14.6,12.1,18.9,9.2,,5.1,34.6,1012.5,14.7,13.6,93.0,5.0,3.6,22.0,1013.6,0.0,,1,0,290.0
2024-05-22 12:00:00,,14.6,12.1,18.9,9.2,,5.1,34.6,1012.5,14.6,11.2,80.0,0.0,7.2,15.8,1013.6,3.0,,1,0,230.57142857142858
2024-05-22 13:00:00,,14.6,12.1,18.9,9.2,,5.1,34.6,1012.5,16.5,11.8,74.0,0.3,7.2,14.8,1013.0,13.0,,0,0,188.42857142857142
2024-05-22 14:00:00,,14.6,12.1,18.9,9.2,,5.1,34.6,1012.5,16.0,11.8,76.0,1.2,3.6,13.0,1012.9,1.0,,0,0,196.0
2024-05-22 15:00:00,,14.6,12.1,18.9,9.2,,5.1,34.6,1012.5,17.9,9.5,58.0,0.7,7.2,20.5,1012.2,58.0,,0,0,203.42857142857142
2024-05-22 16:00:00,,14.6,12.1,18.9,9.2,,5.1,34.6,1012.5,18.9,10.2,57.0,1.1,3.6,13.0,1012.0,37.0,,0,0,170.85714285714286
2024-05-22 17:00:00,,14.6,12.1,18.9,9.2,,5.1,34.6,1012.5,18.3,11.1,63.0,0.0,3.6,16.9,1012.1,38.0,,0,0,138.71428571428572
2024-05-22 18:00:00,,14.6,12.1,18.9,9.2,,5.1,34.6,1012.5,16.0,10.3,69.0,0.5,10.8,32.8,1013.5,46.0,,0,0,129.0
2024-05-22 19:00:00,,14.6,12.1,18.9,9.2,,5.1,34.6,1012.5,16.5,9.7,64.0,0.0,7.2,28.8,1013.6,0.0,,0,0,175.28571428571428
2024-05-22 20:00:00,,14.6,12.1,18.9,9.2,,5.1,34.6,1012.5,14.5,11.3,81.0,0.0,3.6,9.7,1015.0,0.0,,0,0,150.71428571428572
2024-05-22 21:00:00,,14.6,12.1,18.9,9.2,,5.1,34.6,1012.5,13.5,11.6,88.0,0.0,7.2,25.6,1015.7,0.0,,0,0,106.14285714285714
2024-05-22 22:00:00,,14.6,12.1,18.9,9.2,,5.1,34.6,1012.5,13.1,11.7,91.0,0.0,0.0,20.9,1015.7,0.0,,0,0,65.42857142857143
2024-05-22 23:00:00,,14.6,12.1,18.9,9.2,,5.1,34.6,1012.5,13.4,11.5,88.0,0.0,3.6,13.7,1015.9,0.0,,0,0,32.142857142857146
2024-05-23 00:00:00,,13.0,11.0,15.6,9.6,,2.9,46.1,1016.5,12.7,12.1,96.0,0.0,0.0,7.2,1015.9,0.0,,0,0,20.571428571428573
2024-05-23 01:00:00,,13.0,11.0,15.6,9.6,,2.9,46.1,1016.5,12.5,11.9,96.0,0.0,0.0,6.8,1015.7,0.0,,0,0,11.428571428571429
2024-05-23 02:00:00,,13.0,11.0,15.6,9.6,,2.9,46.1,1016.5,12.1,11.9,99.0,0.0,0.0,6.8,1015.9,0.0,,0,0,7.375
2024-05-23 03:00:00,,13.0,11.0,15.6,9.6,,2.9,46.1,1016.5,11.7,11.7,100.0,0.0,0.0,6.8,1015.8,0.0,,0,0,7.142857142857143
2024-05-23 04:00:00,,13.0,11.0,15.6,9.6,,2.9,46.1,1016.5,12.0,12.0,100.0,0.0,0.0,12.2,1015.8,0.0,,0,0,8.142857142857142
2024-05-23 05:00:00,,13.0,11.0,15.6,9.6,,2.9,46.1,1016.5,12.4,12.2,99.0,0.0,0.0,5.4,1015.8,0.0,,0,0,10.428571428571429
2024-05-23 06:00:00,,13.0,11.0,15.6,9.6,,2.9,46.1,1016.5,13.4,12.0,91.0,0.6,0.0,4.7,1015.8,0.0,,0,0,17.125
2024-05-23 07:00:00,,13.0,11.0,15.6,9.6,,2.9,46.1,1016.5,13.9,11.8,87.0,0.4,0.0,6.5,1015.8,0.0,,0,0,74.4
2024-05-23 08:00:00,,13.0,11.0,15.6,9.6,,2.9,46.1,1016.5,14.7,12.0,84.0,1.2,3.6,9.0,1015.4,0.0,,0,0,143.28571428571428
2024-05-23 09:00:00,,13.0,11.0,15.6,9.6,,2.9,46.1,1016.5,14.9,12.0,83.0,1.9,7.2,10.8,1015.2,0.0,,0,0,214.71428571428572
2024-05-23 10:00:00,,13.0,11.0,15.6,9.6,,2.9,46.1,1016.5,15.6,12.4,81.0,1.2,7.2,22.0,1014.7,0.0,,0,0,243.28571428571428
2024-05-23 11:00:00,,13.0,11.0,15.6,9.6,,2.9,46.1,1016.5,15.0,11.6,80.0,0.9,7.2,19.8,1015.0,0.0,,0,0,231.71428571428572
2024-05-23 12:00:00,,13.0,11.0,15.6,9.6,,2.9,46.1,1016.5,11.9,9.6,86.0,1.5,10.8,46.1,1017.0,0.0,,0,0,230.57142857142858
2024-05-23 13:00:00,,13.0,11.0,15.6,9.6,,2.9,46.1,1016.5,11.1,10.6,97.0,1.3,3.6,16.9,1017.7,0.0,,0,0,206.25
2024-05-23 14:00:00,,13.0,11.0,15.6,9.6,,2.9,46.1,1016.5,12.3,11.4,94.0,0.6,3.6,10.4,1017.9,0.0,,0,0,201.71428571428572
2024-05-23 15:00:00,,13.0,11.0,15.6,9.6,,2.9,46.1,1016.5,12.9,11.0,88.0,0.0,3.6,10.4,1017.7,0.0,,0,0,212.0
2024-05-23 16:00:00,,13.0,11.0,15.6,9.6,,2.9,46.1,1016.5,13.4,9.4,77.0,0.0,3.6,13.7,1017.6,0.0,,0,0,194.85714285714286
2024-05-23 17:00:00,,13.0,11.0,15.6,9.6,,2.9,46.1,1016.5,13.9,10.3,79.0,0.0,3.6,9.0,1017.3,0.0,,0,0,167.0
2024-05-23 18:00:00,,13.0,11.0,15.6,9.6,,2.9,46.1,1016.5,13.3,11.0,86.0,0.0,0.0,8.6,1017.4,0.0,,0,0,132.71428571428572
2024-05-23 19:00:00,,13.0,11.0,15.6,9.6,,2.9,46.1,1016.5,12.1,11.0,93.0,0.0,3.6,9.7,1017.8,0.0,,0,0,121.875
2024-05-23 20:00:00,,13.0,11.0,15.6,9.6,,2.9,46.1,1016.5,11.0,9.4,90.0,0.0,4.0,10.1,1018.8,0.0,,0,0,99.71428571428571
2024-05-23 21:00:00,,13.0,11.0,15.6,9.6,,2.9,46.1,1016.5,11.5,9.2,86.0,0.0,3.6,7.9,1018.8,0.0,,0,0,73.42857142857143
2024-05-23 22:00:00,,13.0,11.0,15.6,9.6,,2.9,46.1,1016.5,10.9,10.0,94.0,0.0,3.6,7.6,1018.9,0.0,,0,0,46.285714285714285
2024-05-23 23:00:00,,13.0,11.0,15.6,9.6,,2.9,46.1,1016.5,10.7,10.2,97.0,0.0,0.0,8.6,1019.1,0.0,,0,0,27.428571428571427
2024-05-24 00:00:00,,13.8,10.6,19.7,1.7,,3.9,37.1,1017.9,11.0,9.9,93.0,0.0,3.6,7.6,1018.7,0.0,,0,0,19.625
2024-05-24 01:00:00,,13.8,10.6,19.7,1.7,,3.9,37.1,1017.9,10.6,10.0,96.0,0.0,3.6,7.9,1018.6,0.0,,0,0,11.857142857142858
2024-05-24 02:00:00,,13.8,10.6,19.7,1.7,,3.9,37.1,1017.9,10.8,10.3,97.0,0.0,0.0,7.6,1018.6,0.0,,0,0,10.0
2024-05-24 03:00:00,,13.8,10.6,19.7,1.7,,3.9,37.1,1017.9,11.0,10.7,98.0,0.0,3.6,7.6,1018.6,0.0,,0,0,10.0
2024-05-24 04:00:00,,13.8,10.6,19.7,1.7,,3.9,37.1,1017.9,10.9,10.7,99.0,0.0,0.0,8.6,1018.6,0.0,,0,0,10.0
2024-05-24 05:00:00,,13.8,10.6,19.7,1.7,,3.9,37.1,1017.9,11.1,10.8,98.0,0.0,0.0,12.6,1018.9,0.0,,0,0,11.75
2024-05-24 06:00:00,,13.8,10.6,19.7,1.7,,3.9,37.1,1017.9,11.9,10.3,90.0,0.0,3.6,10.4,1019.0,0.0,,0,0,17.285714285714285
2024-05-24 07:00:00,,13.8,10.6,19.7,1.7,,3.9,37.1,1017.9,13.1,10.6,85.0,0.0,3.6,14.4,1018.6,46.0,,0,0,64.28571428571429
2024-05-24 08:00:00,,13.8,10.6,19.7,1.7,,3.9,37.1,1017.9,15.1,10.7,75.0,0.0,3.6,16.2,1017.9,60.0,,0,0,134.85714285714286
2024-05-24 09:00:00,,13.8,10.6,19.7,1.7,,3.9,37.1,1017.9,16.8,11.7,72.0,0.0,0.0,13.3,1017.5,59.0,,0,0,190.85714285714286
2024-05-24 10:00:00,,13.8,10.6,19.7,1.7,,3.9,37.1,1017.9,17.3,11.3,68.0,0.0,7.2,14.8,1017.3,60.0,,0,0,233.625
2024-05-24 11:00:00,,13.8,10.6,19.7,1.7,,3.9,37.1,1017.9,17.5,10.4,63.0,0.0,10.8,14.0,1016.9,60.0,,0,0,224.57142857142858
2024-05-24 12:00:00,,13.8,10.6,19.7,1.7,,3.9,37.1,1017.9,18.3,9.6,57.0,0.0,7.2,18.4,1016.0,60.0,,0,0,193.71428571428572
2024-05-24 13:00:00,,13.8,10.6,19.7,1.7,,3.9,37.1,1017.9,19.1,10.1,56.0,0.0,7.2,17.3,1015.3,59.0,,0,0,200.71428571428572
2024-05-24 14:00:00,,13.8,10.6,19.7,1.7,,3.9,37.1,1017.9,19.7,10.1,54.0,0.0,7.2,16.2,1014.2,59.0,,0,0,246.0
2024-05-24 15:00:00,,13.8,10.6,19.7,1.7,,3.9,37.1,1017.9,17.5,9.4,59.0,0.2,3.6,14.8,1014.9,1.0,,0,0,272.125
2024-05-24 16:00:00,,13.8,10.6,19.7,1.7,,3.9,37.1,1017.9,15.9,10.6,71.0,0.0,3.6,37.1,1016.2,0.0,,0,0,231.42857142857142
2024-05-24 17:00:00,,13.8,10.6,19.7,1.7,,3.9,37.1,1017.9,13.2,10.4,83.0,0.9,10.8,20.2,1018.8,0.0,,0,0,170.42857142857142
2024-05-24 18:00:00,,13.8,10.6,19.7,1.7,,3.9,37.1,1017.9,12.7,11.4,92.0,0.6,3.6,20.5,1018.9,0.0,,0,0,148.85714285714286
2024-05-24 19:00:00,,13.8,10.6,19.7,1.7,,3.9,37.1,1017.9,12.2,11.6,96.0,0.0,3.6,17.3,1018.8,10.0,,0,0,167.28571428571428
2024-05-24 20:00:00,,13.8,10.6,19.7,1.7,,3.9,37.1,1017.9,12.4,11.1,92.0,0.0,3.6,18.0,1019.2,0.0,,0,0,164.0
2024-05-24 21:00:00,,13.8,10.6,19.7,1.7,,3.9,37.1,1017.9,11.4,10.9,97.0,0.0,0.0,11.9,1019.5,0.0,,0,0,144.85714285714286
2024-05-24 22:00:00,,13.8,10.6,19.7,1.7,,3.9,37.1,1017.9,11.2,10.7,97.0,0.0,3.6,10.8,1019.3,0.0,,0,0,109.71428571428571
2024-05-24 23:00:00,,13.8,10.6,19.7,1.7,,3.9,37.1,1017.9,10.6,10.1,97.0,0.0,3.6,7.9,1019.4,0.0,,0,0,86.14285714285714
2024-05-25 00:00:00,,13.6,8.5,18.4,0.0,,3.8,31.3,1018.2,9.5,9.5,100.0,0.0,3.6,15.8,1019.5,0.0,,0,0,54.285714285714285
2024-05-25 01:00:00,,13.6,8.5,18.4,0.0,,3.8,31.3,1018.2,8.8,8.8,100.0,0.0,3.6,9.7,1019.3,0.0,,0,0,33.5
2024-05-25 02:00:00,,13.6,8.5,18.4,0.0,,3.8,31.3,1018.2,8.5,8.4,99.0,0.0,0.0,9.7,1019.4,0.0,,0,0,22.285714285714285
2024-05-25 03:00:00,,13.6,8.5,18.4,0.0,,3.8,31.3,1018.2,8.8,8.7,99.0,0.0,0.0,7.6,1019.3,0.0,,0,0,16.714285714285715
2024-05-25 04:00:00,,13.6,8.5,18.4,0.0,,3.8,31.3,1018.2,9.2,9.2,100.0,0.0,0.0,7.2,1019.4,0.0,,0,0,15.285714285714286
2024-05-25 05:00:00,,13.6,8.5,18.4,0.0,,3.8,31.3,1018.2,10.0,9.7,98.0,0.0,3.6,6.8,1019.2,0.0,,0,0,13.571428571428571
2024-05-25 06:00:00,,13.6,8.5,18.4,0.0,,3.8,31.3,1018.2,11.2,10.1,93.0,0.0,0.0,4.7,1019.3,36.0,,0,0,14.0
2024-05-25 07:00:00,,13.6,8.5,18.4,0.0,,3.8,31.3,1018.2,12.2,10.8,91.0,0.0,3.6,7.2,1019.0,20.0,,1,0,35.142857142857146
2024-05-25 08:00:00,,13.6,8.5,18.4,0.0,,3.8,31.3,1018.2,14.2,10.8,80.0,0.0,3.6,12.6,1018.4,5.0,,1,0,114.0
2024-05-25 09:00:00,,13.6,8.5,18.4,0.0,,3.8,31.3,1018.2,15.0,11.0,77.0,0.0,7.2,14.8,1018.4,28.0,,1,0,290.7142857142857
2024-05-25 10:00:00,,13.6,8.5,18.4,0.0,,3.8,31.3,1018.2,16.5,11.0,70.0,0.0,7.2,17.3,1018.1,60.0,,1,0,405.14285714285717
2024-05-25 11:00:00,,13.6,8.5,18.4,0.0,,3.8,31.3,1018.2,17.0,11.3,69.0,0.0,7.2,15.5,1017.4,55.0,,1,0,384.625
2024-05-25 12:00:00,,13.6,8.5,18.4,0.0,,3.8,31.3,1018.2,16.7,10.8,68.0,0.0,3.6,14.8,1017.1,59.0,,1,0,315.14285714285717
2024-05-25 13:00:00,,13.6,8.5,18.4,0.0,,3.8,31.3,1018.2,17.7,9.6,59.0,0.0,3.6,14.0,1016.8,51.0,,0,0,249.57142857142858
2024-05-25 14:00:00,,13.6,8.5,18.4,0.0,,3.8,31.3,1018.2,15.2,10.6,74.0,0.0,10.8,31.3,1017.2,11.0,,0,0,183.57142857142858
2024-05-25 15:00:00,,13.6,8.5,18.4,0.0,,3.8,31.3,1018.2,16.5,12.1,75.0,0.0,3.6,29.5,1016.7,0.0,,0,0,163.85714285714286
2024-05-25 16:00:00,,13.6,8.5,18.4,0.0,,3.8,31.3,1018.2,17.9,10.5,62.0,0.0,7.2,17.6,1016.6,14.0,,0,0,92.0
2024-05-25 17:00:00,,13.6,8.5,18.4,0.0,,3.8,31.3,1018.2,18.4,10.7,61.0,0.0,3.6,11.5,1016.4,60.0,,0,0,62.42857142857143
2024-05-25 18:00:00,,13.6,8.5,18.4,0.0,,3.8,31.3,1018.2,18.1,11.6,66.0,0.0,3.6,10.8,1016.5,52.0,,0,0,84.85714285714286
2024-05-25 19:00:00,,13.6,8.5,18.4,0.0,,3.8,31.3,1018.2,15.2,12.0,81.0,0.0,3.6,11.5,1017.2,37.0,,0,0,97.57142857142857
2024-05-25 20:00:00,,13.6,8.5,18.4,0.0,,3.8,31.3,1018.2,13.4,10.9,85.0,0.0,0.0,16.6,1018.0,0.0,,0,0,93.0
2024-05-25 21:00:00,,13.6,8.5,18.4,0.0,,3.8,31.3,1018.2,14.1,9.9,76.0,0.0,3.6,16.9,1018.4,0.0,,0,0,98.75
2024-05-25 22:00:00,,13.6,8.5,18.4,0.0,,3.8,31.3,1018.2,12.2,9.6,84.0,0.0,3.6,19.8,1018.9,0.0,,0,0,98.71428571428571
2024-05-25 23:00:00,,13.6,8.5,18.4,0.0,,3.8,31.3,1018.2,10.7,9.9,95.0,0.0,0.0,12.2,1019.2,0.0,,0,0,94.71428571428571
2024-05-26 00:00:00,,16.0,8.1,22.8,0.1,,3.4,19.8,1017.9,10.0,9.1,94.0,0.0,3.6,10.4,1019.3,0.0,Pfarrfest im Pfarrpark,0,0,64.28571428571429
2024-05-26 01:00:00,,16.0,8.1,22.8,0.1,,3.4,19.8,1017.9,9.4,8.9,97.0,0.0,0.0,10.1,1019.4,0.0,Pfarrfest im Pfarrpark,0,0,45.57142857142857
2024-05-26 02:00:00,,16.0,8.1,22.8,0.1,,3.4,19.8,1017.9,8.7,8.6,99.0,0.0,0.0,9.7,1019.3,0.0,Pfarrfest im Pfarrpark,0,0,28.125
2024-05-26 03:00:00,,16.0,8.1,22.8,0.1,,3.4,19.8,1017.9,8.6,8.6,100.0,0.0,3.6,17.3,1019.4,0.0,Pfarrfest im Pfarrpark,0,0,20.714285714285715
2024-05-26 04:00:00,,16.0,8.1,22.8,0.1,,3.4,19.8,1017.9,8.1,8.0,99.0,0.0,3.6,16.6,1019.5,0.0,Pfarrfest im Pfarrpark,0,0,18.0
2024-05-26 05:00:00,,16.0,8.1,22.8,0.1,,3.4,19.8,1017.9,9.2,9.2,100.0,0.0,3.6,8.6,1019.5,1.0,Pfarrfest im Pfarrpark,0,0,17.0
2024-05-26 06:00:00,,16.0,8.1,22.8,0.1,,3.4,19.8,1017.9,13.2,9.4,78.0,0.0,0.0,5.8,1018.9,59.0,Pfarrfest im Pfarrpark,0,0,17.428571428571427
2024-05-26 07:00:00,,16.0,8.1,22.8,0.1,,3.4,19.8,1017.9,14.9,9.0,68.0,0.0,3.6,13.7,1018.6,60.0,Pfarrfest im Pfarrpark,0,0,16.125
2024-05-26 08:00:00,,16.0,8.1,22.8,0.1,,3.4,19.8,1017.9,17.1,10.0,63.0,0.0,3.6,18.0,1018.1,60.0,Pfarrfest im Pfarrpark,0,0,21.428571428571427
2024-05-26 09:00:00,,16.0,8.1,22.8,0.1,,3.4,19.8,1017.9,18.1,10.0,59.0,0.0,3.6,14.0,1017.9,59.0,Pfarrfest im Pfarrpark,0,0,39.42857142857143
2024-05-26 10:00:00,,16.0,8.1,22.8,0.1,,3.4,19.8,1017.9,19.5,9.1,51.0,0.0,0.0,11.5,1017.3,60.0,Pfarrfest im Pfarrpark,0,0,81.57142857142857
2024-05-26 11:00:00,,16.0,8.1,22.8,0.1,,3.4,19.8,1017.9,20.3,12.5,61.0,0.0,7.2,10.4,1017.3,60.0,Pfarrfest im Pfarrpark,0,0,93.85714285714286
2024-05-26 12:00:00,,16.0,8.1,22.8,0.1,,3.4,19.8,1017.9,22.0,9.8,46.0,0.0,7.2,11.2,1016.8,60.0,Pfarrfest im Pfarrpark,0,0,48.875
2024-05-26 13:00:00,,16.0,8.1,22.8,0.1,,3.4,19.8,1017.9,22.6,8.3,40.0,0.0,7.2,16.2,1016.4,60.0,Pfarrfest im Pfarrpark,0,0,36.42857142857143
2024-05-26 14:00:00,,16.0,8.1,22.8,0.1,,3.4,19.8,1017.9,22.8,9.6,43.0,0.0,3.6,13.3,1016.0,60.0,Pfarrfest im Pfarrpark,0,0,29.428571428571427
2024-05-26 15:00:00,,16.0,8.1,22.8,0.1,,3.4,19.8,1017.9,22.7,9.5,43.0,0.0,3.6,12.2,1015.8,58.0,Pfarrfest im Pfarrpark,0,0,27.428571428571427
2024-05-26 16:00:00,,16.0,8.1,22.8,0.1,,3.4,19.8,1017.9,22.7,8.8,41.0,0.0,7.2,11.2,1015.8,59.0,Pfarrfest im Pfarrpark,0,0,25.714285714285715
2024-05-26 17:00:00,,16.0,8.1,22.8,0.1,,3.4,19.8,1017.9,21.3,11.6,54.0,0.0,3.6,11.2,1016.3,8.0,Pfarrfest im Pfarrpark,0,0,37.0
2024-05-26 18:00:00,,16.0,8.1,22.8,0.1,,3.4,19.8,1017.9,20.0,11.5,58.0,0.0,0.0,7.6,1016.9,0.0,Pfarrfest im Pfarrpark,0,0,39.285714285714285
2024-05-26 19:00:00,,16.0,8.1,22.8,0.1,,3.4,19.8,1017.9,18.1,14.2,78.0,0.1,3.6,14.4,1017.1,0.0,Pfarrfest im Pfarrpark,0,0,35.42857142857143
2024-05-26 20:00:00,,16.0,8.1,22.8,0.1,,3.4,19.8,1017.9,17.4,11.4,68.0,0.0,3.6,9.0,1017.6,0.0,Pfarrfest im Pfarrpark,0,0,31.571428571428573
2024-05-26 21:00:00,,16.0,8.1,22.8,0.1,,3.4,19.8,1017.9,13.6,10.4,81.0,0.0,5.0,9.4,1019.1,0.0,Pfarrfest im Pfarrpark,0,0,20.714285714285715
2024-05-26 22:00:00,,16.0,8.1,22.8,0.1,,3.4,19.8,1017.9,16.9,11.6,71.0,0.0,3.6,9.4,1018.3,0.0,Pfarrfest im Pfarrpark,0,0,10.25
2024-05-26 23:00:00,,16.0,8.1,22.8,0.1,,3.4,19.8,1017.9,15.4,12.2,81.0,0.0,3.6,10.4,1018.3,0.0,Pfarrfest im Pfarrpark,0,0,9.714285714285714
2024-05-27 00:00:00,,16.6,14.1,21.1,13.9,,4.1,33.1,1017.7,14.5,11.8,84.0,0.0,3.6,6.8,1018.5,0.0,,0,0,9.0
2024-05-27 01:00:00,,16.6,14.1,21.1,13.9,,4.1,33.1,1017.7,15.1,11.7,80.0,0.0,3.6,12.2,1018.5,0.0,,0,0,9.0
2024-05-27 02:00:00,,16.6,14.1,21.1,13.9,,4.1,33.1,1017.7,15.3,11.5,78.0,0.0,3.6,8.3,1018.6,0.0,,0,0,9.0
2024-05-27 03:00:00,,16.6,14.1,21.1,13.9,,4.1,33.1,1017.7,15.0,12.3,84.0,0.0,0.0,9.4,1018.7,0.0,,0,0,9.0
2024-05-27 04:00:00,,16.6,14.1,21.1,13.9,,4.1,33.1,1017.7,14.1,12.3,89.0,0.0,0.0,7.2,1018.8,0.0,,0,0,9.0
2024-05-27 05:00:00,,16.6,14.1,21.1,13.9,,4.1,33.1,1017.7,14.1,12.8,92.0,0.0,3.6,7.2,1019.1,0.0,,0,0,9.142857142857142
2024-05-27 06:00:00,,16.6,14.1,21.1,13.9,,4.1,33.1,1017.7,15.2,12.9,86.0,0.0,3.6,8.3,1019.5,0.0,,0,0,12.857142857142858
2024-05-27 07:00:00,,16.6,14.1,21.1,13.9,,4.1,33.1,1017.7,16.6,12.9,79.0,0.0,3.6,7.6,1019.5,0.0,,0,0,59.142857142857146
2024-05-27 08:00:00,,16.6,14.1,21.1,13.9,,4.1,33.1,1017.7,17.6,13.9,79.0,0.0,0.0,9.0,1018.6,1.0,,0,0,138.66666666666666
2024-05-27 09:00:00,,16.6,14.1,21.1,13.9,,4.1,33.1,1017.7,17.2,14.3,83.0,0.0,7.2,13.3,1018.2,10.0,,0,0,191.42857142857142
2024-05-27 10:00:00,,16.6,14.1,21.1,13.9,,4.1,33.1,1017.7,19.4,13.8,70.0,0.0,3.6,19.8,1016.9,50.0,,0,0,229.625
2024-05-27 11:00:00,,16.6,14.1,21.1,13.9,,4.1,33.1,1017.7,20.8,13.5,63.0,0.3,7.2,16.6,1016.2,56.0,,0,0,211.57142857142858
2024-05-27 12:00:00,,16.6,14.1,21.1,13.9,,4.1,33.1,1017.7,21.1,14.7,67.0,0.0,7.2,21.2,1015.3,43.0,,0,0,202.28571428571428
2024-05-27 13:00:00,,16.6,14.1,21.1,13.9,,4.1,33.1,1017.7,19.3,15.0,76.0,0.9,7.2,20.9,1015.6,2.0,,0,0,207.0
2024-05-27 14:00:00,,16.6,14.1,21.1,13.9,,4.1,33.1,1017.7,18.1,14.2,78.0,0.3,3.6,33.1,1015.9,7.0,,0,0,218.33333333333334
2024-05-27 15:00:00,,16.6,14.1,21.1,13.9,,4.1,33.1,1017.7,17.3,13.8,80.0,0.1,7.2,27.0,1016.2,0.0,,0,0,237.0
2024-05-27 16:00:00,,16.6,14.1,21.1,13.9,,4.1,33.1,1017.7,17.8,14.7,82.0,0.4,7.2,16.9,1015.7,0.0,,0,0,194.71428571428572
2024-05-27 17:00:00,,16.6,14.1,21.1,13.9,,4.1,33.1,1017.7,16.9,13.6,81.0,1.8,3.6,19.1,1016.2,0.0,,0,0,145.14285714285714
2024-05-27 18:00:00,,16.6,14.1,21.1,13.9,,4.1,33.1,1017.7,16.2,14.7,91.0,1.2,3.6,9.4,1017.0,0.0,,0,0,95.5
2024-05-27 19:00:00,,16.6,14.1,21.1,13.9,,4.1,33.1,1017.7,15.0,14.7,98.0,4.0,3.6,9.4,1017.7,0.0,,0,0,82.28571428571429
2024-05-27 20:00:00,,16.6,14.1,21.1,13.9,,4.1,33.1,1017.7,14.7,14.4,98.0,2.0,3.6,11.5,1018.2,0.0,,0,0,52.285714285714285
2024-05-27 21:00:00,,16.6,14.1,21.1,13.9,,4.1,33.1,1017.7,14.9,14.3,96.0,2.9,3.6,11.9,1018.6,0.0,,0,0,28.285714285714285
2024-05-27 22:00:00,,16.6,14.1,21.1,13.9,,4.1,33.1,1017.7,13.8,13.3,97.0,0.2,3.6,14.8,1019.0,0.0,,0,0,4.8
2024-05-28 06:00:00,,15.0,11.8,19.9,9.8,,3.5,18.4,1020.0,12.2,11.7,97.0,0.4,3.6,9.0,1021.3,0.0,,0,0,5.0
2024-05-28 07:00:00,,15.0,11.8,19.9,9.8,,3.5,18.4,1020.0,13.2,11.4,89.0,0.2,3.6,13.0,1021.6,,,0,0,47.42857142857143
2024-05-28 08:00:00,,15.0,11.8,19.9,9.8,,3.5,18.4,1020.0,14.4,9.6,73.0,0.0,3.6,13.7,1021.6,13.0,,0,0,139.66666666666666
2024-05-28 09:00:00,,15.0,11.8,19.9,9.8,,3.5,18.4,1020.0,15.0,9.4,69.0,0.0,3.6,11.5,1021.7,18.0,,0,0,223.28571428571428
2024-05-28 10:00:00,,15.0,11.8,19.9,9.8,,3.5,18.4,1020.0,15.5,9.2,66.0,0.2,3.6,13.0,1021.4,44.0,,0,0,252.71428571428572
2024-05-28 11:00:00,,15.0,11.8,19.9,9.8,,3.5,18.4,1020.0,15.5,8.9,65.0,0.2,3.6,15.8,1021.2,0.0,,0,0,221.14285714285714
2024-05-28 12:00:00,,15.0,11.8,19.9,9.8,,3.5,18.4,1020.0,16.5,8.5,59.0,0.1,3.6,10.1,1020.5,0.0,,0,0,203.75
2024-05-28 13:00:00,,15.0,11.8,19.9,9.8,,3.5,18.4,1020.0,18.0,8.8,55.0,0.1,7.2,13.0,1019.9,17.0,,0,0,203.28571428571428
2024-05-28 14:00:00,,15.0,11.8,19.9,9.8,,3.5,18.4,1020.0,17.9,7.3,50.0,0.0,3.6,12.6,1019.4,57.0,,0,0,232.5
2024-05-28 15:00:00,,15.0,11.8,19.9,9.8,,3.5,18.4,1020.0,19.3,8.3,49.0,0.0,3.6,11.9,1018.7,56.0,,0,0,232.57142857142858
2024-05-28 16:00:00,,15.0,11.8,19.9,9.8,,3.5,18.4,1020.0,19.1,6.2,43.0,0.0,3.6,11.9,1018.2,60.0,,0,0,197.14285714285714
2024-05-28 17:00:00,,15.0,11.8,19.9,9.8,,3.5,18.4,1020.0,19.9,7.9,46.0,0.0,3.6,11.2,1017.8,60.0,,0,0,137.375
2024-05-28 18:00:00,,15.0,11.8,19.9,9.8,,3.5,18.4,1020.0,19.1,9.0,52.0,0.0,3.6,10.8,1018.0,60.0,,0,0,96.71428571428571
2024-05-28 19:00:00,,15.0,11.8,19.9,9.8,,3.5,18.4,1020.0,15.0,11.0,77.0,0.0,0.0,9.7,1018.6,40.0,,0,0,133.71428571428572
2024-05-28 20:00:00,,15.0,11.8,19.9,9.8,,3.5,18.4,1020.0,13.1,10.3,83.0,0.0,3.6,10.1,1019.2,0.0,,0,0,105.28571428571429
2024-05-28 21:00:00,,15.0,11.8,19.9,9.8,,3.5,18.4,1020.0,12.3,10.0,86.0,0.0,0.0,7.9,1019.9,0.0,,0,0,35.857142857142854
2024-05-28 22:00:00,,15.0,11.8,19.9,9.8,,3.5,18.4,1020.0,11.2,9.5,89.0,0.0,3.6,7.6,1020.1,0.0,,0,0,5.333333333333333
2024-05-29 07:00:00,,14.2,9.8,19.4,3.8,,3.3,30.2,1015.8,14.3,9.3,72.0,0.0,3.6,18.0,1016.5,0.0,,1,0,45.142857142857146
2024-05-29 08:00:00,,14.2,9.8,19.4,3.8,,3.3,30.2,1015.8,15.3,8.8,65.0,0.0,3.6,18.7,1016.3,28.0,,1,0,151.125
2024-05-29 09:00:00,,14.2,9.8,19.4,3.8,,3.3,30.2,1015.8,17.7,8.0,53.0,0.0,3.6,16.6,1015.0,49.0,,1,0,263.42857142857144
2024-05-29 10:00:00,,14.2,9.8,19.4,3.8,,3.3,30.2,1015.8,19.1,9.0,52.0,0.2,3.6,16.2,1014.3,19.0,,1,0,321.57142857142856
2024-05-29 11:00:00,,14.2,9.8,19.4,3.8,,3.3,30.2,1015.8,18.7,8.6,52.0,0.0,10.8,15.8,1014.2,27.0,,1,0,285.2857142857143
2024-05-29 12:00:00,,14.2,9.8,19.4,3.8,,3.3,30.2,1015.8,19.4,10.9,58.0,0.0,7.2,14.0,1013.5,11.0,,1,0,226.57142857142858
2024-05-29 13:00:00,,14.2,9.8,19.4,3.8,,3.3,30.2,1015.8,19.2,10.7,58.0,0.3,7.2,10.4,1013.3,15.0,,0,0,215.125
2024-05-29 14:00:00,,14.2,9.8,19.4,3.8,,3.3,30.2,1015.8,18.8,11.1,61.0,0.5,3.6,30.2,1013.6,4.0,,0,0,222.14285714285714
2024-05-29 15:00:00,,14.2,9.8,19.4,3.8,,3.3,30.2,1015.8,15.4,13.4,88.0,0.0,3.6,26.3,1014.8,0.0,,0,0,210.85714285714286
2024-05-29 16:00:00,,14.2,9.8,19.4,3.8,,3.3,30.2,1015.8,15.0,13.9,93.0,1.0,3.6,11.9,1014.6,0.0,,0,0,168.28571428571428
2024-05-29 17:00:00,,14.2,9.8,19.4,3.8,,3.3,30.2,1015.8,14.8,13.8,94.0,0.9,3.6,10.4,1014.1,0.0,,0,0,131.71428571428572
2024-05-29 18:00:00,,14.2,9.8,19.4,3.8,,3.3,30.2,1015.8,14.3,13.8,97.0,0.0,3.6,12.2,1013.4,0.0,,0,0,94.875
2024-05-29 19:00:00,,14.2,9.8,19.4,3.8,,3.3,30.2,1015.8,14.3,13.3,94.0,0.0,7.2,25.9,1013.0,0.0,,0,0,107.28571428571429
2024-05-29 20:00:00,,14.2,9.8,19.4,3.8,,3.3,30.2,1015.8,14.2,13.7,97.0,0.2,3.6,27.7,1012.5,0.0,,0,0,112.0
2024-05-29 21:00:00,,14.2,9.8,19.4,3.8,,3.3,30.2,1015.8,13.7,13.5,99.0,0.7,3.6,26.3,1012.1,0.0,,0,0,117.85714285714286
2024-05-29 22:00:00,,14.2,9.8,19.4,3.8,,3.3,30.2,1015.8,13.6,13.3,98.0,0.4,0.0,18.0,1011.2,0.0,,0,0,120.42857142857143
2024-05-29 23:00:00,,14.2,9.8,19.4,3.8,,3.3,30.2,1015.8,13.4,13.4,100.0,0.5,3.6,8.6,1010.8,0.0,,0,0,116.875
2024-05-30 00:00:00,holiday,14.8,13.1,18.8,40.7,,3.8,39.2,1007.7,13.6,13.0,96.0,1.3,0.0,8.6,1010.3,0.0,,0,0,98.28571428571429
2024-05-30 01:00:00,holiday,14.8,13.1,18.8,40.7,,3.8,39.2,1007.7,13.6,13.4,99.0,0.3,3.6,10.1,1010.0,0.0,,0,0,64.16666666666667
2024-05-30 02:00:00,holiday,14.8,13.1,18.8,40.7,,3.8,39.2,1007.7,13.2,13.2,100.0,2.0,3.6,12.2,1009.4,0.0,,0,0,35.285714285714285
2024-05-30 03:00:00,holiday,14.8,13.1,18.8,40.7,,3.8,39.2,1007.7,13.3,13.1,99.0,3.1,3.6,21.2,1008.7,0.0,,0,0,20.428571428571427
2024-05-30 04:00:00,holiday,14.8,13.1,18.8,40.7,,3.8,39.2,1007.7,13.4,13.4,100.0,2.0,0.0,26.3,1008.5,0.0,,0,0,17.285714285714285
2024-05-30 05:00:00,holiday,14.8,13.1,18.8,40.7,,3.8,39.2,1007.7,13.7,13.5,99.0,1.0,3.6,22.7,1008.5,0.0,,0,0,16.125
2024-05-30 06:00:00,holiday,14.8,13.1,18.8,40.7,,3.8,39.2,1007.7,14.3,13.7,96.0,2.5,3.6,28.8,1008.3,0.0,,0,0,16.0
2024-05-30 07:00:00,holiday,14.8,13.1,18.8,40.7,,3.8,39.2,1007.7,14.8,13.5,92.0,4.3,3.6,22.0,1007.8,0.0,,0,0,16.0
2024-05-30 08:00:00,holiday,14.8,13.1,18.8,40.7,,3.8,39.2,1007.7,16.8,13.5,81.0,0.0,3.6,18.0,1006.8,8.0,,0,0,17.285714285714285
2024-05-30 09:00:00,holiday,14.8,13.1,18.8,40.7,,3.8,39.2,1007.7,18.8,14.7,77.0,0.0,0.0,12.6,1005.6,11.0,,0,0,23.857142857142858
2024-05-30 10:00:00,holiday,14.8,13.1,18.8,40.7,,3.8,39.2,1007.7,18.3,13.6,74.0,0.3,3.6,11.9,1005.4,3.0,,0,0,23.75
2024-05-30 11:00:00,holiday,14.8,13.1,18.8,40.7,,3.8,39.2,1007.7,16.1,14.6,91.0,3.0,3.6,22.7,1006.3,4.0,,0,0,29.428571428571427
2024-05-30 12:00:00,holiday,14.8,13.1,18.8,40.7,,3.8,39.2,1007.7,18.1,14.8,81.0,2.2,7.2,20.9,1005.0,19.0,,0,0,31.0
2024-05-30 13:00:00,holiday,14.8,13.1,18.8,40.7,,3.8,39.2,1007.7,14.5,13.2,92.0,12.0,7.2,27.0,1006.8,0.0,,0,0,29.857142857142858
2024-05-30 14:00:00,holiday,14.8,13.1,18.8,40.7,,3.8,39.2,1007.7,15.5,12.6,83.0,0.4,7.2,20.5,1005.9,1.0,,0,0,30.0
2024-05-30 15:00:00,holiday,14.8,13.1,18.8,40.7,,3.8,39.2,1007.7,17.4,11.4,68.0,1.8,7.2,23.4,1005.1,30.0,,0,0,34.5
2024-05-30 16:00:00,holiday,14.8,13.1,18.8,40.7,,3.8,39.2,1007.7,14.8,12.7,87.0,1.0,7.2,39.2,1006.5,7.0,,0,0,22.714285714285715
2024-05-30 17:00:00,holiday,14.8,13.1,18.8,40.7,,3.8,39.2,1007.7,14.5,13.5,94.0,0.9,3.6,13.7,1006.2,0.0,,0,0,19.571428571428573
2024-05-30 18:00:00,holiday,14.8,13.1,18.8,40.7,,3.8,39.2,1007.7,13.8,13.3,97.0,0.0,0.0,11.5,1007.4,0.0,,0,0,42.0
2024-05-30 19:00:00,holiday,14.8,13.1,18.8,40.7,,3.8,39.2,1007.7,13.6,13.1,97.0,0.2,3.6,12.6,1007.6,0.0,,0,0,67.28571428571429
2024-05-30 20:00:00,holiday,14.8,13.1,18.8,40.7,,3.8,39.2,1007.7,13.2,12.7,97.0,1.0,3.6,15.8,1008.5,0.0,,0,0,65.375
2024-05-30 21:00:00,holiday,14.8,13.1,18.8,40.7,,3.8,39.2,1007.7,13.1,11.3,89.0,0.5,7.2,27.4,1008.4,0.0,,0,0,49.42857142857143
2024-05-30 22:00:00,holiday,14.8,13.1,18.8,40.7,,3.8,39.2,1007.7,12.2,11.1,93.0,2.0,3.6,28.1,1008.8,0.0,,0,0,34.0
2024-05-30 23:00:00,holiday,14.8,13.1,18.8,40.7,,3.8,39.2,1007.7,12.0,11.5,97.0,2.0,3.6,20.5,1009.2,0.0,,0,0,16.714285714285715
2024-05-31 00:00:00,,10.1,8.2,12.2,63.7,,4.7,45.4,1010.5,11.8,11.3,97.0,1.3,3.6,15.5,1009.2,0.0,,0,1,5.0
2024-05-31 01:00:00,,10.1,8.2,12.2,63.7,,4.7,45.4,1010.5,11.6,11.4,99.0,1.0,0.0,20.5,1009.2,0.0,,0,1,2.75
2024-05-31 02:00:00,,10.1,8.2,12.2,63.7,,4.7,45.4,1010.5,11.4,11.1,98.0,2.0,3.6,15.8,1009.3,0.0,,0,1,0.14285714285714285
2024-05-31 06:00:00,,10.1,8.2,12.2,63.7,,4.7,45.4,1010.5,10.7,10.2,97.0,2.6,0.0,20.9,1009.6,0.0,,0,1,2.5
2024-05-31 07:00:00,,10.1,8.2,12.2,63.7,,4.7,45.4,1010.5,10.3,9.2,93.0,5.0,3.6,18.7,1010.3,0.0,,0,1,35.142857142857146
2024-05-31 08:00:00,,10.1,8.2,12.2,63.7,,4.7,45.4,1010.5,10.0,9.1,94.0,5.0,3.6,19.8,1010.3,0.0,,0,1,93.85714285714286
2024-05-31 09:00:00,,10.1,8.2,12.2,63.7,,4.7,45.4,1010.5,9.8,9.0,95.0,3.0,3.6,19.8,1010.0,0.0,,0,1,175.85714285714286
2024-05-31 10:00:00,,10.1,8.2,12.2,63.7,,4.7,45.4,1010.5,9.8,8.9,94.0,3.0,0.0,26.6,1010.1,0.0,,0,1,254.42857142857142
2024-05-31 11:00:00,,10.1,8.2,12.2,63.7,,4.7,45.4,1010.5,9.8,9.2,96.0,3.0,3.6,25.9,1010.1,0.0,,0,1,267.0
2024-05-31 12:00:00,,10.1,8.2,12.2,63.7,,4.7,45.4,1010.5,10.2,9.0,92.0,2.3,10.8,24.8,1010.3,0.0,,0,1,240.125
2024-05-31 13:00:00,,10.1,8.2,12.2,63.7,,4.7,45.4,1010.5,10.1,8.4,89.0,3.0,10.8,29.2,1010.5,0.0,,0,1,234.14285714285714
2024-05-31 14:00:00,,10.1,8.2,12.2,63.7,,4.7,45.4,1010.5,10.0,8.4,90.0,3.0,10.8,31.0,1010.6,0.0,,0,1,243.71428571428572
2024-05-31 15:00:00,,10.1,8.2,12.2,63.7,,4.7,45.4,1010.5,9.8,8.2,90.0,2.4,3.6,27.4,1010.8,0.0,,0,1,244.42857142857142
2024-05-31 16:00:00,,10.1,8.2,12.2,63.7,,4.7,45.4,1010.5,9.1,8.5,96.0,3.0,3.6,43.6,1011.3,0.0,,0,1,207.85714285714286
2024-05-31 17:00:00,,10.1,8.2,12.2,63.7,,4.7,45.4,1010.5,8.7,8.1,96.0,6.0,3.6,40.7,1011.9,0.0,,0,1,148.375
2024-05-31 18:00:00,,10.1,8.2,12.2,63.7,,4.7,45.4,1010.5,8.6,7.8,95.0,2.5,3.6,45.4,1012.7,0.0,,0,1,150.71428571428572
2024-05-31 19:00:00,,10.1,8.2,12.2,63.7,,4.7,45.4,1010.5,8.2,7.8,97.0,3.0,7.2,43.6,1013.0,0.0,,0,1,289.0
2024-05-31 20:00:00,,10.1,8.2,12.2,63.7,,4.7,45.4,1010.5,8.5,8.1,97.0,3.0,10.8,43.6,1013.3,0.0,,0,1,391.57142857142856
2024-05-31 21:00:00,,10.1,8.2,12.2,63.7,,4.7,45.4,1010.5,8.2,7.9,98.0,3.0,3.6,41.4,1014.3,0.0,,0,1,386.875
2024-05-31 22:00:00,,10.1,8.2,12.2,63.7,,4.7,45.4,1010.5,8.1,8.0,99.0,5.0,7.2,36.7,1014.2,0.0,,0,1,369.85714285714283
2024-05-31 23:00:00,,10.1,8.2,12.2,63.7,,4.7,45.4,1010.5,8.2,7.8,97.0,3.0,3.6,46.4,1014.9,0.0,,0,1,221.57142857142858
2024-06-01 00:00:00,,10.3,7.7,13.1,26.6,,4.6,46.4,1016.8,7.9,7.5,97.0,2.0,7.2,37.1,1015.1,0.0,,0,0,76.71428571428571
2024-06-01 01:00:00,,10.3,7.7,13.1,26.6,,4.6,46.4,1016.8,7.8,7.4,97.0,2.0,7.2,36.7,1014.9,0.0,,0,0,43.857142857142854
2024-06-01 02:00:00,,10.3,7.7,13.1,26.6,,4.6,46.4,1016.8,7.8,7.4,97.0,0.6,3.6,29.5,1014.9,0.0,,0,0,18.714285714285715
2024-06-01 03:00:00,,10.3,7.7,13.1,26.6,,4.6,46.4,1016.8,7.7,7.4,98.0,2.8,0.0,35.6,1015.1,0.0,,0,0,14.375
2024-06-01 04:00:00,,10.3,7.7,13.1,26.6,,4.6,46.4,1016.8,7.9,7.5,97.0,0.7,3.6,34.6,1015.5,0.0,,0,0,13.0
2024-06-01 05:00:00,,10.3,7.7,13.1,26.6,,4.6,46.4,1016.8,8.0,7.6,97.0,1.0,7.2,39.6,1016.0,0.0,,0,0,13.0
2024-06-01 06:00:00,,10.3,7.7,13.1,26.6,,4.6,46.4,1016.8,9.4,7.8,90.0,0.9,9.0,35.6,1016.2,0.0,,0,0,13.428571428571429
2024-06-01 07:00:00,,10.3,7.7,13.1,26.6,,4.6,46.4,1016.8,9.8,8.4,91.0,0.8,8.6,34.2,1016.8,0.0,,1,0,19.857142857142858
2024-06-01 08:00:00,,10.3,7.7,13.1,26.6,,4.6,46.4,1016.8,9.3,8.7,96.0,0.8,0.0,30.6,1016.9,0.0,,1,0,79.875
2024-06-01 09:00:00,,10.3,7.7,13.1,26.6,,4.6,46.4,1016.8,9.7,9.2,97.0,0.2,3.6,35.6,1017.0,0.0,,1,0,202.28571428571428
2024-06-01 10:00:00,,10.3,7.7,13.1,26.6,,4.6,46.4,1016.8,10.3,9.5,95.0,1.0,7.2,33.5,1017.3,0.0,,1,0,300.57142857142856
2024-06-01 11:00:00,,10.3,7.7,13.1,26.6,,4.6,46.4,1016.8,10.7,9.9,95.0,1.0,7.2,29.2,1017.3,0.0,,1,0,319.42857142857144
2024-06-01 12:00:00,,10.3,7.7,13.1,26.6,,4.6,46.4,1016.8,11.4,10.9,97.0,0.3,3.6,29.5,1017.3,0.0,,1,0,296.42857142857144
2024-06-01 13:00:00,,10.3,7.7,13.1,26.6,,4.6,46.4,1016.8,11.9,11.3,96.0,0.3,3.6,20.2,1017.3,0.0,,0,0,216.625
2024-06-01 14:00:00,,10.3,7.7,13.1,26.6,,4.6,46.4,1016.8,12.6,11.3,92.0,0.5,0.0,18.0,1017.4,0.0,,0,0,188.42857142857142
2024-06-01 15:00:00,,10.3,7.7,13.1,26.6,,4.6,46.4,1016.8,12.9,11.6,92.0,0.6,3.6,24.5,1017.4,0.0,,0,0,196.71428571428572
2024-06-01 16:00:00,,10.3,7.7,13.1,26.6,,4.6,46.4,1016.8,13.1,12.2,94.0,0.1,7.2,21.6,1017.6,0.0,,0,0,150.85714285714286
2024-06-01 17:00:00,,10.3,7.7,13.1,26.6,,4.6,46.4,1016.8,12.8,11.9,94.0,0.5,3.6,17.6,1017.9,0.0,,0,0,124.28571428571429
2024-06-01 18:00:00,,10.3,7.7,13.1,26.6,,4.6,46.4,1016.8,12.6,12.0,96.0,0.4,3.6,20.2,1018.2,0.0,,0,0,226.75
2024-06-01 19:00:00,,10.3,7.7,13.1,26.6,,4.6,46.4,1016.8,12.5,12.2,98.0,0.6,3.6,17.3,1018.7,0.0,,0,0,308.2857142857143
2024-06-01 20:00:00,,10.3,7.7,13.1,26.6,,4.6,46.4,1016.8,12.2,11.9,98.0,0.3,3.6,12.2,1019.2,0.0,,0,0,311.42857142857144
2024-06-01 21:00:00,,10.3,7.7,13.1,26.6,,4.6,46.4,1016.8,11.9,11.7,99.0,1.2,3.6,21.2,1019.3,0.0,,0,0,291.42857142857144
2024-06-01 22:00:00,,10.3,7.7,13.1,26.6,,4.6,46.4,1016.8,11.9,11.4,97.0,0.2,3.6,22.7,1019.2,0.0,,0,0,137.14285714285714
2024-06-01 23:00:00,,10.3,7.7,13.1,26.6,,4.6,46.4,1016.8,11.6,11.4,99.0,0.1,3.6,24.5,1019.2,0.0,,0,0,91.875
2024-06-02 00:00:00,,14.0,11.1,18.3,5.2,,3.1,27.7,1018.2,11.7,11.5,99.0,0.4,3.6,26.3,1019.0,0.0,,0,0,65.71428571428571
2024-06-02 01:00:00,,14.0,11.1,18.3,5.2,,3.1,27.7,1018.2,11.3,11.1,99.0,0.1,0.0,27.7,1018.9,0.0,,0,0,43.142857142857146
2024-06-02 02:00:00,,14.0,11.1,18.3,5.2,,3.1,27.7,1018.2,11.3,11.3,100.0,0.1,3.6,19.1,1018.5,0.0,,0,0,23.428571428571427
2024-06-02 03:00:00,,14.0,11.1,18.3,5.2,,3.1,27.7,1018.2,11.1,11.1,100.0,0.0,0.0,18.0,1018.5,0.0,,0,0,11.142857142857142
2024-06-02 04:00:00,,14.0,11.1,18.3,5.2,,3.1,27.7,1018.2,11.1,10.9,99.0,0.3,0.0,9.7,1018.6,0.0,,0,0,8.25
2024-06-02 05:00:00,,14.0,11.1,18.3,5.2,,3.1,27.7,1018.2,11.4,10.3,93.0,1.0,5.4,16.2,1018.7,0.0,,0,0,7.0
2024-06-02 06:00:00,,14.0,11.1,18.3,5.2,,3.1,27.7,1018.2,12.5,11.1,91.0,0.0,4.7,19.1,1019.2,0.0,,0,0,7.0
2024-06-02 07:00:00,,14.0,11.1,18.3,5.2,,3.1,27.7,1018.2,12.5,11.7,95.0,0.0,0.0,10.1,1019.1,0.0,,0,0,8.428571428571429
2024-06-02 08:00:00,,14.0,11.1,18.3,5.2,,3.1,27.7,1018.2,13.2,10.6,84.0,0.0,3.6,10.8,1019.1,0.0,,0,0,11.714285714285714
2024-06-02 09:00:00,,14.0,11.1,18.3,5.2,,3.1,27.7,1018.2,13.8,11.0,83.0,0.0,3.6,7.9,1019.1,0.0,,0,0,16.875
2024-06-02 10:00:00,,14.0,11.1,18.3,5.2,,3.1,27.7,1018.2,15.5,10.7,73.0,0.0,3.6,6.1,1019.3,0.0,,0,0,57.142857142857146
2024-06-02 11:00:00,,14.0,11.1,18.3,5.2,,3.1,27.7,1018.2,15.8,12.0,78.0,0.0,3.6,8.3,1018.5,0.0,,0,0,52.0
2024-06-02 12:00:00,,14.0,11.1,18.3,5.2,,3.1,27.7,1018.2,15.9,10.9,72.0,0.0,7.2,10.1,1018.1,0.0,,0,0,15.0
2024-06-02 13:00:00,,14.0,11.1,18.3,5.2,,3.1,27.7,1018.2,16.8,11.5,71.0,0.1,3.6,10.8,1017.4,3.0,,0,0,9.857142857142858
2024-06-02 14:00:00,,14.0,11.1,18.3,5.2,,3.1,27.7,1018.2,16.0,12.6,80.0,0.1,7.2,12.2,1017.3,2.0,,0,0,17.75
2024-06-02 15:00:00,,14.0,11.1,18.3,5.2,,3.1,27.7,1018.2,17.0,12.3,74.0,0.0,3.6,7.9,1017.0,19.0,,0,0,28.571428571428573
2024-06-02 16:00:00,,14.0,11.1,18.3,5.2,,3.1,27.7,1018.2,18.3,12.7,70.0,0.0,0.0,14.8,1016.1,31.0,,0,0,29.285714285714285
2024-06-02 17:00:00,,14.0,11.1,18.3,5.2,,3.1,27.7,1018.2,17.2,12.5,74.0,0.0,3.6,10.4,1016.6,16.0,,0,0,34.857142857142854
2024-06-02 18:00:00,,14.0,11.1,18.3,5.2,,3.1,27.7,1018.2,16.0,13.8,87.0,0.3,0.0,9.0,1016.2,0.0,,0,0,36.857142857142854
2024-06-02 19:00:00,,14.0,11.1,18.3,5.2,,3.1,27.7,1018.2,14.8,14.0,95.0,1.4,4.0,9.7,1017.7,0.0,,0,0,32.625
2024-06-02 20:00:00,,14.0,11.1,18.3,5.2,,3.1,27.7,1018.2,15.2,13.0,87.0,0.4,3.6,8.3,1017.0,0.0,,0,0,23.0
2024-06-02 21:00:00,,14.0,11.1,18.3,5.2,,3.1,27.7,1018.2,14.4,13.8,96.0,0.7,3.6,7.9,1017.3,0.0,,0,0,6.857142857142857
2024-06-02 22:00:00,,14.0,11.1,18.3,5.2,,3.1,27.7,1018.2,14.0,13.5,97.0,0.1,3.6,7.6,1017.2,0.0,,0,0,1.0
2024-06-03 06:00:00,,13.9,12.5,15.8,40.6,,3.3,22.3,1017.0,12.5,12.5,100.0,0.3,3.6,9.7,1016.4,0.0,,0,0,4.0
2024-06-03 07:00:00,,13.9,12.5,15.8,40.6,,3.3,22.3,1017.0,12.6,12.4,99.0,3.0,3.6,22.3,1016.6,0.0,,0,0,55.57142857142857
2024-06-03 08:00:00,,13.9,12.5,15.8,40.6,,3.3,22.3,1017.0,12.8,12.6,99.0,6.0,3.6,21.2,1016.7,0.0,,0,0,153.42857142857142
2024-06-03 09:00:00,,13.9,12.5,15.8,40.6,,3.3,22.3,1017.0,13.2,13.0,99.0,1.2,3.6,18.7,1016.9,0.0,,0,0,223.14285714285714
2024-06-03 10:00:00,,13.9,12.5,15.8,40.6,,3.3,22.3,1017.0,13.6,13.4,99.0,1.0,7.2,16.6,1017.0,0.0,,0,0,229.125
2024-06-03 11:00:00,,13.9,12.5,15.8,40.6,,3.3,22.3,1017.0,13.6,13.6,100.0,4.0,0.0,11.2,1017.3,0.0,,0,0,208.71428571428572
2024-06-03 12:00:00,,13.9,12.5,15.8,40.6,,3.3,22.3,1017.0,14.3,13.8,97.0,1.9,3.6,10.4,1017.5,0.0,,0,0,175.71428571428572
2024-06-03 13:00:00,,13.9,12.5,15.8,40.6,,3.3,22.3,1017.0,14.7,14.1,96.0,0.8,3.6,13.0,1017.4,0.0,,0,0,175.0
2024-06-03 14:00:00,,13.9,12.5,15.8,40.6,,3.3,22.3,1017.0,15.8,14.7,93.0,1.1,7.9,11.2,1017.1,0.0,,0,0,218.0
2024-06-03 15:00:00,,13.9,12.5,15.8,40.6,,3.3,22.3,1017.0,14.8,13.8,94.0,0.0,3.6,8.3,1017.2,0.0,,0,0,207.375
2024-06-03 16:00:00,,13.9,12.5,15.8,40.6,,3.3,22.3,1017.0,15.8,14.2,90.0,0.0,0.0,9.0,1016.9,0.0,,0,0,152.71428571428572
2024-06-03 17:00:00,,13.9,12.5,15.8,40.6,,3.3,22.3,1017.0,15.1,14.1,94.0,2.0,3.6,8.3,1017.2,0.0,,0,0,98.0
2024-06-03 18:00:00,,13.9,12.5,15.8,40.6,,3.3,22.3,1017.0,14.9,14.6,98.0,0.2,0.0,6.5,1017.2,0.0,,0,0,72.42857142857143
2024-06-03 19:00:00,,13.9,12.5,15.8,40.6,,3.3,22.3,1017.0,14.6,14.4,99.0,2.0,3.6,12.2,1017.4,0.0,,0,0,51.714285714285715
2024-06-03 20:00:00,,13.9,12.5,15.8,40.6,,3.3,22.3,1017.0,14.4,13.6,95.0,0.2,2.9,13.0,1018.2,0.0,,0,0,33.375
2024-06-03 21:00:00,,13.9,12.5,15.8,40.6,,3.3,22.3,1017.0,13.8,13.0,95.0,0.0,2.5,6.5,1018.2,0.0,,0,0,8.142857142857142
2024-06-04 06:00:00,,16.8,12.3,22.4,0.0,,3.6,16.2,1014.3,14.3,13.7,96.0,0.0,3.6,6.1,1015.9,59.0,,0,0,2.0
2024-06-04 07:00:00,,16.8,12.3,22.4,0.0,,3.6,16.2,1014.3,14.8,13.0,89.0,0.0,0.0,9.0,1015.5,60.0,,0,0,40.42857142857143
2024-06-04 08:00:00,,16.8,12.3,22.4,0.0,,3.6,16.2,1014.3,17.1,13.6,80.0,0.0,3.6,11.5,1014.9,60.0,,0,0,135.42857142857142
2024-06-04 09:00:00,,16.8,12.3,22.4,0.0,,3.6,16.2,1014.3,17.8,13.3,75.0,0.0,3.6,11.9,1014.4,60.0,,0,0,205.0
2024-06-04 10:00:00,,16.8,12.3,22.4,0.0,,3.6,16.2,1014.3,18.8,13.2,70.0,0.0,3.6,12.6,1013.8,55.0,,0,0,228.14285714285714
2024-06-04 11:00:00,,16.8,12.3,22.4,0.0,,3.6,16.2,1014.3,19.0,13.0,68.0,0.0,7.2,12.2,1013.3,59.0,,0,0,205.875
2024-06-04 12:00:00,,16.8,12.3,22.4,0.0,,3.6,16.2,1014.3,20.2,13.2,64.0,0.0,7.2,15.8,1012.7,60.0,,0,0,195.71428571428572
2024-06-04 13:00:00,,16.8,12.3,22.4,0.0,,3.6,16.2,1014.3,20.7,13.6,64.0,0.0,7.2,15.8,1012.2,59.0,,0,0,210.85714285714286
2024-06-04 14:00:00,,16.8,12.3,22.4,0.0,,3.6,16.2,1014.3,21.1,12.8,59.0,0.0,7.2,16.2,1011.8,60.0,,0,0,235.0
2024-06-04 15:00:00,,16.8,12.3,22.4,0.0,,3.6,16.2,1014.3,22.2,12.7,55.0,0.0,7.2,14.8,1011.3,60.0,,0,0,235.42857142857142
2024-06-04 16:00:00,,16.8,12.3,22.4,0.0,,3.6,16.2,1014.3,22.0,12.0,53.0,0.0,7.2,15.1,1010.8,59.0,,0,0,198.625
2024-06-04 17:00:00,,16.8,12.3,22.4,0.0,,3.6,16.2,1014.3,22.4,11.2,49.0,0.0,3.6,11.5,1010.7,60.0,,0,0,164.57142857142858
2024-06-04 18:00:00,,16.8,12.3,22.4,0.0,,3.6,16.2,1014.3,20.9,11.8,56.0,0.0,3.6,6.8,1011.0,60.0,,0,0,147.28571428571428
2024-06-04 19:00:00,,16.8,12.3,22.4,0.0,,3.6,16.2,1014.3,16.8,12.7,77.0,0.0,7.6,6.5,1013.0,58.0,,0,0,141.71428571428572
2024-06-04 20:00:00,,16.8,12.3,22.4,0.0,,3.6,16.2,1014.3,15.6,12.4,81.0,0.0,7.9,9.0,1013.2,0.0,,0,0,89.57142857142857
2024-06-04 21:00:00,,16.8,12.3,22.4,0.0,,3.6,16.2,1014.3,15.7,13.2,85.0,0.0,0.0,10.1,1012.5,0.0,,0,0,39.285714285714285
2024-06-04 22:00:00,,16.8,12.3,22.4,0.0,,3.6,16.2,1014.3,15.3,13.0,86.0,0.0,0.0,6.5,1013.0,0.0,,0,0,11.5
2024-06-05 07:00:00,,18.5,12.5,25.1,7.4,,4.7,46.4,1013.8,18.3,14.8,80.0,0.0,3.6,17.3,1014.6,60.0,EM Übertragung Kulturhauspark,1,0,60.5
2024-06-05 08:00:00,,18.5,12.5,25.1,7.4,,4.7,46.4,1013.8,19.5,13.9,70.0,0.0,0.0,11.5,1014.4,59.0,EM Übertragung Kulturhauspark,1,0,163.71428571428572
2024-06-05 09:00:00,,18.5,12.5,25.1,7.4,,4.7,46.4,1013.8,21.4,14.1,63.0,0.0,3.6,16.2,1013.9,59.0,EM Übertragung Kulturhauspark,1,0,288.42857142857144
2024-06-05 10:00:00,,18.5,12.5,25.1,7.4,,4.7,46.4,1013.8,22.0,12.8,56.0,0.1,10.8,15.1,1013.6,59.0,EM Übertragung Kulturhauspark,1,0,328.42857142857144
2024-06-05 11:00:00,,18.5,12.5,25.1,7.4,,4.7,46.4,1013.8,22.6,13.9,58.0,0.2,7.2,15.1,1013.4,55.0,EM Übertragung Kulturhauspark,1,0,298.85714285714283
2024-06-05 12:00:00,,18.5,12.5,25.1,7.4,,4.7,46.4,1013.8,22.2,12.2,53.0,0.2,7.2,16.9,1013.0,52.0,EM Übertragung Kulturhauspark,1,0,231.25
2024-06-05 13:00:00,,18.5,12.5,25.1,7.4,,4.7,46.4,1013.8,23.2,11.9,49.0,0.0,7.2,15.5,1012.5,47.0,EM Übertragung Kulturhauspark,0,0,197.85714285714286
2024-06-05 14:00:00,,18.5,12.5,25.1,7.4,,4.7,46.4,1013.8,25.1,12.7,46.0,0.0,3.6,15.1,1011.6,59.0,EM Übertragung Kulturhauspark,0,0,200.85714285714286
2024-06-05 15:00:00,,18.5,12.5,25.1,7.4,,4.7,46.4,1013.8,22.6,13.1,55.0,0.0,7.2,23.0,1012.4,11.0,EM Übertragung Kulturhauspark,0,0,204.57142857142858
2024-06-05 16:00:00,,18.5,12.5,25.1,7.4,,4.7,46.4,1013.8,21.2,14.1,64.0,0.0,3.6,17.6,1012.8,2.0,EM Übertragung Kulturhauspark,0,0,173.85714285714286
2024-06-05 17:00:00,,18.5,12.5,25.1,7.4,,4.7,46.4,1013.8,21.9,15.0,65.0,0.1,3.6,10.8,1012.1,24.0,EM Übertragung Kulturhauspark,0,0,138.625
2024-06-05 18:00:00,,18.5,12.5,25.1,7.4,,4.7,46.4,1013.8,22.0,14.4,62.0,0.0,3.6,6.8,1012.5,10.0,EM Übertragung Kulturhauspark,0,0,110.28571428571429
2024-06-05 19:00:00,,18.5,12.5,25.1,7.4,,4.7,46.4,1013.8,19.8,15.2,75.0,2.1,3.6,9.7,1013.3,0.0,EM Übertragung Kulturhauspark,0,0,98.42857142857143
2024-06-05 20:00:00,,18.5,12.5,25.1,7.4,,4.7,46.4,1013.8,15.3,14.7,96.0,2.4,13.7,17.6,1017.2,0.0,EM Übertragung Kulturhauspark,0,0,90.0
2024-06-05 21:00:00,,18.5,12.5,25.1,7.4,,4.7,46.4,1013.8,17.3,16.2,93.0,0.0,0.0,46.4,1016.0,0.0,EM Übertragung Kulturhauspark,0,0,63.57142857142857
2024-06-05 22:00:00,,18.5,12.5,25.1,7.4,,4.7,46.4,1013.8,18.2,14.9,81.0,0.0,7.2,27.7,1015.9,0.0,EM Übertragung Kulturhauspark,0,0,35.5
2024-06-05 23:00:00,,18.5,12.5,25.1,7.4,,4.7,46.4,1013.8,14.6,13.1,91.0,0.0,9.7,27.7,1017.7,0.0,EM Übertragung Kulturhauspark,0,0,18.0
2024-06-06 00:00:00,,18.8,13.0,24.7,7.6,,4.1,33.1,1016.0,17.1,15.3,89.0,0.0,3.6,32.8,1016.2,0.0,,0,0,11.571428571428571
2024-06-06 01:00:00,,18.8,13.0,24.7,7.6,,4.1,33.1,1016.0,15.1,14.5,96.0,0.0,3.6,26.3,1016.6,0.0,,0,0,6.571428571428571
2024-06-06 02:00:00,,18.8,13.0,24.7,7.6,,4.1,33.1,1016.0,14.1,13.8,98.0,0.0,0.0,19.1,1016.4,0.0,,0,0,5.0
2024-06-06 03:00:00,,18.8,13.0,24.7,7.6,,4.1,33.1,1016.0,13.6,13.1,97.0,0.0,0.0,23.4,1016.5,0.0,,0,0,5.0
2024-06-06 04:00:00,,18.8,13.0,24.7,7.6,,4.1,33.1,1016.0,13.0,12.8,99.0,0.0,3.6,20.2,1016.4,0.0,,0,0,5.428571428571429
2024-06-06 05:00:00,,18.8,13.0,24.7,7.6,,4.1,33.1,1016.0,13.8,11.5,86.0,0.0,10.1,25.2,1016.6,5.0,,0,0,8.142857142857142
2024-06-06 06:00:00,,18.8,13.0,24.7,7.6,,4.1,33.1,1016.0,16.8,14.1,84.0,0.0,0.0,20.9,1016.2,46.0,,0,0,11.142857142857142
2024-06-06 07:00:00,,18.8,13.0,24.7,7.6,,4.1,33.1,1016.0,18.3,15.0,81.0,0.0,3.6,17.3,1016.5,18.0,,0,0,54.57142857142857
2024-06-06 08:00:00,,18.8,13.0,24.7,7.6,,4.1,33.1,1016.0,20.1,15.1,73.0,0.0,0.0,9.4,1016.3,53.0,,0,0,153.5
2024-06-06 09:00:00,,18.8,13.0,24.7,7.6,,4.1,33.1,1016.0,21.4,15.0,67.0,0.0,3.6,12.2,1016.0,58.0,,0,0,225.14285714285714
2024-06-06 10:00:00,,18.8,13.0,24.7,7.6,,4.1,33.1,1016.0,21.1,15.4,70.0,0.0,6.1,13.3,1017.9,59.0,,0,0,263.0
2024-06-06 11:00:00,,18.8,13.0,24.7,7.6,,4.1,33.1,1016.0,23.7,14.4,56.0,0.0,7.2,15.8,1015.1,59.0,,0,0,247.14285714285714
2024-06-06 12:00:00,,18.8,13.0,24.7,7.6,,4.1,33.1,1016.0,24.4,15.3,57.0,0.0,3.6,16.6,1014.5,59.0,,0,0,221.14285714285714
2024-06-06 13:00:00,,18.8,13.0,24.7,7.6,,4.1,33.1,1016.0,24.7,15.1,55.0,2.2,7.2,16.2,1014.5,60.0,,0,0,214.125
2024-06-06 14:00:00,,18.8,13.0,24.7,7.6,,4.1,33.1,1016.0,24.4,15.3,57.0,0.2,3.6,13.7,1014.0,60.0,,0,0,241.57142857142858
2024-06-06 15:00:00,,18.8,13.0,24.7,7.6,,4.1,33.1,1016.0,23.9,14.9,57.0,4.8,3.6,14.0,1013.9,31.0,,0,0,226.85714285714286
2024-06-06 16:00:00,,18.8,13.0,24.7,7.6,,4.1,33.1,1016.0,21.7,19.1,85.0,0.3,3.6,10.4,1013.9,13.0,,0,0,177.42857142857142
2024-06-06 17:00:00,,18.8,13.0,24.7,7.6,,4.1,33.1,1016.0,21.7,19.3,86.0,0.1,3.6,15.8,1014.3,0.0,,0,0,136.85714285714286
2024-06-06 18:00:00,,18.8,13.0,24.7,7.6,,4.1,33.1,1016.0,18.1,16.9,93.0,0.0,0.0,29.5,1016.4,0.0,,0,0,106.0
2024-06-06 19:00:00,,18.8,13.0,24.7,7.6,,4.1,33.1,1016.0,18.1,17.3,95.0,0.0,3.6,12.2,1016.9,0.0,,0,0,98.71428571428571
2024-06-06 20:00:00,,18.8,13.0,24.7,7.6,,4.1,33.1,1016.0,17.2,15.7,91.0,0.0,7.2,28.1,1016.9,0.0,,0,0,96.28571428571429
2024-06-06 21:00:00,,18.8,13.0,24.7,7.6,,4.1,33.1,1016.0,16.7,15.6,93.0,0.0,3.6,33.1,1017.3,0.0,,0,0,64.57142857142857
2024-06-06 22:00:00,,18.8,13.0,24.7,7.6,,4.1,33.1,1016.0,15.8,15.2,96.0,0.0,3.6,33.8,1017.7,0.0,,0,0,35.0
2024-06-06 23:00:00,,18.8,13.0,24.7,7.6,,4.1,33.1,1016.0,15.0,13.5,91.0,0.0,4.7,25.6,1018.5,0.0,,0,0,14.0
2024-06-07 00:00:00,,19.1,13.3,24.6,8.5,,3.6,33.8,1017.1,16.0,15.4,96.0,0.0,3.6,31.0,1017.6,0.0,,0,0,3.4285714285714284
2024-06-07 01:00:00,,19.1,13.3,24.6,8.5,,3.6,33.8,1017.1,15.8,15.2,96.0,0.0,3.6,27.7,1017.7,0.0,,0,0,1.6666666666666667
2024-06-07 06:00:00,,19.1,13.3,24.6,8.5,,3.6,33.8,1017.1,16.8,15.3,91.0,0.0,3.6,28.4,1019.6,0.0,,0,0,2.6666666666666665
2024-06-07 07:00:00,,19.1,13.3,24.6,8.5,,3.6,33.8,1017.1,16.6,16.0,96.0,3.0,3.6,33.5,1018.4,0.0,,0,0,59.285714285714285
2024-06-07 08:00:00,,19.1,13.3,24.6,8.5,,3.6,33.8,1017.1,18.2,16.4,89.0,0.4,3.6,23.0,1018.2,0.0,,0,0,144.42857142857142
2024-06-07 09:00:00,,19.1,13.3,24.6,8.5,,3.6,33.8,1017.1,18.2,16.5,90.0,0.6,0.0,24.1,1018.5,0.0,,0,0,249.625
2024-06-07 10:00:00,,19.1,13.3,24.6,8.5,,3.6,33.8,1017.1,19.6,16.2,81.0,0.1,3.6,18.0,1018.2,16.0,,0,0,284.2857142857143
2024-06-07 11:00:00,,19.1,13.3,24.6,8.5,,3.6,33.8,1017.1,20.6,17.2,81.0,0.2,0.0,10.1,1017.9,33.0,,0,0,280.42857142857144
2024-06-07 12:00:00,,19.1,13.3,24.6,8.5,,3.6,33.8,1017.1,22.9,15.0,61.0,0.1,3.6,12.6,1017.1,37.0,,0,0,237.71428571428572
2024-06-07 13:00:00,,19.1,13.3,24.6,8.5,,3.6,33.8,1017.1,23.7,14.4,56.0,2.4,3.6,12.6,1016.2,44.0,,0,0,214.85714285714286
2024-06-07 14:00:00,,19.1,13.3,24.6,8.5,,3.6,33.8,1017.1,24.6,15.8,58.0,0.0,7.2,14.8,1015.6,59.0,,0,0,210.625
2024-06-07 15:00:00,,19.1,13.3,24.6,8.5,,3.6,33.8,1017.1,23.7,14.7,57.0,0.3,7.2,15.8,1015.3,56.0,,0,0,198.28571428571428
2024-06-07 16:00:00,,19.1,13.3,24.6,8.5,,3.6,33.8,1017.1,24.1,16.6,63.0,0.2,3.6,12.6,1014.4,59.0,,0,0,193.57142857142858
2024-06-07 17:00:00,,19.1,13.3,24.6,8.5,,3.6,33.8,1017.1,24.6,15.2,56.0,1.0,7.2,12.6,1014.2,60.0,,0,0,152.57142857142858
2024-06-07 18:00:00,,19.1,13.3,24.6,8.5,,3.6,33.8,1017.1,23.7,15.2,59.0,0.0,3.6,11.2,1014.4,60.0,,0,0,119.71428571428571
2024-06-07 19:00:00,,19.1,13.3,24.6,8.5,,3.6,33.8,1017.1,18.2,16.2,88.0,0.0,5.4,11.5,1018.1,4.0,,0,0,176.625
2024-06-07 20:00:00,,19.1,13.3,24.6,8.5,,3.6,33.8,1017.1,19.8,15.2,75.0,0.0,7.2,29.2,1015.8,0.0,,0,0,192.0
2024-06-07 21:00:00,,19.1,13.3,24.6,8.5,,3.6,33.8,1017.1,19.0,15.7,81.0,0.0,3.6,32.0,1016.0,0.0,,0,0,184.71428571428572
2024-06-07 22:00:00,,19.1,13.3,24.6,8.5,,3.6,33.8,1017.1,15.7,14.6,93.0,9.0,21.6,43.2,1018.5,0.0,,0,0,102.57142857142857
2024-06-07 23:00:00,,19.1,13.3,24.6,8.5,,3.6,33.8,1017.1,15.5,15.5,100.0,2.0,3.6,30.6,1017.3,0.0,,0,0,66.0
2024-06-08 00:00:00,,19.1,13.1,24.8,20.5,,4.0,43.2,1012.9,16.7,15.9,95.0,0.0,7.2,33.1,1017.3,0.0,Gartenmarkt,0,0,57.857142857142854
2024-06-08 01:00:00,,19.1,13.1,24.8,20.5,,4.0,43.2,1012.9,16.5,16.2,98.0,0.0,3.6,33.8,1016.7,0.0,Gartenmarkt,0,0,35.875
2024-06-08 02:00:00,,19.1,13.1,24.8,20.5,,4.0,43.2,1012.9,13.1,12.5,96.0,0.0,5.8,31.7,1016.5,0.0,Gartenmarkt,0,0,21.285714285714285
2024-06-08 03:00:00,,19.1,13.1,24.8,20.5,,4.0,43.2,1012.9,15.6,15.4,99.0,0.0,3.6,33.5,1015.3,0.0,Gartenmarkt,0,0,14.714285714285714
2024-06-08 04:00:00,,19.1,13.1,24.8,20.5,,4.0,43.2,1012.9,14.9,14.7,99.0,0.1,0.0,22.0,1015.1,0.0,Gartenmarkt,0,0,11.285714285714286
2024-06-08 05:00:00,,19.1,13.1,24.8,20.5,,4.0,43.2,1012.9,15.6,15.6,100.0,0.0,0.0,18.4,1015.0,2.0,Gartenmarkt,0,0,11.0
2024-06-08 06:00:00,,19.1,13.1,24.8,20.5,,4.0,43.2,1012.9,17.6,15.6,88.0,0.0,3.6,19.4,1014.6,46.0,Gartenmarkt,0,0,22.142857142857142
2024-06-08 07:00:00,,19.1,13.1,24.8,20.5,,4.0,43.2,1012.9,19.7,16.2,80.0,0.0,0.0,22.0,1014.0,58.0,Gartenmarkt,1,0,34.0
2024-06-08 08:00:00,,19.1,13.1,24.8,20.5,,4.0,43.2,1012.9,21.1,15.4,70.0,0.0,3.6,18.4,1013.2,56.0,Gartenmarkt,1,0,104.14285714285714
2024-06-08 09:00:00,,19.1,13.1,24.8,20.5,,4.0,43.2,1012.9,22.3,14.9,63.0,0.0,0.0,17.3,1012.0,59.0,Gartenmarkt,1,0,308.42857142857144
2024-06-08 10:00:00,,19.1,13.1,24.8,20.5,,4.0,43.2,1012.9,23.5,15.0,59.0,0.0,3.6,13.3,1011.4,59.0,Gartenmarkt,1,0,417.85714285714283
2024-06-08 11:00:00,,19.1,13.1,24.8,20.5,,4.0,43.2,1012.9,24.6,14.7,54.0,0.0,3.6,11.2,1010.7,34.0,Gartenmarkt,1,0,405.125
2024-06-08 12:00:00,,19.1,13.1,24.8,20.5,,4.0,43.2,1012.9,24.5,17.7,66.0,0.0,0.0,10.8,1010.1,0.0,Gartenmarkt,1,0,323.14285714285717
2024-06-08 13:00:00,,19.1,13.1,24.8,20.5,,4.0,43.2,1012.9,24.8,17.0,62.0,0.0,3.6,12.2,1008.9,2.0,Gartenmarkt,0,0,225.57142857142858
2024-06-08 14:00:00,,19.1,13.1,24.8,20.5,,4.0,43.2,1012.9,24.4,15.9,59.0,0.0,3.6,16.9,1008.9,9.0,Gartenmarkt,0,0,196.14285714285714
2024-06-08 15:00:00,,19.1,13.1,24.8,20.5,,4.0,43.2,1012.9,21.5,16.2,72.0,0.0,3.6,32.0,1010.1,0.0,Gartenmarkt,0,0,159.14285714285714
2024-06-08 16:00:00,,19.1,13.1,24.8,20.5,,4.0,43.2,1012.9,19.0,17.8,93.0,6.0,7.2,20.5,1010.9,0.0,Gartenmarkt,0,0,103.5
2024-06-08 17:00:00,,19.1,13.1,24.8,20.5,,4.0,43.2,1012.9,19.1,18.3,95.0,1.0,3.6,16.9,1010.2,0.0,Gartenmarkt,0,0,65.14285714285714
2024-06-08 18:00:00,,19.1,13.1,24.8,20.5,,4.0,43.2,1012.9,19.4,18.6,95.0,0.9,3.6,16.6,1010.0,0.0,Gartenmarkt,0,0,91.14285714285714
2024-06-08 19:00:00,,19.1,13.1,24.8,20.5,,4.0,43.2,1012.9,18.6,18.1,97.0,0.0,3.6,8.6,1010.3,0.0,Gartenmarkt,0,0,159.71428571428572
2024-06-08 20:00:00,,19.1,13.1,24.8,20.5,,4.0,43.2,1012.9,18.0,18.0,100.0,0.1,3.6,9.7,1010.8,0.0,Gartenmarkt,0,0,178.71428571428572
2024-06-08 21:00:00,,19.1,13.1,24.8,20.5,,4.0,43.2,1012.9,17.8,17.8,100.0,1.4,3.6,9.7,1011.5,0.0,Gartenmarkt,0,0,179.875
2024-06-08 22:00:00,,19.1,13.1,24.8,20.5,,4.0,43.2,1012.9,17.6,17.6,100.0,0.6,3.6,11.2,1011.8,0.0,Gartenmarkt,0,0,125.0
2024-06-08 23:00:00,,19.1,13.1,24.8,20.5,,4.0,43.2,1012.9,17.7,17.7,100.0,3.0,0.0,24.8,1011.6,0.0,Gartenmarkt,0,0,103.85714285714286
2024-06-09 00:00:00,,18.2,14.6,21.8,10.0,,3.6,52.2,1007.8,16.8,16.6,99.0,0.3,3.6,27.0,1012.6,0.0,,0,0,76.14285714285714
2024-06-09 01:00:00,,18.2,14.6,21.8,10.0,,3.6,52.2,1007.8,16.6,14.8,89.0,3.0,3.6,22.7,1011.6,0.0,,0,0,49.857142857142854
2024-06-09 02:00:00,,18.2,14.6,21.8,10.0,,3.6,52.2,1007.8,16.0,15.7,98.0,0.1,3.6,29.2,1010.9,0.0,,0,0,31.625
2024-06-09 03:00:00,,18.2,14.6,21.8,10.0,,3.6,52.2,1007.8,15.9,15.6,98.0,1.5,3.6,28.4,1009.9,0.0,,0,0,21.857142857142858
2024-06-09 04:00:00,,18.2,14.6,21.8,10.0,,3.6,52.2,1007.8,15.8,15.5,98.0,0.0,3.6,23.8,1009.4,0.0,,0,0,18.714285714285715
2024-06-09 05:00:00,,18.2,14.6,21.8,10.0,,3.6,52.2,1007.8,15.9,15.9,100.0,0.0,0.0,13.0,1009.1,0.0,,0,0,16.142857142857142
2024-06-09 06:00:00,,18.2,14.6,21.8,10.0,,3.6,52.2,1007.8,17.7,16.2,91.0,0.0,3.6,15.5,1008.5,41.0,,0,0,16.0
2024-06-09 07:00:00,,18.2,14.6,21.8,10.0,,3.6,52.2,1007.8,18.1,15.7,86.0,0.0,3.6,7.9,1008.1,32.0,,0,0,19.125
2024-06-09 08:00:00,,18.2,14.6,21.8,10.0,,3.6,52.2,1007.8,19.6,16.4,82.0,0.2,3.6,11.5,1007.1,2.0,,0,0,21.285714285714285
2024-06-09 09:00:00,,18.2,14.6,21.8,10.0,,3.6,52.2,1007.8,19.5,16.3,82.0,0.0,0.0,12.2,1007.1,0.0,,0,0,21.285714285714285
2024-06-09 10:00:00,,18.2,14.6,21.8,10.0,,3.6,52.2,1007.8,19.9,15.7,77.0,0.0,3.6,9.7,1006.5,10.0,,0,0,30.571428571428573
2024-06-09 11:00:00,,18.2,14.6,21.8,10.0,,3.6,52.2,1007.8,20.5,16.9,80.0,0.3,3.6,13.0,1006.0,0.0,,0,0,36.285714285714285
2024-06-09 12:00:00,,18.2,14.6,21.8,10.0,,3.6,52.2,1007.8,20.6,16.2,76.0,0.3,7.2,14.0,1006.0,0.0,,0,0,56.0
2024-06-09 13:00:00,,18.2,14.6,21.8,10.0,,3.6,52.2,1007.8,21.3,17.3,78.0,0.0,7.2,14.8,1005.6,11.0,,0,0,53.57142857142857
2024-06-09 14:00:00,,18.2,14.6,21.8,10.0,,3.6,52.2,1007.8,21.4,17.0,76.0,0.5,3.6,16.2,1005.4,16.0,,0,0,45.42857142857143
2024-06-09 15:00:00,,18.2,14.6,21.8,10.0,,3.6,52.2,1007.8,21.7,17.5,77.0,0.0,3.6,11.5,1004.8,5.0,,0,0,31.714285714285715
2024-06-09 16:00:00,,18.2,14.6,21.8,10.0,,3.6,52.2,1007.8,21.8,16.7,73.0,0.0,3.6,11.9,1004.8,11.0,,0,0,32.0
2024-06-09 17:00:00,,18.2,14.6,21.8,10.0,,3.6,52.2,1007.8,20.6,16.4,77.0,0.0,3.6,11.5,1004.3,0.0,,0,0,28.375
2024-06-09 18:00:00,,18.2,14.6,21.8,10.0,,3.6,52.2,1007.8,15.1,14.1,94.0,0.0,7.2,52.2,1006.8,0.0,,0,0,37.857142857142854
2024-06-09 19:00:00,,18.2,14.6,21.8,10.0,,3.6,52.2,1007.8,17.1,16.3,95.0,0.2,4.3,25.6,1006.2,0.0,,0,0,42.714285714285715
2024-06-09 20:00:00,,18.2,14.6,21.8,10.0,,3.6,52.2,1007.8,14.6,14.3,98.0,0.0,3.6,15.5,1006.5,0.0,,0,0,29.0
2024-06-09 21:00:00,,18.2,14.6,21.8,10.0,,3.6,52.2,1007.8,14.7,14.5,99.0,0.0,3.6,10.1,1006.8,0.0,,0,0,17.428571428571427
2024-06-09 22:00:00,,18.2,14.6,21.8,10.0,,3.6,52.2,1007.8,14.6,14.6,100.0,0.2,3.6,6.8,1006.6,0.0,,0,0,6.5
2024-06-09 23:00:00,,18.2,14.6,21.8,10.0,,3.6,52.2,1007.8,14.8,14.8,100.0,1.0,3.6,10.8,1007.2,0.0,,0,0,4.285714285714286
2024-06-10 00:00:00,,16.6,13.4,22.5,10.3,,3.8,33.8,1007.9,14.8,14.6,99.0,1.0,3.6,8.3,1006.8,0.0,,0,0,4.0
2024-06-10 01:00:00,,16.6,13.4,22.5,10.3,,3.8,33.8,1007.9,14.8,14.8,100.0,0.7,0.0,10.4,1006.2,0.0,,0,0,4.0
2024-06-10 02:00:00,,16.6,13.4,22.5,10.3,,3.8,33.8,1007.9,15.0,14.8,99.0,0.1,3.6,17.3,1006.0,0.0,,0,0,4.0
2024-06-10 03:00:00,,16.6,13.4,22.5,10.3,,3.8,33.8,1007.9,15.0,14.8,99.0,3.8,3.6,16.9,1005.8,0.0,,0,0,4.0
2024-06-10 04:00:00,,16.6,13.4,22.5,10.3,,3.8,33.8,1007.9,13.7,13.4,98.0,0.2,3.6,33.8,1006.8,0.0,,0,0,4.0
2024-06-10 05:00:00,,16.6,13.4,22.5,10.3,,3.8,33.8,1007.9,13.4,12.9,97.0,0.7,3.6,28.8,1008.0,0.0,,0,0,4.0
2024-06-10 06:00:00,,16.6,13.4,22.5,10.3,,3.8,33.8,1007.9,13.5,13.3,99.0,0.6,3.6,20.2,1008.9,0.0,,0,0,8.125
2024-06-10 07:00:00,,16.6,13.4,22.5,10.3,,3.8,33.8,1007.9,13.9,13.3,96.0,0.8,3.6,13.0,1009.6,0.0,,0,0,70.57142857142857
2024-06-10 08:00:00,,16.6,13.4,22.5,10.3,,3.8,33.8,1007.9,14.3,13.5,95.0,0.6,3.6,9.0,1009.7,0.0,,0,0,155.0
2024-06-10 09:00:00,,16.6,13.4,22.5,10.3,,3.8,33.8,1007.9,14.8,13.7,93.0,0.0,3.6,11.5,1009.6,0.0,,0,0,230.14285714285714
2024-06-10 10:00:00,,16.6,13.4,22.5,10.3,,3.8,33.8,1007.9,16.7,12.6,77.0,0.0,3.6,13.3,1009.1,9.0,,0,0,249.14285714285714
2024-06-10 11:00:00,,16.6,13.4,22.5,10.3,,3.8,33.8,1007.9,17.3,12.8,75.0,0.1,3.6,13.3,1009.0,17.0,,0,0,229.25
2024-06-10 12:00:00,,16.6,13.4,22.5,10.3,,3.8,33.8,1007.9,18.3,12.5,69.0,0.1,3.6,15.8,1008.6,10.0,,0,0,186.42857142857142
2024-06-10 13:00:00,,16.6,13.4,22.5,10.3,,3.8,33.8,1007.9,20.1,12.3,61.0,0.1,3.6,19.1,1007.7,46.0,,0,0,203.42857142857142
2024-06-10 14:00:00,,16.6,13.4,22.5,10.3,,3.8,33.8,1007.9,19.6,12.6,64.0,0.2,3.6,16.2,1007.5,20.0,,0,0,233.14285714285714
2024-06-10 15:00:00,,16.6,13.4,22.5,10.3,,3.8,33.8,1007.9,19.9,11.9,60.0,0.0,3.6,14.8,1007.1,56.0,,0,0,252.57142857142858
2024-06-10 16:00:00,,16.6,13.4,22.5,10.3,,3.8,33.8,1007.9,21.1,12.3,57.0,0.1,7.2,16.9,1006.7,58.0,,0,0,213.0
2024-06-10 17:00:00,,16.6,13.4,22.5,10.3,,3.8,33.8,1007.9,22.5,12.4,53.0,0.0,3.6,23.0,1006.5,59.0,,0,0,133.57142857142858
2024-06-10 18:00:00,,16.6,13.4,22.5,10.3,,3.8,33.8,1007.9,21.3,10.8,51.0,0.0,7.2,21.6,1007.1,37.0,,0,0,76.14285714285714
2024-06-10 19:00:00,,16.6,13.4,22.5,10.3,,3.8,33.8,1007.9,17.1,10.7,66.0,0.0,3.6,15.5,1008.5,0.0,,0,0,50.42857142857143
2024-06-10 20:00:00,,16.6,13.4,22.5,10.3,,3.8,33.8,1007.9,16.0,12.7,81.0,0.0,0.0,18.4,1009.4,0.0,,0,0,44.285714285714285
2024-06-10 21:00:00,,16.6,13.4,22.5,10.3,,3.8,33.8,1007.9,16.5,10.1,66.0,0.0,7.2,18.7,1010.1,0.0,,0,0,16.75
2024-06-10 22:00:00,,16.6,13.4,22.5,10.3,,3.8,33.8,1007.9,15.9,11.1,73.0,0.0,3.6,15.1,1010.5,0.0,,0,0,4.0
2024-06-11 07:00:00,,12.2,10.4,15.9,5.0,,3.4,34.6,1014.9,10.4,9.9,97.0,0.4,3.6,11.5,1015.5,0.0,,0,0,54.142857142857146
2024-06-11 08:00:00,,12.2,10.4,15.9,5.0,,3.4,34.6,1014.9,10.5,10.0,97.0,0.1,3.6,11.9,1015.8,0.0,,0,0,157.25
2024-06-11 09:00:00,,12.2,10.4,15.9,5.0,,3.4,34.6,1014.9,10.8,9.7,93.0,0.0,3.6,6.1,1015.9,0.0,,0,0,242.28571428571428
2024-06-11 10:00:00,,12.2,10.4,15.9,5.0,,3.4,34.6,1014.9,11.6,10.2,91.0,0.2,3.6,11.5,1016.0,0.0,,0,0,271.42857142857144
2024-06-11 11:00:00,,12.2,10.4,15.9,5.0,,3.4,34.6,1014.9,12.2,9.4,83.0,0.2,3.6,12.2,1015.9,0.0,,0,0,255.14285714285714
2024-06-11 12:00:00,,12.2,10.4,15.9,5.0,,3.4,34.6,1014.9,12.4,9.2,81.0,0.0,3.6,11.2,1015.8,0.0,,0,0,261.7142857142857
2024-06-11 13:00:00,,12.2,10.4,15.9,5.0,,3.4,34.6,1014.9,12.3,10.4,88.0,0.1,3.6,9.0,1015.9,0.0,,0,0,257.875
2024-06-11 14:00:00,,12.2,10.4,15.9,5.0,,3.4,34.6,1014.9,12.8,10.0,83.0,0.0,3.6,8.6,1016.0,0.0,,0,0,286.42857142857144
2024-06-11 15:00:00,,12.2,10.4,15.9,5.0,,3.4,34.6,1014.9,12.9,10.3,84.0,0.0,3.6,5.0,1015.9,0.0,,0,0,297.0
2024-06-11 16:00:00,,12.2,10.4,15.9,5.0,,3.4,34.6,1014.9,13.0,10.7,86.0,0.0,0.0,6.5,1015.8,0.0,,0,0,252.42857142857142
2024-06-11 17:00:00,,12.2,10.4,15.9,5.0,,3.4,34.6,1014.9,12.9,10.3,84.0,0.1,0.0,10.1,1015.8,0.0,,0,0,201.85714285714286
2024-06-11 18:00:00,,12.2,10.4,15.9,5.0,,3.4,34.6,1014.9,12.5,10.6,88.0,0.0,0.0,9.0,1015.8,0.0,,0,0,154.625
2024-06-11 19:00:00,,12.2,10.4,15.9,5.0,,3.4,34.6,1014.9,12.0,11.1,94.0,0.0,3.6,10.1,1016.6,0.0,,0,0,116.57142857142857
2024-06-11 20:00:00,,12.2,10.4,15.9,5.0,,3.4,34.6,1014.9,12.2,10.8,91.0,0.0,3.6,7.2,1017.0,0.0,,0,0,95.57142857142857
2024-06-11 21:00:00,,12.2,10.4,15.9,5.0,,3.4,34.6,1014.9,11.4,10.6,95.0,0.0,0.0,7.2,1017.9,0.0,,0,0,66.28571428571429
2024-06-11 22:00:00,,12.2,10.4,15.9,5.0,,3.4,34.6,1014.9,11.2,9.5,89.0,0.1,0.0,5.4,1018.1,0.0,,0,0,42.42857142857143
2024-06-11 23:00:00,,12.2,10.4,15.9,5.0,,3.4,34.6,1014.9,11.5,9.2,86.0,0.3,3.6,8.6,1018.3,0.0,,0,0,22.125
2024-06-12 00:00:00,,14.4,10.4,18.8,1.1,,3.6,27.0,1016.7,10.9,10.0,94.0,0.3,0.0,7.9,1018.2,0.0,,0,0,18.0
2024-06-12 01:00:00,,14.4,10.4,18.8,1.1,,3.6,27.0,1016.7,10.7,9.8,94.0,0.2,3.6,6.8,1018.7,0.0,,0,0,18.0
2024-06-12 02:00:00,,14.4,10.4,18.8,1.1,,3.6,27.0,1016.7,10.9,10.1,95.0,0.1,3.6,7.9,1018.1,0.0,,0,0,18.0
2024-06-12 03:00:00,,14.4,10.4,18.8,1.1,,3.6,27.0,1016.7,10.5,9.9,96.0,0.0,0.0,9.4,1017.9,0.0,,0,0,17.571428571428573
2024-06-12 04:00:00,,14.4,10.4,18.8,1.1,,3.6,27.0,1016.7,10.4,10.2,99.0,0.0,3.6,8.3,1018.1,0.0,,0,0,17.0
2024-06-12 05:00:00,,14.4,10.4,18.8,1.1,,3.6,27.0,1016.7,10.8,10.3,97.0,0.0,3.6,7.2,1017.9,7.0,,0,0,17.0
2024-06-12 06:00:00,,14.4,10.4,18.8,1.1,,3.6,27.0,1016.7,12.5,9.9,84.0,0.0,3.6,6.5,1017.7,24.0,,0,0,18.142857142857142
2024-06-12 07:00:00,,14.4,10.4,18.8,1.1,,3.6,27.0,1016.7,13.9,10.3,79.0,0.0,3.6,7.6,1017.6,23.0,,1,0,63.285714285714285
2024-06-12 08:00:00,,14.4,10.4,18.8,1.1,,3.6,27.0,1016.7,14.9,9.3,69.0,0.0,3.6,7.2,1017.2,4.0,,1,0,170.0
2024-06-12 09:00:00,,14.4,10.4,18.8,1.1,,3.6,27.0,1016.7,15.7,9.1,65.0,0.0,7.2,7.9,1017.0,4.0,,1,0,290.875
2024-06-12 10:00:00,,14.4,10.4,18.8,1.1,,3.6,27.0,1016.7,15.8,9.0,64.0,0.0,7.2,13.0,1017.0,43.0,,1,0,333.14285714285717
2024-06-12 11:00:00,,14.4,10.4,18.8,1.1,,3.6,27.0,1016.7,16.7,8.9,60.0,0.0,3.6,15.5,1016.4,17.0,,1,0,283.42857142857144
2024-06-12 12:00:00,,14.4,10.4,18.8,1.1,,3.6,27.0,1016.7,17.5,7.8,53.0,0.0,3.6,15.8,1015.9,33.0,,1,0,234.71428571428572
2024-06-12 13:00:00,,14.4,10.4,18.8,1.1,,3.6,27.0,1016.7,18.5,9.0,54.0,0.0,3.6,19.8,1015.1,11.0,,0,0,222.71428571428572
2024-06-12 14:00:00,,14.4,10.4,18.8,1.1,,3.6,27.0,1016.7,18.8,7.9,49.0,0.1,3.6,19.4,1014.7,50.0,,0,0,234.125
2024-06-12 15:00:00,,14.4,10.4,18.8,1.1,,3.6,27.0,1016.7,16.6,8.3,58.0,0.0,7.6,24.1,1016.5,59.0,,0,0,217.14285714285714
2024-06-12 16:00:00,,14.4,10.4,18.8,1.1,,3.6,27.0,1016.7,18.1,7.5,50.0,0.0,3.6,27.0,1014.4,35.0,,0,0,179.42857142857142
2024-06-12 17:00:00,,14.4,10.4,18.8,1.1,,3.6,27.0,1016.7,17.8,8.6,55.0,0.0,3.6,20.5,1014.3,7.0,,0,0,122.71428571428571
2024-06-12 18:00:00,,14.4,10.4,18.8,1.1,,3.6,27.0,1016.7,17.7,9.3,58.0,0.0,0.0,16.9,1014.7,0.0,,0,0,82.28571428571429
2024-06-12 19:00:00,,14.4,10.4,18.8,1.1,,3.6,27.0,1016.7,15.7,7.5,58.0,0.0,7.2,20.2,1015.0,0.0,,0,0,95.5
2024-06-12 20:00:00,,14.4,10.4,18.8,1.1,,3.6,27.0,1016.7,14.4,9.2,71.0,0.0,3.6,25.9,1016.0,0.0,,0,0,83.28571428571429
2024-06-12 21:00:00,,14.4,10.4,18.8,1.1,,3.6,27.0,1016.7,14.4,7.9,65.0,0.0,3.6,17.3,1016.5,0.0,,0,0,62.285714285714285
2024-06-12 22:00:00,,14.4,10.4,18.8,1.1,,3.6,27.0,1016.7,14.0,8.2,68.0,0.0,3.6,11.2,1016.8,0.0,,0,0,40.714285714285715
2024-06-12 23:00:00,,14.4,10.4,18.8,1.1,,3.6,27.0,1016.7,13.2,8.9,75.0,0.0,3.6,7.6,1016.9,0.0,,0,0,22.857142857142858
2024-06-13 00:00:00,,15.0,9.6,20.4,2.1,,3.8,17.3,1016.9,11.3,9.4,88.0,0.0,0.0,9.0,1017.2,0.0,,0,0,11.125
2024-06-13 01:00:00,,15.0,9.6,20.4,2.1,,3.8,17.3,1016.9,11.4,9.3,87.0,0.0,3.6,8.3,1017.4,0.0,,0,0,2.857142857142857
2024-06-13 02:00:00,,15.0,9.6,20.4,2.1,,3.8,17.3,1016.9,10.8,8.2,84.0,0.2,5.8,8.3,1018.7,0.0,,0,0,0.0
2024-06-13 05:00:00,,15.0,9.6,20.4,2.1,,3.8,17.3,1016.9,10.6,8.9,89.0,0.0,0.0,8.6,1018.6,0.0,,0,0,0.0
2024-06-13 06:00:00,,15.0,9.6,20.4,2.1,,3.8,17.3,1016.9,12.5,8.8,78.0,0.0,0.0,7.6,1018.4,10.0,,0,0,3.0
2024-06-13 07:00:00,,15.0,9.6,20.4,2.1,,3.8,17.3,1016.9,13.2,8.9,75.0,0.0,3.6,7.9,1018.6,0.0,,0,0,58.714285714285715
2024-06-13 08:00:00,,15.0,9.6,20.4,2.1,,3.8,17.3,1016.9,14.1,8.7,70.0,0.0,7.2,13.7,1018.5,16.0,,0,0,164.42857142857142
2024-06-13 09:00:00,,15.0,9.6,20.4,2.1,,3.8,17.3,1016.9,15.4,9.5,68.0,0.0,3.6,14.0,1018.4,59.0,,0,0,244.71428571428572
2024-06-13 10:00:00,,15.0,9.6,20.4,2.1,,3.8,17.3,1016.9,16.0,8.5,61.0,0.0,3.6,13.7,1018.1,60.0,,0,0,264.125
2024-06-13 11:00:00,,15.0,9.6,20.4,2.1,,3.8,17.3,1016.9,16.5,8.2,58.0,0.0,3.6,15.8,1017.6,60.0,,0,0,237.28571428571428
2024-06-13 12:00:00,,15.0,9.6,20.4,2.1,,3.8,17.3,1016.9,18.4,8.9,54.0,0.0,3.6,17.3,1016.9,60.0,,0,0,214.57142857142858
2024-06-13 13:00:00,,15.0,9.6,20.4,2.1,,3.8,17.3,1016.9,18.7,6.5,45.0,0.0,3.6,15.1,1016.5,54.0,,0,0,216.28571428571428
2024-06-13 14:00:00,,15.0,9.6,20.4,2.1,,3.8,17.3,1016.9,19.8,4.3,36.0,0.0,3.6,16.9,1015.9,59.0,,0,0,259.0
2024-06-13 15:00:00,,15.0,9.6,20.4,2.1,,3.8,17.3,1016.9,19.9,4.4,36.0,0.0,7.2,13.7,1015.4,60.0,,0,0,259.875
2024-06-13 16:00:00,,15.0,9.6,20.4,2.1,,3.8,17.3,1016.9,20.4,6.0,39.0,0.0,7.2,13.7,1014.6,60.0,,0,0,220.0
2024-06-13 17:00:00,,15.0,9.6,20.4,2.1,,3.8,17.3,1016.9,19.8,6.9,43.0,0.0,7.2,13.0,1014.8,60.0,,0,0,149.0
2024-06-13 18:00:00,,15.0,9.6,20.4,2.1,,3.8,17.3,1016.9,19.6,5.6,40.0,0.0,7.2,11.9,1014.7,60.0,,0,0,94.14285714285714
2024-06-13 19:00:00,,15.0,9.6,20.4,2.1,,3.8,17.3,1016.9,15.6,9.7,68.0,0.0,3.6,10.4,1015.2,22.0,,0,0,78.28571428571429
2024-06-13 20:00:00,,15.0,9.6,20.4,2.1,,3.8,17.3,1016.9,13.7,8.5,71.0,0.0,0.0,8.3,1015.5,0.0,,0,0,76.25
2024-06-13 21:00:00,,15.0,9.6,20.4,2.1,,3.8,17.3,1016.9,14.3,7.8,65.0,0.0,3.6,7.2,1015.3,0.0,,0,0,63.285714285714285
2024-06-13 22:00:00,,15.0,9.6,20.4,2.1,,3.8,17.3,1016.9,12.3,9.3,82.0,0.0,0.0,13.0,1015.6,0.0,,0,0,35.857142857142854
2024-06-13 23:00:00,,15.0,9.6,20.4,2.1,,3.8,17.3,1016.9,11.3,9.2,87.0,0.0,0.0,18.0,1015.5,0.0,,0,0,12.285714285714286
2024-06-14 00:00:00,,15.2,10.6,20.3,1.6,,3.3,34.6,1013.4,11.0,8.7,86.0,0.0,3.6,18.0,1015.2,0.0,,0,0,1.0
2024-06-14 05:00:00,,15.2,10.6,20.3,1.6,,3.3,34.6,1013.4,12.7,10.1,84.0,0.0,0.0,34.6,1013.9,0.0,,0,0,0.0
2024-06-14 06:00:00,,15.2,10.6,20.3,1.6,,3.3,34.6,1013.4,13.2,10.6,84.0,0.0,3.6,28.1,1013.8,0.0,,0,0,6.25
2024-06-14 07:00:00,,15.2,10.6,20.3,1.6,,3.3,34.6,1013.4,14.0,9.8,76.0,0.0,3.6,18.7,1014.3,0.0,,0,0,75.57142857142857
2024-06-14 08:00:00,,15.2,10.6,20.3,1.6,,3.3,34.6,1013.4,15.9,9.6,66.0,0.0,10.8,27.4,1014.3,0.0,,0,0,150.57142857142858
2024-06-14 09:00:00,,15.2,10.6,20.3,1.6,,3.3,34.6,1013.4,15.5,10.9,74.0,0.2,3.6,21.2,1015.1,0.0,,0,0,210.71428571428572
2024-06-14 10:00:00,,15.2,10.6,20.3,1.6,,3.3,34.6,1013.4,14.9,12.0,83.0,0.6,3.6,14.0,1015.8,0.0,,0,0,248.57142857142858
2024-06-14 11:00:00,,15.2,10.6,20.3,1.6,,3.3,34.6,1013.4,15.7,13.2,85.0,0.8,7.2,18.0,1014.6,8.0,,0,0,244.125
2024-06-14 12:00:00,,15.2,10.6,20.3,1.6,,3.3,34.6,1013.4,16.7,12.6,77.0,0.0,3.6,24.1,1013.9,22.0,,0,0,199.42857142857142
2024-06-14 13:00:00,,15.2,10.6,20.3,1.6,,3.3,34.6,1013.4,18.7,13.8,73.0,0.0,3.6,16.2,1013.0,21.0,,0,0,205.28571428571428
2024-06-14 14:00:00,,15.2,10.6,20.3,1.6,,3.3,34.6,1013.4,19.3,12.6,65.0,0.0,3.6,14.0,1012.1,4.0,,0,0,242.71428571428572
2024-06-14 15:00:00,,15.2,10.6,20.3,1.6,,3.3,34.6,1013.4,19.3,13.5,69.0,0.0,7.2,13.3,1011.9,0.0,,0,0,247.14285714285714
2024-06-14 16:00:00,,15.2,10.6,20.3,1.6,,3.3,34.6,1013.4,19.9,12.6,63.0,0.0,3.6,14.8,1011.5,0.0,,0,0,224.875
2024-06-14 17:00:00,,15.2,10.6,20.3,1.6,,3.3,34.6,1013.4,20.3,12.8,62.0,0.0,3.6,13.7,1011.0,0.0,,0,0,199.57142857142858
2024-06-14 18:00:00,,15.2,10.6,20.3,1.6,,3.3,34.6,1013.4,19.0,12.7,67.0,0.0,3.6,12.6,1011.0,0.0,,0,0,165.14285714285714
2024-06-14 19:00:00,,15.2,10.6,20.3,1.6,,3.3,34.6,1013.4,17.9,13.6,76.0,0.0,0.0,6.8,1010.8,13.0,,0,0,164.0
2024-06-14 20:00:00,,15.2,10.6,20.3,1.6,,3.3,34.6,1013.4,15.8,13.5,86.0,0.0,3.6,10.1,1010.7,0.0,,0,0,179.28571428571428
2024-06-14 21:00:00,,15.2,10.6,20.3,1.6,,3.3,34.6,1013.4,14.5,13.5,94.0,0.0,0.0,9.7,1010.5,0.0,,0,0,175.28571428571428
2024-06-14 22:00:00,,15.2,10.6,20.3,1.6,,3.3,34.6,1013.4,13.9,12.9,94.0,0.0,0.0,10.1,1009.6,0.0,,0,0,137.25
2024-06-14 23:00:00,,15.2,10.6,20.3,1.6,,3.3,34.6,1013.4,13.6,13.0,96.0,0.0,0.0,10.8,1009.2,0.0,,0,0,82.42857142857143
2024-06-15 00:00:00,,15.0,13.4,17.0,13.7,,4.5,40.0,1010.3,14.1,12.7,91.0,0.0,3.6,31.3,1007.5,0.0,,0,0,49.857142857142854
2024-06-15 01:00:00,,15.0,13.4,17.0,13.7,,4.5,40.0,1010.3,13.7,12.1,90.0,0.0,3.6,33.1,1006.8,0.0,,0,0,31.0
2024-06-15 02:00:00,,15.0,13.4,17.0,13.7,,4.5,40.0,1010.3,13.4,11.5,88.0,0.0,3.6,38.5,1005.8,0.0,,0,0,16.285714285714285
2024-06-15 03:00:00,,15.0,13.4,17.0,13.7,,4.5,40.0,1010.3,15.1,13.6,91.0,0.0,3.6,27.0,1006.5,0.0,,0,0,10.428571428571429
2024-06-15 04:00:00,,15.0,13.4,17.0,13.7,,4.5,40.0,1010.3,15.5,13.3,87.0,0.0,3.6,20.5,1008.9,0.0,,0,0,7.0
2024-06-15 05:00:00,,15.0,13.4,17.0,13.7,,4.5,40.0,1010.3,15.4,13.1,86.0,1.0,7.2,40.0,1010.8,0.0,,0,0,7.0
2024-06-15 06:00:00,,15.0,13.4,17.0,13.7,,4.5,40.0,1010.3,13.9,13.1,95.0,3.8,3.6,18.4,1011.9,0.0,,0,0,12.714285714285714
2024-06-15 07:00:00,,15.0,13.4,17.0,13.7,,4.5,40.0,1010.3,14.4,13.6,95.0,2.0,7.2,11.5,1011.8,0.0,,1,0,30.714285714285715
2024-06-15 08:00:00,,15.0,13.4,17.0,13.7,,4.5,40.0,1010.3,14.8,14.2,96.0,1.0,3.6,16.6,1011.9,0.0,,1,0,82.28571428571429
2024-06-15 09:00:00,,15.0,13.4,17.0,13.7,,4.5,40.0,1010.3,14.6,14.1,97.0,1.6,3.6,20.5,1011.7,0.0,,1,0,207.71428571428572
2024-06-15 10:00:00,,15.0,13.4,17.0,13.7,,4.5,40.0,1010.3,14.3,13.5,95.0,0.1,7.2,18.7,1011.9,0.0,,1,0,301.5
2024-06-15 11:00:00,,15.0,13.4,17.0,13.7,,4.5,40.0,1010.3,15.2,13.6,90.0,1.7,3.6,14.8,1011.6,0.0,,1,0,334.14285714285717
2024-06-15 12:00:00,,15.0,13.4,17.0,13.7,,4.5,40.0,1010.3,15.9,13.2,84.0,0.0,3.6,14.0,1011.3,5.0,,1,0,289.42857142857144
2024-06-15 13:00:00,,15.0,13.4,17.0,13.7,,4.5,40.0,1010.3,16.5,12.5,77.0,0.0,7.2,13.7,1011.1,0.0,,0,0,259.57142857142856
2024-06-15 14:00:00,,15.0,13.4,17.0,13.7,,4.5,40.0,1010.3,16.7,13.0,79.0,0.2,7.2,13.3,1010.7,0.0,,0,0,217.71428571428572
2024-06-15 15:00:00,,15.0,13.4,17.0,13.7,,4.5,40.0,1010.3,16.9,12.6,76.0,0.4,7.2,10.1,1010.3,1.0,,0,0,166.14285714285714
2024-06-15 16:00:00,,15.0,13.4,17.0,13.7,,4.5,40.0,1010.3,17.0,13.5,80.0,1.5,3.6,15.5,1010.2,2.0,,0,0,147.0
2024-06-15 17:00:00,,15.0,13.4,17.0,13.7,,4.5,40.0,1010.3,15.5,13.0,85.0,0.2,7.2,33.5,1010.9,0.0,,0,0,108.42857142857143
2024-06-15 18:00:00,,15.0,13.4,17.0,13.7,,4.5,40.0,1010.3,15.6,11.8,78.0,0.0,7.2,27.7,1011.1,1.0,,0,0,135.0
2024-06-15 19:00:00,,15.0,13.4,17.0,13.7,,4.5,40.0,1010.3,15.1,13.1,88.0,0.2,3.6,24.8,1011.2,2.0,,0,0,150.28571428571428
2024-06-15 20:00:00,,15.0,13.4,17.0,13.7,,4.5,40.0,1010.3,15.0,12.9,87.0,0.0,3.6,31.3,1011.9,0.0,,0,0,121.125
2024-06-15 21:00:00,,15.0,13.4,17.0,13.7,,4.5,40.0,1010.3,14.6,13.1,91.0,0.0,3.6,29.5,1012.7,0.0,,0,0,95.28571428571429
2024-06-15 22:00:00,,15.0,13.4,17.0,13.7,,4.5,40.0,1010.3,13.9,13.3,96.0,1.0,3.6,27.4,1013.0,0.0,,0,0,88.71428571428571
2024-06-15 23:00:00,,15.0,13.4,17.0,13.7,,4.5,40.0,1010.3,13.6,13.4,99.0,0.5,3.6,23.4,1013.3,0.0,,0,0,77.14285714285714
2024-06-16 00:00:00,,17.3,12.7,22.5,3.5,,4.4,32.4,1011.4,13.7,13.4,98.0,0.7,3.6,32.4,1013.1,0.0,,0,0,49.57142857142857
2024-06-16 01:00:00,,17.3,12.7,22.5,3.5,,4.4,32.4,1011.4,13.5,13.0,97.0,0.1,7.2,31.3,1012.9,0.0,,0,0,29.375
2024-06-16 02:00:00,,17.3,12.7,22.5,3.5,,4.4,32.4,1011.4,13.4,12.9,97.0,0.6,3.6,15.1,1012.4,0.0,,0,0,14.333333333333334
2024-06-16 03:00:00,,17.3,12.7,22.5,3.5,,4.4,32.4,1011.4,13.1,12.8,98.0,0.3,3.6,8.6,1012.6,0.0,,0,0,7.285714285714286
2024-06-16 04:00:00,,17.3,12.7,22.5,3.5,,4.4,32.4,1011.4,12.7,12.5,99.0,0.0,3.6,11.5,1012.9,0.0,,0,0,3.4285714285714284
2024-06-16 05:00:00,,17.3,12.7,22.5,3.5,,4.4,32.4,1011.4,13.2,13.0,99.0,0.3,3.6,14.0,1012.9,0.0,,0,0,3.2857142857142856
2024-06-16 06:00:00,,17.3,12.7,22.5,3.5,,4.4,32.4,1011.4,13.9,13.4,97.0,0.0,3.6,8.6,1012.8,0.0,,0,0,5.714285714285714
2024-06-16 07:00:00,,17.3,12.7,22.5,3.5,,4.4,32.4,1011.4,14.9,13.3,90.0,0.0,0.0,6.5,1012.9,11.0,,0,0,5.875
2024-06-16 08:00:00,,17.3,12.7,22.5,3.5,,4.4,32.4,1011.4,16.6,12.4,76.0,0.0,3.6,11.5,1012.2,58.0,,0,0,6.857142857142857
2024-06-16 09:00:00,,17.3,12.7,22.5,3.5,,4.4,32.4,1011.4,17.6,12.9,74.0,0.0,7.2,13.3,1011.5,60.0,,0,0,8.428571428571429
2024-06-16 10:00:00,,17.3,12.7,22.5,3.5,,4.4,32.4,1011.4,18.6,12.1,66.0,0.0,3.6,14.4,1010.9,60.0,,0,0,16.285714285714285
2024-06-16 11:00:00,,17.3,12.7,22.5,3.5,,4.4,32.4,1011.4,19.4,12.2,63.0,0.0,7.2,15.1,1010.8,59.0,,0,0,22.0
2024-06-16 12:00:00,,17.3,12.7,22.5,3.5,,4.4,32.4,1011.4,20.8,12.8,60.0,0.0,0.0,14.0,1010.0,59.0,,0,0,35.75
2024-06-16 13:00:00,,17.3,12.7,22.5,3.5,,4.4,32.4,1011.4,21.8,12.1,54.0,0.0,7.2,11.9,1009.2,60.0,,0,0,44.285714285714285
2024-06-16 14:00:00,,17.3,12.7,22.5,3.5,,4.4,32.4,1011.4,20.7,11.6,56.0,0.0,7.2,13.0,1009.4,29.0,,0,0,36.42857142857143
2024-06-16 15:00:00,,17.3,12.7,22.5,3.5,,4.4,32.4,1011.4,22.5,11.9,51.0,0.0,3.6,12.2,1008.9,52.0,,0,0,38.142857142857146
2024-06-16 16:00:00,,17.3,12.7,22.5,3.5,,4.4,32.4,1011.4,22.2,11.9,52.0,0.0,10.8,13.3,1009.2,60.0,,0,0,39.42857142857143
2024-06-16 17:00:00,,17.3,12.7,22.5,3.5,,4.4,32.4,1011.4,21.7,13.3,59.0,0.0,3.6,10.1,1009.3,27.0,,0,0,46.375
2024-06-16 18:00:00,,17.3,12.7,22.5,3.5,,4.4,32.4,1011.4,20.7,15.0,70.0,0.0,0.0,7.9,1009.8,4.0,,0,0,68.85714285714286
2024-06-16 19:00:00,,17.3,12.7,22.5,3.5,,4.4,32.4,1011.4,19.7,14.7,73.0,0.0,0.0,7.9,1010.5,2.0,,0,0,78.14285714285714
2024-06-16 20:00:00,,17.3,12.7,22.5,3.5,,4.4,32.4,1011.4,19.8,13.7,68.0,0.0,7.2,9.4,1011.2,0.0,,0,0,69.0
2024-06-16 21:00:00,,17.3,12.7,22.5,3.5,,4.4,32.4,1011.4,18.2,14.3,78.0,0.0,7.2,28.4,1012.2,0.0,,0,0,43.714285714285715
2024-06-16 22:00:00,,17.3,12.7,22.5,3.5,,4.4,32.4,1011.4,17.2,14.5,84.0,0.0,3.6,30.6,1012.9,0.0,,0,0,19.125
2024-06-16 23:00:00,,17.3,12.7,22.5,3.5,,4.4,32.4,1011.4,16.3,13.8,85.0,0.0,3.6,30.6,1013.2,0.0,,0,0,3.2857142857142856
2024-06-17 00:00:00,,19.2,14.6,24.2,0.0,,3.9,36.4,1014.0,16.1,13.0,82.0,0.0,7.2,30.6,1013.6,0.0,EM Übertragung Kulturhauspark,0,0,1.0
2024-06-17 01:00:00,,19.2,14.6,24.2,0.0,,3.9,36.4,1014.0,15.8,13.5,86.0,0.0,3.6,36.4,1013.7,0.0,EM Übertragung Kulturhauspark,0,0,1.0
2024-06-17 02:00:00,,19.2,14.6,24.2,0.0,,3.9,36.4,1014.0,15.6,14.0,90.0,0.0,3.6,18.5,1013.7,,EM Übertragung Kulturhauspark,0,0,1.0
2024-06-17 03:00:00,,19.2,14.6,24.2,0.0,,3.9,36.4,1014.0,15.0,14.0,94.0,0.0,0.0,18.5,1014.0,,EM Übertragung Kulturhauspark,0,0,1.0
2024-06-17 04:00:00,,19.2,14.6,24.2,0.0,,3.9,36.4,1014.0,14.6,14.0,96.0,0.0,0.0,29.6,1014.2,,EM Übertragung Kulturhauspark,0,0,1.0
2024-06-17 05:00:00,,19.2,14.6,24.2,0.0,,3.9,36.4,1014.0,15.4,13.8,90.0,0.0,3.6,27.8,1014.3,,EM Übertragung Kulturhauspark,0,0,1.1428571428571428
2024-06-17 06:00:00,,19.2,14.6,24.2,0.0,,3.9,36.4,1014.0,16.5,13.8,84.0,0.0,3.6,24.8,1014.5,1.0,EM Übertragung Kulturhauspark,0,0,5.142857142857143
2024-06-17 07:00:00,,19.2,14.6,24.2,0.0,,3.9,36.4,1014.0,17.6,13.5,77.0,0.0,3.6,18.5,1014.5,,EM Übertragung Kulturhauspark,0,0,46.142857142857146
2024-06-17 08:00:00,,19.2,14.6,24.2,0.0,,3.9,36.4,1014.0,20.0,13.9,68.0,0.0,0.0,26.3,1013.9,38.0,EM Übertragung Kulturhauspark,0,0,121.5
2024-06-17 09:00:00,,19.2,14.6,24.2,0.0,,3.9,36.4,1014.0,21.5,13.9,62.0,0.0,3.6,13.0,1013.7,60.0,EM Übertragung Kulturhauspark,0,0,185.83333333333334
2024-06-17 10:00:00,,19.2,14.6,24.2,0.0,,3.9,36.4,1014.0,23.2,14.5,58.0,0.0,3.6,16.6,1013.3,60.0,EM Übertragung Kulturhauspark,0,0,207.85714285714286
2024-06-17 11:00:00,,19.2,14.6,24.2,0.0,,3.9,36.4,1014.0,23.1,14.1,57.0,0.0,7.2,19.8,1013.6,53.0,EM Übertragung Kulturhauspark,0,0,200.0
2024-06-17 12:00:00,,19.2,14.6,24.2,0.0,,3.9,36.4,1014.0,22.9,15.0,61.0,0.0,7.2,18.7,1013.3,40.0,EM Übertragung Kulturhauspark,0,0,169.125
2024-06-17 13:00:00,,19.2,14.6,24.2,0.0,,3.9,36.4,1014.0,21.8,14.9,65.0,0.0,3.6,11.9,1014.0,0.0,EM Übertragung Kulturhauspark,0,0,165.57142857142858
2024-06-17 14:00:00,,19.2,14.6,24.2,0.0,,3.9,36.4,1014.0,23.1,14.9,60.0,0.0,3.6,14.8,1013.4,,EM Übertragung Kulturhauspark,0,0,177.85714285714286
2024-06-17 15:00:00,,19.2,14.6,24.2,0.0,,3.9,36.4,1014.0,24.2,14.6,55.0,0.0,7.2,20.2,1013.1,28.0,EM Übertragung Kulturhauspark,0,0,176.66666666666666
2024-06-17 16:00:00,,19.2,14.6,24.2,0.0,,3.9,36.4,1014.0,23.5,14.5,57.0,0.0,7.2,27.0,1013.4,54.0,EM Übertragung Kulturhauspark,0,0,150.85714285714286
2024-06-17 17:00:00,,19.2,14.6,24.2,0.0,,3.9,36.4,1014.0,22.4,15.7,66.0,0.0,3.6,24.8,1013.8,56.0,EM Übertragung Kulturhauspark,0,0,103.0
2024-06-17 18:00:00,,19.2,14.6,24.2,0.0,,3.9,36.4,1014.0,20.3,15.1,72.0,0.0,7.2,22.3,1014.7,2.0,EM Übertragung Kulturhauspark,0,0,111.0
2024-06-17 19:00:00,,19.2,14.6,24.2,0.0,,3.9,36.4,1014.0,19.9,14.0,69.0,0.0,3.6,32.4,1015.5,0.0,EM Übertragung Kulturhauspark,0,0,150.875
2024-06-17 20:00:00,,19.2,14.6,24.2,0.0,,3.9,36.4,1014.0,17.7,14.4,81.0,0.0,3.6,18.0,1015.5,0.0,EM Übertragung Kulturhauspark,0,0,159.85714285714286
2024-06-17 21:00:00,,19.2,14.6,24.2,0.0,,3.9,36.4,1014.0,16.1,14.5,90.0,0.0,0.0,17.3,1016.1,0.0,EM Übertragung Kulturhauspark,0,0,107.42857142857143
2024-06-17 22:00:00,,19.2,14.6,24.2,0.0,,3.9,36.4,1014.0,15.1,14.6,97.0,0.0,0.0,14.4,1016.2,0.0,EM Übertragung Kulturhauspark,0,0,91.57142857142857
2024-06-17 23:00:00,,19.2,14.6,24.2,0.0,,3.9,36.4,1014.0,14.9,13.8,93.0,0.0,6.1,5.8,1016.3,0.0,EM Übertragung Kulturhauspark,0,0,25.142857142857142
2024-06-18 00:00:00,,22.4,13.3,31.2,0.0,,3.7,34.9,1012.9,14.4,13.9,97.0,0.0,3.6,15.1,1016.0,0.0,,0,0,6.0
2024-06-18 06:00:00,,22.4,13.3,31.2,0.0,,3.7,34.9,1012.9,18.6,14.5,77.0,0.0,0.0,6.1,1014.9,60.0,,0,0,5.0
2024-06-18 07:00:00,,22.4,13.3,31.2,0.0,,3.7,34.9,1012.9,20.5,13.7,65.0,0.0,0.0,8.3,1014.5,59.0,,0,0,62.285714285714285
2024-06-18 08:00:00,,22.4,13.3,31.2,0.0,,3.7,34.9,1012.9,21.9,15.0,65.0,0.0,3.6,8.6,1014.0,60.0,,0,0,145.85714285714286
2024-06-18 09:00:00,,22.4,13.3,31.2,0.0,,3.7,34.9,1012.9,24.8,14.9,54.0,0.0,0.0,11.5,1013.0,60.0,,0,0,200.28571428571428
2024-06-18 10:00:00,,22.4,13.3,31.2,0.0,,3.7,34.9,1012.9,27.0,13.4,43.0,0.0,7.2,21.6,1012.3,60.0,,0,0,226.42857142857142
2024-06-18 11:00:00,,22.4,13.3,31.2,0.0,,3.7,34.9,1012.9,29.6,10.7,31.0,0.0,7.2,22.7,1011.3,59.0,,0,0,214.85714285714286
2024-06-18 12:00:00,,22.4,13.3,31.2,0.0,,3.7,34.9,1012.9,30.1,11.6,32.0,0.0,7.2,14.8,1010.8,58.0,,0,0,202.85714285714286
2024-06-18 13:00:00,,22.4,13.3,31.2,0.0,,3.7,34.9,1012.9,30.9,8.6,25.0,0.0,10.8,13.3,1010.3,60.0,,0,0,197.85714285714286
2024-06-18 14:00:00,,22.4,13.3,31.2,0.0,,3.7,34.9,1012.9,31.1,8.8,25.0,0.0,10.8,9.7,1010.0,50.0,,0,0,211.71428571428572
2024-06-18 15:00:00,,22.4,13.3,31.2,0.0,,3.7,34.9,1012.9,31.2,10.0,27.0,0.0,7.2,26.3,1009.4,60.0,,0,0,210.75
2024-06-18 16:00:00,,22.4,13.3,31.2,0.0,,3.7,34.9,1012.9,30.4,10.4,29.0,0.0,7.2,34.9,1009.4,59.0,,0,0,152.0
2024-06-18 17:00:00,,22.4,13.3,31.2,0.0,,3.7,34.9,1012.9,30.5,8.8,26.0,0.0,7.2,31.3,1009.0,46.0,,0,0,124.57142857142857
2024-06-18 18:00:00,,22.4,13.3,31.2,0.0,,3.7,34.9,1012.9,27.8,11.4,36.0,0.0,3.6,29.5,1009.5,9.0,,0,0,108.28571428571429
2024-06-18 19:00:00,,22.4,13.3,31.2,0.0,,3.7,34.9,1012.9,25.5,12.7,45.0,0.0,3.6,27.0,1010.0,2.0,,0,0,109.75
2024-06-18 20:00:00,,22.4,13.3,31.2,0.0,,3.7,34.9,1012.9,21.9,14.3,62.0,0.0,0.0,30.2,1011.0,0.0,,0,0,92.57142857142857
2024-06-18 21:00:00,,22.4,13.3,31.2,0.0,,3.7,34.9,1012.9,19.7,15.4,76.0,0.0,0.0,30.6,1011.3,0.0,,0,0,63.142857142857146
2024-06-18 22:00:00,,22.4,13.3,31.2,0.0,,3.7,34.9,1012.9,18.6,13.2,71.0,0.0,3.6,29.5,1011.5,0.0,,0,0,38.285714285714285
2024-06-18 23:00:00,,22.4,13.3,31.2,0.0,,3.7,34.9,1012.9,17.6,12.9,74.0,0.0,3.6,31.3,1012.0,0.0,,0,0,23.714285714285715
2024-06-19 00:00:00,,22.7,15.2,29.2,0.0,,3.4,33.5,1012.7,17.5,13.4,77.0,0.0,0.0,33.5,1012.2,0.0,,0,0,18.857142857142858
2024-06-19 01:00:00,,22.7,15.2,29.2,0.0,,3.4,33.5,1012.7,16.5,13.0,80.0,0.0,0.0,21.6,1012.7,0.0,,0,0,17.25
2024-06-19 02:00:00,,22.7,15.2,29.2,0.0,,3.4,33.5,1012.7,15.5,12.8,84.0,0.0,0.0,11.2,1012.6,0.0,,0,0,17.0
2024-06-19 03:00:00,,22.7,15.2,29.2,0.0,,3.4,33.5,1012.7,15.2,11.8,80.0,0.0,3.6,10.4,1013.0,0.0,,0,0,17.0
2024-06-19 04:00:00,,22.7,15.2,29.2,0.0,,3.4,33.5,1012.7,15.3,11.9,80.0,0.0,3.6,10.1,1013.0,0.0,,0,0,17.0
2024-06-19 05:00:00,,22.7,15.2,29.2,0.0,,3.4,33.5,1012.7,17.2,13.7,80.0,0.0,0.0,8.6,1012.5,7.0,,0,0,17.285714285714285
2024-06-19 06:00:00,,22.7,15.2,29.2,0.0,,3.4,33.5,1012.7,19.4,14.9,75.0,0.0,5.0,5.8,1014.6,59.0,,0,0,19.875
2024-06-19 07:00:00,,22.7,15.2,29.2,0.0,,3.4,33.5,1012.7,22.0,14.1,61.0,0.0,7.2,7.2,1011.7,60.0,,1,0,64.0
2024-06-19 08:00:00,,22.7,15.2,29.2,0.0,,3.4,33.5,1012.7,23.0,15.8,64.0,0.0,3.6,11.2,1011.5,60.0,,1,0,169.85714285714286
2024-06-19 09:00:00,,22.7,15.2,29.2,0.0,,3.4,33.5,1012.7,24.4,16.1,60.0,0.0,5.0,14.0,1014.0,60.0,,1,0,269.42857142857144
2024-06-19 10:00:00,,22.7,15.2,29.2,0.0,,3.4,33.5,1012.7,25.5,16.4,57.0,0.0,5.8,15.8,1014.1,60.0,,1,0,324.0
2024-06-19 11:00:00,,22.7,15.2,29.2,0.0,,3.4,33.5,1012.7,26.4,17.7,59.0,0.0,7.2,15.8,1011.2,60.0,,1,0,276.25
2024-06-19 12:00:00,,22.7,15.2,29.2,0.0,,3.4,33.5,1012.7,27.7,17.6,54.0,0.0,3.6,15.5,1011.5,60.0,,1,0,211.57142857142858
2024-06-19 13:00:00,,22.7,15.2,29.2,0.0,,3.4,33.5,1012.7,28.1,16.1,48.0,0.0,3.6,14.8,1011.6,55.0,,0,0,183.14285714285714
2024-06-19 14:00:00,,22.7,15.2,29.2,0.0,,3.4,33.5,1012.7,28.5,15.8,46.0,0.0,3.6,13.0,1011.8,48.0,,0,0,188.28571428571428
2024-06-19 15:00:00,,22.7,15.2,29.2,0.0,,3.4,33.5,1012.7,29.2,15.0,42.0,0.0,3.6,12.2,1011.5,60.0,,0,0,193.14285714285714
2024-06-19 16:00:00,,22.7,15.2,29.2,0.0,,3.4,33.5,1012.7,29.1,14.9,42.0,0.0,3.6,13.7,1011.7,60.0,,0,0,170.25
2024-06-19 17:00:00,,22.7,15.2,29.2,0.0,,3.4,33.5,1012.7,28.8,17.7,51.0,0.0,3.6,9.4,1012.1,60.0,,0,0,120.85714285714286
2024-06-19 18:00:00,,22.7,15.2,29.2,0.0,,3.4,33.5,1012.7,27.2,17.7,56.0,0.0,0.0,7.6,1013.4,55.0,,0,0,105.28571428571429
2024-06-19 19:00:00,,22.7,15.2,29.2,0.0,,3.4,33.5,1012.7,25.9,17.0,58.0,0.0,3.6,8.3,1014.6,7.0,,0,0,99.14285714285714
2024-06-19 20:00:00,,22.7,15.2,29.2,0.0,,3.4,33.5,1012.7,22.9,17.4,71.0,0.0,3.6,11.5,1014.2,0.0,,0,0,98.57142857142857
2024-06-19 21:00:00,,22.7,15.2,29.2,0.0,,3.4,33.5,1012.7,22.2,16.9,72.0,0.0,3.6,29.2,1015.8,0.0,,0,0,73.875
2024-06-19 22:00:00,,22.7,15.2,29.2,0.0,,3.4,33.5,1012.7,21.5,15.8,70.0,0.0,0.0,26.3,1015.1,0.0,,0,0,53.142857142857146
2024-06-19 23:00:00,,22.7,15.2,29.2,0.0,,3.4,33.5,1012.7,20.2,16.8,81.0,0.0,3.6,13.7,1015.6,0.0,,0,0,26.714285714285715
2024-06-20 00:00:00,,21.4,19.1,24.6,0.7,,3.6,26.3,1016.4,19.2,16.4,84.0,0.0,3.6,11.9,1015.8,0.0,,0,0,22.0
2024-06-20 01:00:00,,21.4,19.1,24.6,0.7,,3.6,26.3,1016.4,19.7,17.8,89.0,0.0,0.0,13.3,1015.6,0.0,,0,0,18.142857142857142
2024-06-20 02:00:00,,21.4,19.1,24.6,0.7,,3.6,26.3,1016.4,19.8,17.8,88.0,0.0,3.6,16.6,1015.6,0.0,,0,0,12.75
2024-06-20 03:00:00,,21.4,19.1,24.6,0.7,,3.6,26.3,1016.4,19.5,17.5,88.0,0.0,3.6,10.4,1017.1,0.0,,0,0,12.0
2024-06-20 04:00:00,,21.4,19.1,24.6,0.7,,3.6,26.3,1016.4,19.1,17.2,89.0,0.0,3.6,18.7,1016.9,0.0,,0,0,12.0
2024-06-20 05:00:00,,21.4,19.1,24.6,0.7,,3.6,26.3,1016.4,19.1,17.1,88.0,0.0,7.2,17.6,1016.7,0.0,,0,0,12.857142857142858
2024-06-20 06:00:00,,21.4,19.1,24.6,0.7,,3.6,26.3,1016.4,19.3,16.9,86.0,0.0,3.6,9.0,1017.1,2.0,,0,0,15.428571428571429
2024-06-20 07:00:00,,21.4,19.1,24.6,0.7,,3.6,26.3,1016.4,20.6,17.4,82.0,0.0,3.6,13.0,1017.4,21.0,,0,0,59.625
2024-06-20 08:00:00,,21.4,19.1,24.6,0.7,,3.6,26.3,1016.4,21.1,17.3,79.0,0.0,3.6,18.4,1017.3,17.0,,0,0,152.85714285714286
2024-06-20 09:00:00,,21.4,19.1,24.6,0.7,,3.6,26.3,1016.4,21.6,17.8,79.0,0.0,3.6,12.2,1016.7,20.0,,0,0,220.14285714285714
2024-06-20 10:00:00,,21.4,19.1,24.6,0.7,,3.6,26.3,1016.4,21.6,17.6,78.0,0.0,3.6,7.2,1016.4,0.0,,0,0,263.1666666666667
2024-06-20 11:00:00,,21.4,19.1,24.6,0.7,,3.6,26.3,1016.4,23.5,20.1,81.0,0.0,6.5,14.8,1018.8,,,0,0,252.0
2024-06-20 12:00:00,,21.4,19.1,24.6,0.7,,3.6,26.3,1016.4,21.1,18.9,87.0,0.2,3.6,7.2,1017.9,0.0,,0,0,221.14285714285714
2024-06-20 13:00:00,,21.4,19.1,24.6,0.7,,3.6,26.3,1016.4,20.5,18.6,89.0,0.5,3.6,11.5,1018.7,1.0,,0,0,209.71428571428572
2024-06-20 14:00:00,,21.4,19.1,24.6,0.7,,3.6,26.3,1016.4,22.5,18.5,78.0,0.0,3.6,12.2,1017.4,11.0,,0,0,222.28571428571428
2024-06-20 15:00:00,,21.4,19.1,24.6,0.7,,3.6,26.3,1016.4,24.4,21.5,84.0,0.0,7.2,13.3,1016.4,37.0,,0,0,232.71428571428572
2024-06-20 16:00:00,,21.4,19.1,24.6,0.7,,3.6,26.3,1016.4,24.4,21.1,82.0,0.0,8.6,8.3,1015.8,13.0,,0,0,215.71428571428572
2024-06-20 17:00:00,,21.4,19.1,24.6,0.7,,3.6,26.3,1016.4,24.6,19.2,72.0,0.0,0.0,14.8,1014.2,0.0,,0,0,156.0
2024-06-20 18:00:00,,21.4,19.1,24.6,0.7,,3.6,26.3,1016.4,24.6,19.9,75.0,0.0,0.0,10.8,1013.5,4.0,,0,0,115.14285714285714
2024-06-20 19:00:00,,21.4,19.1,24.6,0.7,,3.6,26.3,1016.4,22.9,18.4,76.0,0.0,3.6,15.5,1016.3,0.0,,0,0,112.57142857142857
2024-06-20 20:00:00,,21.4,19.1,24.6,0.7,,3.6,26.3,1016.4,22.5,18.5,78.0,0.0,3.6,12.2,1016.1,0.0,,0,0,108.0
2024-06-20 21:00:00,,21.4,19.1,24.6,0.7,,3.6,26.3,1016.4,20.8,18.4,86.0,0.0,3.6,10.8,1016.0,0.0,,0,0,88.85714285714286
2024-06-20 22:00:00,,21.4,19.1,24.6,0.7,,3.6,26.3,1016.4,19.4,18.2,93.0,0.0,0.0,9.4,1015.5,0.0,,0,0,64.375
2024-06-20 23:00:00,,21.4,19.1,24.6,0.7,,3.6,26.3,1016.4,19.3,17.8,91.0,0.0,3.6,11.9,1015.3,0.0,,0,0,29.857142857142858
2024-06-21 00:00:00,,18.4,14.4,21.3,31.9,,4.4,41.0,1015.5,18.8,17.6,93.0,0.0,0.0,8.6,1014.6,0.0,EM Übertragung Kulturhauspark,0,0,24.0
2024-06-21 01:00:00,,18.4,14.4,21.3,31.9,,4.4,41.0,1015.5,18.6,17.3,92.0,0.0,3.6,7.9,1013.9,0.0,EM Übertragung Kulturhauspark,0,0,24.142857142857142
2024-06-21 02:00:00,,18.4,14.4,21.3,31.9,,4.4,41.0,1015.5,19.3,16.9,86.0,0.0,3.6,13.3,1013.3,0.0,EM Übertragung Kulturhauspark,0,0,23.25
2024-06-21 03:00:00,,18.4,14.4,21.3,31.9,,4.4,41.0,1015.5,19.1,17.2,89.0,0.0,3.6,41.0,1012.5,0.0,EM Übertragung Kulturhauspark,0,0,23.0
2024-06-21 04:00:00,,18.4,14.4,21.3,31.9,,4.4,41.0,1015.5,19.5,17.3,87.0,0.2,3.6,31.7,1011.9,0.0,EM Übertragung Kulturhauspark,0,0,23.0
2024-06-21 05:00:00,,18.4,14.4,21.3,31.9,,4.4,41.0,1015.5,19.4,18.1,92.0,0.0,3.6,24.8,1012.0,0.0,EM Übertragung Kulturhauspark,0,0,22.571428571428573
2024-06-21 06:00:00,,18.4,14.4,21.3,31.9,,4.4,41.0,1015.5,20.9,18.3,85.0,0.0,3.6,22.3,1015.0,0.0,EM Übertragung Kulturhauspark,0,0,26.857142857142858
2024-06-21 07:00:00,,18.4,14.4,21.3,31.9,,4.4,41.0,1015.5,21.3,17.7,80.0,0.0,7.2,26.3,1016.0,11.0,EM Übertragung Kulturhauspark,0,0,69.0
2024-06-21 08:00:00,,18.4,14.4,21.3,31.9,,4.4,41.0,1015.5,19.8,15.0,74.0,0.3,10.8,28.8,1018.5,1.0,EM Übertragung Kulturhauspark,0,0,150.125
2024-06-21 09:00:00,,18.4,14.4,21.3,31.9,,4.4,41.0,1015.5,18.4,15.8,85.0,0.0,7.2,18.7,1017.3,0.0,EM Übertragung Kulturhauspark,0,0,225.14285714285714
2024-06-21 10:00:00,,18.4,14.4,21.3,31.9,,4.4,41.0,1015.5,17.6,16.3,92.0,0.2,0.0,24.1,1017.3,0.0,EM Übertragung Kulturhauspark,0,0,286.57142857142856
2024-06-21 11:00:00,,18.4,14.4,21.3,31.9,,4.4,41.0,1015.5,16.7,15.4,92.0,2.0,7.2,30.2,1016.7,0.0,EM Übertragung Kulturhauspark,0,0,250.14285714285714
2024-06-21 12:00:00,,18.4,14.4,21.3,31.9,,4.4,41.0,1015.5,17.9,15.9,88.0,0.0,7.2,17.6,1015.2,0.0,EM Übertragung Kulturhauspark,0,0,197.57142857142858
2024-06-21 13:00:00,,18.4,14.4,21.3,31.9,,4.4,41.0,1015.5,18.6,16.4,87.0,0.0,3.6,30.2,1014.7,0.0,EM Übertragung Kulturhauspark,0,0,185.875
2024-06-21 14:00:00,,18.4,14.4,21.3,31.9,,4.4,41.0,1015.5,19.6,16.2,81.0,0.3,3.6,19.8,1014.1,11.0,EM Übertragung Kulturhauspark,0,0,200.57142857142858
2024-06-21 15:00:00,,18.4,14.4,21.3,31.9,,4.4,41.0,1015.5,20.9,16.1,74.0,1.8,3.6,26.3,1013.7,45.0,EM Übertragung Kulturhauspark,0,0,205.85714285714286
2024-06-21 16:00:00,,18.4,14.4,21.3,31.9,,4.4,41.0,1015.5,17.9,17.1,95.0,8.0,7.2,33.8,1016.2,0.0,EM Übertragung Kulturhauspark,0,0,241.14285714285714
2024-06-21 17:00:00,,18.4,14.4,21.3,31.9,,4.4,41.0,1015.5,17.3,16.0,92.0,4.0,3.6,27.4,1017.0,0.0,EM Übertragung Kulturhauspark,0,0,244.28571428571428
2024-06-21 18:00:00,,18.4,14.4,21.3,31.9,,4.4,41.0,1015.5,15.9,14.4,91.0,3.5,3.6,32.0,1017.7,0.0,EM Übertragung Kulturhauspark,0,0,243.25
2024-06-21 19:00:00,,18.4,14.4,21.3,31.9,,4.4,41.0,1015.5,15.5,12.6,83.0,5.0,7.2,39.2,1017.4,0.0,EM Übertragung Kulturhauspark,0,0,242.57142857142858
2024-06-21 20:00:00,,18.4,14.4,21.3,31.9,,4.4,41.0,1015.5,14.9,13.9,94.0,5.0,3.6,38.5,1017.9,0.0,EM Übertragung Kulturhauspark,0,0,225.0
2024-06-21 21:00:00,,18.4,14.4,21.3,31.9,,4.4,41.0,1015.5,14.4,13.8,96.0,1.6,3.6,41.0,1017.1,0.0,EM Übertragung Kulturhauspark,0,0,172.57142857142858
2024-06-21 22:00:00,,18.4,14.4,21.3,31.9,,4.4,41.0,1015.5,14.4,13.3,93.0,0.5,0.0,35.3,1017.3,0.0,EM Übertragung Kulturhauspark,0,0,134.71428571428572
2024-06-21 23:00:00,,18.4,14.4,21.3,31.9,,4.4,41.0,1015.5,14.4,13.3,93.0,1.0,7.2,32.0,1017.8,0.0,EM Übertragung Kulturhauspark,0,0,95.625
2024-06-22 00:00:00,,15.9,13.0,21.8,20.4,,3.6,42.8,1016.5,14.3,12.5,89.0,2.0,7.2,28.4,1017.8,0.0,,0,0,71.0
2024-06-22 01:00:00,,15.9,13.0,21.8,20.4,,3.6,42.8,1016.5,14.3,12.7,90.0,0.7,3.6,37.1,1017.7,0.0,,0,0,46.42857142857143
2024-06-22 02:00:00,,15.9,13.0,21.8,20.4,,3.6,42.8,1016.5,13.9,13.3,96.0,0.2,0.0,31.0,1017.5,0.0,,0,0,35.714285714285715
2024-06-22 03:00:00,,15.9,13.0,21.8,20.4,,3.6,42.8,1016.5,14.1,12.7,91.0,0.7,0.0,24.8,1017.4,0.0,,0,0,31.571428571428573
2024-06-22 04:00:00,,15.9,13.0,21.8,20.4,,3.6,42.8,1016.5,14.2,12.9,92.0,0.0,0.0,29.9,1017.5,0.0,,0,0,30.25
2024-06-22 05:00:00,,15.9,13.0,21.8,20.4,,3.6,42.8,1016.5,14.4,13.3,93.0,0.0,0.0,25.2,1017.6,0.0,,0,0,30.0
2024-06-22 06:00:00,,15.9,13.0,21.8,20.4,,3.6,42.8,1016.5,15.2,13.7,91.0,0.0,3.6,19.1,1017.2,10.0,,0,0,31.0
2024-06-22 07:00:00,,15.9,13.0,21.8,20.4,,3.6,42.8,1016.5,17.3,13.2,77.0,0.0,3.6,18.7,1016.7,48.0,,1,0,40.0
2024-06-22 08:00:00,,15.9,13.0,21.8,20.4,,3.6,42.8,1016.5,18.2,13.9,76.0,0.0,3.6,20.2,1015.8,59.0,,1,0,97.71428571428571
2024-06-22 09:00:00,,15.9,13.0,21.8,20.4,,3.6,42.8,1016.5,19.6,13.3,67.0,0.0,3.6,14.4,1014.6,59.0,,1,0,268.875
2024-06-22 10:00:00,,15.9,13.0,21.8,20.4,,3.6,42.8,1016.5,20.8,12.2,58.0,0.0,0.0,14.8,1013.8,60.0,,1,0,406.0
2024-06-22 11:00:00,,15.9,13.0,21.8,20.4,,3.6,42.8,1016.5,21.8,13.7,60.0,0.0,3.6,16.6,1013.1,56.0,,1,0,414.14285714285717
2024-06-22 12:00:00,,15.9,13.0,21.8,20.4,,3.6,42.8,1016.5,21.4,13.1,59.0,0.0,3.6,18.7,1012.8,34.0,,1,0,395.7142857142857
2024-06-22 13:00:00,,15.9,13.0,21.8,20.4,,3.6,42.8,1016.5,19.5,13.9,70.0,4.5,10.8,42.8,1013.4,14.0,,0,0,394.7142857142857
2024-06-22 14:00:00,,15.9,13.0,21.8,20.4,,3.6,42.8,1016.5,17.2,12.7,75.0,1.8,3.6,37.4,1015.0,2.0,,0,0,385.25
2024-06-22 15:00:00,,15.9,13.0,21.8,20.4,,3.6,42.8,1016.5,16.2,14.7,91.0,1.9,13.3,35.3,1016.2,0.0,,0,0,338.7142857142857
2024-06-22 16:00:00,,15.9,13.0,21.8,20.4,,3.6,42.8,1016.5,13.9,12.5,91.0,3.0,0.0,27.4,1017.4,0.0,,0,0,255.28571428571428
2024-06-22 17:00:00,,15.9,13.0,21.8,20.4,,3.6,42.8,1016.5,14.0,11.9,87.0,0.7,7.2,18.7,1017.5,0.0,,0,0,251.42857142857142
2024-06-22 18:00:00,,15.9,13.0,21.8,20.4,,3.6,42.8,1016.5,13.0,11.6,91.0,0.8,3.6,25.9,1017.6,0.0,,0,0,283.2857142857143
2024-06-22 19:00:00,,15.9,13.0,21.8,20.4,,3.6,42.8,1016.5,13.0,12.2,95.0,0.7,3.6,24.5,1017.6,0.0,,0,0,296.125
2024-06-22 20:00:00,,15.9,13.0,21.8,20.4,,3.6,42.8,1016.5,13.1,11.3,89.0,1.0,3.6,28.1,1017.9,0.0,,0,0,201.71428571428572
2024-06-22 21:00:00,,15.9,13.0,21.8,20.4,,3.6,42.8,1016.5,13.1,11.3,89.0,0.9,0.0,25.6,1018.2,0.0,,0,0,137.57142857142858
2024-06-22 22:00:00,,15.9,13.0,21.8,20.4,,3.6,42.8,1016.5,12.9,12.3,96.0,0.1,0.0,20.2,1018.2,0.0,,0,0,126.71428571428571
2024-06-22 23:00:00,,15.9,13.0,21.8,20.4,,3.6,42.8,1016.5,12.7,10.8,88.0,0.2,3.6,18.0,1018.1,0.0,,0,0,100.42857142857143
2024-06-23 00:00:00,,15.0,12.2,18.7,0.4,,2.5,24.8,1017.8,12.6,12.0,96.0,0.0,3.6,24.8,1018.1,0.0,,0,0,75.875
2024-06-23 01:00:00,,15.0,12.2,18.7,0.4,,2.5,24.8,1017.8,12.5,11.9,96.0,0.0,0.0,16.9,1018.0,0.0,,0,0,55.42857142857143
2024-06-23 02:00:00,,15.0,12.2,18.7,0.4,,2.5,24.8,1017.8,12.4,11.1,92.0,0.0,3.6,15.5,1017.6,0.0,,0,0,49.714285714285715
2024-06-23 03:00:00,,15.0,12.2,18.7,0.4,,2.5,24.8,1017.8,12.2,11.6,96.0,0.0,0.0,11.9,1017.9,0.0,,0,0,41.857142857142854
2024-06-23 04:00:00,,15.0,12.2,18.7,0.4,,2.5,24.8,1017.8,12.3,11.5,95.0,0.0,0.0,12.2,1017.9,0.0,,0,0,37.714285714285715
2024-06-23 05:00:00,,15.0,12.2,18.7,0.4,,2.5,24.8,1017.8,12.3,11.8,97.0,0.0,0.0,13.0,1018.5,0.0,,0,0,37.0
2024-06-23 06:00:00,,15.0,12.2,18.7,0.4,,2.5,24.8,1017.8,13.6,11.5,87.0,0.0,5.8,8.3,1018.8,0.0,,0,0,36.857142857142854
2024-06-23 07:00:00,,15.0,12.2,18.7,0.4,,2.5,24.8,1017.8,13.3,11.9,91.0,0.0,0.0,5.4,1018.7,0.0,,0,0,36.857142857142854
2024-06-23 08:00:00,,15.0,12.2,18.7,0.4,,2.5,24.8,1017.8,14.9,11.9,82.0,0.0,3.6,10.4,1018.2,0.0,,0,0,34.714285714285715
2024-06-23 09:00:00,,15.0,12.2,18.7,0.4,,2.5,24.8,1017.8,16.5,12.1,75.0,0.0,7.2,13.3,1018.2,0.0,,0,0,34.857142857142854
2024-06-23 10:00:00,,15.0,12.2,18.7,0.4,,2.5,24.8,1017.8,17.0,12.3,74.0,0.0,8.3,15.8,1018.0,0.0,,0,0,34.0
2024-06-23 11:00:00,,15.0,12.2,18.7,0.4,,2.5,24.8,1017.8,15.4,11.4,77.0,0.0,3.6,18.7,1018.2,0.0,,0,0,38.142857142857146
2024-06-23 12:00:00,,15.0,12.2,18.7,0.4,,2.5,24.8,1017.8,16.3,12.1,76.0,0.1,0.0,16.2,1017.8,0.0,,0,0,44.42857142857143
2024-06-23 13:00:00,,15.0,12.2,18.7,0.4,,2.5,24.8,1017.8,16.4,12.2,76.0,0.0,0.0,8.6,1017.7,0.0,,0,0,45.857142857142854
2024-06-23 14:00:00,,15.0,12.2,18.7,0.4,,2.5,24.8,1017.8,17.2,12.1,72.0,0.0,0.0,13.3,1017.3,0.0,,0,0,39.142857142857146
2024-06-23 15:00:00,,15.0,12.2,18.7,0.4,,2.5,24.8,1017.8,18.2,12.6,70.0,0.0,3.6,14.4,1016.6,10.0,,0,0,40.0
2024-06-23 16:00:00,,15.0,12.2,18.7,0.4,,2.5,24.8,1017.8,18.7,13.5,72.0,0.0,3.6,15.1,1016.4,3.0,,0,0,42.42857142857143
2024-06-23 17:00:00,,15.0,12.2,18.7,0.4,,2.5,24.8,1017.8,18.6,13.0,70.0,0.0,3.6,8.6,1016.4,1.0,,0,0,43.57142857142857
2024-06-23 18:00:00,,15.0,12.2,18.7,0.4,,2.5,24.8,1017.8,18.1,15.0,82.0,0.0,0.0,6.1,1016.7,0.0,,0,0,53.42857142857143
2024-06-23 19:00:00,,15.0,12.2,18.7,0.4,,2.5,24.8,1017.8,16.3,14.8,91.0,0.0,4.7,5.8,1018.1,12.0,,0,0,51.57142857142857
2024-06-23 20:00:00,,15.0,12.2,18.7,0.4,,2.5,24.8,1017.8,15.2,13.9,92.0,0.0,4.3,6.1,1018.7,0.0,,0,0,43.625
2024-06-23 21:00:00,,15.0,12.2,18.7,0.4,,2.5,24.8,1017.8,15.4,14.4,94.0,0.0,0.0,10.8,1018.1,0.0,,0,0,32.714285714285715
2024-06-23 22:00:00,,15.0,12.2,18.7,0.4,,2.5,24.8,1017.8,14.9,13.9,94.0,0.0,0.0,9.0,1018.2,0.0,,0,0,26.0
2024-06-23 23:00:00,,15.0,12.2,18.7,0.4,,2.5,24.8,1017.8,14.1,13.5,96.0,0.0,0.0,7.6,1018.3,0.0,,0,0,19.285714285714285
2024-06-24 00:00:00,,19.7,11.6,27.1,0.1,,3.8,47.5,1014.6,13.4,12.9,97.0,0.0,0.0,9.4,1018.2,0.0,,0,0,18.0
2024-06-24 01:00:00,,19.7,11.6,27.1,0.1,,3.8,47.5,1014.6,12.6,12.1,97.0,0.0,0.0,10.4,1018.1,0.0,,0,0,19.0
2024-06-24 02:00:00,,19.7,11.6,27.1,0.1,,3.8,47.5,1014.6,12.5,11.2,92.0,0.0,6.1,9.3,1017.7,,,0,0,19.0
2024-06-24 03:00:00,,19.7,11.6,27.1,0.1,,3.8,47.5,1014.6,11.7,11.4,98.0,0.0,0.0,6.8,1017.8,0.0,,0,0,19.0
2024-06-24 04:00:00,,19.7,11.6,27.1,0.1,,3.8,47.5,1014.6,11.6,11.4,99.0,0.0,0.0,9.7,1017.6,0.0,,0,0,19.0
2024-06-24 05:00:00,,19.7,11.6,27.1,0.1,,3.8,47.5,1014.6,12.6,12.1,97.0,0.1,0.0,7.9,1017.5,3.0,,0,0,19.142857142857142
2024-06-24 06:00:00,,19.7,11.6,27.1,0.1,,3.8,47.5,1014.6,16.6,12.9,79.0,0.0,0.0,6.1,1016.5,60.0,,0,0,24.25
2024-06-24 07:00:00,,19.7,11.6,27.1,0.1,,3.8,47.5,1014.6,18.6,13.9,74.0,0.0,0.0,7.6,1015.9,60.0,,0,0,67.42857142857143
2024-06-24 08:00:00,,19.7,11.6,27.1,0.1,,3.8,47.5,1014.6,19.1,13.7,71.0,0.0,3.6,9.0,1015.5,56.0,,0,0,143.0
2024-06-24 09:00:00,,19.7,11.6,27.1,0.1,,3.8,47.5,1014.6,20.1,13.6,66.0,0.0,3.6,10.8,1015.0,52.0,,0,0,198.71428571428572
2024-06-24 10:00:00,,19.7,11.6,27.1,0.1,,3.8,47.5,1014.6,22.6,15.2,63.0,0.0,3.6,14.0,1014.1,51.0,,0,0,229.85714285714286
2024-06-24 11:00:00,,19.7,11.6,27.1,0.1,,3.8,47.5,1014.6,24.0,16.3,62.0,0.0,3.6,11.5,1013.3,27.0,,0,0,235.0
2024-06-24 12:00:00,,19.7,11.6,27.1,0.1,,3.8,47.5,1014.6,25.9,15.6,53.0,0.0,3.6,37.8,1012.4,22.0,,0,0,201.85714285714286
2024-06-24 13:00:00,,19.7,11.6,27.1,0.1,,3.8,47.5,1014.6,26.6,15.0,49.0,0.0,7.2,38.2,1011.7,29.0,,0,0,197.0
2024-06-24 14:00:00,,19.7,11.6,27.1,0.1,,3.8,47.5,1014.6,25.6,15.0,52.0,0.0,20.2,43.2,1012.8,60.0,,0,0,201.28571428571428
2024-06-24 15:00:00,,19.7,11.6,27.1,0.1,,3.8,47.5,1014.6,27.1,14.1,45.0,0.0,3.6,47.5,1010.7,60.0,,0,0,201.0
2024-06-24 16:00:00,,19.7,11.6,27.1,0.1,,3.8,47.5,1014.6,24.7,15.6,57.0,0.0,17.3,43.2,1012.6,60.0,,0,0,176.0
2024-06-24 17:00:00,,19.7,11.6,27.1,0.1,,3.8,47.5,1014.6,26.3,14.4,48.0,0.0,3.6,40.7,1010.7,60.0,,0,0,124.57142857142857
2024-06-24 18:00:00,,19.7,11.6,27.1,0.1,,3.8,47.5,1014.6,25.8,14.0,48.0,0.0,3.6,41.0,1010.8,60.0,,0,0,105.57142857142857
2024-06-24 19:00:00,,19.7,11.6,27.1,0.1,,3.8,47.5,1014.6,24.0,14.1,54.0,0.0,3.6,40.7,1011.2,43.0,,0,0,95.71428571428571
2024-06-24 20:00:00,,19.7,11.6,27.1,0.1,,3.8,47.5,1014.6,21.1,15.0,68.0,0.0,3.6,42.5,1012.1,0.0,,0,0,77.42857142857143
2024-06-24 21:00:00,,19.7,11.6,27.1,0.1,,3.8,47.5,1014.6,21.7,14.1,62.0,0.0,3.6,37.4,1012.1,0.0,,0,0,62.714285714285715
2024-06-24 22:00:00,,19.7,11.6,27.1,0.1,,3.8,47.5,1014.6,19.2,14.9,76.0,0.0,3.6,19.1,1012.5,0.0,,0,0,47.0
2024-06-24 23:00:00,,19.7,11.6,27.1,0.1,,3.8,47.5,1014.6,17.5,15.1,86.0,0.0,0.0,11.2,1012.8,0.0,,0,0,30.285714285714285
2024-06-25 00:00:00,,19.4,14.9,25.8,9.6,,2.8,50.0,1011.1,16.6,15.0,90.0,0.0,0.0,9.4,1012.8,0.0,EM Übertragung Kulturhauspark,0,0,21.428571428571427
2024-06-25 01:00:00,,19.4,14.9,25.8,9.6,,2.8,50.0,1011.1,15.9,14.6,92.0,0.0,0.0,8.6,1012.6,0.0,EM Übertragung Kulturhauspark,0,0,20.285714285714285
2024-06-25 02:00:00,,19.4,14.9,25.8,9.6,,2.8,50.0,1011.1,15.3,14.3,94.0,0.0,0.0,9.0,1012.3,0.0,EM Übertragung Kulturhauspark,0,0,20.0
2024-06-25 03:00:00,,19.4,14.9,25.8,9.6,,2.8,50.0,1011.1,15.0,14.0,94.0,0.0,0.0,7.9,1012.1,0.0,EM Übertragung Kulturhauspark,0,0,20.0
2024-06-25 04:00:00,,19.4,14.9,25.8,9.6,,2.8,50.0,1011.1,14.9,14.1,95.0,0.0,0.0,8.6,1012.3,0.0,EM Übertragung Kulturhauspark,0,0,20.0
2024-06-25 05:00:00,,19.4,14.9,25.8,9.6,,2.8,50.0,1011.1,15.9,14.1,89.0,0.0,6.5,6.5,1012.9,5.0,EM Übertragung Kulturhauspark,0,0,20.0
2024-06-25 06:00:00,,19.4,14.9,25.8,9.6,,2.8,50.0,1011.1,18.3,15.0,81.0,0.0,3.2,11.1,1013.0,,EM Übertragung Kulturhauspark,0,0,21.714285714285715
2024-06-25 07:00:00,,19.4,14.9,25.8,9.6,,2.8,50.0,1011.1,20.5,15.5,73.0,0.0,3.6,10.4,1011.5,60.0,EM Übertragung Kulturhauspark,0,0,61.285714285714285
2024-06-25 08:00:00,,19.4,14.9,25.8,9.6,,2.8,50.0,1011.1,21.2,16.0,72.0,0.0,3.6,10.4,1010.9,60.0,EM Übertragung Kulturhauspark,0,0,150.625
2024-06-25 09:00:00,,19.4,14.9,25.8,9.6,,2.8,50.0,1011.1,22.4,16.4,69.0,0.0,3.6,14.8,1010.4,,EM Übertragung Kulturhauspark,0,0,228.28571428571428
2024-06-25 10:00:00,,19.4,14.9,25.8,9.6,,2.8,50.0,1011.1,22.8,16.8,69.0,0.0,7.2,14.4,1010.3,60.0,EM Übertragung Kulturhauspark,0,0,252.5
2024-06-25 11:00:00,,19.4,14.9,25.8,9.6,,2.8,50.0,1011.1,23.9,17.2,66.0,0.0,3.6,14.0,1010.1,60.0,EM Übertragung Kulturhauspark,0,0,229.85714285714286
2024-06-25 12:00:00,,19.4,14.9,25.8,9.6,,2.8,50.0,1011.1,24.7,17.2,63.0,0.0,3.6,16.2,1009.3,60.0,EM Übertragung Kulturhauspark,0,0,217.0
2024-06-25 13:00:00,,19.4,14.9,25.8,9.6,,2.8,50.0,1011.1,25.8,17.4,60.0,0.0,3.6,16.6,1008.7,60.0,EM Übertragung Kulturhauspark,0,0,215.14285714285714
2024-06-25 14:00:00,,19.4,14.9,25.8,9.6,,2.8,50.0,1011.1,25.5,17.4,61.0,1.2,0.0,15.5,1008.4,55.0,EM Übertragung Kulturhauspark,0,0,229.85714285714286
2024-06-25 15:00:00,,19.4,14.9,25.8,9.6,,2.8,50.0,1011.1,22.7,14.3,59.0,1.5,14.4,14.4,1009.1,14.0,EM Übertragung Kulturhauspark,0,0,221.0
2024-06-25 16:00:00,,19.4,14.9,25.8,9.6,,2.8,50.0,1011.1,18.2,15.3,83.0,6.0,7.2,50.0,1010.2,0.0,EM Übertragung Kulturhauspark,0,0,194.0
2024-06-25 17:00:00,,19.4,14.9,25.8,9.6,,2.8,50.0,1011.1,18.6,15.7,83.0,0.9,3.6,42.1,1010.5,0.0,EM Übertragung Kulturhauspark,0,0,218.125
2024-06-25 18:00:00,,19.4,14.9,25.8,9.6,,2.8,50.0,1011.1,19.0,17.1,89.0,0.0,0.0,29.2,1010.5,10.0,EM Übertragung Kulturhauspark,0,0,265.42857142857144
2024-06-25 19:00:00,,19.4,14.9,25.8,9.6,,2.8,50.0,1011.1,18.3,16.6,90.0,0.0,0.0,25.9,1010.7,14.0,EM Übertragung Kulturhauspark,0,0,259.42857142857144
2024-06-25 20:00:00,,19.4,14.9,25.8,9.6,,2.8,50.0,1011.1,17.4,16.1,92.0,0.0,0.0,8.6,1011.0,0.0,EM Übertragung Kulturhauspark,0,0,190.14285714285714
2024-06-25 21:00:00,,19.4,14.9,25.8,9.6,,2.8,50.0,1011.1,16.5,15.4,93.0,0.0,0.0,16.6,1011.2,0.0,EM Übertragung Kulturhauspark,0,0,109.42857142857143
2024-06-25 22:00:00,,19.4,14.9,25.8,9.6,,2.8,50.0,1011.1,16.3,15.7,96.0,0.0,3.6,13.7,1011.8,0.0,EM Übertragung Kulturhauspark,0,0,66.25
2024-06-25 23:00:00,,19.4,14.9,25.8,9.6,,2.8,50.0,1011.1,16.5,15.9,96.0,0.6,0.0,9.7,1011.5,0.0,EM Übertragung Kulturhauspark,0,0,36.714285714285715
2024-06-26 00:00:00,,19.4,15.5,24.4,8.8,,3.5,38.9,1011.1,16.2,15.9,98.0,0.0,0.0,10.1,1011.3,0.0,,0,0,30.428571428571427
2024-06-26 01:00:00,,19.4,15.5,24.4,8.8,,3.5,38.9,1011.1,15.7,15.4,98.0,0.0,0.0,11.2,1011.2,0.0,,0,0,28.714285714285715
2024-06-26 02:00:00,,19.4,15.5,24.4,8.8,,3.5,38.9,1011.1,15.5,15.2,98.0,0.0,0.0,13.3,1011.4,0.0,,0,0,27.285714285714285
2024-06-26 03:00:00,,19.4,15.5,24.4,8.8,,3.5,38.9,1011.1,15.5,15.2,98.0,0.0,0.0,13.0,1011.2,,,0,0,27.0
2024-06-26 04:00:00,,19.4,15.5,24.4,8.8,,3.5,38.9,1011.1,15.7,15.1,96.0,0.0,3.6,9.7,1011.2,0.0,,0,0,27.0
2024-06-26 05:00:00,,19.4,15.5,24.4,8.8,,3.5,38.9,1011.1,15.9,15.6,98.0,0.0,3.6,14.4,1011.5,0.0,,0,0,26.571428571428573
2024-06-26 06:00:00,,19.4,15.5,24.4,8.8,,3.5,38.9,1011.1,17.4,16.1,92.0,0.0,0.0,21.2,1011.0,9.0,,0,0,28.571428571428573
2024-06-26 07:00:00,,19.4,15.5,24.4,8.8,,3.5,38.9,1011.1,19.5,16.2,81.0,0.5,7.2,20.5,1013.2,32.0,,1,0,61.57142857142857
2024-06-26 08:00:00,,19.4,15.5,24.4,8.8,,3.5,38.9,1011.1,19.0,16.0,83.0,1.0,3.6,10.8,1011.0,0.0,,1,0,179.125
2024-06-26 09:00:00,,19.4,15.5,24.4,8.8,,3.5,38.9,1011.1,22.1,16.6,71.0,0.0,4.3,11.5,1012.2,16.0,,1,0,325.7142857142857
2024-06-26 10:00:00,,19.4,15.5,24.4,8.8,,3.5,38.9,1011.1,22.7,16.9,70.0,0.1,4.0,15.1,1011.9,34.0,,1,0,369.14285714285717
2024-06-26 11:00:00,,19.4,15.5,24.4,8.8,,3.5,38.9,1011.1,22.0,16.7,72.0,0.1,7.2,17.6,1010.7,56.0,,1,0,349.14285714285717
2024-06-26 12:00:00,,19.4,15.5,24.4,8.8,,3.5,38.9,1011.1,22.4,16.7,70.0,0.0,7.2,17.3,1010.2,60.0,,1,0,271.0
2024-06-26 13:00:00,,19.4,15.5,24.4,8.8,,3.5,38.9,1011.1,23.6,16.9,66.0,0.7,3.6,13.3,1009.5,60.0,,0,0,226.28571428571428
2024-06-26 14:00:00,,19.4,15.5,24.4,8.8,,3.5,38.9,1011.1,24.4,15.3,57.0,0.8,3.6,13.0,1009.3,56.0,,0,0,234.375
2024-06-26 15:00:00,,19.4,15.5,24.4,8.8,,3.5,38.9,1011.1,23.2,15.5,62.0,2.1,3.6,19.1,1009.3,1.0,,0,0,237.71428571428572
2024-06-26 16:00:00,,19.4,15.5,24.4,8.8,,3.5,38.9,1011.1,24.4,17.2,64.0,2.1,0.0,12.6,1009.0,37.0,,0,0,210.14285714285714
2024-06-26 17:00:00,,19.4,15.5,24.4,8.8,,3.5,38.9,1011.1,22.5,14.9,62.0,0.1,10.8,36.0,1010.2,44.0,,0,0,158.42857142857142
2024-06-26 18:00:00,,19.4,15.5,24.4,8.8,,3.5,38.9,1011.1,20.5,15.5,73.0,0.0,7.2,36.0,1010.4,23.0,,0,0,139.0
2024-06-26 19:00:00,,19.4,15.5,24.4,8.8,,3.5,38.9,1011.1,18.9,17.2,90.0,0.0,4.7,35.3,1012.1,4.0,,0,0,132.0
2024-06-26 20:00:00,,19.4,15.5,24.4,8.8,,3.5,38.9,1011.1,19.3,15.8,80.0,0.0,3.6,36.4,1011.6,0.0,,0,0,118.28571428571429
2024-06-26 21:00:00,,19.4,15.5,24.4,8.8,,3.5,38.9,1011.1,17.4,16.8,96.0,0.7,3.6,38.9,1012.6,0.0,,0,0,82.14285714285714
2024-06-26 22:00:00,,19.4,15.5,24.4,8.8,,3.5,38.9,1011.1,17.5,16.7,95.0,2.0,7.2,31.3,1011.9,0.0,,0,0,59.57142857142857
2024-06-26 23:00:00,,19.4,15.5,24.4,8.8,,3.5,38.9,1011.1,17.5,16.5,94.0,0.0,3.6,38.2,1012.0,0.0,,0,0,36.0
2024-06-27 00:00:00,,19.7,17.1,24.9,16.0,,4.5,41.0,1012.3,17.1,16.5,96.0,0.0,0.0,28.8,1012.0,0.0,Nachtflohmarkt,0,0,23.125
2024-06-27 01:00:00,,19.7,17.1,24.9,16.0,,4.5,41.0,1012.3,17.2,16.4,95.0,0.1,3.6,36.4,1011.7,0.0,Nachtflohmarkt,0,0,19.285714285714285
2024-06-27 02:00:00,,19.7,17.1,24.9,16.0,,4.5,41.0,1012.3,17.4,16.6,95.0,0.8,0.0,31.0,1012.0,0.0,Nachtflohmarkt,0,0,18.142857142857142
2024-06-27 03:00:00,,19.7,17.1,24.9,16.0,,4.5,41.0,1012.3,17.2,15.9,92.0,0.6,0.0,34.2,1011.7,0.0,Nachtflohmarkt,0,0,18.0
2024-06-27 04:00:00,,19.7,17.1,24.9,16.0,,4.5,41.0,1012.3,17.1,16.5,96.0,0.1,0.0,33.8,1011.9,0.0,Nachtflohmarkt,0,0,18.0
2024-06-27 05:00:00,,19.7,17.1,24.9,16.0,,4.5,41.0,1012.3,17.3,16.0,92.0,1.0,3.6,34.9,1012.1,0.0,Nachtflohmarkt,0,0,18.0
2024-06-27 06:00:00,,19.7,17.1,24.9,16.0,,4.5,41.0,1012.3,17.5,15.5,88.0,0.0,7.2,33.1,1012.5,0.0,Nachtflohmarkt,0,0,21.714285714285715
2024-06-27 07:00:00,,19.7,17.1,24.9,16.0,,4.5,41.0,1012.3,17.6,15.9,90.0,0.0,3.6,33.8,1012.6,0.0,Nachtflohmarkt,0,0,82.71428571428571
2024-06-27 08:00:00,,19.7,17.1,24.9,16.0,,4.5,41.0,1012.3,17.3,16.2,93.0,5.0,7.2,32.0,1013.4,0.0,Nachtflohmarkt,0,0,212.57142857142858
2024-06-27 09:00:00,,19.7,17.1,24.9,16.0,,4.5,41.0,1012.3,24.2,15.1,57.0,0.0,8.3,32.0,1012.9,0.0,Nachtflohmarkt,0,0,305.7142857142857
2024-06-27 10:00:00,,19.7,17.1,24.9,16.0,,4.5,41.0,1012.3,18.1,17.1,94.0,0.2,7.2,40.0,1013.0,10.0,Nachtflohmarkt,0,0,344.125
2024-06-27 11:00:00,,19.7,17.1,24.9,16.0,,4.5,41.0,1012.3,17.7,16.9,95.0,5.0,3.6,38.2,1013.3,0.0,Nachtflohmarkt,0,0,322.57142857142856
2024-06-27 12:00:00,,19.7,17.1,24.9,16.0,,4.5,41.0,1012.3,20.3,17.9,86.0,0.0,7.2,40.0,1012.8,42.0,Nachtflohmarkt,0,0,304.85714285714283
2024-06-27 13:00:00,,19.7,17.1,24.9,16.0,,4.5,41.0,1012.3,22.7,18.0,75.0,0.4,3.6,37.4,1011.8,18.0,Nachtflohmarkt,0,0,295.0
2024-06-27 14:00:00,,19.7,17.1,24.9,16.0,,4.5,41.0,1012.3,21.1,16.9,77.0,0.1,7.2,29.5,1012.6,23.0,Nachtflohmarkt,0,0,319.14285714285717
2024-06-27 15:00:00,,19.7,17.1,24.9,16.0,,4.5,41.0,1012.3,22.4,18.0,76.0,0.0,7.2,29.2,1011.6,45.0,Nachtflohmarkt,0,0,317.5
2024-06-27 16:00:00,,19.7,17.1,24.9,16.0,,4.5,41.0,1012.3,23.5,18.4,73.0,0.3,3.6,26.6,1011.1,35.0,Nachtflohmarkt,0,0,282.85714285714283
2024-06-27 17:00:00,,19.7,17.1,24.9,16.0,,4.5,41.0,1012.3,24.0,18.2,70.0,0.1,3.6,28.4,1011.1,56.0,Nachtflohmarkt,0,0,273.42857142857144
2024-06-27 18:00:00,,19.7,17.1,24.9,16.0,,4.5,41.0,1012.3,24.9,18.4,67.0,0.0,3.6,25.9,1010.9,35.0,Nachtflohmarkt,0,0,250.42857142857142
2024-06-27 19:00:00,,19.7,17.1,24.9,16.0,,4.5,41.0,1012.3,23.0,19.2,79.0,0.1,3.6,23.4,1012.0,10.0,Nachtflohmarkt,0,0,236.28571428571428
2024-06-27 20:00:00,,19.7,17.1,24.9,16.0,,4.5,41.0,1012.3,19.8,17.6,87.0,0.2,7.2,24.1,1015.0,0.0,Nachtflohmarkt,0,0,213.25
2024-06-27 21:00:00,,19.7,17.1,24.9,16.0,,4.5,41.0,1012.3,20.3,17.3,83.0,0.0,7.2,41.0,1013.5,0.0,Nachtflohmarkt,0,0,155.28571428571428
2024-06-27 22:00:00,,19.7,17.1,24.9,16.0,,4.5,41.0,1012.3,19.6,17.2,86.0,0.0,7.2,40.7,1014.2,0.0,Nachtflohmarkt,0,0,75.42857142857143
2024-06-27 23:00:00,,19.7,17.1,24.9,16.0,,4.5,41.0,1012.3,18.3,15.5,84.0,0.3,7.6,36.7,1016.6,0.0,Nachtflohmarkt,0,0,44.857142857142854
2024-06-28 00:00:00,,22.6,16.8,29.6,8.9,,3.8,55.4,1015.6,18.8,16.4,86.0,0.1,3.6,43.2,1014.7,0.0,,0,0,34.0
2024-06-28 01:00:00,,22.6,16.8,29.6,8.9,,3.8,55.4,1015.6,18.2,16.5,90.0,4.0,18.0,55.4,1016.0,0.0,,0,0,30.0
2024-06-28 02:00:00,,22.6,16.8,29.6,8.9,,3.8,55.4,1015.6,17.7,16.7,94.0,3.0,3.6,32.0,1016.2,0.0,,0,0,30.0
2024-06-28 03:00:00,,22.6,16.8,29.6,8.9,,3.8,55.4,1015.6,17.5,16.5,94.0,0.0,0.0,36.7,1016.2,0.0,,0,0,30.0
2024-06-28 04:00:00,,22.6,16.8,29.6,8.9,,3.8,55.4,1015.6,16.8,16.2,96.0,0.0,3.6,32.8,1016.3,0.0,,0,0,30.0
2024-06-28 05:00:00,,22.6,16.8,29.6,8.9,,3.8,55.4,1015.6,17.8,14.1,79.0,0.0,10.1,33.5,1015.9,2.0,,0,0,30.0
2024-06-28 06:00:00,,22.6,16.8,29.6,8.9,,3.8,55.4,1015.6,18.5,17.3,93.0,0.0,0.0,38.9,1016.6,1.0,,0,0,31.875
2024-06-28 07:00:00,,22.6,16.8,29.6,8.9,,3.8,55.4,1015.6,19.6,16.4,82.0,0.0,3.6,27.4,1016.6,2.0,,0,0,61.714285714285715
2024-06-28 08:00:00,,22.6,16.8,29.6,8.9,,3.8,55.4,1015.6,21.5,16.5,73.0,0.0,3.6,24.1,1016.7,46.0,,0,0,129.42857142857142
2024-06-28 09:00:00,,22.6,16.8,29.6,8.9,,3.8,55.4,1015.6,23.7,17.7,69.0,0.0,3.6,25.2,1016.5,43.0,,0,0,212.42857142857142
2024-06-28 10:00:00,,22.6,16.8,29.6,8.9,,3.8,55.4,1015.6,25.5,17.4,61.0,0.0,3.6,25.2,1015.9,56.0,,0,0,248.14285714285714
2024-06-28 11:00:00,,22.6,16.8,29.6,8.9,,3.8,55.4,1015.6,27.2,18.2,58.0,0.0,3.6,17.3,1015.2,60.0,,0,0,242.125
2024-06-28 12:00:00,,22.6,16.8,29.6,8.9,,3.8,55.4,1015.6,28.4,19.3,58.0,0.0,3.6,12.2,1014.8,59.0,,0,0,189.85714285714286
2024-06-28 13:00:00,,22.6,16.8,29.6,8.9,,3.8,55.4,1015.6,29.6,17.8,49.0,0.7,3.6,15.1,1013.9,60.0,,0,0,205.14285714285714
2024-06-28 14:00:00,,22.6,16.8,29.6,8.9,,3.8,55.4,1015.6,28.2,18.0,54.0,0.8,3.6,14.8,1014.4,18.0,,0,0,238.0
2024-06-28 15:00:00,,22.6,16.8,29.6,8.9,,3.8,55.4,1015.6,25.6,19.5,69.0,0.0,4.7,11.5,1018.3,0.0,,0,0,246.85714285714286
2024-06-28 16:00:00,,22.6,16.8,29.6,8.9,,3.8,55.4,1015.6,27.8,21.1,67.0,0.0,0.0,9.0,1014.3,17.0,,0,0,201.375
2024-06-28 17:00:00,,22.6,16.8,29.6,8.9,,3.8,55.4,1015.6,26.5,21.9,76.0,0.0,0.0,9.7,1014.4,10.0,,0,0,170.14285714285714
2024-06-28 18:00:00,,22.6,16.8,29.6,8.9,,3.8,55.4,1015.6,27.4,20.0,64.0,0.0,0.0,10.4,1014.4,47.0,,0,0,144.28571428571428
2024-06-28 19:00:00,,22.6,16.8,29.6,8.9,,3.8,55.4,1015.6,24.4,20.3,78.0,0.0,3.6,9.0,1015.4,38.0,,0,0,132.85714285714286
2024-06-28 20:00:00,,22.6,16.8,29.6,8.9,,3.8,55.4,1015.6,22.8,19.6,82.0,0.0,0.0,11.9,1015.7,0.0,,0,0,139.0
2024-06-28 21:00:00,,22.6,16.8,29.6,8.9,,3.8,55.4,1015.6,21.9,19.1,84.0,0.0,0.0,8.3,1016.2,0.0,,0,0,144.5
2024-06-28 22:00:00,,22.6,16.8,29.6,8.9,,3.8,55.4,1015.6,20.8,18.4,86.0,0.0,0.0,9.7,1016.2,0.0,,0,0,129.42857142857142
2024-06-28 23:00:00,,22.6,16.8,29.6,8.9,,3.8,55.4,1015.6,20.0,18.3,90.0,0.0,0.0,9.7,1015.7,0.0,,0,0,101.0
2024-06-29 00:00:00,,24.3,17.5,32.3,0.2,,1.7,29.9,1011.2,18.9,17.7,93.0,0.0,0.0,10.1,1015.5,0.0,,0,0,68.28571428571429
2024-06-29 01:00:00,,24.3,17.5,32.3,0.2,,1.7,29.9,1011.2,18.4,17.6,95.0,0.0,3.6,8.6,1015.4,0.0,,0,0,49.857142857142854
2024-06-29 02:00:00,,24.3,17.5,32.3,0.2,,1.7,29.9,1011.2,18.0,17.2,95.0,0.0,0.0,10.1,1015.5,0.0,,0,0,34.25
2024-06-29 03:00:00,,24.3,17.5,32.3,0.2,,1.7,29.9,1011.2,17.8,17.0,95.0,0.0,0.0,5.4,1015.3,0.0,,0,0,26.571428571428573
2024-06-29 04:00:00,,24.3,17.5,32.3,0.2,,1.7,29.9,1011.2,17.5,16.9,96.0,0.0,0.0,6.1,1015.6,0.0,,0,0,24.0
2024-06-29 05:00:00,,24.3,17.5,32.3,0.2,,1.7,29.9,1011.2,18.7,17.5,93.0,0.0,0.0,9.0,1015.1,3.0,,0,0,23.428571428571427
2024-06-29 06:00:00,,24.3,17.5,32.3,0.2,,1.7,29.9,1011.2,22.4,18.4,78.0,0.0,0.0,5.0,1013.8,60.0,,0,0,23.0
2024-06-29 07:00:00,,24.3,17.5,32.3,0.2,,1.7,29.9,1011.2,24.2,17.7,67.0,0.0,0.0,6.1,1013.4,57.0,,1,0,42.375
2024-06-29 08:00:00,,24.3,17.5,32.3,0.2,,1.7,29.9,1011.2,25.0,18.4,67.0,0.0,3.6,6.8,1012.5,60.0,,1,0,145.42857142857142
2024-06-29 09:00:00,,24.3,17.5,32.3,0.2,,1.7,29.9,1011.2,27.9,19.7,61.0,0.0,3.6,8.6,1013.9,59.0,,1,0,305.85714285714283
2024-06-29 10:00:00,,24.3,17.5,32.3,0.2,,1.7,29.9,1011.2,29.0,20.2,59.0,0.0,3.6,8.3,1010.0,60.0,,1,0,383.14285714285717
2024-06-29 11:00:00,,24.3,17.5,32.3,0.2,,1.7,29.9,1011.2,31.4,19.1,48.0,0.0,0.0,14.0,1009.2,60.0,,1,0,382.42857142857144
2024-06-29 12:00:00,,24.3,17.5,32.3,0.2,,1.7,29.9,1011.2,32.3,17.8,42.0,0.0,3.6,11.5,1007.9,35.0,,1,0,304.0
2024-06-29 13:00:00,,24.3,17.5,32.3,0.2,,1.7,29.9,1011.2,29.9,21.0,59.0,0.0,3.6,6.8,1008.0,0.0,,0,0,216.42857142857142
2024-06-29 14:00:00,,24.3,17.5,32.3,0.2,,1.7,29.9,1011.2,30.6,15.1,39.0,0.0,3.6,12.2,1008.1,0.0,,0,0,155.57142857142858
2024-06-29 15:00:00,,24.3,17.5,32.3,0.2,,1.7,29.9,1011.2,28.3,20.3,62.0,0.0,3.6,25.6,1007.8,0.0,,0,0,120.28571428571429
2024-06-29 16:00:00,,24.3,17.5,32.3,0.2,,1.7,29.9,1011.2,28.9,16.1,46.0,0.0,3.6,26.3,1007.0,0.0,,0,0,128.42857142857142
2024-06-29 17:00:00,,24.3,17.5,32.3,0.2,,1.7,29.9,1011.2,28.8,15.0,43.0,0.0,3.6,29.9,1007.4,0.0,,0,0,206.375
2024-06-29 18:00:00,,24.3,17.5,32.3,0.2,,1.7,29.9,1011.2,25.8,17.7,61.0,0.1,0.0,22.7,1007.3,0.0,,0,0,310.0
2024-06-29 19:00:00,,24.3,17.5,32.3,0.2,,1.7,29.9,1011.2,24.1,17.6,67.0,0.0,0.0,15.1,1006.9,0.0,,0,0,321.85714285714283
2024-06-29 20:00:00,,24.3,17.5,32.3,0.2,,1.7,29.9,1011.2,22.7,17.2,71.0,0.0,0.0,17.3,1005.5,0.0,,0,0,334.42857142857144
2024-06-29 21:00:00,,24.3,17.5,32.3,0.2,,1.7,29.9,1011.2,21.5,17.3,77.0,0.1,3.6,18.4,1005.1,0.0,,0,0,241.57142857142858
2024-06-29 22:00:00,,24.3,17.5,32.3,0.2,,1.7,29.9,1011.2,22.2,16.9,72.0,0.0,0.0,23.8,1004.8,0.0,,0,0,172.125
2024-06-29 23:00:00,,24.3,17.5,32.3,0.2,,1.7,29.9,1011.2,21.9,16.6,72.0,0.0,3.6,15.8,1004.8,0.0,,0,0,109.14285714285714
2024-06-30 00:00:00,,20.4,18.2,22.9,25.2,,3.4,39.2,1010.3,22.0,16.1,69.0,0.0,14.4,33.8,1006.7,0.0,,0,0,63.42857142857143
2024-06-30 01:00:00,,20.4,18.2,22.9,25.2,,3.4,39.2,1010.3,20.2,17.2,83.0,0.0,3.6,30.6,1008.4,0.0,,0,0,47.714285714285715
2024-06-30 02:00:00,,20.4,18.2,22.9,25.2,,3.4,39.2,1010.3,18.9,17.7,93.0,3.0,3.6,20.9,1009.4,0.0,,0,0,42.57142857142857
2024-06-30 03:00:00,,20.4,18.2,22.9,25.2,,3.4,39.2,1010.3,19.3,17.4,89.0,0.0,7.2,12.6,1009.3,0.0,,0,0,36.375
2024-06-30 04:00:00,,20.4,18.2,22.9,25.2,,3.4,39.2,1010.3,18.9,18.1,95.0,0.0,3.6,11.2,1009.4,0.0,,0,0,31.571428571428573
2024-06-30 05:00:00,,20.4,18.2,22.9,25.2,,3.4,39.2,1010.3,18.7,17.5,93.0,0.0,0.0,13.7,1009.3,0.0,,0,0,30.285714285714285
2024-06-30 06:00:00,,20.4,18.2,22.9,25.2,,3.4,39.2,1010.3,19.2,17.5,90.0,0.0,0.0,14.0,1009.2,0.0,,0,0,31.0
2024-06-30 07:00:00,,20.4,18.2,22.9,25.2,,3.4,39.2,1010.3,21.0,17.0,78.0,0.0,0.0,15.8,1009.3,0.0,,0,0,31.142857142857142
2024-06-30 08:00:00,,20.4,18.2,22.9,25.2,,3.4,39.2,1010.3,21.1,16.7,76.0,0.0,0.0,12.2,1009.4,0.0,,0,0,31.571428571428573
2024-06-30 09:00:00,,20.4,18.2,22.9,25.2,,3.4,39.2,1010.3,21.7,16.2,71.0,0.3,3.6,7.6,1009.6,0.0,,0,0,32.375
2024-06-30 10:00:00,,20.4,18.2,22.9,25.2,,3.4,39.2,1010.3,22.9,15.5,63.0,0.7,3.6,13.0,1009.6,2.0,,0,0,37.142857142857146
2024-06-30 11:00:00,,20.4,18.2,22.9,25.2,,3.4,39.2,1010.3,22.8,16.1,66.0,2.6,0.0,14.4,1009.9,3.0,,0,0,43.285714285714285
2024-06-30 12:00:00,,20.4,18.2,22.9,25.2,,3.4,39.2,1010.3,21.2,18.6,85.0,0.9,0.0,25.6,1010.5,0.0,,0,0,48.285714285714285
2024-06-30 13:00:00,,20.4,18.2,22.9,25.2,,3.4,39.2,1010.3,21.2,18.4,84.0,0.8,3.6,15.5,1011.0,0.0,,0,0,44.625
2024-06-30 14:00:00,,20.4,18.2,22.9,25.2,,3.4,39.2,1010.3,21.5,17.3,77.0,5.1,19.4,24.5,1013.0,0.0,,0,0,48.0
2024-06-30 15:00:00,,20.4,18.2,22.9,25.2,,3.4,39.2,1010.3,21.5,16.9,75.0,2.3,3.6,24.8,1011.3,1.0,,0,0,47.142857142857146
2024-06-30 16:00:00,,20.4,18.2,22.9,25.2,,3.4,39.2,1010.3,20.4,16.2,77.0,7.2,7.2,38.5,1012.1,0.0,,0,0,46.714285714285715
2024-06-30 17:00:00,,20.4,18.2,22.9,25.2,,3.4,39.2,1010.3,19.5,15.6,78.0,0.5,0.0,39.2,1012.9,0.0,,0,0,44.57142857142857
2024-06-30 18:00:00,,20.4,18.2,22.9,25.2,,3.4,39.2,1010.3,18.9,15.2,79.0,1.5,3.6,29.2,1013.6,0.0,,0,0,62.875
2024-06-30 19:00:00,,20.4,18.2,22.9,25.2,,3.4,39.2,1010.3,18.7,15.2,80.0,0.3,0.0,26.6,1014.3,0.0,,0,0,56.142857142857146
2024-06-30 20:00:00,,20.4,18.2,22.9,25.2,,3.4,39.2,1010.3,18.2,15.8,86.0,0.0,0.0,13.3,1014.9,0.0,,0,0,43.285714285714285
2024-06-30 21:00:00,,20.4,18.2,22.9,25.2,,3.4,39.2,1010.3,18.6,13.5,72.0,0.0,0.0,20.9,1015.3,0.0,,0,0,35.57142857142857
2024-06-30 22:00:00,,20.4,18.2,22.9,25.2,,3.4,39.2,1010.3,16.3,15.2,93.0,3.0,0.0,13.3,1016.2,0.0,,0,0,29.714285714285715
2024-06-30 23:00:00,,20.4,18.2,22.9,25.2,,3.4,39.2,1010.3,16.2,15.2,94.0,1.0,3.6,13.0,1016.1,0.0,,0,0,23.428571428571427
2024-07-01 00:00:00,,17.9,15.7,23.0,14.0,,2.6,48.2,1015.0,16.2,15.6,96.0,0.1,0.0,8.3,1016.0,0.0,,0,0,23.0
2024-07-01 01:00:00,,17.9,15.7,23.0,14.0,,2.6,48.2,1015.0,16.2,15.6,96.0,0.1,0.0,9.7,1015.7,0.0,,0,0,23.0
2024-07-01 02:00:00,,17.9,15.7,23.0,14.0,,2.6,48.2,1015.0,16.0,15.4,96.0,0.9,0.0,7.9,1015.4,0.0,,0,0,23.0
2024-07-01 03:00:00,,17.9,15.7,23.0,14.0,,2.6,48.2,1015.0,15.8,15.2,96.0,0.0,0.0,13.0,1014.9,,,0,0,23.0
2024-07-01 04:00:00,,17.9,15.7,23.0,14.0,,2.6,48.2,1015.0,15.9,15.6,98.0,0.1,0.0,6.8,1015.0,0.0,,0,0,23.0
2024-07-01 05:00:00,,17.9,15.7,23.0,14.0,,2.6,48.2,1015.0,15.7,14.7,94.0,2.0,3.6,19.8,1015.3,0.0,,0,0,22.5
2024-07-01 06:00:00,,17.9,15.7,23.0,14.0,,2.6,48.2,1015.0,16.0,15.2,95.0,0.7,3.6,18.4,1015.7,0.0,,0,0,25.142857142857142
2024-07-01 07:00:00,,17.9,15.7,23.0,14.0,,2.6,48.2,1015.0,16.3,15.2,93.0,0.2,0.0,10.8,1015.5,0.0,,0,0,76.71428571428571
2024-07-01 08:00:00,,17.9,15.7,23.0,14.0,,2.6,48.2,1015.0,16.8,15.5,92.0,0.1,0.0,10.8,1015.9,0.0,,0,0,177.42857142857142
2024-07-01 09:00:00,,17.9,15.7,23.0,14.0,,2.6,48.2,1015.0,17.9,12.6,71.0,0.0,0.0,8.3,1015.6,0.0,,0,0,265.57142857142856
2024-07-01 10:00:00,,17.9,15.7,23.0,14.0,,2.6,48.2,1015.0,18.2,12.9,71.0,0.0,0.0,6.5,1015.6,0.0,,0,0,286.875
2024-07-01 11:00:00,,17.9,15.7,23.0,14.0,,2.6,48.2,1015.0,18.6,10.9,61.0,0.1,3.6,10.4,1015.3,2.0,,0,0,267.2857142857143
2024-07-01 12:00:00,,17.9,15.7,23.0,14.0,,2.6,48.2,1015.0,20.1,10.8,55.0,0.0,3.6,22.3,1014.6,44.0,,0,0,239.57142857142858
2024-07-01 13:00:00,,17.9,15.7,23.0,14.0,,2.6,48.2,1015.0,21.5,11.5,53.0,0.0,7.2,22.3,1013.6,52.0,,0,0,231.42857142857142
2024-07-01 14:00:00,,17.9,15.7,23.0,14.0,,2.6,48.2,1015.0,22.2,9.4,44.0,0.0,7.2,18.7,1012.9,58.0,,0,0,264.42857142857144
2024-07-01 15:00:00,,17.9,15.7,23.0,14.0,,2.6,48.2,1015.0,23.0,10.8,46.0,0.1,3.6,13.7,1012.6,26.0,,0,0,268.75
2024-07-01 16:00:00,,17.9,15.7,23.0,14.0,,2.6,48.2,1015.0,22.8,12.1,51.0,0.9,3.6,13.0,1012.0,15.0,,0,0,223.0
2024-07-01 17:00:00,,17.9,15.7,23.0,14.0,,2.6,48.2,1015.0,20.0,14.4,70.0,2.7,7.2,48.2,1012.9,17.0,,0,0,144.14285714285714
2024-07-01 18:00:00,,17.9,15.7,23.0,14.0,,2.6,48.2,1015.0,17.6,13.5,77.0,0.0,3.6,38.9,1014.9,0.0,,0,0,119.14285714285714
2024-07-01 19:00:00,,17.9,15.7,23.0,14.0,,2.6,48.2,1015.0,17.0,14.8,87.0,0.1,3.6,16.6,1015.7,0.0,,0,0,96.42857142857143
2024-07-01 20:00:00,,17.9,15.7,23.0,14.0,,2.6,48.2,1015.0,16.9,14.7,87.0,0.2,3.6,13.3,1016.3,0.0,,0,0,83.0
2024-07-01 21:00:00,,17.9,15.7,23.0,14.0,,2.6,48.2,1015.0,16.6,14.4,87.0,1.7,3.6,14.8,1016.4,,,0,0,62.285714285714285
2024-07-01 22:00:00,,17.9,15.7,23.0,14.0,,2.6,48.2,1015.0,15.9,14.8,93.0,0.2,3.6,18.0,1016.9,0.0,,0,0,45.714285714285715
2024-07-01 23:00:00,,17.9,15.7,23.0,14.0,,2.6,48.2,1015.0,15.6,14.5,93.0,0.3,3.6,24.5,1017.0,0.0,,0,0,32.57142857142857
2024-07-02 00:00:00,,16.4,13.4,18.9,10.0,,2.1,35.6,1015.9,15.4,14.3,93.0,0.8,3.6,35.6,1017.0,0.0,,0,0,18.714285714285715
2024-07-02 01:00:00,,16.4,13.4,18.9,10.0,,2.1,35.6,1015.9,15.5,14.4,93.0,1.0,3.6,10.4,1016.6,0.0,,0,0,18.875
2024-07-02 02:00:00,,16.4,13.4,18.9,10.0,,2.1,35.6,1015.9,15.0,14.0,94.0,0.1,3.6,16.6,1016.7,0.0,,0,0,19.0
2024-07-02 03:00:00,,16.4,13.4,18.9,10.0,,2.1,35.6,1015.9,14.9,13.4,91.0,0.6,3.6,8.6,1016.7,0.0,,0,0,19.0
2024-07-02 04:00:00,,16.4,13.4,18.9,10.0,,2.1,35.6,1015.9,14.8,13.2,90.0,0.5,0.0,8.3,1016.8,0.0,,0,0,19.428571428571427
2024-07-02 05:00:00,,16.4,13.4,18.9,10.0,,2.1,35.6,1015.9,14.9,12.8,87.0,0.4,0.0,8.3,1017.2,0.0,,0,0,21.0
2024-07-02 06:00:00,,16.4,13.4,18.9,10.0,,2.1,35.6,1015.9,16.3,12.5,78.0,0.7,0.0,8.6,1016.8,0.0,,0,0,26.75
2024-07-02 07:00:00,,16.4,13.4,18.9,10.0,,2.1,35.6,1015.9,16.5,12.1,75.0,0.5,3.6,12.6,1016.8,0.0,,0,0,68.85714285714286
2024-07-02 08:00:00,,16.4,13.4,18.9,10.0,,2.1,35.6,1015.9,17.3,12.4,73.0,0.2,3.6,11.2,1016.7,0.0,,0,0,146.57142857142858
2024-07-02 09:00:00,,16.4,13.4,18.9,10.0,,2.1,35.6,1015.9,16.6,11.5,72.0,0.0,3.6,10.8,1016.5,3.0,,0,0,208.71428571428572
2024-07-02 10:00:00,,16.4,13.4,18.9,10.0,,2.1,35.6,1015.9,17.5,12.0,70.0,0.3,0.0,10.4,1016.1,2.0,,0,0,241.57142857142858
2024-07-02 11:00:00,,16.4,13.4,18.9,10.0,,2.1,35.6,1015.9,18.2,12.0,67.0,0.3,3.6,10.4,1015.6,5.0,,0,0,239.375
2024-07-02 12:00:00,,16.4,13.4,18.9,10.0,,2.1,35.6,1015.9,18.9,9.9,56.0,0.3,3.6,12.6,1015.0,43.0,,0,0,245.14285714285714
2024-07-02 13:00:00,,16.4,13.4,18.9,10.0,,2.1,35.6,1015.9,18.7,10.3,58.0,0.3,0.0,10.4,1014.7,4.0,,0,0,253.85714285714286
2024-07-02 14:00:00,,16.4,13.4,18.9,10.0,,2.1,35.6,1015.9,18.7,11.0,61.0,0.3,0.0,12.6,1014.4,20.0,,0,0,269.2857142857143
2024-07-02 15:00:00,,16.4,13.4,18.9,10.0,,2.1,35.6,1015.9,18.7,11.5,63.0,0.2,0.0,12.2,1014.1,0.0,,0,0,358.42857142857144
2024-07-02 16:00:00,,16.4,13.4,18.9,10.0,,2.1,35.6,1015.9,18.3,11.8,66.0,0.2,0.0,10.8,1013.9,0.0,,0,0,323.5
2024-07-02 17:00:00,,16.4,13.4,18.9,10.0,,2.1,35.6,1015.9,17.5,11.5,68.0,0.0,0.0,23.0,1014.0,0.0,,0,0,270.57142857142856
2024-07-02 18:00:00,,16.4,13.4,18.9,10.0,,2.1,35.6,1015.9,16.6,12.4,76.0,0.0,3.6,34.9,1014.9,0.0,,0,0,228.85714285714286
2024-07-02 19:00:00,,16.4,13.4,18.9,10.0,,2.1,35.6,1015.9,14.3,12.7,90.0,1.0,3.6,29.2,1016.0,0.0,,0,0,193.28571428571428
2024-07-02 20:00:00,,16.4,13.4,18.9,10.0,,2.1,35.6,1015.9,13.6,12.7,94.0,1.0,3.6,10.8,1016.1,0.0,,0,0,205.57142857142858
2024-07-02 21:00:00,,16.4,13.4,18.9,10.0,,2.1,35.6,1015.9,13.4,12.6,95.0,0.8,0.0,10.8,1016.2,0.0,,0,0,198.375
2024-07-02 22:00:00,,16.4,13.4,18.9,10.0,,2.1,35.6,1015.9,13.3,12.4,94.0,0.3,3.6,9.7,1015.6,0.0,,0,0,176.42857142857142
2024-07-02 23:00:00,,16.4,13.4,18.9,10.0,,2.1,35.6,1015.9,13.4,12.8,96.0,0.4,3.6,11.9,1015.2,0.0,,0,0,60.57142857142857
2024-07-03 00:00:00,,14.7,12.6,18.4,19.8,,2.9,37.4,1012.5,13.4,12.8,96.0,0.4,3.6,17.3,1014.5,0.0,Comedy im Kulturhauspark,0,0,32.142857142857146
2024-07-03 01:00:00,,14.7,12.6,18.4,19.8,,2.9,37.4,1012.5,13.3,12.7,96.0,0.3,0.0,16.9,1014.1,0.0,Comedy im Kulturhauspark,0,0,27.0
2024-07-03 02:00:00,,14.7,12.6,18.4,19.8,,2.9,37.4,1012.5,13.2,12.4,95.0,0.3,0.0,17.6,1013.8,0.0,Comedy im Kulturhauspark,0,0,25.125
2024-07-03 03:00:00,,14.7,12.6,18.4,19.8,,2.9,37.4,1012.5,13.1,12.6,97.0,0.5,3.6,13.0,1013.6,,Comedy im Kulturhauspark,0,0,24.0
2024-07-03 04:00:00,,14.7,12.6,18.4,19.8,,2.9,37.4,1012.5,12.6,12.1,97.0,2.0,0.0,13.0,1013.7,,Comedy im Kulturhauspark,0,0,23.714285714285715
2024-07-03 05:00:00,,14.7,12.6,18.4,19.8,,2.9,37.4,1012.5,12.8,12.3,97.0,1.0,0.0,6.5,1013.4,0.0,Comedy im Kulturhauspark,0,0,23.0
2024-07-03 06:00:00,,14.7,12.6,18.4,19.8,,2.9,37.4,1012.5,13.0,12.4,96.0,0.0,0.0,8.3,1013.4,0.0,Comedy im Kulturhauspark,0,0,23.571428571428573
2024-07-03 07:00:00,,14.7,12.6,18.4,19.8,,2.9,37.4,1012.5,13.3,12.7,96.0,0.2,3.6,9.0,1013.1,0.0,Comedy im Kulturhauspark,1,0,75.125
2024-07-03 08:00:00,,14.7,12.6,18.4,19.8,,2.9,37.4,1012.5,14.1,13.0,93.0,0.0,3.6,8.6,1012.8,0.0,Comedy im Kulturhauspark,1,0,194.14285714285714
2024-07-03 09:00:00,,14.7,12.6,18.4,19.8,,2.9,37.4,1012.5,16.1,12.8,81.0,0.5,0.0,9.4,1011.9,2.0,Comedy im Kulturhauspark,1,0,305.0
2024-07-03 10:00:00,,14.7,12.6,18.4,19.8,,2.9,37.4,1012.5,16.7,13.2,80.0,0.4,3.6,11.5,1011.4,2.0,Comedy im Kulturhauspark,1,0,363.42857142857144
2024-07-03 11:00:00,,14.7,12.6,18.4,19.8,,2.9,37.4,1012.5,18.0,12.2,69.0,0.2,3.6,16.2,1010.3,36.0,Comedy im Kulturhauspark,1,0,329.2857142857143
2024-07-03 12:00:00,,14.7,12.6,18.4,19.8,,2.9,37.4,1012.5,18.3,13.2,72.0,0.0,3.6,14.8,1009.9,1.0,Comedy im Kulturhauspark,1,0,273.125
2024-07-03 13:00:00,,14.7,12.6,18.4,19.8,,2.9,37.4,1012.5,18.4,13.0,71.0,2.3,3.6,11.9,1009.0,5.0,Comedy im Kulturhauspark,0,0,245.0
2024-07-03 14:00:00,,14.7,12.6,18.4,19.8,,2.9,37.4,1012.5,18.3,12.7,70.0,1.4,3.6,14.4,1009.1,16.0,Comedy im Kulturhauspark,0,0,278.85714285714283
2024-07-03 15:00:00,,14.7,12.6,18.4,19.8,,2.9,37.4,1012.5,16.0,13.3,84.0,2.3,3.6,37.4,1010.4,0.0,Comedy im Kulturhauspark,0,0,282.1666666666667
2024-07-03 16:00:00,,14.7,12.6,18.4,19.8,,2.9,37.4,1012.5,14.2,13.1,93.0,3.0,3.6,32.4,1011.5,0.0,Comedy im Kulturhauspark,0,0,222.66666666666666
2024-07-03 17:00:00,,14.7,12.6,18.4,19.8,,2.9,37.4,1012.5,14.3,12.7,90.0,2.0,3.6,18.0,1011.4,0.0,Comedy im Kulturhauspark,0,0,169.5
2024-07-03 18:00:00,,14.7,12.6,18.4,19.8,,2.9,37.4,1012.5,14.4,12.9,91.0,1.2,3.6,13.7,1011.8,0.0,Comedy im Kulturhauspark,0,0,163.57142857142858
2024-07-03 19:00:00,,14.7,12.6,18.4,19.8,,2.9,37.4,1012.5,14.4,11.4,82.0,0.2,7.2,32.8,1012.7,0.0,Comedy im Kulturhauspark,0,0,194.71428571428572
2024-07-03 20:00:00,,14.7,12.6,18.4,19.8,,2.9,37.4,1012.5,13.9,10.9,82.0,0.9,3.6,18.0,1013.8,0.0,Comedy im Kulturhauspark,0,0,189.28571428571428
2024-07-03 21:00:00,,14.7,12.6,18.4,19.8,,2.9,37.4,1012.5,14.1,10.9,81.0,0.0,3.6,22.3,1014.0,0.0,Comedy im Kulturhauspark,0,0,151.14285714285714
2024-07-03 22:00:00,,14.7,12.6,18.4,19.8,,2.9,37.4,1012.5,13.0,11.6,91.0,0.0,0.0,20.5,1014.1,0.0,Comedy im Kulturhauspark,0,0,69.625
2024-07-03 23:00:00,,14.7,12.6,18.4,19.8,,2.9,37.4,1012.5,12.9,11.6,92.0,0.0,0.0,8.6,1013.6,0.0,Comedy im Kulturhauspark,0,0,37.714285714285715
2024-07-04 00:00:00,,16.5,12.2,20.6,1.9,,3.1,35.3,1012.9,12.3,11.7,96.0,0.0,3.6,9.0,1013.5,0.0,Konzert im Kulturhauspark,0,0,26.571428571428573
2024-07-04 01:00:00,,16.5,12.2,20.6,1.9,,3.1,35.3,1012.9,12.2,11.6,96.0,0.0,0.0,20.5,1013.7,0.0,Konzert im Kulturhauspark,0,0,14.857142857142858
2024-07-04 02:00:00,,16.5,12.2,20.6,1.9,,3.1,35.3,1012.9,12.8,10.9,88.0,0.0,3.6,23.4,1013.7,0.0,Konzert im Kulturhauspark,0,0,10.714285714285714
2024-07-04 03:00:00,,16.5,12.2,20.6,1.9,,3.1,35.3,1012.9,12.6,10.5,87.0,0.0,3.6,27.7,1013.4,0.0,Konzert im Kulturhauspark,0,0,10.0
2024-07-04 04:00:00,,16.5,12.2,20.6,1.9,,3.1,35.3,1012.9,12.3,11.0,92.0,0.0,3.6,31.3,1013.8,0.0,Konzert im Kulturhauspark,0,0,10.0
2024-07-04 05:00:00,,16.5,12.2,20.6,1.9,,3.1,35.3,1012.9,13.0,11.2,89.0,0.0,3.6,34.9,1013.4,0.0,Konzert im Kulturhauspark,0,0,10.285714285714286
2024-07-04 06:00:00,,16.5,12.2,20.6,1.9,,3.1,35.3,1012.9,13.5,10.8,84.0,0.0,3.6,33.1,1013.6,0.0,Konzert im Kulturhauspark,0,0,13.428571428571429
2024-07-04 07:00:00,,16.5,12.2,20.6,1.9,,3.1,35.3,1012.9,14.4,10.6,78.0,0.0,3.6,35.3,1013.7,0.0,Konzert im Kulturhauspark,0,0,68.28571428571429
2024-07-04 08:00:00,,16.5,12.2,20.6,1.9,,3.1,35.3,1012.9,15.1,11.1,77.0,0.0,3.6,26.3,1013.5,2.0,Konzert im Kulturhauspark,0,0,248.875
2024-07-04 09:00:00,,16.5,12.2,20.6,1.9,,3.1,35.3,1012.9,17.7,11.7,68.0,0.0,0.0,24.8,1012.7,30.0,Konzert im Kulturhauspark,0,0,370.14285714285717
2024-07-04 10:00:00,,16.5,12.2,20.6,1.9,,3.1,35.3,1012.9,19.3,11.1,59.0,0.0,3.6,20.5,1012.1,38.0,Konzert im Kulturhauspark,0,0,393.85714285714283
2024-07-04 11:00:00,,16.5,12.2,20.6,1.9,,3.1,35.3,1012.9,20.1,10.5,54.0,0.0,3.6,22.3,1011.3,25.0,Konzert im Kulturhauspark,0,0,301.0
2024-07-04 12:00:00,,16.5,12.2,20.6,1.9,,3.1,35.3,1012.9,20.6,10.4,52.0,0.0,3.6,15.8,1010.8,7.0,Konzert im Kulturhauspark,0,0,249.42857142857142
2024-07-04 13:00:00,,16.5,12.2,20.6,1.9,,3.1,35.3,1012.9,20.5,11.2,55.0,0.0,3.6,23.4,1011.1,17.0,Konzert im Kulturhauspark,0,0,233.375
2024-07-04 14:00:00,,16.5,12.2,20.6,1.9,,3.1,35.3,1012.9,19.9,13.6,67.0,0.6,20.5,22.0,1012.9,0.0,Konzert im Kulturhauspark,0,0,236.0
2024-07-04 15:00:00,,16.5,12.2,20.6,1.9,,3.1,35.3,1012.9,19.4,13.8,70.0,0.6,0.0,11.5,1011.4,0.0,Konzert im Kulturhauspark,0,0,254.0
2024-07-04 16:00:00,,16.5,12.2,20.6,1.9,,3.1,35.3,1012.9,19.7,13.4,67.0,0.0,3.6,14.0,1011.1,0.0,Konzert im Kulturhauspark,0,0,256.7142857142857
2024-07-04 17:00:00,,16.5,12.2,20.6,1.9,,3.1,35.3,1012.9,19.6,14.4,72.0,0.0,0.0,20.2,1011.7,0.0,Konzert im Kulturhauspark,0,0,235.71428571428572
2024-07-04 18:00:00,,16.5,12.2,20.6,1.9,,3.1,35.3,1012.9,20.6,13.6,64.0,0.0,0.0,15.5,1011.9,1.0,Konzert im Kulturhauspark,0,0,214.75
2024-07-04 19:00:00,,16.5,12.2,20.6,1.9,,3.1,35.3,1012.9,19.6,14.0,70.0,0.0,0.0,13.7,1012.4,1.0,Konzert im Kulturhauspark,0,0,197.71428571428572
2024-07-04 20:00:00,,16.5,12.2,20.6,1.9,,3.1,35.3,1012.9,17.1,14.0,82.0,0.0,7.2,24.1,1015.3,0.0,Konzert im Kulturhauspark,0,0,193.14285714285714
2024-07-04 21:00:00,,16.5,12.2,20.6,1.9,,3.1,35.3,1012.9,17.8,14.5,81.0,0.7,0.0,22.0,1014.6,0.0,Konzert im Kulturhauspark,0,0,143.42857142857142
2024-07-04 22:00:00,,16.5,12.2,20.6,1.9,,3.1,35.3,1012.9,18.3,13.6,74.0,0.2,0.0,23.8,1014.8,0.0,Konzert im Kulturhauspark,0,0,74.14285714285714
2024-07-04 23:00:00,,16.5,12.2,20.6,1.9,,3.1,35.3,1012.9,17.2,14.5,84.0,0.7,0.0,9.0,1014.9,0.0,Konzert im Kulturhauspark,0,0,37.375
2024-07-05 00:00:00,,19.8,16.3,24.1,3.1,,1.8,23.8,1013.5,17.3,14.0,81.0,0.5,0.0,11.9,1015.0,0.0,,0,0,21.142857142857142
2024-07-05 01:00:00,,19.8,16.3,24.1,3.1,,1.8,23.8,1013.5,16.8,13.9,83.0,0.7,0.0,9.7,1014.9,0.0,,0,0,19.428571428571427
2024-07-05 02:00:00,,19.8,16.3,24.1,3.1,,1.8,23.8,1013.5,16.3,14.1,87.0,0.5,0.0,8.6,1014.9,0.0,,0,0,17.285714285714285
2024-07-05 03:00:00,,19.8,16.3,24.1,3.1,,1.8,23.8,1013.5,16.5,14.7,89.0,0.3,0.0,17.6,1014.9,0.0,,0,0,17.0
2024-07-05 04:00:00,,19.8,16.3,24.1,3.1,,1.8,23.8,1013.5,16.5,14.1,86.0,0.2,0.0,20.5,1015.5,0.0,,0,0,17.0
2024-07-05 05:00:00,,19.8,16.3,24.1,3.1,,1.8,23.8,1013.5,16.8,14.3,85.0,0.0,0.0,14.8,1015.8,0.0,,0,0,17.125
2024-07-05 06:00:00,,19.8,16.3,24.1,3.1,,1.8,23.8,1013.5,17.3,13.6,79.0,0.0,0.0,10.1,1016.0,0.0,,0,0,21.0
2024-07-05 07:00:00,,19.8,16.3,24.1,3.1,,1.8,23.8,1013.5,18.6,12.8,69.0,0.0,3.6,11.5,1015.8,0.0,,0,0,54.857142857142854
2024-07-05 08:00:00,,19.8,16.3,24.1,3.1,,1.8,23.8,1013.5,19.9,12.4,62.0,0.0,3.6,14.0,1015.4,34.0,,0,0,118.0
2024-07-05 09:00:00,,19.8,16.3,24.1,3.1,,1.8,23.8,1013.5,19.8,15.4,76.0,0.0,4.3,15.1,1015.8,59.0,,0,0,182.71428571428572
2024-07-05 10:00:00,,19.8,16.3,24.1,3.1,,1.8,23.8,1013.5,21.1,12.5,58.0,0.0,3.6,14.8,1013.9,59.0,,0,0,225.5
2024-07-05 11:00:00,,19.8,16.3,24.1,3.1,,1.8,23.8,1013.5,22.2,14.3,61.0,0.0,3.6,15.5,1013.4,59.0,,0,0,234.71428571428572
2024-07-05 12:00:00,,19.8,16.3,24.1,3.1,,1.8,23.8,1013.5,22.6,13.9,58.0,0.0,7.2,16.6,1012.7,60.0,,0,0,242.71428571428572
2024-07-05 13:00:00,,19.8,16.3,24.1,3.1,,1.8,23.8,1013.5,23.2,13.4,54.0,0.0,7.2,17.3,1012.2,32.0,,0,0,230.0
2024-07-05 14:00:00,,19.8,16.3,24.1,3.1,,1.8,23.8,1013.5,23.4,13.0,52.0,0.0,3.6,13.3,1011.9,32.0,,0,0,214.0
2024-07-05 15:00:00,,19.8,16.3,24.1,3.1,,1.8,23.8,1013.5,24.1,15.1,57.0,0.0,3.6,10.1,1011.3,32.0,,0,0,217.125
2024-07-05 16:00:00,,19.8,16.3,24.1,3.1,,1.8,23.8,1013.5,23.6,14.9,58.0,0.0,3.6,9.7,1010.9,8.0,,0,0,189.42857142857142
2024-07-05 17:00:00,,19.8,16.3,24.1,3.1,,1.8,23.8,1013.5,23.0,14.0,57.0,0.0,0.0,6.5,1010.7,0.0,,0,0,158.42857142857142
2024-07-05 18:00:00,,19.8,16.3,24.1,3.1,,1.8,23.8,1013.5,21.9,15.7,68.0,0.0,0.0,8.6,1010.7,0.0,,0,0,165.0
2024-07-05 19:00:00,,19.8,16.3,24.1,3.1,,1.8,23.8,1013.5,20.4,16.4,78.0,0.0,0.0,9.0,1010.6,10.0,,0,0,157.42857142857142
2024-07-05 20:00:00,,19.8,16.3,24.1,3.1,,1.8,23.8,1013.5,19.7,16.0,79.0,0.0,0.0,8.6,1010.9,0.0,,0,0,154.625
2024-07-05 21:00:00,,19.8,16.3,24.1,3.1,,1.8,23.8,1013.5,18.6,16.6,88.0,0.0,0.0,12.6,1010.5,0.0,,0,0,134.57142857142858
2024-07-05 22:00:00,,19.8,16.3,24.1,3.1,,1.8,23.8,1013.5,18.2,16.2,88.0,0.0,0.0,15.1,1010.3,0.0,,0,0,109.28571428571429
2024-07-05 23:00:00,,19.8,16.3,24.1,3.1,,1.8,23.8,1013.5,17.3,16.2,93.0,0.0,0.0,14.8,1009.7,0.0,,0,0,90.57142857142857
2024-07-06 00:00:00,,19.6,15.2,26.7,28.2,,2.3,35.6,1008.3,16.9,15.9,94.0,0.0,0.0,9.7,1009.1,0.0,"EM Übertragung Kulturhauspark, Steirisches Weinfest im Kulturhauspark",0,0,53.857142857142854
2024-07-06 01:00:00,,19.6,15.2,26.7,28.2,,2.3,35.6,1008.3,16.7,15.6,93.0,0.0,0.0,10.4,1008.8,0.0,"EM Übertragung Kulturhauspark, Steirisches Weinfest im Kulturhauspark",0,0,39.875
2024-07-06 02:00:00,,19.6,15.2,26.7,28.2,,2.3,35.6,1008.3,15.9,14.9,94.0,0.0,0.0,8.3,1008.9,0.0,"EM Übertragung Kulturhauspark, Steirisches Weinfest im Kulturhauspark",0,0,30.285714285714285
2024-07-06 03:00:00,,19.6,15.2,26.7,28.2,,2.3,35.6,1008.3,15.5,14.9,96.0,0.0,0.0,6.5,1008.9,0.0,"EM Übertragung Kulturhauspark, Steirisches Weinfest im Kulturhauspark",0,0,27.428571428571427
2024-07-06 04:00:00,,19.6,15.2,26.7,28.2,,2.3,35.6,1008.3,15.2,14.6,96.0,0.0,0.0,8.3,1008.9,0.0,"EM Übertragung Kulturhauspark, Steirisches Weinfest im Kulturhauspark",0,0,26.0
2024-07-06 05:00:00,,19.6,15.2,26.7,28.2,,2.3,35.6,1008.3,15.5,14.9,96.0,0.0,0.0,6.5,1008.5,0.0,"EM Übertragung Kulturhauspark, Steirisches Weinfest im Kulturhauspark",0,0,26.0
2024-07-06 06:00:00,,19.6,15.2,26.7,28.2,,2.3,35.6,1008.3,18.9,15.2,79.0,0.0,0.0,5.4,1007.8,23.0,"EM Übertragung Kulturhauspark, Steirisches Weinfest im Kulturhauspark",0,0,26.0
2024-07-06 07:00:00,,19.6,15.2,26.7,28.2,,2.3,35.6,1008.3,22.5,16.3,68.0,0.0,0.0,9.4,1006.8,58.0,"EM Übertragung Kulturhauspark, Steirisches Weinfest im Kulturhauspark",1,0,39.857142857142854
2024-07-06 08:00:00,,19.6,15.2,26.7,28.2,,2.3,35.6,1008.3,24.2,15.7,59.0,0.0,3.6,9.7,1005.9,56.0,"EM Übertragung Kulturhauspark, Steirisches Weinfest im Kulturhauspark",1,0,118.57142857142857
2024-07-06 09:00:00,,19.6,15.2,26.7,28.2,,2.3,35.6,1008.3,23.8,18.9,74.0,0.0,3.6,11.9,1005.5,55.0,"EM Übertragung Kulturhauspark, Steirisches Weinfest im Kulturhauspark",1,0,289.57142857142856
2024-07-06 10:00:00,,19.6,15.2,26.7,28.2,,2.3,35.6,1008.3,25.0,16.7,60.0,0.0,3.6,11.9,1005.2,57.0,"EM Übertragung Kulturhauspark, Steirisches Weinfest im Kulturhauspark",1,0,405.14285714285717
2024-07-06 11:00:00,,19.6,15.2,26.7,28.2,,2.3,35.6,1008.3,25.3,16.2,57.0,0.0,7.2,16.2,1005.0,59.0,"EM Übertragung Kulturhauspark, Steirisches Weinfest im Kulturhauspark",1,0,404.5
2024-07-06 12:00:00,,19.6,15.2,26.7,28.2,,2.3,35.6,1008.3,26.7,17.8,58.0,0.1,3.6,15.1,1005.0,30.0,"EM Übertragung Kulturhauspark, Steirisches Weinfest im Kulturhauspark",1,0,320.57142857142856
2024-07-06 13:00:00,,19.6,15.2,26.7,28.2,,2.3,35.6,1008.3,22.6,16.6,69.0,7.9,7.2,35.6,1006.8,1.0,"EM Übertragung Kulturhauspark, Steirisches Weinfest im Kulturhauspark",0,0,256.57142857142856
2024-07-06 14:00:00,,19.6,15.2,26.7,28.2,,2.3,35.6,1008.3,19.8,16.4,81.0,0.4,7.2,34.9,1008.1,0.0,"EM Übertragung Kulturhauspark, Steirisches Weinfest im Kulturhauspark",0,0,217.85714285714286
2024-07-06 15:00:00,,19.6,15.2,26.7,28.2,,2.3,35.6,1008.3,20.1,16.5,80.0,0.6,0.0,20.5,1008.7,0.0,"EM Übertragung Kulturhauspark, Steirisches Weinfest im Kulturhauspark",0,0,156.71428571428572
2024-07-06 16:00:00,,19.6,15.2,26.7,28.2,,2.3,35.6,1008.3,20.2,17.2,83.0,0.1,0.0,13.3,1008.2,0.0,"EM Übertragung Kulturhauspark, Steirisches Weinfest im Kulturhauspark",0,0,121.375
2024-07-06 17:00:00,,19.6,15.2,26.7,28.2,,2.3,35.6,1008.3,20.3,18.2,88.0,0.3,0.0,13.7,1007.7,1.0,"EM Übertragung Kulturhauspark, Steirisches Weinfest im Kulturhauspark",0,0,86.71428571428571
2024-07-06 18:00:00,,19.6,15.2,26.7,28.2,,2.3,35.6,1008.3,19.6,17.7,89.0,1.6,3.6,27.0,1009.3,0.0,"EM Übertragung Kulturhauspark, Steirisches Weinfest im Kulturhauspark",0,0,103.28571428571429
2024-07-06 19:00:00,,19.6,15.2,26.7,28.2,,2.3,35.6,1008.3,17.3,16.0,92.0,10.0,3.6,27.4,1011.5,0.0,"EM Übertragung Kulturhauspark, Steirisches Weinfest im Kulturhauspark",0,0,126.71428571428571
2024-07-06 20:00:00,,19.6,15.2,26.7,28.2,,2.3,35.6,1008.3,16.9,14.7,87.0,3.0,3.6,18.4,1012.3,0.0,"EM Übertragung Kulturhauspark, Steirisches Weinfest im Kulturhauspark",0,0,141.42857142857142
2024-07-06 21:00:00,,19.6,15.2,26.7,28.2,,2.3,35.6,1008.3,16.1,13.6,85.0,4.2,7.2,33.1,1013.0,0.0,"EM Übertragung Kulturhauspark, Steirisches Weinfest im Kulturhauspark",0,0,144.625
2024-07-06 22:00:00,,19.6,15.2,26.7,28.2,,2.3,35.6,1008.3,15.9,13.4,85.0,1.0,3.6,30.2,1013.5,0.0,"EM Übertragung Kulturhauspark, Steirisches Weinfest im Kulturhauspark",0,0,128.57142857142858
2024-07-06 23:00:00,,19.6,15.2,26.7,28.2,,2.3,35.6,1008.3,15.0,14.0,94.0,0.7,3.6,23.8,1013.7,0.0,"EM Übertragung Kulturhauspark, Steirisches Weinfest im Kulturhauspark",0,0,81.14285714285714
2024-07-07 00:00:00,,15.4,12.7,18.0,18.8,,2.1,33.5,1015.0,15.2,14.6,96.0,0.5,0.0,18.4,1014.1,0.0,,0,0,56.42857142857143
2024-07-07 01:00:00,,15.4,12.7,18.0,18.8,,2.1,33.5,1015.0,15.2,14.6,96.0,2.0,3.6,15.5,1013.7,0.0,,0,0,40.0
2024-07-07 02:00:00,,15.4,12.7,18.0,18.8,,2.1,33.5,1015.0,15.3,14.7,96.0,0.6,0.0,11.2,1013.8,0.0,,0,0,33.625
2024-07-07 03:00:00,,15.4,12.7,18.0,18.8,,2.1,33.5,1015.0,15.3,14.5,95.0,1.0,3.6,9.7,1013.6,0.0,,0,0,31.0
2024-07-07 04:00:00,,15.4,12.7,18.0,18.8,,2.1,33.5,1015.0,14.8,14.3,97.0,1.5,3.6,8.3,1013.8,0.0,,0,0,28.571428571428573
2024-07-07 05:00:00,,15.4,12.7,18.0,18.8,,2.1,33.5,1015.0,14.0,13.0,94.0,2.4,3.6,33.5,1014.3,0.0,,0,0,27.0
2024-07-07 06:00:00,,15.4,12.7,18.0,18.8,,2.1,33.5,1015.0,13.3,12.4,94.0,2.8,3.6,22.3,1015.6,0.0,,0,0,26.428571428571427
2024-07-07 07:00:00,,15.4,12.7,18.0,18.8,,2.1,33.5,1015.0,12.7,12.1,96.0,0.8,0.0,26.6,1016.4,0.0,,0,0,27.625
2024-07-07 08:00:00,,15.4,12.7,18.0,18.8,,2.1,33.5,1015.0,12.7,12.1,96.0,0.7,3.6,19.8,1016.4,0.0,,0,0,30.285714285714285
2024-07-07 09:00:00,,15.4,12.7,18.0,18.8,,2.1,33.5,1015.0,13.0,12.1,94.0,1.7,0.0,16.2,1016.6,0.0,,0,0,32.285714285714285
2024-07-07 10:00:00,,15.4,12.7,18.0,18.8,,2.1,33.5,1015.0,13.2,12.6,96.0,0.8,3.6,13.3,1016.6,0.0,,0,0,37.57142857142857
2024-07-07 11:00:00,,15.4,12.7,18.0,18.8,,2.1,33.5,1015.0,14.8,12.3,85.0,1.2,3.6,14.8,1015.8,0.0,,0,0,50.714285714285715
2024-07-07 12:00:00,,15.4,12.7,18.0,18.8,,2.1,33.5,1015.0,16.5,12.8,79.0,0.9,3.6,16.6,1015.3,0.0,,0,0,70.75
2024-07-07 13:00:00,,15.4,12.7,18.0,18.8,,2.1,33.5,1015.0,16.0,12.6,80.0,0.2,0.0,11.2,1015.4,0.0,,0,0,74.42857142857143
2024-07-07 14:00:00,,15.4,12.7,18.0,18.8,,2.1,33.5,1015.0,17.5,13.2,76.0,0.0,3.6,9.4,1014.7,0.0,,0,0,61.57142857142857
2024-07-07 15:00:00,,15.4,12.7,18.0,18.8,,2.1,33.5,1015.0,17.2,13.7,80.0,0.0,3.6,9.7,1014.8,0.0,,0,0,59.857142857142854
2024-07-07 16:00:00,,15.4,12.7,18.0,18.8,,2.1,33.5,1015.0,18.0,14.1,78.0,0.0,0.0,10.4,1014.6,0.0,,0,0,56.142857142857146
2024-07-07 17:00:00,,15.4,12.7,18.0,18.8,,2.1,33.5,1015.0,17.3,13.8,80.0,0.0,0.0,9.4,1015.0,0.0,,0,0,53.875
2024-07-07 18:00:00,,15.4,12.7,18.0,18.8,,2.1,33.5,1015.0,17.1,14.2,83.0,0.0,0.0,8.6,1015.2,0.0,,0,0,54.285714285714285
2024-07-07 19:00:00,,15.4,12.7,18.0,18.8,,2.1,33.5,1015.0,16.9,15.1,89.0,0.0,0.0,9.4,1015.4,0.0,,0,0,46.8
2024-07-07 20:00:00,,15.4,12.7,18.0,18.8,,2.1,33.5,1015.0,16.1,14.6,91.0,0.0,0.0,9.0,1015.9,0.0,,0,0,44.714285714285715
2024-07-07 21:00:00,,15.4,12.7,18.0,18.8,,2.1,33.5,1015.0,16.5,14.3,87.0,0.0,3.6,9.4,1016.1,0.0,,0,0,43.285714285714285
2024-07-07 22:00:00,,15.4,12.7,18.0,18.8,,2.1,33.5,1015.0,15.8,14.5,92.0,0.0,0.0,8.6,1016.6,0.0,,0,0,31.5
2024-07-07 23:00:00,,15.4,12.7,18.0,18.8,,2.1,33.5,1015.0,15.8,14.8,94.0,0.0,0.0,9.7,1016.6,0.0,,0,0,20.571428571428573
2024-07-08 00:00:00,,20.1,14.7,26.4,0.8,,2.0,16.2,1015.9,15.3,14.7,96.0,0.1,0.0,8.6,1016.6,0.0,Konzert im Kulturhauspark,0,0,20.0
2024-07-08 01:00:00,,20.1,14.7,26.4,0.8,,2.0,16.2,1015.9,15.1,14.3,95.0,0.0,0.0,7.9,1017.0,0.0,Konzert im Kulturhauspark,0,0,20.0
2024-07-08 02:00:00,,20.1,14.7,26.4,0.8,,2.0,16.2,1015.9,15.2,14.7,97.0,0.7,0.0,11.1,1016.4,,Konzert im Kulturhauspark,0,0,20.0
2024-07-08 03:00:00,,20.1,14.7,26.4,0.8,,2.0,16.2,1015.9,15.2,14.7,97.0,0.0,0.0,7.2,1017.1,0.0,Konzert im Kulturhauspark,0,0,20.0
2024-07-08 04:00:00,,20.1,14.7,26.4,0.8,,2.0,16.2,1015.9,15.1,14.6,97.0,0.0,0.0,7.6,1017.2,0.0,Konzert im Kulturhauspark,0,0,20.0
2024-07-08 05:00:00,,20.1,14.7,26.4,0.8,,2.0,16.2,1015.9,14.7,14.4,98.0,0.0,0.0,9.4,1017.5,0.0,Konzert im Kulturhauspark,0,0,20.0
2024-07-08 06:00:00,,20.1,14.7,26.4,0.8,,2.0,16.2,1015.9,16.0,14.5,91.0,0.0,3.6,7.6,1017.6,11.0,Konzert im Kulturhauspark,0,0,22.142857142857142
2024-07-08 07:00:00,,20.1,14.7,26.4,0.8,,2.0,16.2,1015.9,18.2,14.7,80.0,0.0,0.0,6.8,1017.2,58.0,Konzert im Kulturhauspark,0,0,51.857142857142854
2024-07-08 08:00:00,,20.1,14.7,26.4,0.8,,2.0,16.2,1015.9,19.1,14.8,76.0,0.0,0.0,9.4,1016.9,59.0,Konzert im Kulturhauspark,0,0,135.5
2024-07-08 09:00:00,,20.1,14.7,26.4,0.8,,2.0,16.2,1015.9,21.0,15.8,72.0,0.0,3.6,10.1,1016.5,59.0,Konzert im Kulturhauspark,0,0,218.71428571428572
2024-07-08 10:00:00,,20.1,14.7,26.4,0.8,,2.0,16.2,1015.9,22.0,15.8,68.0,0.0,3.6,13.7,1016.0,58.0,Konzert im Kulturhauspark,0,0,243.85714285714286
2024-07-08 11:00:00,,20.1,14.7,26.4,0.8,,2.0,16.2,1015.9,22.6,15.7,65.0,0.0,3.6,13.3,1015.6,60.0,Konzert im Kulturhauspark,0,0,238.42857142857142
2024-07-08 12:00:00,,20.1,14.7,26.4,0.8,,2.0,16.2,1015.9,23.5,17.0,67.0,0.0,7.2,15.1,1015.2,60.0,Konzert im Kulturhauspark,0,0,210.0
2024-07-08 13:00:00,,20.1,14.7,26.4,0.8,,2.0,16.2,1015.9,24.6,16.8,62.0,0.0,3.6,15.1,1014.7,60.0,Konzert im Kulturhauspark,0,0,217.0
2024-07-08 14:00:00,,20.1,14.7,26.4,0.8,,2.0,16.2,1015.9,25.1,16.3,58.0,0.0,7.2,16.2,1014.3,60.0,Konzert im Kulturhauspark,0,0,240.14285714285714
2024-07-08 15:00:00,,20.1,14.7,26.4,0.8,,2.0,16.2,1015.9,25.9,16.5,56.0,0.0,3.6,15.1,1013.7,60.0,Konzert im Kulturhauspark,0,0,257.2857142857143
2024-07-08 16:00:00,,20.1,14.7,26.4,0.8,,2.0,16.2,1015.9,26.4,14.5,48.0,0.0,3.6,13.3,1013.6,60.0,Konzert im Kulturhauspark,0,0,213.14285714285714
2024-07-08 17:00:00,,20.1,14.7,26.4,0.8,,2.0,16.2,1015.9,26.2,15.9,53.0,0.0,3.6,11.9,1013.5,60.0,Konzert im Kulturhauspark,0,0,164.57142857142858
2024-07-08 18:00:00,,20.1,14.7,26.4,0.8,,2.0,16.2,1015.9,25.1,14.9,53.0,0.0,3.6,12.2,1014.2,60.0,Konzert im Kulturhauspark,0,0,136.125
2024-07-08 19:00:00,,20.1,14.7,26.4,0.8,,2.0,16.2,1015.9,23.2,16.0,64.0,0.0,0.0,9.0,1014.9,46.0,Konzert im Kulturhauspark,0,0,159.28571428571428
2024-07-08 20:00:00,,20.1,14.7,26.4,0.8,,2.0,16.2,1015.9,20.8,16.6,77.0,0.0,0.0,6.8,1015.9,0.0,Konzert im Kulturhauspark,0,0,168.14285714285714
2024-07-08 21:00:00,,20.1,14.7,26.4,0.8,,2.0,16.2,1015.9,19.5,17.1,86.0,0.0,0.0,8.6,1016.4,0.0,Konzert im Kulturhauspark,0,0,150.42857142857142
2024-07-08 22:00:00,,20.1,14.7,26.4,0.8,,2.0,16.2,1015.9,18.4,16.4,88.0,0.0,0.0,11.2,1016.9,0.0,Konzert im Kulturhauspark,0,0,77.28571428571429
2024-07-08 23:00:00,,20.1,14.7,26.4,0.8,,2.0,16.2,1015.9,17.9,16.1,89.0,0.0,0.0,15.1,1017.3,0.0,Konzert im Kulturhauspark,0,0,36.42857142857143
2024-07-09 00:00:00,,23.2,16.0,30.0,0.0,,1.1,22.3,1014.6,17.4,16.1,92.0,0.0,0.0,20.2,1017.4,0.0,"Public Viewing + Summer in the City, EM Übertragung Kulturhauspark",0,0,21.125
2024-07-09 01:00:00,,23.2,16.0,30.0,0.0,,1.1,22.3,1014.6,17.2,15.9,92.0,0.0,0.0,13.7,1017.5,0.0,"Public Viewing + Summer in the City, EM Übertragung Kulturhauspark",0,0,19.0
2024-07-09 02:00:00,,23.2,16.0,30.0,0.0,,1.1,22.3,1014.6,16.9,15.8,93.0,0.0,0.0,22.3,1017.2,0.0,"Public Viewing + Summer in the City, EM Übertragung Kulturhauspark",0,0,19.0
2024-07-09 03:00:00,,23.2,16.0,30.0,0.0,,1.1,22.3,1014.6,16.4,15.4,94.0,0.0,0.0,16.2,1017.3,0.0,"Public Viewing + Summer in the City, EM Übertragung Kulturhauspark",0,0,19.0
2024-07-09 04:00:00,,23.2,16.0,30.0,0.0,,1.1,22.3,1014.6,16.0,15.7,98.0,0.0,0.0,9.0,1017.0,0.0,"Public Viewing + Summer in the City, EM Übertragung Kulturhauspark",0,0,19.0
2024-07-09 05:00:00,,23.2,16.0,30.0,0.0,,1.1,22.3,1014.6,17.5,16.0,91.0,0.0,0.0,8.3,1016.8,0.0,"Public Viewing + Summer in the City, EM Übertragung Kulturhauspark",0,0,20.142857142857142
2024-07-09 06:00:00,,23.2,16.0,30.0,0.0,,1.1,22.3,1014.6,21.7,16.6,73.0,0.0,0.0,10.4,1016.2,58.0,"Public Viewing + Summer in the City, EM Übertragung Kulturhauspark",0,0,22.857142857142858
2024-07-09 07:00:00,,23.2,16.0,30.0,0.0,,1.1,22.3,1014.6,22.2,15.8,67.0,0.0,3.6,14.8,1015.9,60.0,"Public Viewing + Summer in the City, EM Übertragung Kulturhauspark",0,0,51.42857142857143
2024-07-09 08:00:00,,23.2,16.0,30.0,0.0,,1.1,22.3,1014.6,25.0,16.7,60.0,0.0,0.0,10.4,1015.3,60.0,"Public Viewing + Summer in the City, EM Übertragung Kulturhauspark",0,0,131.14285714285714
2024-07-09 09:00:00,,23.2,16.0,30.0,0.0,,1.1,22.3,1014.6,25.4,16.3,57.0,0.0,0.0,11.9,1015.0,60.0,"Public Viewing + Summer in the City, EM Übertragung Kulturhauspark",0,0,214.85714285714286
2024-07-09 10:00:00,,23.2,16.0,30.0,0.0,,1.1,22.3,1014.6,26.4,18.5,62.0,0.0,0.0,13.0,1014.6,60.0,"Public Viewing + Summer in the City, EM Übertragung Kulturhauspark",0,0,277.875
2024-07-09 11:00:00,,23.2,16.0,30.0,0.0,,1.1,22.3,1014.6,26.5,19.1,64.0,0.0,3.6,14.4,1014.0,60.0,"Public Viewing + Summer in the City, EM Übertragung Kulturhauspark",0,0,252.57142857142858
2024-07-09 12:00:00,,23.2,16.0,30.0,0.0,,1.1,22.3,1014.6,27.3,19.4,62.0,0.0,3.6,12.2,1013.5,60.0,"Public Viewing + Summer in the City, EM Übertragung Kulturhauspark",0,0,227.71428571428572
2024-07-09 13:00:00,,23.2,16.0,30.0,0.0,,1.1,22.3,1014.6,27.5,18.5,58.0,0.0,3.6,11.5,1013.0,60.0,"Public Viewing + Summer in the City, EM Übertragung Kulturhauspark",0,0,205.57142857142858
2024-07-09 14:00:00,,23.2,16.0,30.0,0.0,,1.1,22.3,1014.6,29.5,19.8,56.0,0.0,0.0,12.6,1012.4,60.0,"Public Viewing + Summer in the City, EM Übertragung Kulturhauspark",0,0,199.71428571428572
2024-07-09 15:00:00,,23.2,16.0,30.0,0.0,,1.1,22.3,1014.6,30.0,17.5,47.0,0.0,3.6,11.5,1012.2,60.0,"Public Viewing + Summer in the City, EM Übertragung Kulturhauspark",0,0,188.0
2024-07-09 16:00:00,,23.2,16.0,30.0,0.0,,1.1,22.3,1014.6,30.0,16.8,45.0,0.0,3.6,11.9,1011.5,60.0,"Public Viewing + Summer in the City, EM Übertragung Kulturhauspark",0,0,160.28571428571428
2024-07-09 17:00:00,,23.2,16.0,30.0,0.0,,1.1,22.3,1014.6,29.9,15.6,42.0,0.0,3.6,8.3,1011.4,60.0,"Public Viewing + Summer in the City, EM Übertragung Kulturhauspark",0,0,141.85714285714286
2024-07-09 18:00:00,,23.2,16.0,30.0,0.0,,1.1,22.3,1014.6,28.3,19.5,59.0,0.0,0.0,9.0,1011.0,60.0,"Public Viewing + Summer in the City, EM Übertragung Kulturhauspark",0,0,130.71428571428572
2024-07-09 19:00:00,,23.2,16.0,30.0,0.0,,1.1,22.3,1014.6,24.8,19.0,70.0,0.0,0.0,8.3,1011.5,28.0,"Public Viewing + Summer in the City, EM Übertragung Kulturhauspark",0,0,147.14285714285714
2024-07-09 20:00:00,,23.2,16.0,30.0,0.0,,1.1,22.3,1014.6,22.7,18.7,78.0,0.0,0.0,7.9,1012.6,0.0,"Public Viewing + Summer in the City, EM Übertragung Kulturhauspark",0,0,203.25
2024-07-09 21:00:00,,23.2,16.0,30.0,0.0,,1.1,22.3,1014.6,22.1,18.9,82.0,0.0,0.0,16.2,1013.5,0.0,"Public Viewing + Summer in the City, EM Übertragung Kulturhauspark",0,0,250.28571428571428
2024-07-09 22:00:00,,23.2,16.0,30.0,0.0,,1.1,22.3,1014.6,21.9,18.7,82.0,0.0,0.0,21.2,1013.9,0.0,"Public Viewing + Summer in the City, EM Übertragung Kulturhauspark",0,0,222.42857142857142
2024-07-09 23:00:00,,23.2,16.0,30.0,0.0,,1.1,22.3,1014.6,20.6,18.5,88.0,0.0,0.0,24.1,1014.3,0.0,"Public Viewing + Summer in the City, EM Übertragung Kulturhauspark",0,0,80.85714285714286
2024-07-10 00:00:00,,23.2,19.7,27.2,0.3,,2.0,26.3,1015.6,20.9,18.5,86.0,0.0,0.0,26.3,1014.3,0.0,"Public Viewing + Summer in the City, EM Übertragung Kulturhauspark",0,0,32.57142857142857
2024-07-10 01:00:00,,23.2,19.7,27.2,0.3,,2.0,26.3,1015.6,20.6,18.2,86.0,0.0,0.0,24.1,1015.0,0.0,"Public Viewing + Summer in the City, EM Übertragung Kulturhauspark",0,0,26.0
2024-07-10 02:00:00,,23.2,19.7,27.2,0.3,,2.0,26.3,1015.6,21.6,18.4,82.0,0.0,3.6,23.8,1016.0,0.0,"Public Viewing + Summer in the City, EM Übertragung Kulturhauspark",0,0,23.714285714285715
2024-07-10 03:00:00,,23.2,19.7,27.2,0.3,,2.0,26.3,1015.6,20.1,19.1,94.0,0.0,3.6,16.2,1015.5,0.0,"Public Viewing + Summer in the City, EM Übertragung Kulturhauspark",0,0,22.285714285714285
2024-07-10 04:00:00,,23.2,19.7,27.2,0.3,,2.0,26.3,1015.6,19.7,19.0,96.0,0.0,0.0,13.7,1016.3,0.0,"Public Viewing + Summer in the City, EM Übertragung Kulturhauspark",0,0,22.0
2024-07-10 05:00:00,,23.2,19.7,27.2,0.3,,2.0,26.3,1015.6,20.4,19.4,94.0,0.0,3.6,15.5,1016.4,0.0,"Public Viewing + Summer in the City, EM Übertragung Kulturhauspark",0,0,21.857142857142858
2024-07-10 06:00:00,,23.2,19.7,27.2,0.3,,2.0,26.3,1015.6,21.7,19.6,88.0,0.0,0.0,10.8,1016.2,15.0,"Public Viewing + Summer in the City, EM Übertragung Kulturhauspark",0,0,22.5
2024-07-10 07:00:00,,23.2,19.7,27.2,0.3,,2.0,26.3,1015.6,24.1,18.7,72.0,0.0,3.6,9.0,1016.1,49.0,"Public Viewing + Summer in the City, EM Übertragung Kulturhauspark",1,0,63.714285714285715
2024-07-10 08:00:00,,23.2,19.7,27.2,0.3,,2.0,26.3,1015.6,25.1,17.6,63.0,0.0,0.0,7.2,1015.7,21.0,"Public Viewing + Summer in the City, EM Übertragung Kulturhauspark",1,0,161.71428571428572
2024-07-10 09:00:00,,23.2,19.7,27.2,0.3,,2.0,26.3,1015.6,26.5,18.9,63.0,0.0,0.0,16.9,1015.3,60.0,"Public Viewing + Summer in the City, EM Übertragung Kulturhauspark",1,0,306.7142857142857
2024-07-10 10:00:00,,23.2,19.7,27.2,0.3,,2.0,26.3,1015.6,27.2,19.0,61.0,0.0,7.2,18.7,1015.6,46.0,"Public Viewing + Summer in the City, EM Übertragung Kulturhauspark",1,0,403.57142857142856
2024-07-10 11:00:00,,23.2,19.7,27.2,0.3,,2.0,26.3,1015.6,24.2,19.1,73.0,0.0,3.6,25.9,1017.1,21.0,"Public Viewing + Summer in the City, EM Übertragung Kulturhauspark",1,0,368.0
2024-07-10 12:00:00,,23.2,19.7,27.2,0.3,,2.0,26.3,1015.6,24.5,19.1,72.0,0.0,3.6,24.8,1016.6,8.0,"Public Viewing + Summer in the City, EM Übertragung Kulturhauspark",1,0,278.7142857142857
2024-07-10 13:00:00,,23.2,19.7,27.2,0.3,,2.0,26.3,1015.6,24.7,18.4,68.0,0.1,3.6,19.1,1016.1,23.0,"Public Viewing + Summer in the City, EM Übertragung Kulturhauspark",0,0,231.71428571428572
2024-07-10 14:00:00,,23.2,19.7,27.2,0.3,,2.0,26.3,1015.6,25.3,18.5,66.0,0.2,3.6,19.1,1015.7,58.0,"Public Viewing + Summer in the City, EM Übertragung Kulturhauspark",0,0,259.2857142857143
2024-07-10 15:00:00,,23.2,19.7,27.2,0.3,,2.0,26.3,1015.6,25.3,17.5,62.0,0.0,3.6,16.6,1015.3,59.0,"Public Viewing + Summer in the City, EM Übertragung Kulturhauspark",0,0,283.0
2024-07-10 16:00:00,,23.2,19.7,27.2,0.3,,2.0,26.3,1015.6,25.2,19.1,69.0,0.0,3.6,9.4,1014.9,8.0,"Public Viewing + Summer in the City, EM Übertragung Kulturhauspark",0,0,284.0
2024-07-10 17:00:00,,23.2,19.7,27.2,0.3,,2.0,26.3,1015.6,24.8,19.4,72.0,0.0,0.0,9.0,1014.8,0.0,"Public Viewing + Summer in the City, EM Übertragung Kulturhauspark",0,0,284.0
2024-07-10 18:00:00,,23.2,19.7,27.2,0.3,,2.0,26.3,1015.6,24.4,19.7,75.0,0.0,0.0,9.4,1015.1,29.0,"Public Viewing + Summer in the City, EM Übertragung Kulturhauspark",0,0,284.0
2024-07-10 19:00:00,,23.2,19.7,27.2,0.3,,2.0,26.3,1015.6,23.3,19.2,78.0,0.0,0.0,7.9,1015.8,8.0,"Public Viewing + Summer in the City, EM Übertragung Kulturhauspark",0,0,284.0
2024-07-10 20:00:00,,23.2,19.7,27.2,0.3,,2.0,26.3,1015.6,22.7,20.0,85.0,0.0,0.0,15.1,1016.4,0.0,"Public Viewing + Summer in the City, EM Übertragung Kulturhauspark",0,0,284.0
2024-07-10 21:00:00,,23.2,19.7,27.2,0.3,,2.0,26.3,1015.6,22.1,18.9,82.0,0.0,3.6,21.2,1016.9,0.0,"Public Viewing + Summer in the City, EM Übertragung Kulturhauspark",0,0,284.0
2024-07-10 22:00:00,,23.2,19.7,27.2,0.3,,2.0,26.3,1015.6,21.0,18.6,86.0,0.0,3.6,26.6,1017.1,0.0,"Public Viewing + Summer in the City, EM Übertragung Kulturhauspark",0,0,284.0
2024-07-10 23:00:00,,23.2,19.7,27.2,0.3,,2.0,26.3,1015.6,19.8,18.3,91.0,0.0,0.0,25.9,1017.3,0.0,"Public Viewing + Summer in the City, EM Übertragung Kulturhauspark",0,0,284.0
2024-07-11 00:00:00,,22.7,18.6,27.9,3.6,,2.4,34.9,1016.1,19.7,17.8,89.0,0.0,0.0,22.0,1017.6,0.0,Public Viewing + Summer in the City,0,0,284.0
2024-07-11 01:00:00,,22.7,18.6,27.9,3.6,,2.4,34.9,1016.1,19.4,18.1,92.0,0.9,0.0,21.2,1017.7,0.0,Public Viewing + Summer in the City,0,0,284.0
2024-07-11 02:00:00,,22.7,18.6,27.9,3.6,,2.4,34.9,1016.1,19.0,18.2,95.0,0.3,0.0,13.3,1017.8,0.0,Public Viewing + Summer in the City,0,0,284.0
2024-07-11 03:00:00,,22.7,18.6,27.9,3.6,,2.4,34.9,1016.1,18.6,18.1,97.0,0.0,3.6,19.8,1017.2,0.0,Public Viewing + Summer in the City,0,0,284.0
2024-07-11 04:00:00,,22.7,18.6,27.9,3.6,,2.4,34.9,1016.1,19.3,18.1,93.0,0.0,0.0,15.8,1017.8,0.0,Public Viewing + Summer in the City,0,0,284.0
2024-07-11 05:00:00,,22.7,18.6,27.9,3.6,,2.4,34.9,1016.1,18.9,18.1,95.0,0.5,3.6,19.1,1018.3,0.0,Public Viewing + Summer in the City,0,0,284.0
2024-07-11 06:00:00,,22.7,18.6,27.9,3.6,,2.4,34.9,1016.1,19.4,18.6,95.0,0.0,3.6,12.6,1017.5,0.0,Public Viewing + Summer in the City,0,0,284.0
2024-07-11 07:00:00,,22.7,18.6,27.9,3.6,,2.4,34.9,1016.1,21.9,18.5,81.0,0.0,0.0,11.5,1017.2,4.0,Public Viewing + Summer in the City,0,0,284.0
2024-07-11 08:00:00,,22.7,18.6,27.9,3.6,,2.4,34.9,1016.1,21.7,18.3,81.0,0.2,0.0,11.2,1017.2,0.0,Public Viewing + Summer in the City,0,0,284.0
2024-07-11 09:00:00,,22.7,18.6,27.9,3.6,,2.4,34.9,1016.1,22.5,18.9,80.0,0.2,3.6,8.3,1017.2,0.0,Public Viewing + Summer in the City,0,0,284.0
2024-07-11 10:00:00,,22.7,18.6,27.9,3.6,,2.4,34.9,1016.1,23.8,19.1,75.0,0.0,3.6,13.3,1016.6,31.0,Public Viewing + Summer in the City,0,0,284.0
2024-07-11 11:00:00,,22.7,18.6,27.9,3.6,,2.4,34.9,1016.1,24.9,18.6,68.0,0.4,3.6,14.0,1016.2,52.0,Public Viewing + Summer in the City,0,0,284.0
2024-07-11 12:00:00,,22.7,18.6,27.9,3.6,,2.4,34.9,1016.1,24.8,18.3,67.0,0.0,3.6,11.5,1016.0,39.0,Public Viewing + Summer in the City,0,0,284.0
2024-07-11 13:00:00,,22.7,18.6,27.9,3.6,,2.4,34.9,1016.1,26.4,18.0,60.0,0.0,3.6,9.7,1015.2,44.0,Public Viewing + Summer in the City,0,0,284.0
2024-07-11 14:00:00,,22.7,18.6,27.9,3.6,,2.4,34.9,1016.1,27.0,18.0,58.0,0.0,3.6,11.5,1014.5,60.0,Public Viewing + Summer in the City,0,0,228.71428571428572
2024-07-11 15:00:00,,22.7,18.6,27.9,3.6,,2.4,34.9,1016.1,27.5,16.5,51.0,0.0,3.6,12.2,1014.2,59.0,Public Viewing + Summer in the City,0,0,104.57142857142857
2024-07-11 16:00:00,,22.7,18.6,27.9,3.6,,2.4,34.9,1016.1,27.9,15.6,47.0,0.0,3.6,11.5,1013.4,60.0,Public Viewing + Summer in the City,0,0,110.0
2024-07-11 17:00:00,,22.7,18.6,27.9,3.6,,2.4,34.9,1016.1,26.2,18.1,61.0,0.0,3.6,11.9,1013.1,41.0,Public Viewing + Summer in the City,0,0,59.125
2024-07-11 18:00:00,,22.7,18.6,27.9,3.6,,2.4,34.9,1016.1,25.7,19.8,70.0,0.2,0.0,8.3,1013.5,25.0,Public Viewing + Summer in the City,0,0,29.0
2024-07-11 19:00:00,,22.7,18.6,27.9,3.6,,2.4,34.9,1016.1,25.2,17.9,64.0,0.5,3.6,13.7,1014.2,16.0,Public Viewing + Summer in the City,0,0,72.71428571428571
2024-07-11 20:00:00,,22.7,18.6,27.9,3.6,,2.4,34.9,1016.1,23.4,18.1,72.0,0.4,3.6,23.8,1014.6,0.0,Public Viewing + Summer in the City,0,0,89.0
2024-07-11 21:00:00,,22.7,18.6,27.9,3.6,,2.4,34.9,1016.1,21.5,18.7,84.0,0.0,3.6,34.9,1014.8,0.0,Public Viewing + Summer in the City,0,0,69.85714285714286
2024-07-11 22:00:00,,22.7,18.6,27.9,3.6,,2.4,34.9,1016.1,20.8,17.4,81.0,0.0,3.6,32.8,1014.1,0.0,Public Viewing + Summer in the City,0,0,42.75
2024-07-12 07:00:00,,20.3,16.4,25.2,32.4,,2.6,69.1,1011.7,18.8,17.1,90.0,0.6,3.6,44.3,1012.2,0.0,Public Viewing + Summer in the City,0,0,58.833333333333336
2024-07-12 08:00:00,,20.3,16.4,25.2,32.4,,2.6,69.1,1011.7,20.1,16.9,82.0,5.3,0.0,25.6,1011.2,0.0,Public Viewing + Summer in the City,0,0,130.125
2024-07-12 09:00:00,,20.3,16.4,25.2,32.4,,2.6,69.1,1011.7,21.0,17.4,80.0,0.0,3.6,18.4,1010.5,0.0,Public Viewing + Summer in the City,0,0,217.28571428571428
2024-07-12 10:00:00,,20.3,16.4,25.2,32.4,,2.6,69.1,1011.7,21.1,18.5,85.0,0.0,0.0,16.6,1010.5,0.0,Public Viewing + Summer in the City,0,0,276.3333333333333
2024-07-12 11:00:00,,20.3,16.4,25.2,32.4,,2.6,69.1,1011.7,22.5,17.2,72.0,0.0,3.6,11.2,1010.4,1.0,Public Viewing + Summer in the City,0,0,287.7142857142857
2024-07-12 12:00:00,,20.3,16.4,25.2,32.4,,2.6,69.1,1011.7,24.4,18.8,71.0,0.0,3.6,15.1,1010.5,11.0,Public Viewing + Summer in the City,0,0,247.71428571428572
2024-07-12 13:00:00,,20.3,16.4,25.2,32.4,,2.6,69.1,1011.7,25.1,17.6,63.0,2.4,0.0,13.7,1009.6,8.0,Public Viewing + Summer in the City,0,0,254.28571428571428
2024-07-12 14:00:00,,20.3,16.4,25.2,32.4,,2.6,69.1,1011.7,24.8,16.2,59.0,0.8,3.6,11.2,1008.7,9.0,Public Viewing + Summer in the City,0,0,296.2857142857143
2024-07-12 15:00:00,,20.3,16.4,25.2,32.4,,2.6,69.1,1011.7,25.2,17.7,63.0,1.3,3.6,11.9,1008.1,39.0,Public Viewing + Summer in the City,0,0,303.625
2024-07-12 16:00:00,,20.3,16.4,25.2,32.4,,2.6,69.1,1011.7,24.5,18.0,67.0,1.0,0.0,10.4,1007.6,4.0,Public Viewing + Summer in the City,0,0,287.57142857142856
2024-07-12 17:00:00,,20.3,16.4,25.2,32.4,,2.6,69.1,1011.7,16.7,16.1,96.0,9.0,3.6,69.1,1012.1,0.0,Public Viewing + Summer in the City,0,0,217.0
2024-07-12 18:00:00,,20.3,16.4,25.2,32.4,,2.6,69.1,1011.7,17.7,16.9,95.0,3.5,7.2,33.8,1012.3,0.0,Public Viewing + Summer in the City,0,0,179.14285714285714
2024-07-12 19:00:00,,20.3,16.4,25.2,32.4,,2.6,69.1,1011.7,17.5,16.2,92.0,3.0,3.6,31.7,1012.5,0.0,Public Viewing + Summer in the City,0,0,185.57142857142858
2024-07-12 20:00:00,,20.3,16.4,25.2,32.4,,2.6,69.1,1011.7,17.3,14.8,85.0,2.0,7.2,23.4,1014.3,0.0,Public Viewing + Summer in the City,0,0,215.5
2024-07-12 21:00:00,,20.3,16.4,25.2,32.4,,2.6,69.1,1011.7,16.4,15.3,93.0,3.3,3.6,25.2,1014.7,0.0,Public Viewing + Summer in the City,0,0,201.71428571428572
2024-07-12 22:00:00,,20.3,16.4,25.2,32.4,,2.6,69.1,1011.7,16.1,15.3,95.0,5.0,0.0,22.0,1014.0,0.0,Public Viewing + Summer in the City,0,0,157.71428571428572
2024-07-12 23:00:00,,20.3,16.4,25.2,32.4,,2.6,69.1,1011.7,15.9,15.4,97.0,1.0,3.6,29.2,1013.8,0.0,Public Viewing + Summer in the City,0,0,119.28571428571429
2024-07-13 00:00:00,,17.0,15.0,19.6,10.6,,3.7,29.2,1014.1,16.9,15.8,93.0,0.2,12.6,25.6,1014.0,0.0,Public Viewing + Summer in the City,0,0,84.28571428571429
2024-07-13 01:00:00,,17.0,15.0,19.6,10.6,,3.7,29.2,1014.1,16.4,15.9,97.0,1.0,12.6,16.2,1014.2,0.0,Public Viewing + Summer in the City,0,0,62.25
2024-07-13 02:00:00,,17.0,15.0,19.6,10.6,,3.7,29.2,1014.1,15.9,15.3,96.0,0.6,0.0,11.9,1013.4,0.0,Public Viewing + Summer in the City,0,0,48.142857142857146
2024-07-13 03:00:00,,17.0,15.0,19.6,10.6,,3.7,29.2,1014.1,16.4,15.3,93.0,0.4,10.1,12.2,1014.3,0.0,Public Viewing + Summer in the City,0,0,37.857142857142854
2024-07-13 04:00:00,,17.0,15.0,19.6,10.6,,3.7,29.2,1014.1,16.0,15.4,96.0,0.3,0.0,18.7,1013.6,0.0,Public Viewing + Summer in the City,0,0,30.857142857142858
2024-07-13 05:00:00,,17.0,15.0,19.6,10.6,,3.7,29.2,1014.1,15.8,14.8,94.0,0.6,7.2,12.6,1014.6,0.0,Public Viewing + Summer in the City,0,0,29.285714285714285
2024-07-13 06:00:00,,17.0,15.0,19.6,10.6,,3.7,29.2,1014.1,16.0,14.5,91.0,0.3,3.6,22.0,1014.0,0.0,Public Viewing + Summer in the City,0,0,31.125
2024-07-13 07:00:00,,17.0,15.0,19.6,10.6,,3.7,29.2,1014.1,15.9,14.8,93.0,0.3,7.9,22.3,1014.9,0.0,Public Viewing + Summer in the City,1,0,44.285714285714285
2024-07-13 08:00:00,,17.0,15.0,19.6,10.6,,3.7,29.2,1014.1,15.3,13.8,91.0,0.2,3.6,11.9,1014.7,0.0,Public Viewing + Summer in the City,1,0,107.42857142857143
2024-07-13 09:00:00,,17.0,15.0,19.6,10.6,,3.7,29.2,1014.1,15.0,14.0,94.0,0.3,3.6,10.1,1014.9,0.0,Public Viewing + Summer in the City,1,0,267.14285714285717
2024-07-13 10:00:00,,17.0,15.0,19.6,10.6,,3.7,29.2,1014.1,15.8,14.3,91.0,0.2,0.0,10.4,1014.8,0.0,Public Viewing + Summer in the City,1,0,387.7142857142857
2024-07-13 11:00:00,,17.0,15.0,19.6,10.6,,3.7,29.2,1014.1,16.7,14.3,86.0,0.2,0.0,6.5,1014.6,0.0,Public Viewing + Summer in the City,1,0,399.75
2024-07-13 12:00:00,,17.0,15.0,19.6,10.6,,3.7,29.2,1014.1,17.9,13.6,76.0,0.0,0.0,7.9,1014.2,0.0,Public Viewing + Summer in the City,1,0,386.14285714285717
2024-07-13 13:00:00,,17.0,15.0,19.6,10.6,,3.7,29.2,1014.1,18.1,13.6,75.0,0.0,3.6,8.6,1013.9,0.0,Public Viewing + Summer in the City,0,0,355.85714285714283
2024-07-13 14:00:00,,17.0,15.0,19.6,10.6,,3.7,29.2,1014.1,19.0,13.8,72.0,0.0,0.0,8.6,1013.5,0.0,Public Viewing + Summer in the City,0,0,310.14285714285717
2024-07-13 15:00:00,,17.0,15.0,19.6,10.6,,3.7,29.2,1014.1,18.9,13.3,70.0,0.0,0.0,9.4,1013.5,0.0,Public Viewing + Summer in the City,0,0,269.7142857142857
2024-07-13 16:00:00,,17.0,15.0,19.6,10.6,,3.7,29.2,1014.1,19.6,12.8,65.0,0.0,6.5,9.0,1014.0,0.0,Public Viewing + Summer in the City,0,0,189.5
2024-07-13 17:00:00,,17.0,15.0,19.6,10.6,,3.7,29.2,1014.1,19.6,13.1,66.0,0.0,6.1,7.6,1014.0,0.0,Public Viewing + Summer in the City,0,0,119.0
2024-07-13 18:00:00,,17.0,15.0,19.6,10.6,,3.7,29.2,1014.1,18.9,14.6,76.0,0.0,0.0,5.8,1013.5,0.0,Public Viewing + Summer in the City,0,0,131.0
2024-07-13 19:00:00,,17.0,15.0,19.6,10.6,,3.7,29.2,1014.1,18.1,14.8,81.0,0.0,0.0,18.7,1013.5,0.0,Public Viewing + Summer in the City,0,0,184.42857142857142
2024-07-13 20:00:00,,17.0,15.0,19.6,10.6,,3.7,29.2,1014.1,17.5,13.4,77.0,0.0,3.6,24.1,1013.8,0.0,Public Viewing + Summer in the City,0,0,235.85714285714286
2024-07-13 21:00:00,,17.0,15.0,19.6,10.6,,3.7,29.2,1014.1,16.6,14.2,86.0,0.0,4.3,19.8,1014.8,0.0,Public Viewing + Summer in the City,0,0,252.42857142857142
2024-07-13 22:00:00,,17.0,15.0,19.6,10.6,,3.7,29.2,1014.1,16.2,14.0,87.0,0.0,4.3,21.2,1015.0,0.0,Public Viewing + Summer in the City,0,0,228.0
2024-07-13 23:00:00,,17.0,15.0,19.6,10.6,,3.7,29.2,1014.1,13.3,12.0,92.0,0.0,0.0,18.4,1014.6,0.0,Public Viewing + Summer in the City,0,0,168.0
2024-07-14 00:00:00,,19.0,12.2,25.5,0.0,,3.3,21.2,1014.3,13.3,12.4,94.0,0.0,0.0,9.7,1014.5,0.0,"Public Viewing + Summer in the City, EM Übertragung Kulturhauspark",0,0,111.14285714285714
2024-07-14 01:00:00,,19.0,12.2,25.5,0.0,,3.3,21.2,1014.3,12.5,12.0,97.0,0.0,0.0,7.9,1014.5,0.0,"Public Viewing + Summer in the City, EM Übertragung Kulturhauspark",0,0,86.71428571428571
2024-07-14 02:00:00,,19.0,12.2,25.5,0.0,,3.3,21.2,1014.3,12.2,11.7,97.0,0.0,0.0,10.4,1014.4,0.0,"Public Viewing + Summer in the City, EM Übertragung Kulturhauspark",0,0,49.875
2024-07-14 03:00:00,,19.0,12.2,25.5,0.0,,3.3,21.2,1014.3,13.7,11.9,89.0,0.0,4.7,8.3,1014.8,0.0,"Public Viewing + Summer in the City, EM Übertragung Kulturhauspark",0,0,35.857142857142854
2024-07-14 04:00:00,,19.0,12.2,25.5,0.0,,3.3,21.2,1014.3,13.7,11.7,88.0,0.0,6.5,10.8,1015.1,0.0,"Public Viewing + Summer in the City, EM Übertragung Kulturhauspark",0,0,32.142857142857146
2024-07-14 05:00:00,,19.0,12.2,25.5,0.0,,3.3,21.2,1014.3,15.1,13.0,87.0,0.0,7.6,12.2,1015.4,0.0,"Public Viewing + Summer in the City, EM Übertragung Kulturhauspark",0,0,31.0
2024-07-14 06:00:00,,19.0,12.2,25.5,0.0,,3.3,21.2,1014.3,16.0,12.7,81.0,0.0,0.0,5.8,1015.0,15.0,"Public Viewing + Summer in the City, EM Übertragung Kulturhauspark",0,0,31.0
2024-07-14 07:00:00,,19.0,12.2,25.5,0.0,,3.3,21.2,1014.3,18.7,14.4,76.0,0.0,3.2,7.6,1015.2,51.0,"Public Viewing + Summer in the City, EM Übertragung Kulturhauspark",0,0,31.571428571428573
2024-07-14 08:00:00,,19.0,12.2,25.5,0.0,,3.3,21.2,1014.3,20.3,15.1,72.0,0.0,4.0,10.4,1014.7,60.0,"Public Viewing + Summer in the City, EM Übertragung Kulturhauspark",0,0,35.0
2024-07-14 09:00:00,,19.0,12.2,25.5,0.0,,3.3,21.2,1014.3,20.6,13.3,63.0,0.0,3.6,13.3,1013.8,60.0,"Public Viewing + Summer in the City, EM Übertragung Kulturhauspark",0,0,37.57142857142857
2024-07-14 10:00:00,,19.0,12.2,25.5,0.0,,3.3,21.2,1014.3,22.0,14.6,63.0,0.0,0.0,11.9,1013.7,59.0,"Public Viewing + Summer in the City, EM Übertragung Kulturhauspark",0,0,40.42857142857143
2024-07-14 11:00:00,,19.0,12.2,25.5,0.0,,3.3,21.2,1014.3,22.3,14.4,61.0,0.0,3.6,12.6,1013.2,60.0,"Public Viewing + Summer in the City, EM Übertragung Kulturhauspark",0,0,40.857142857142854
2024-07-14 12:00:00,,19.0,12.2,25.5,0.0,,3.3,21.2,1014.3,23.6,15.4,60.0,0.0,7.2,11.9,1014.5,59.0,"Public Viewing + Summer in the City, EM Übertragung Kulturhauspark",0,0,50.714285714285715
2024-07-14 13:00:00,,19.0,12.2,25.5,0.0,,3.3,21.2,1014.3,25.5,11.6,42.0,0.0,3.6,18.0,1012.2,59.0,"Public Viewing + Summer in the City, EM Übertragung Kulturhauspark",0,0,52.625
2024-07-14 14:00:00,,19.0,12.2,25.5,0.0,,3.3,21.2,1014.3,25.0,14.2,51.0,0.0,3.6,17.6,1012.1,44.0,"Public Viewing + Summer in the City, EM Übertragung Kulturhauspark",0,0,43.857142857142854
2024-07-14 15:00:00,,19.0,12.2,25.5,0.0,,3.3,21.2,1014.3,24.0,14.1,54.0,0.0,7.2,13.0,1014.2,14.0,"Public Viewing + Summer in the City, EM Übertragung Kulturhauspark",0,0,40.714285714285715
2024-07-14 16:00:00,,19.0,12.2,25.5,0.0,,3.3,21.2,1014.3,24.4,15.6,58.0,0.0,0.0,9.4,1012.3,2.0,"Public Viewing + Summer in the City, EM Übertragung Kulturhauspark",0,0,40.285714285714285
2024-07-14 17:00:00,,19.0,12.2,25.5,0.0,,3.3,21.2,1014.3,24.0,15.5,59.0,0.0,0.0,8.6,1012.7,1.0,"Public Viewing + Summer in the City, EM Übertragung Kulturhauspark",0,0,52.57142857142857
2024-07-14 18:00:00,,19.0,12.2,25.5,0.0,,3.3,21.2,1014.3,21.2,17.0,77.0,0.0,3.2,9.0,1015.1,1.0,"Public Viewing + Summer in the City, EM Übertragung Kulturhauspark",0,0,82.75
2024-07-14 19:00:00,,19.0,12.2,25.5,0.0,,3.3,21.2,1014.3,20.1,15.7,76.0,0.0,4.7,10.4,1015.2,0.0,"Public Viewing + Summer in the City, EM Übertragung Kulturhauspark",0,0,143.14285714285714
2024-07-14 20:00:00,,19.0,12.2,25.5,0.0,,3.3,21.2,1014.3,19.4,15.3,77.0,0.0,5.0,19.8,1015.3,0.0,"Public Viewing + Summer in the City, EM Übertragung Kulturhauspark",0,0,266.85714285714283
2024-07-14 21:00:00,,19.0,12.2,25.5,0.0,,3.3,21.2,1014.3,19.8,14.8,73.0,0.0,6.1,19.4,1014.7,0.0,"Public Viewing + Summer in the City, EM Übertragung Kulturhauspark",0,0,344.42857142857144
2024-07-14 22:00:00,,19.0,12.2,25.5,0.0,,3.3,21.2,1014.3,19.4,14.6,74.0,0.0,6.8,13.7,1014.6,0.0,"Public Viewing + Summer in the City, EM Übertragung Kulturhauspark",0,0,309.14285714285717
2024-07-14 23:00:00,,19.0,12.2,25.5,0.0,,3.3,21.2,1014.3,17.8,14.9,83.0,0.0,0.0,16.9,1013.8,0.0,"Public Viewing + Summer in the City, EM Übertragung Kulturhauspark",0,0,114.5
2024-07-15 00:00:00,,22.3,15.2,28.1,1.4,,2.3,37.8,1011.2,17.2,13.9,81.0,0.0,7.6,14.4,1014.3,0.0,,0,0,30.571428571428573
2024-07-15 01:00:00,,22.3,15.2,28.1,1.4,,2.3,37.8,1011.2,16.4,13.5,83.0,0.0,0.0,28.8,1014.0,0.0,,0,0,20.428571428571427
2024-07-15 02:00:00,,22.3,15.2,28.1,1.4,,2.3,37.8,1011.2,16.7,13.4,81.0,0.0,0.0,12.2,1013.9,0.0,,0,0,19.0
2024-07-15 03:00:00,,22.3,15.2,28.1,1.4,,2.3,37.8,1011.2,15.7,14.1,90.0,0.0,0.0,13.0,1014.0,0.0,,0,0,19.0
2024-07-15 04:00:00,,22.3,15.2,28.1,1.4,,2.3,37.8,1011.2,15.2,13.6,90.0,0.0,0.0,8.3,1014.2,0.0,,0,0,19.0
2024-07-15 05:00:00,,22.3,15.2,28.1,1.4,,2.3,37.8,1011.2,16.4,14.2,87.0,0.0,0.0,10.8,1013.9,0.0,,0,0,19.571428571428573
2024-07-15 06:00:00,,22.3,15.2,28.1,1.4,,2.3,37.8,1011.2,20.0,14.4,70.0,0.0,0.0,7.2,1013.4,43.0,,0,0,24.285714285714285
2024-07-15 07:00:00,,22.3,15.2,28.1,1.4,,2.3,37.8,1011.2,21.8,14.4,63.0,0.0,3.6,10.8,1012.8,37.0,,0,0,55.57142857142857
2024-07-15 08:00:00,,22.3,15.2,28.1,1.4,,2.3,37.8,1011.2,24.1,15.3,58.0,0.0,0.0,10.4,1012.0,43.0,,0,0,122.57142857142857
2024-07-15 09:00:00,,22.3,15.2,28.1,1.4,,2.3,37.8,1011.2,24.9,15.0,54.0,0.0,0.0,13.3,1011.1,45.0,,0,0,182.125
2024-07-15 10:00:00,,22.3,15.2,28.1,1.4,,2.3,37.8,1011.2,27.2,17.9,57.0,0.0,0.0,11.2,1010.4,47.0,,0,0,216.57142857142858
2024-07-15 11:00:00,,22.3,15.2,28.1,1.4,,2.3,37.8,1011.2,25.3,18.0,64.0,0.0,3.6,13.3,1010.3,5.0,,0,0,227.14285714285714
2024-07-15 12:00:00,,22.3,15.2,28.1,1.4,,2.3,37.8,1011.2,26.6,17.9,59.0,0.0,3.6,12.2,1009.6,35.0,,0,0,206.0
2024-07-15 13:00:00,,22.3,15.2,28.1,1.4,,2.3,37.8,1011.2,26.2,17.8,60.0,0.0,7.2,16.9,1009.6,37.0,,0,0,192.42857142857142
2024-07-15 14:00:00,,22.3,15.2,28.1,1.4,,2.3,37.8,1011.2,26.3,18.2,61.0,0.0,3.6,12.6,1009.4,7.0,,0,0,206.375
2024-07-15 15:00:00,,22.3,15.2,28.1,1.4,,2.3,37.8,1011.2,27.2,19.5,63.0,0.0,0.0,9.4,1008.4,14.0,,0,0,208.85714285714286
2024-07-15 16:00:00,,22.3,15.2,28.1,1.4,,2.3,37.8,1011.2,28.1,18.8,57.0,0.0,0.0,9.4,1007.2,60.0,,0,0,163.42857142857142
2024-07-15 17:00:00,,22.3,15.2,28.1,1.4,,2.3,37.8,1011.2,28.1,17.9,54.0,0.0,3.6,9.0,1007.0,60.0,,0,0,118.85714285714286
2024-07-15 18:00:00,,22.3,15.2,28.1,1.4,,2.3,37.8,1011.2,27.4,18.7,59.0,0.0,0.0,6.5,1006.9,52.0,,0,0,95.0
2024-07-15 19:00:00,,22.3,15.2,28.1,1.4,,2.3,37.8,1011.2,24.2,19.1,73.0,0.0,0.0,12.6,1007.8,7.0,,0,0,91.75
2024-07-15 20:00:00,,22.3,15.2,28.1,1.4,,2.3,37.8,1011.2,22.4,19.9,86.0,0.0,0.0,14.4,1008.5,0.0,,0,0,72.71428571428571
2024-07-15 21:00:00,,22.3,15.2,28.1,1.4,,2.3,37.8,1011.2,20.9,17.5,81.0,1.4,14.4,37.8,1012.7,0.0,,0,0,50.142857142857146
2024-07-15 22:00:00,,22.3,15.2,28.1,1.4,,2.3,37.8,1011.2,19.9,18.4,91.0,2.0,3.6,24.5,1014.4,0.0,,0,0,30.142857142857142
2024-07-15 23:00:00,,22.3,15.2,28.1,1.4,,2.3,37.8,1011.2,20.0,17.6,86.0,5.0,3.6,24.1,1013.5,0.0,,0,0,21.571428571428573
2024-07-16 00:00:00,,21.1,18.6,24.8,35.3,,2.3,39.6,1014.9,19.4,18.1,92.0,0.7,3.6,39.6,1013.5,0.0,,0,0,18.25
2024-07-16 01:00:00,,21.1,18.6,24.8,35.3,,2.3,39.6,1014.9,19.1,17.6,91.0,0.4,3.6,32.4,1013.9,0.0,,0,0,18.0
2024-07-16 02:00:00,,21.1,18.6,24.8,35.3,,2.3,39.6,1014.9,18.8,17.8,94.0,6.0,3.6,31.7,1014.1,0.0,,0,0,18.0
2024-07-16 03:00:00,,21.1,18.6,24.8,35.3,,2.3,39.6,1014.9,18.7,17.9,95.0,2.7,3.6,29.9,1014.0,0.0,,0,0,18.0
2024-07-16 04:00:00,,21.1,18.6,24.8,35.3,,2.3,39.6,1014.9,18.6,17.9,96.0,2.8,0.0,29.5,1014.6,0.0,,0,0,18.0
2024-07-16 05:00:00,,21.1,18.6,24.8,35.3,,2.3,39.6,1014.9,18.6,17.9,96.0,4.0,0.0,16.6,1015.2,0.0,,0,0,18.0
2024-07-16 06:00:00,,21.1,18.6,24.8,35.3,,2.3,39.6,1014.9,18.7,17.9,95.0,0.0,0.0,14.4,1015.9,0.0,,0,0,21.428571428571427
2024-07-16 07:00:00,,21.1,18.6,24.8,35.3,,2.3,39.6,1014.9,19.3,17.8,91.0,3.0,0.0,20.5,1015.7,2.0,,0,0,58.57142857142857
2024-07-16 08:00:00,,21.1,18.6,24.8,35.3,,2.3,39.6,1014.9,19.9,17.9,88.0,0.0,3.6,7.2,1015.5,16.0,,0,0,132.28571428571428
2024-07-16 09:00:00,,21.1,18.6,24.8,35.3,,2.3,39.6,1014.9,21.1,17.1,78.0,0.2,3.6,16.2,1014.9,47.0,,0,0,221.57142857142858
2024-07-16 10:00:00,,21.1,18.6,24.8,35.3,,2.3,39.6,1014.9,22.9,17.1,70.0,0.7,0.0,12.2,1014.5,26.0,,0,0,285.5
2024-07-16 11:00:00,,21.1,18.6,24.8,35.3,,2.3,39.6,1014.9,23.5,16.8,66.0,1.9,3.6,14.4,1014.0,34.0,,0,0,300.0
2024-07-16 12:00:00,,21.1,18.6,24.8,35.3,,2.3,39.6,1014.9,24.5,17.7,66.0,0.3,3.6,11.2,1013.8,0.0,,0,0,292.7142857142857
2024-07-16 13:00:00,,21.1,18.6,24.8,35.3,,2.3,39.6,1014.9,24.5,17.0,63.0,0.4,3.6,18.4,1014.2,3.0,,0,0,275.0
2024-07-16 14:00:00,,21.1,18.6,24.8,35.3,,2.3,39.6,1014.9,24.8,17.0,62.0,2.1,3.6,15.1,1014.2,39.0,,0,0,277.14285714285717
2024-07-16 15:00:00,,21.1,18.6,24.8,35.3,,2.3,39.6,1014.9,23.6,17.6,69.0,0.3,3.6,17.6,1014.5,5.0,,0,0,281.57142857142856
2024-07-16 16:00:00,,21.1,18.6,24.8,35.3,,2.3,39.6,1014.9,22.9,19.3,80.0,0.6,0.0,15.1,1014.8,6.0,,0,0,245.71428571428572
2024-07-16 17:00:00,,21.1,18.6,24.8,35.3,,2.3,39.6,1014.9,22.8,19.0,79.0,0.6,3.6,11.9,1014.9,8.0,,0,0,170.42857142857142
2024-07-16 18:00:00,,21.1,18.6,24.8,35.3,,2.3,39.6,1014.9,22.1,19.3,84.0,0.4,0.0,19.4,1015.7,0.0,,0,0,142.28571428571428
2024-07-16 19:00:00,,21.1,18.6,24.8,35.3,,2.3,39.6,1014.9,21.6,15.2,67.0,0.4,0.0,22.7,1016.9,0.0,,0,0,137.0
2024-07-16 20:00:00,,21.1,18.6,24.8,35.3,,2.3,39.6,1014.9,20.7,14.8,69.0,0.4,0.0,19.8,1018.0,0.0,,0,0,111.57142857142857
2024-07-16 21:00:00,,21.1,18.6,24.8,35.3,,2.3,39.6,1014.9,20.9,14.1,65.0,0.4,3.6,16.6,1018.0,0.0,,0,0,75.71428571428571
2024-07-16 22:00:00,,21.1,18.6,24.8,35.3,,2.3,39.6,1014.9,20.3,14.2,68.0,0.4,0.0,9.0,1018.5,0.0,,0,0,42.0
2024-07-16 23:00:00,,21.1,18.6,24.8,35.3,,2.3,39.6,1014.9,18.7,15.9,84.0,0.1,0.0,10.1,1018.5,0.0,,0,0,29.428571428571427
2024-07-17 00:00:00,,20.2,17.6,23.1,1.0,,0.6,20.9,1019.7,18.4,15.5,83.0,0.0,0.0,9.7,1018.7,0.0,,0,0,25.5
2024-07-17 01:00:00,,20.2,17.6,23.1,1.0,,0.6,20.9,1019.7,18.1,15.5,85.0,0.0,0.0,9.0,1018.6,0.0,,0,0,23.0
2024-07-17 02:00:00,,20.2,17.6,23.1,1.0,,0.6,20.9,1019.7,18.3,16.1,87.0,0.0,0.0,8.3,1018.4,0.0,,0,0,20.571428571428573
2024-07-17 03:00:00,,20.2,17.6,23.1,1.0,,0.6,20.9,1019.7,18.1,15.5,85.0,0.0,0.0,5.8,1018.9,0.0,,0,0,20.0
2024-07-17 04:00:00,,20.2,17.6,23.1,1.0,,0.6,20.9,1019.7,17.9,15.3,85.0,0.0,0.0,5.8,1019.2,0.0,,0,0,19.714285714285715
2024-07-17 05:00:00,,20.2,17.6,23.1,1.0,,0.6,20.9,1019.7,18.7,15.2,80.0,0.0,5.4,7.2,1020.8,0.0,,0,0,19.0
2024-07-17 06:00:00,,20.2,17.6,23.1,1.0,,0.6,20.9,1019.7,18.0,16.3,90.0,0.0,0.0,11.9,1020.3,0.0,,0,0,19.285714285714285
2024-07-17 07:00:00,,20.2,17.6,23.1,1.0,,0.6,20.9,1019.7,19.3,15.8,80.0,0.0,0.0,7.2,1020.5,0.0,,1,0,57.57142857142857
2024-07-17 08:00:00,,20.2,17.6,23.1,1.0,,0.6,20.9,1019.7,20.0,15.2,74.0,0.0,0.0,7.2,1020.2,0.0,,1,0,135.14285714285714
2024-07-17 09:00:00,,20.2,17.6,23.1,1.0,,0.6,20.9,1019.7,20.4,15.6,74.0,0.2,0.0,9.0,1020.3,0.0,,1,0,257.42857142857144
2024-07-17 10:00:00,,20.2,17.6,23.1,1.0,,0.6,20.9,1019.7,21.3,15.6,70.0,0.1,0.0,13.3,1019.9,4.0,,1,0,334.75
2024-07-17 11:00:00,,20.2,17.6,23.1,1.0,,0.6,20.9,1019.7,21.9,15.3,66.0,0.2,0.0,13.3,1020.0,0.0,,1,0,351.42857142857144
2024-07-17 12:00:00,,20.2,17.6,23.1,1.0,,0.6,20.9,1019.7,22.2,13.5,58.0,0.0,0.0,9.7,1019.8,0.0,,1,0,300.0
2024-07-17 13:00:00,,20.2,17.6,23.1,1.0,,0.6,20.9,1019.7,22.2,14.3,61.0,0.0,0.0,9.4,1019.7,0.0,,0,0,261.2857142857143
2024-07-17 14:00:00,,20.2,17.6,23.1,1.0,,0.6,20.9,1019.7,23.1,16.2,65.0,0.0,8.6,8.3,1020.9,0.0,,0,0,240.57142857142858
2024-07-17 15:00:00,,20.2,17.6,23.1,1.0,,0.6,20.9,1019.7,22.9,15.7,64.0,0.0,0.0,7.6,1019.6,0.0,,0,0,237.75
2024-07-17 16:00:00,,20.2,17.6,23.1,1.0,,0.6,20.9,1019.7,23.1,15.4,62.0,0.0,0.0,18.4,1019.3,0.0,,0,0,188.85714285714286
2024-07-17 17:00:00,,20.2,17.6,23.1,1.0,,0.6,20.9,1019.7,22.8,15.6,64.0,0.0,0.0,11.5,1019.3,0.0,,0,0,160.0
2024-07-17 18:00:00,,20.2,17.6,23.1,1.0,,0.6,20.9,1019.7,22.3,15.4,65.0,0.0,0.0,20.9,1019.4,11.0,,0,0,129.57142857142858
2024-07-17 19:00:00,,20.2,17.6,23.1,1.0,,0.6,20.9,1019.7,20.8,15.8,73.0,0.0,0.0,6.8,1019.9,13.0,,0,0,125.85714285714286
2024-07-17 20:00:00,,20.2,17.6,23.1,1.0,,0.6,20.9,1019.7,19.0,15.3,79.0,0.0,0.0,9.7,1020.6,0.0,,0,0,107.83333333333333
2024-07-17 21:00:00,,20.2,17.6,23.1,1.0,,0.6,20.9,1019.7,17.6,15.9,90.0,0.0,0.0,7.9,1020.9,0.0,,0,0,88.28571428571429
2024-07-17 22:00:00,,20.2,17.6,23.1,1.0,,0.6,20.9,1019.7,17.0,16.0,94.0,0.0,0.0,18.4,1020.8,0.0,,0,0,65.28571428571429
2024-07-17 23:00:00,,20.2,17.6,23.1,1.0,,0.6,20.9,1019.7,16.2,15.4,95.0,0.0,0.0,10.8,1020.7,0.0,,0,0,45.714285714285715
2024-07-18 00:00:00,,21.0,14.4,27.8,0.1,,1.9,18.4,1019.4,16.0,15.4,96.0,0.0,0.0,8.3,1020.6,0.0,,0,0,33.0
2024-07-18 01:00:00,,21.0,14.4,27.8,0.1,,1.9,18.4,1019.4,15.4,14.1,92.0,0.0,5.0,6.8,1020.8,0.0,,0,0,28.375
2024-07-18 02:00:00,,21.0,14.4,27.8,0.1,,1.9,18.4,1019.4,15.1,14.8,98.0,0.0,0.0,6.1,1020.1,0.0,,0,0,24.571428571428573
2024-07-18 03:00:00,,21.0,14.4,27.8,0.1,,1.9,18.4,1019.4,14.5,14.2,98.0,0.0,0.0,5.4,1020.0,0.0,,0,0,24.0
2024-07-18 04:00:00,,21.0,14.4,27.8,0.1,,1.9,18.4,1019.4,14.4,14.2,99.0,0.0,0.0,4.7,1020.1,0.0,,0,0,23.571428571428573
2024-07-18 05:00:00,,21.0,14.4,27.8,0.1,,1.9,18.4,1019.4,15.1,14.8,98.0,0.1,0.0,5.4,1020.1,0.0,,0,0,23.0
2024-07-18 06:00:00,,21.0,14.4,27.8,0.1,,1.9,18.4,1019.4,18.8,15.1,79.0,0.0,0.0,3.6,1019.5,49.0,,0,0,25.142857142857142
2024-07-18 07:00:00,,21.0,14.4,27.8,0.1,,1.9,18.4,1019.4,19.5,15.6,78.0,0.0,0.0,11.5,1019.8,60.0,,0,0,65.125
2024-07-18 08:00:00,,21.0,14.4,27.8,0.1,,1.9,18.4,1019.4,21.2,16.0,72.0,0.0,0.0,11.2,1019.7,60.0,,0,0,146.28571428571428
2024-07-18 09:00:00,,21.0,14.4,27.8,0.1,,1.9,18.4,1019.4,21.2,15.7,71.0,0.0,3.6,13.0,1019.6,60.0,,0,0,214.14285714285714
2024-07-18 10:00:00,,21.0,14.4,27.8,0.1,,1.9,18.4,1019.4,23.6,18.5,73.0,0.0,6.8,15.1,1020.7,60.0,,0,0,245.0
2024-07-18 11:00:00,,21.0,14.4,27.8,0.1,,1.9,18.4,1019.4,24.4,17.4,65.0,0.0,3.6,13.3,1018.5,60.0,,0,0,244.85714285714286
2024-07-18 12:00:00,,21.0,14.4,27.8,0.1,,1.9,18.4,1019.4,25.2,16.9,60.0,0.0,3.6,14.4,1018.1,60.0,,0,0,224.625
2024-07-18 13:00:00,,21.0,14.4,27.8,0.1,,1.9,18.4,1019.4,26.6,18.2,60.0,0.0,3.6,15.1,1017.8,60.0,,0,0,210.0
2024-07-18 14:00:00,,21.0,14.4,27.8,0.1,,1.9,18.4,1019.4,27.2,18.2,58.0,0.0,0.0,16.9,1017.7,60.0,,0,0,214.28571428571428
2024-07-18 15:00:00,,21.0,14.4,27.8,0.1,,1.9,18.4,1019.4,26.0,19.6,68.0,0.0,8.3,14.8,1020.1,60.0,,0,0,204.0
2024-07-18 16:00:00,,21.0,14.4,27.8,0.1,,1.9,18.4,1019.4,25.8,19.4,68.0,0.0,6.1,12.6,1020.2,59.0,,0,0,176.75
2024-07-18 17:00:00,,21.0,14.4,27.8,0.1,,1.9,18.4,1019.4,27.8,17.9,55.0,0.0,0.0,11.5,1016.9,60.0,,0,0,162.57142857142858
2024-07-18 18:00:00,,21.0,14.4,27.8,0.1,,1.9,18.4,1019.4,26.4,18.8,63.0,0.0,0.0,8.3,1017.1,59.0,,0,0,142.0
2024-07-18 19:00:00,,21.0,14.4,27.8,0.1,,1.9,18.4,1019.4,23.6,18.9,75.0,0.0,0.0,6.5,1017.8,37.0,,0,0,129.14285714285714
2024-07-18 20:00:00,,21.0,14.4,27.8,0.1,,1.9,18.4,1019.4,21.8,19.0,84.0,0.0,4.3,8.6,1020.4,0.0,,0,0,123.42857142857143
2024-07-18 21:00:00,,21.0,14.4,27.8,0.1,,1.9,18.4,1019.4,20.4,18.9,91.0,0.0,0.0,6.5,1018.8,0.0,,0,0,105.28571428571429
2024-07-18 22:00:00,,21.0,14.4,27.8,0.1,,1.9,18.4,1019.4,19.7,18.7,94.0,0.0,0.0,5.4,1018.9,0.0,,0,0,68.875
2024-07-18 23:00:00,,21.0,14.4,27.8,0.1,,1.9,18.4,1019.4,19.2,18.0,93.0,0.0,0.0,6.5,1019.0,0.0,,0,0,37.57142857142857
2024-07-19 00:00:00,,22.8,16.6,28.9,0.1,,1.1,28.8,1017.1,18.8,18.0,95.0,0.0,0.0,7.9,1019.2,0.0,,0,0,29.0
2024-07-19 01:00:00,,22.8,16.6,28.9,0.1,,1.1,28.8,1017.1,18.5,17.7,95.0,0.0,0.0,6.5,1018.9,0.0,,0,0,26.714285714285715
2024-07-19 02:00:00,,22.8,16.6,28.9,0.1,,1.1,28.8,1017.1,16.6,15.6,94.0,0.0,7.6,9.4,1019.4,0.0,,0,0,26.0
2024-07-19 03:00:00,,22.8,16.6,28.9,0.1,,1.1,28.8,1017.1,17.7,17.2,97.0,0.0,0.0,5.4,1018.8,0.0,,0,0,26.0
2024-07-19 04:00:00,,22.8,16.6,28.9,0.1,,1.1,28.8,1017.1,17.4,17.1,98.0,0.0,0.0,8.3,1019.1,0.0,,0,0,26.0
2024-07-19 05:00:00,,22.8,16.6,28.9,0.1,,1.1,28.8,1017.1,18.1,17.6,97.0,0.0,0.0,6.1,1019.2,0.0,,0,0,26.571428571428573
2024-07-19 06:00:00,,22.8,16.6,28.9,0.1,,1.1,28.8,1017.1,21.1,18.5,85.0,0.0,0.0,5.4,1018.7,48.0,,0,0,28.857142857142858
2024-07-19 07:00:00,,22.8,16.6,28.9,0.1,,1.1,28.8,1017.1,23.5,18.4,73.0,0.0,0.0,6.5,1017.9,60.0,,0,0,53.285714285714285
2024-07-19 08:00:00,,22.8,16.6,28.9,0.1,,1.1,28.8,1017.1,23.7,17.7,69.0,0.0,0.0,11.9,1017.8,60.0,,0,0,114.875
2024-07-19 09:00:00,,22.8,16.6,28.9,0.1,,1.1,28.8,1017.1,25.4,19.3,69.0,0.0,0.0,11.5,1016.8,60.0,,0,0,195.14285714285714
2024-07-19 10:00:00,,22.8,16.6,28.9,0.1,,1.1,28.8,1017.1,25.5,18.9,67.0,0.0,3.6,11.2,1016.9,60.0,,0,0,234.28571428571428
2024-07-19 11:00:00,,22.8,16.6,28.9,0.1,,1.1,28.8,1017.1,26.2,18.1,61.0,0.0,3.6,12.6,1016.6,60.0,,0,0,220.85714285714286
2024-07-19 12:00:00,,22.8,16.6,28.9,0.1,,1.1,28.8,1017.1,27.3,17.2,54.0,0.0,0.0,10.8,1015.8,60.0,,0,0,187.28571428571428
2024-07-19 13:00:00,,22.8,16.6,28.9,0.1,,1.1,28.8,1017.1,28.9,16.5,47.0,0.0,0.0,10.1,1015.1,60.0,,0,0,168.875
2024-07-19 14:00:00,,22.8,16.6,28.9,0.1,,1.1,28.8,1017.1,27.6,18.9,59.0,0.0,4.0,11.2,1017.6,27.0,,0,0,175.71428571428572
2024-07-19 15:00:00,,22.8,16.6,28.9,0.1,,1.1,28.8,1017.1,28.0,17.2,52.0,0.0,0.0,7.6,1014.6,0.0,,0,0,195.85714285714286
2024-07-19 16:00:00,,22.8,16.6,28.9,0.1,,1.1,28.8,1017.1,27.5,18.5,58.0,0.0,4.3,7.9,1016.9,0.0,,0,0,172.85714285714286
2024-07-19 17:00:00,,22.8,16.6,28.9,0.1,,1.1,28.8,1017.1,24.8,18.0,66.0,0.1,3.6,23.8,1014.4,0.0,,0,0,147.57142857142858
2024-07-19 18:00:00,,22.8,16.6,28.9,0.1,,1.1,28.8,1017.1,24.7,17.4,64.0,0.0,0.0,24.1,1014.4,0.0,,0,0,136.75
2024-07-19 19:00:00,,22.8,16.6,28.9,0.1,,1.1,28.8,1017.1,23.7,17.2,67.0,0.0,0.0,27.0,1014.8,0.0,,0,0,137.71428571428572
2024-07-19 20:00:00,,22.8,16.6,28.9,0.1,,1.1,28.8,1017.1,22.4,17.5,74.0,0.0,0.0,26.6,1015.0,0.0,,0,0,142.14285714285714
2024-07-19 21:00:00,,22.8,16.6,28.9,0.1,,1.1,28.8,1017.1,21.3,17.7,80.0,0.0,0.0,28.8,1015.2,0.0,,0,0,134.71428571428572
2024-07-19 22:00:00,,22.8,16.6,28.9,0.1,,1.1,28.8,1017.1,20.4,16.8,80.0,0.0,0.0,28.1,1015.2,0.0,,0,0,111.71428571428571
2024-07-19 23:00:00,,22.8,16.6,28.9,0.1,,1.1,28.8,1017.1,19.4,17.0,86.0,0.0,0.0,27.4,1015.1,0.0,,0,0,80.625
2024-07-20 00:00:00,,23.2,16.6,29.9,0.0,,2.1,28.1,1010.9,18.5,16.1,86.0,0.0,7.9,17.3,1015.4,0.0,Bücher- und Spieleflohmarkt im Pfarrpark,0,0,54.0
2024-07-20 01:00:00,,23.2,16.6,29.9,0.0,,2.1,28.1,1010.9,18.1,15.4,84.0,0.0,7.6,24.1,1015.2,0.0,Bücher- und Spieleflohmarkt im Pfarrpark,0,0,40.714285714285715
2024-07-20 02:00:00,,23.2,16.6,29.9,0.0,,2.1,28.1,1010.9,17.6,14.9,84.0,0.0,7.6,23.4,1014.9,0.0,Bücher- und Spieleflohmarkt im Pfarrpark,0,0,35.0
2024-07-20 03:00:00,,23.2,16.6,29.9,0.0,,2.1,28.1,1010.9,16.6,13.5,82.0,0.0,6.5,28.1,1014.4,0.0,Bücher- und Spieleflohmarkt im Pfarrpark,0,0,29.571428571428573
2024-07-20 04:00:00,,23.2,16.6,29.9,0.0,,2.1,28.1,1010.9,17.0,13.3,79.0,0.0,7.2,20.9,1014.1,0.0,Bücher- und Spieleflohmarkt im Pfarrpark,0,0,27.5
2024-07-20 05:00:00,,23.2,16.6,29.9,0.0,,2.1,28.1,1010.9,17.3,16.5,95.0,0.0,0.0,17.6,1013.4,0.0,Bücher- und Spieleflohmarkt im Pfarrpark,0,0,27.0
2024-07-20 06:00:00,,23.2,16.6,29.9,0.0,,2.1,28.1,1010.9,20.1,15.7,76.0,0.0,0.0,16.2,1012.7,22.0,Bücher- und Spieleflohmarkt im Pfarrpark,0,0,27.428571428571427
2024-07-20 07:00:00,,23.2,16.6,29.9,0.0,,2.1,28.1,1010.9,22.1,15.7,67.0,0.0,0.0,19.8,1012.4,59.0,Bücher- und Spieleflohmarkt im Pfarrpark,1,0,32.42857142857143
2024-07-20 08:00:00,,23.2,16.6,29.9,0.0,,2.1,28.1,1010.9,23.1,15.2,61.0,0.0,0.0,18.7,1012.2,33.0,Bücher- und Spieleflohmarkt im Pfarrpark,1,0,94.85714285714286
2024-07-20 09:00:00,,23.2,16.6,29.9,0.0,,2.1,28.1,1010.9,24.3,15.5,58.0,0.0,3.6,16.6,1011.4,60.0,Bücher- und Spieleflohmarkt im Pfarrpark,1,0,247.375
2024-07-20 10:00:00,,23.2,16.6,29.9,0.0,,2.1,28.1,1010.9,26.2,15.3,51.0,0.0,0.0,10.8,1010.8,60.0,Bücher- und Spieleflohmarkt im Pfarrpark,1,0,350.57142857142856
2024-07-20 11:00:00,,23.2,16.6,29.9,0.0,,2.1,28.1,1010.9,27.5,17.7,55.0,0.0,0.0,14.8,1010.0,60.0,Bücher- und Spieleflohmarkt im Pfarrpark,1,0,374.14285714285717
2024-07-20 12:00:00,,23.2,16.6,29.9,0.0,,2.1,28.1,1010.9,28.3,14.5,43.0,0.0,3.6,11.5,1009.3,60.0,Bücher- und Spieleflohmarkt im Pfarrpark,1,0,295.42857142857144
2024-07-20 13:00:00,,23.2,16.6,29.9,0.0,,2.1,28.1,1010.9,29.3,15.8,44.0,0.0,0.0,13.3,1008.5,60.0,Bücher- und Spieleflohmarkt im Pfarrpark,0,0,209.0
2024-07-20 14:00:00,,23.2,16.6,29.9,0.0,,2.1,28.1,1010.9,29.2,16.4,46.0,0.0,3.6,11.9,1007.8,60.0,Bücher- und Spieleflohmarkt im Pfarrpark,0,0,144.375
2024-07-20 15:00:00,,23.2,16.6,29.9,0.0,,2.1,28.1,1010.9,29.6,15.0,41.0,0.0,3.6,10.8,1007.1,60.0,Bücher- und Spieleflohmarkt im Pfarrpark,0,0,97.42857142857143
2024-07-20 16:00:00,,23.2,16.6,29.9,0.0,,2.1,28.1,1010.9,29.8,14.8,40.0,0.0,0.0,10.4,1006.7,59.0,Bücher- und Spieleflohmarkt im Pfarrpark,0,0,83.14285714285714
2024-07-20 17:00:00,,23.2,16.6,29.9,0.0,,2.1,28.1,1010.9,29.9,14.5,39.0,0.0,0.0,8.3,1006.3,57.0,Bücher- und Spieleflohmarkt im Pfarrpark,0,0,77.42857142857143
2024-07-20 18:00:00,,23.2,16.6,29.9,0.0,,2.1,28.1,1010.9,26.7,17.8,58.0,0.0,0.0,6.5,1006.4,51.0,Bücher- und Spieleflohmarkt im Pfarrpark,0,0,77.71428571428571
2024-07-20 19:00:00,,23.2,16.6,29.9,0.0,,2.1,28.1,1010.9,24.0,17.5,67.0,0.0,0.0,7.2,1006.6,11.0,Bücher- und Spieleflohmarkt im Pfarrpark,0,0,93.25
2024-07-20 20:00:00,,23.2,16.6,29.9,0.0,,2.1,28.1,1010.9,21.7,16.9,74.0,0.0,0.0,8.3,1007.4,0.0,Bücher- und Spieleflohmarkt im Pfarrpark,0,0,111.0
2024-07-20 21:00:00,,23.2,16.6,29.9,0.0,,2.1,28.1,1010.9,20.4,16.2,77.0,0.0,0.0,11.9,1007.7,0.0,Bücher- und Spieleflohmarkt im Pfarrpark,0,0,106.85714285714286
2024-07-20 22:00:00,,23.2,16.6,29.9,0.0,,2.1,28.1,1010.9,19.5,15.6,78.0,0.0,0.0,15.1,1007.3,0.0,Bücher- und Spieleflohmarkt im Pfarrpark,0,0,102.14285714285714
2024-07-20 23:00:00,,23.2,16.6,29.9,0.0,,2.1,28.1,1010.9,19.0,15.3,79.0,0.0,0.0,12.2,1007.6,0.0,Bücher- und Spieleflohmarkt im Pfarrpark,0,0,84.71428571428571
2024-07-21 00:00:00,,22.0,16.6,27.4,3.6,,1.4,37.8,1008.5,18.5,15.6,83.0,0.0,0.0,13.7,1007.5,0.0,,0,0,56.75
2024-07-21 01:00:00,,22.0,16.6,27.4,3.6,,1.4,37.8,1008.5,18.5,14.8,79.0,0.0,0.0,10.1,1007.2,0.0,,0,0,46.285714285714285
2024-07-21 02:00:00,,22.0,16.6,27.4,3.6,,1.4,37.8,1008.5,17.8,15.8,88.0,0.0,0.0,13.7,1007.4,0.0,,0,0,35.57142857142857
2024-07-21 03:00:00,,22.0,16.6,27.4,3.6,,1.4,37.8,1008.5,16.6,15.1,91.0,0.0,0.0,9.0,1007.4,0.0,,0,0,29.0
2024-07-21 04:00:00,,22.0,16.6,27.4,3.6,,1.4,37.8,1008.5,16.9,15.2,90.0,0.0,0.0,7.6,1007.1,0.0,,0,0,26.0
2024-07-21 05:00:00,,22.0,16.6,27.4,3.6,,1.4,37.8,1008.5,18.1,15.0,82.0,0.0,0.0,14.4,1008.1,0.0,,0,0,26.0
2024-07-21 06:00:00,,22.0,16.6,27.4,3.6,,1.4,37.8,1008.5,21.9,16.8,73.0,0.0,0.0,9.7,1008.6,47.0,,0,0,26.0
2024-07-21 07:00:00,,22.0,16.6,27.4,3.6,,1.4,37.8,1008.5,22.9,16.9,69.0,0.0,0.0,10.1,1009.1,35.0,,0,0,26.285714285714285
2024-07-21 08:00:00,,22.0,16.6,27.4,3.6,,1.4,37.8,1008.5,24.5,17.2,64.0,0.0,3.6,13.3,1008.6,36.0,,0,0,28.0
2024-07-21 09:00:00,,22.0,16.6,27.4,3.6,,1.4,37.8,1008.5,26.5,16.1,53.0,0.0,0.0,14.8,1007.9,60.0,,0,0,29.571428571428573
2024-07-21 10:00:00,,22.0,16.6,27.4,3.6,,1.4,37.8,1008.5,26.9,16.2,52.0,0.0,3.6,14.4,1007.4,60.0,,0,0,37.375
2024-07-21 11:00:00,,22.0,16.6,27.4,3.6,,1.4,37.8,1008.5,25.7,16.8,58.0,0.0,3.6,18.4,1007.7,28.0,,0,0,43.857142857142854
2024-07-21 12:00:00,,22.0,16.6,27.4,3.6,,1.4,37.8,1008.5,26.0,16.0,54.0,0.0,0.0,12.2,1007.5,30.0,,0,0,45.57142857142857
2024-07-21 13:00:00,,22.0,16.6,27.4,3.6,,1.4,37.8,1008.5,27.4,16.4,51.0,0.2,3.6,18.4,1007.0,59.0,,0,0,51.285714285714285
2024-07-21 14:00:00,,22.0,16.6,27.4,3.6,,1.4,37.8,1008.5,26.4,15.5,51.0,0.0,0.0,16.6,1007.5,33.0,,0,0,48.0
2024-07-21 15:00:00,,22.0,16.6,27.4,3.6,,1.4,37.8,1008.5,23.9,19.4,76.0,0.0,0.0,13.7,1007.8,0.0,,0,0,57.875
2024-07-21 16:00:00,,22.0,16.6,27.4,3.6,,1.4,37.8,1008.5,25.9,17.0,58.0,0.1,0.0,9.7,1007.3,14.0,,0,0,61.285714285714285
2024-07-21 17:00:00,,22.0,16.6,27.4,3.6,,1.4,37.8,1008.5,24.2,18.6,71.0,0.9,0.0,10.8,1008.4,7.0,,0,0,60.142857142857146
2024-07-21 18:00:00,,22.0,16.6,27.4,3.6,,1.4,37.8,1008.5,21.0,17.2,79.0,0.7,10.8,37.8,1009.9,0.0,,0,0,70.14285714285714
2024-07-21 19:00:00,,22.0,16.6,27.4,3.6,,1.4,37.8,1008.5,20.5,18.3,87.0,1.0,3.6,33.5,1011.6,0.0,,0,0,64.0
2024-07-21 20:00:00,,22.0,16.6,27.4,3.6,,1.4,37.8,1008.5,19.9,17.5,86.0,0.4,3.6,16.9,1013.0,0.0,,0,0,56.125
2024-07-21 21:00:00,,22.0,16.6,27.4,3.6,,1.4,37.8,1008.5,19.2,18.0,93.0,0.3,0.0,20.5,1013.9,0.0,,0,0,45.42857142857143
2024-07-21 22:00:00,,22.0,16.6,27.4,3.6,,1.4,37.8,1008.5,18.8,18.0,95.0,1.0,0.0,22.7,1014.3,0.0,,0,0,33.57142857142857
2024-07-21 23:00:00,,22.0,16.6,27.4,3.6,,1.4,37.8,1008.5,19.0,18.0,94.0,0.1,0.0,33.1,1014.6,0.0,,0,0,26.571428571428573
2024-07-22 00:00:00,,20.0,18.1,22.8,14.7,,2.6,33.1,1016.9,18.3,17.8,97.0,0.0,0.0,29.2,1014.5,0.0,,0,0,26.0
2024-07-22 01:00:00,,20.0,18.1,22.8,14.7,,2.6,33.1,1016.9,18.4,17.6,95.0,0.0,0.0,24.1,1014.5,0.0,,0,0,26.5
2024-07-22 02:00:00,,20.0,18.1,22.8,14.7,,2.6,33.1,1016.9,18.1,17.5,96.0,0.0,0.0,27.0,1014.5,0.0,,0,0,27.0
2024-07-22 03:00:00,,20.0,18.1,22.8,14.7,,2.6,33.1,1016.9,18.3,16.8,91.0,0.0,0.0,29.9,1014.6,0.0,,0,0,27.0
2024-07-22 04:00:00,,20.0,18.1,22.8,14.7,,2.6,33.1,1016.9,18.2,16.9,92.0,0.0,6.5,28.4,1016.7,0.0,,0,0,27.0
2024-07-22 05:00:00,,20.0,18.1,22.8,14.7,,2.6,33.1,1016.9,18.7,17.4,92.0,0.0,5.0,20.2,1016.8,0.0,,0,0,27.0
2024-07-22 06:00:00,,20.0,18.1,22.8,14.7,,2.6,33.1,1016.9,19.2,17.3,89.0,0.2,9.7,24.5,1017.5,0.0,,0,0,28.142857142857142
2024-07-22 07:00:00,,20.0,18.1,22.8,14.7,,2.6,33.1,1016.9,19.1,17.8,92.0,0.1,3.6,23.8,1016.7,0.0,,0,0,66.875
2024-07-22 08:00:00,,20.0,18.1,22.8,14.7,,2.6,33.1,1016.9,19.5,18.0,91.0,1.8,3.6,21.6,1016.8,0.0,,0,0,155.0
2024-07-22 09:00:00,,20.0,18.1,22.8,14.7,,2.6,33.1,1016.9,20.9,18.5,86.0,1.5,9.7,22.7,1018.3,0.0,,0,0,243.85714285714286
2024-07-22 10:00:00,,20.0,18.1,22.8,14.7,,2.6,33.1,1016.9,19.2,17.7,91.0,0.5,0.0,10.4,1017.9,0.0,,0,0,291.85714285714283
2024-07-22 11:00:00,,20.0,18.1,22.8,14.7,,2.6,33.1,1016.9,19.4,18.4,94.0,7.0,3.6,17.6,1018.0,17.0,,0,0,283.7142857142857
2024-07-22 12:00:00,,20.0,18.1,22.8,14.7,,2.6,33.1,1016.9,22.1,17.0,73.0,0.2,0.0,16.6,1017.4,15.0,,0,0,241.5
2024-07-22 13:00:00,,20.0,18.1,22.8,14.7,,2.6,33.1,1016.9,20.8,18.6,87.0,0.2,3.6,20.9,1017.7,0.0,,0,0,240.28571428571428
2024-07-22 14:00:00,,20.0,18.1,22.8,14.7,,2.6,33.1,1016.9,20.1,18.8,92.0,0.5,3.6,15.1,1018.1,6.0,,0,0,278.57142857142856
2024-07-22 15:00:00,,20.0,18.1,22.8,14.7,,2.6,33.1,1016.9,20.9,18.3,85.0,0.2,3.6,16.6,1018.0,16.0,,0,0,289.0
2024-07-22 16:00:00,,20.0,18.1,22.8,14.7,,2.6,33.1,1016.9,22.6,17.3,72.0,0.0,3.6,18.7,1017.5,32.0,,0,0,222.42857142857142
2024-07-22 17:00:00,,20.0,18.1,22.8,14.7,,2.6,33.1,1016.9,22.8,17.9,74.0,0.2,0.0,17.3,1017.2,0.0,,0,0,159.125
2024-07-22 18:00:00,,20.0,18.1,22.8,14.7,,2.6,33.1,1016.9,22.0,19.4,85.0,1.0,0.0,10.1,1017.5,1.0,,0,0,115.71428571428571
2024-07-22 19:00:00,,20.0,18.1,22.8,14.7,,2.6,33.1,1016.9,21.3,18.3,83.0,0.1,3.6,13.3,1018.2,18.0,,0,0,96.0
2024-07-22 20:00:00,,20.0,18.1,22.8,14.7,,2.6,33.1,1016.9,20.8,17.0,79.0,0.1,3.6,13.3,1018.9,0.0,,0,0,81.0
2024-07-22 21:00:00,,20.0,18.1,22.8,14.7,,2.6,33.1,1016.9,20.3,16.9,81.0,0.0,0.0,18.7,1019.2,0.0,,0,0,62.57142857142857
2024-07-22 22:00:00,,20.0,18.1,22.8,14.7,,2.6,33.1,1016.9,19.8,16.8,83.0,0.0,0.0,18.0,1019.6,0.0,,0,0,45.875
2024-07-22 23:00:00,,20.0,18.1,22.8,14.7,,2.6,33.1,1016.9,19.4,17.0,86.0,0.0,0.0,16.9,1019.4,0.0,,0,0,36.285714285714285
2024-07-23 00:00:00,,21.5,18.4,26.1,1.7,,2.2,24.5,1018.9,19.2,17.7,91.0,0.0,0.0,7.9,1019.4,0.0,,0,0,31.571428571428573
2024-07-23 01:00:00,,21.5,18.4,26.1,1.7,,2.2,24.5,1018.9,18.7,17.5,93.0,0.0,0.0,9.0,1019.3,0.0,,0,0,29.428571428571427
2024-07-23 02:00:00,,21.5,18.4,26.1,1.7,,2.2,24.5,1018.9,18.5,17.5,94.0,0.0,0.0,7.6,1019.4,0.0,,0,0,29.0
2024-07-23 03:00:00,,21.5,18.4,26.1,1.7,,2.2,24.5,1018.9,18.6,16.9,90.0,0.0,0.0,7.6,1019.5,0.0,,0,0,29.0
2024-07-23 04:00:00,,21.5,18.4,26.1,1.7,,2.2,24.5,1018.9,18.4,17.2,93.0,0.0,0.0,9.0,1019.5,0.0,,0,0,29.0
2024-07-23 05:00:00,,21.5,18.4,26.1,1.7,,2.2,24.5,1018.9,18.4,17.4,94.0,0.0,0.0,7.2,1019.8,0.0,,0,0,29.0
2024-07-23 06:00:00,,21.5,18.4,26.1,1.7,,2.2,24.5,1018.9,20.1,16.7,81.0,0.0,0.0,9.0,1019.9,0.0,,0,0,30.857142857142858
2024-07-23 07:00:00,,21.5,18.4,26.1,1.7,,2.2,24.5,1018.9,20.5,16.3,77.0,0.0,0.0,11.2,1020.2,0.0,,0,0,62.285714285714285
2024-07-23 08:00:00,,21.5,18.4,26.1,1.7,,2.2,24.5,1018.9,20.6,15.8,74.0,0.0,0.0,15.5,1020.1,11.0,,0,0,140.25
2024-07-23 09:00:00,,21.5,18.4,26.1,1.7,,2.2,24.5,1018.9,21.7,16.2,71.0,0.0,7.2,12.2,1021.2,1.0,,0,0,226.57142857142858
2024-07-23 10:00:00,,21.5,18.4,26.1,1.7,,2.2,24.5,1018.9,22.1,15.0,64.0,0.0,3.6,13.3,1019.3,34.0,,0,0,276.14285714285717
2024-07-23 11:00:00,,21.5,18.4,26.1,1.7,,2.2,24.5,1018.9,23.4,16.4,65.0,0.1,3.6,15.5,1018.7,34.0,,0,0,277.2857142857143
2024-07-23 12:00:00,,21.5,18.4,26.1,1.7,,2.2,24.5,1018.9,24.1,16.9,64.0,0.2,3.6,15.1,1018.2,59.0,,0,0,255.0
2024-07-23 13:00:00,,21.5,18.4,26.1,1.7,,2.2,24.5,1018.9,24.8,16.8,61.0,0.0,3.6,14.4,1017.4,60.0,,0,0,260.375
2024-07-23 14:00:00,,21.5,18.4,26.1,1.7,,2.2,24.5,1018.9,25.6,15.6,54.0,0.0,3.6,14.4,1017.3,59.0,,0,0,276.57142857142856
2024-07-23 15:00:00,,21.5,18.4,26.1,1.7,,2.2,24.5,1018.9,25.6,15.6,54.0,0.0,3.6,12.6,1017.1,60.0,,0,0,274.14285714285717
2024-07-23 16:00:00,,21.5,18.4,26.1,1.7,,2.2,24.5,1018.9,26.1,15.5,52.0,0.0,3.6,14.4,1016.7,52.0,,0,0,231.14285714285714
2024-07-23 17:00:00,,21.5,18.4,26.1,1.7,,2.2,24.5,1018.9,26.0,15.7,53.0,0.1,0.0,11.5,1016.6,51.0,,0,0,169.85714285714286
2024-07-23 18:00:00,,21.5,18.4,26.1,1.7,,2.2,24.5,1018.9,24.3,17.8,67.0,0.0,0.0,9.0,1016.8,1.0,,0,0,124.875
2024-07-23 19:00:00,,21.5,18.4,26.1,1.7,,2.2,24.5,1018.9,19.6,17.0,85.0,0.0,10.8,24.5,1020.2,0.0,,0,0,114.85714285714286
2024-07-23 20:00:00,,21.5,18.4,26.1,1.7,,2.2,24.5,1018.9,22.1,17.2,74.0,0.5,0.0,22.3,1017.6,0.0,,0,0,102.57142857142857
2024-07-23 21:00:00,,21.5,18.4,26.1,1.7,,2.2,24.5,1018.9,18.6,17.6,94.0,0.8,9.0,21.2,1021.2,0.0,,0,0,76.57142857142857
2024-07-23 22:00:00,,21.5,18.4,26.1,1.7,,2.2,24.5,1018.9,22.3,16.1,68.0,0.7,0.0,34.6,1017.9,0.0,,0,0,52.57142857142857
2024-07-23 23:00:00,,21.5,18.4,26.1,1.7,,2.2,24.5,1018.9,21.6,16.6,73.0,4.2,0.0,33.8,1018.6,0.0,,0,0,38.625
2024-07-24 00:00:00,,20.4,17.1,23.6,13.0,,2.0,34.6,1018.4,19.8,17.9,89.0,2.7,0.0,22.0,1019.2,0.0,,0,0,31.571428571428573
2024-07-24 01:00:00,,20.4,17.1,23.6,13.0,,2.0,34.6,1018.4,19.8,16.2,80.0,0.2,0.0,27.0,1019.3,0.0,,0,0,30.428571428571427
2024-07-24 02:00:00,,20.4,17.1,23.6,13.0,,2.0,34.6,1018.4,18.9,16.3,85.0,0.4,3.6,13.7,1019.4,0.0,,0,0,30.0
2024-07-24 03:00:00,,20.4,17.1,23.6,13.0,,2.0,34.6,1018.4,18.3,16.8,91.0,1.5,0.0,9.0,1019.2,0.0,,0,0,30.0
2024-07-24 04:00:00,,20.4,17.1,23.6,13.0,,2.0,34.6,1018.4,17.6,16.8,95.0,1.2,0.0,5.8,1019.3,0.0,,0,0,29.625
2024-07-24 05:00:00,,20.4,17.1,23.6,13.0,,2.0,34.6,1018.4,17.1,16.3,95.0,0.7,6.5,6.8,1020.7,0.0,,0,0,29.0
2024-07-24 06:00:00,,20.4,17.1,23.6,13.0,,2.0,34.6,1018.4,17.9,16.8,93.0,0.2,0.0,11.5,1019.3,0.0,,0,0,31.285714285714285
2024-07-24 07:00:00,,20.4,17.1,23.6,13.0,,2.0,34.6,1018.4,18.8,17.1,90.0,0.1,0.0,9.0,1019.5,0.0,,1,0,69.14285714285714
2024-07-24 08:00:00,,20.4,17.1,23.6,13.0,,2.0,34.6,1018.4,19.3,16.5,84.0,0.2,3.6,12.2,1019.7,0.0,,1,0,168.57142857142858
2024-07-24 09:00:00,,20.4,17.1,23.6,13.0,,2.0,34.6,1018.4,20.0,15.6,76.0,0.0,3.6,14.0,1019.2,2.0,,1,0,325.0
2024-07-24 10:00:00,,20.4,17.1,23.6,13.0,,2.0,34.6,1018.4,21.9,15.0,65.0,0.2,0.0,13.7,1018.8,7.0,,1,0,391.57142857142856
2024-07-24 11:00:00,,20.4,17.1,23.6,13.0,,2.0,34.6,1018.4,22.1,14.0,60.0,0.3,3.6,16.9,1018.6,38.0,,1,0,395.57142857142856
2024-07-24 12:00:00,,20.4,17.1,23.6,13.0,,2.0,34.6,1018.4,22.4,14.0,59.0,0.2,3.6,18.4,1018.1,59.0,,1,0,321.7142857142857
2024-07-24 13:00:00,,20.4,17.1,23.6,13.0,,2.0,34.6,1018.4,22.7,13.5,56.0,0.2,3.6,16.9,1017.7,59.0,,0,0,277.57142857142856
2024-07-24 14:00:00,,20.4,17.1,23.6,13.0,,2.0,34.6,1018.4,22.8,12.4,52.0,0.0,3.6,17.3,1017.6,56.0,,0,0,290.125
2024-07-24 15:00:00,,20.4,17.1,23.6,13.0,,2.0,34.6,1018.4,23.6,13.8,54.0,0.0,3.6,14.4,1017.1,47.0,,0,0,272.2857142857143
2024-07-24 16:00:00,,20.4,17.1,23.6,13.0,,2.0,34.6,1018.4,22.0,15.4,66.0,0.0,7.2,11.2,1018.5,59.0,,0,0,205.85714285714286
2024-07-24 17:00:00,,20.4,17.1,23.6,13.0,,2.0,34.6,1018.4,23.4,11.8,48.0,0.0,0.0,15.1,1016.3,58.0,,0,0,155.0
2024-07-24 18:00:00,,20.4,17.1,23.6,13.0,,2.0,34.6,1018.4,22.4,13.7,58.0,0.0,0.0,8.3,1016.0,59.0,,0,0,128.42857142857142
2024-07-24 19:00:00,,20.4,17.1,23.6,13.0,,2.0,34.6,1018.4,19.5,15.0,75.0,0.0,0.0,7.9,1016.6,25.0,,0,0,125.125
2024-07-24 20:00:00,,20.4,17.1,23.6,13.0,,2.0,34.6,1018.4,18.1,14.4,79.0,0.0,5.8,7.9,1018.9,0.0,,0,0,105.42857142857143
2024-07-24 21:00:00,,20.4,17.1,23.6,13.0,,2.0,34.6,1018.4,18.0,14.5,80.0,0.0,0.0,5.8,1017.2,0.0,,0,0,90.28571428571429
2024-07-24 22:00:00,,20.4,17.1,23.6,13.0,,2.0,34.6,1018.4,17.3,15.5,89.0,0.0,0.0,8.3,1017.4,0.0,,0,0,66.42857142857143
2024-07-24 23:00:00,,20.4,17.1,23.6,13.0,,2.0,34.6,1018.4,16.2,14.7,91.0,0.0,0.0,6.8,1017.6,0.0,,0,0,51.857142857142854
2024-07-25 00:00:00,,20.2,14.8,26.1,0.0,,1.4,19.4,1014.1,15.8,14.5,92.0,0.0,0.0,7.9,1017.7,0.0,,0,0,36.75
2024-07-25 01:00:00,,20.2,14.8,26.1,0.0,,1.4,19.4,1014.1,15.2,14.2,94.0,0.0,0.0,8.3,1017.3,0.0,,0,0,28.714285714285715
2024-07-25 02:00:00,,20.2,14.8,26.1,0.0,,1.4,19.4,1014.1,15.2,14.4,95.0,0.0,0.0,6.5,1016.7,0.0,,0,0,27.0
2024-07-25 03:00:00,,20.2,14.8,26.1,0.0,,1.4,19.4,1014.1,15.0,14.0,94.0,0.0,0.0,6.5,1016.4,0.0,,0,0,27.0
2024-07-25 04:00:00,,20.2,14.8,26.1,0.0,,1.4,19.4,1014.1,14.8,14.0,95.0,0.0,0.0,6.5,1016.2,0.0,,0,0,27.0
2024-07-25 05:00:00,,20.2,14.8,26.1,0.0,,1.4,19.4,1014.1,15.1,14.3,95.0,0.0,0.0,5.4,1016.4,0.0,,0,0,27.0
2024-07-25 06:00:00,,20.2,14.8,26.1,0.0,,1.4,19.4,1014.1,18.0,14.5,80.0,0.0,0.0,10.4,1015.8,43.0,,0,0,30.285714285714285
2024-07-25 07:00:00,,20.2,14.8,26.1,0.0,,1.4,19.4,1014.1,19.4,14.2,72.0,0.0,0.0,9.4,1015.6,60.0,,0,0,60.714285714285715
2024-07-25 08:00:00,,20.2,14.8,26.1,0.0,,1.4,19.4,1014.1,20.4,15.2,72.0,0.0,3.6,12.2,1015.2,60.0,,0,0,123.28571428571429
2024-07-25 09:00:00,,20.2,14.8,26.1,0.0,,1.4,19.4,1014.1,21.6,15.0,66.0,0.0,3.6,11.9,1014.1,60.0,,0,0,188.71428571428572
2024-07-25 10:00:00,,20.2,14.8,26.1,0.0,,1.4,19.4,1014.1,22.7,15.8,65.0,0.0,3.6,13.7,1013.5,60.0,,0,0,254.0
2024-07-25 11:00:00,,20.2,14.8,26.1,0.0,,1.4,19.4,1014.1,23.3,15.9,63.0,0.0,3.6,15.1,1013.2,60.0,,0,0,245.28571428571428
2024-07-25 12:00:00,,20.2,14.8,26.1,0.0,,1.4,19.4,1014.1,24.4,16.9,63.0,0.0,3.6,16.6,1012.6,60.0,,0,0,240.0
2024-07-25 13:00:00,,20.2,14.8,26.1,0.0,,1.4,19.4,1014.1,25.1,16.0,57.0,0.0,3.6,15.8,1011.9,59.0,,0,0,221.85714285714286
2024-07-25 14:00:00,,20.2,14.8,26.1,0.0,,1.4,19.4,1014.1,26.1,16.9,57.0,0.0,3.6,17.3,1011.0,59.0,,0,0,234.75
2024-07-25 15:00:00,,20.2,14.8,26.1,0.0,,1.4,19.4,1014.1,25.4,15.4,54.0,0.0,3.6,17.3,1010.8,55.0,,0,0,215.57142857142858
2024-07-25 16:00:00,,20.2,14.8,26.1,0.0,,1.4,19.4,1014.1,25.3,15.0,53.0,0.0,0.0,19.4,1010.6,49.0,,0,0,177.28571428571428
2024-07-25 17:00:00,,20.2,14.8,26.1,0.0,,1.4,19.4,1014.1,25.7,13.2,46.0,0.0,0.0,16.2,1010.3,59.0,,0,0,132.28571428571428
2024-07-25 18:00:00,,20.2,14.8,26.1,0.0,,1.4,19.4,1014.1,22.8,17.0,70.0,0.0,0.0,12.6,1011.1,20.0,,0,0,119.0
2024-07-25 19:00:00,,20.2,14.8,26.1,0.0,,1.4,19.4,1014.1,21.1,16.9,77.0,0.0,0.0,9.4,1011.3,2.0,,0,0,113.28571428571429
2024-07-25 20:00:00,,20.2,14.8,26.1,0.0,,1.4,19.4,1014.1,19.5,15.2,76.0,0.0,5.0,10.4,1013.5,0.0,,0,0,109.0
2024-07-25 21:00:00,,20.2,14.8,26.1,0.0,,1.4,19.4,1014.1,18.7,16.3,86.0,0.0,0.0,10.4,1012.1,0.0,,0,0,87.71428571428571
2024-07-25 22:00:00,,20.2,14.8,26.1,0.0,,1.4,19.4,1014.1,18.0,15.6,86.0,0.0,0.0,7.2,1012.2,0.0,,0,0,59.857142857142854
2024-07-25 23:00:00,,20.2,14.8,26.1,0.0,,1.4,19.4,1014.1,17.4,15.6,89.0,0.0,0.0,10.8,1012.2,0.0,,0,0,39.57142857142857
2024-07-26 00:00:00,,21.6,15.9,27.8,0.0,,1.3,14.8,1011.8,16.9,14.5,86.0,0.0,0.0,6.1,1012.3,0.0,Bsundrigs Kunsthandwerksmarkt,0,0,34.57142857142857
2024-07-26 01:00:00,,21.6,15.9,27.8,0.0,,1.3,14.8,1011.8,16.3,15.2,93.0,0.0,0.0,9.0,1012.4,0.0,Bsundrigs Kunsthandwerksmarkt,0,0,32.625
2024-07-26 02:00:00,,21.6,15.9,27.8,0.0,,1.3,14.8,1011.8,16.2,15.2,94.0,0.0,0.0,7.2,1012.2,0.0,Bsundrigs Kunsthandwerksmarkt,0,0,31.142857142857142
2024-07-26 03:00:00,,21.6,15.9,27.8,0.0,,1.3,14.8,1011.8,16.4,15.8,96.0,0.0,0.0,10.4,1012.0,0.0,Bsundrigs Kunsthandwerksmarkt,0,0,31.5
2024-07-26 04:00:00,,21.6,15.9,27.8,0.0,,1.3,14.8,1011.8,15.9,15.1,95.0,0.0,0.0,9.0,1011.9,0.0,Bsundrigs Kunsthandwerksmarkt,0,0,32.0
2024-07-26 05:00:00,,21.6,15.9,27.8,0.0,,1.3,14.8,1011.8,16.9,15.8,93.0,0.0,0.0,11.2,1012.1,0.0,Bsundrigs Kunsthandwerksmarkt,0,0,32.0
2024-07-26 06:00:00,,21.6,15.9,27.8,0.0,,1.3,14.8,1011.8,18.3,16.5,89.0,0.0,0.0,9.7,1012.0,2.0,Bsundrigs Kunsthandwerksmarkt,0,0,34.5
2024-07-26 07:00:00,,21.6,15.9,27.8,0.0,,1.3,14.8,1011.8,20.1,15.7,76.0,0.0,0.0,7.2,1012.2,23.0,Bsundrigs Kunsthandwerksmarkt,0,0,82.0
2024-07-26 08:00:00,,21.6,15.9,27.8,0.0,,1.3,14.8,1011.8,22.5,16.3,68.0,0.0,0.0,9.7,1011.8,37.0,Bsundrigs Kunsthandwerksmarkt,0,0,166.71428571428572
2024-07-26 09:00:00,,21.6,15.9,27.8,0.0,,1.3,14.8,1011.8,22.9,17.8,73.0,0.0,0.0,13.7,1012.2,56.0,Bsundrigs Kunsthandwerksmarkt,0,0,323.57142857142856
2024-07-26 10:00:00,,21.6,15.9,27.8,0.0,,1.3,14.8,1011.8,24.4,16.1,60.0,0.0,0.0,13.0,1012.0,58.0,Bsundrigs Kunsthandwerksmarkt,0,0,400.85714285714283
2024-07-26 11:00:00,,21.6,15.9,27.8,0.0,,1.3,14.8,1011.8,24.8,14.0,51.0,0.0,3.6,13.3,1012.2,59.0,Bsundrigs Kunsthandwerksmarkt,0,0,407.625
2024-07-26 12:00:00,,21.6,15.9,27.8,0.0,,1.3,14.8,1011.8,26.2,15.3,51.0,0.0,3.6,14.8,1011.7,60.0,Bsundrigs Kunsthandwerksmarkt,0,0,367.85714285714283
2024-07-26 13:00:00,,21.6,15.9,27.8,0.0,,1.3,14.8,1011.8,26.9,15.3,49.0,0.0,3.6,14.0,1011.3,60.0,Bsundrigs Kunsthandwerksmarkt,0,0,355.14285714285717
2024-07-26 14:00:00,,21.6,15.9,27.8,0.0,,1.3,14.8,1011.8,27.2,17.1,54.0,0.0,3.6,14.4,1011.0,60.0,Bsundrigs Kunsthandwerksmarkt,0,0,349.14285714285717
2024-07-26 15:00:00,,21.6,15.9,27.8,0.0,,1.3,14.8,1011.8,27.8,15.5,47.0,0.0,3.6,14.0,1010.8,59.0,Bsundrigs Kunsthandwerksmarkt,0,0,342.2857142857143
2024-07-26 16:00:00,,21.6,15.9,27.8,0.0,,1.3,14.8,1011.8,27.7,15.7,48.0,0.0,3.6,11.5,1010.6,60.0,Bsundrigs Kunsthandwerksmarkt,0,0,287.25
2024-07-26 17:00:00,,21.6,15.9,27.8,0.0,,1.3,14.8,1011.8,27.2,15.9,50.0,0.0,3.6,10.1,1010.3,43.0,Bsundrigs Kunsthandwerksmarkt,0,0,194.14285714285714
2024-07-26 18:00:00,,21.6,15.9,27.8,0.0,,1.3,14.8,1011.8,25.6,18.3,64.0,0.0,0.0,11.2,1010.7,32.0,Bsundrigs Kunsthandwerksmarkt,0,0,141.71428571428572
2024-07-26 19:00:00,,21.6,15.9,27.8,0.0,,1.3,14.8,1011.8,22.8,18.1,75.0,0.0,0.0,9.0,1011.7,4.0,Bsundrigs Kunsthandwerksmarkt,0,0,143.71428571428572
2024-07-26 20:00:00,,21.6,15.9,27.8,0.0,,1.3,14.8,1011.8,20.5,18.1,86.0,0.0,6.5,7.6,1013.9,0.0,Bsundrigs Kunsthandwerksmarkt,0,0,140.14285714285714
2024-07-26 21:00:00,,21.6,15.9,27.8,0.0,,1.3,14.8,1011.8,20.6,17.8,84.0,0.0,0.0,7.6,1012.5,0.0,Bsundrigs Kunsthandwerksmarkt,0,0,131.0
2024-07-26 22:00:00,,21.6,15.9,27.8,0.0,,1.3,14.8,1011.8,20.1,17.7,86.0,0.0,0.0,10.1,1012.6,0.0,Bsundrigs Kunsthandwerksmarkt,0,0,113.28571428571429
2024-07-26 23:00:00,,21.6,15.9,27.8,0.0,,1.3,14.8,1011.8,19.5,16.3,82.0,0.0,0.0,7.2,1012.8,0.0,Bsundrigs Kunsthandwerksmarkt,0,0,96.85714285714286
2024-07-27 00:00:00,,24.1,18.1,30.6,0.0,,1.1,30.6,1012.6,19.0,16.8,87.0,0.0,0.0,7.6,1012.5,0.0,,0,0,70.85714285714286
2024-07-27 01:00:00,,24.1,18.1,30.6,0.0,,1.1,30.6,1012.6,18.7,17.0,90.0,0.0,0.0,8.3,1012.4,0.0,,0,0,59.714285714285715
2024-07-27 02:00:00,,24.1,18.1,30.6,0.0,,1.1,30.6,1012.6,18.5,16.8,90.0,0.0,0.0,17.6,1012.5,0.0,,0,0,52.25
2024-07-27 03:00:00,,24.1,18.1,30.6,0.0,,1.1,30.6,1012.6,18.4,16.7,90.0,0.0,0.0,14.8,1012.9,0.0,,0,0,47.0
2024-07-27 04:00:00,,24.1,18.1,30.6,0.0,,1.1,30.6,1012.6,18.1,16.4,90.0,0.0,0.0,17.6,1013.0,0.0,,0,0,42.57142857142857
2024-07-27 05:00:00,,24.1,18.1,30.6,0.0,,1.1,30.6,1012.6,19.7,17.3,86.0,0.0,0.0,30.6,1013.3,0.0,,0,0,41.0
2024-07-27 06:00:00,,24.1,18.1,30.6,0.0,,1.1,30.6,1012.6,20.8,17.2,80.0,0.0,0.0,30.6,1013.6,11.0,,0,0,41.142857142857146
2024-07-27 07:00:00,,24.1,18.1,30.6,0.0,,1.1,30.6,1012.6,22.8,17.5,72.0,0.0,3.6,23.4,1013.6,2.0,,1,0,49.0
2024-07-27 08:00:00,,24.1,18.1,30.6,0.0,,1.1,30.6,1012.6,23.6,18.0,71.0,0.0,0.0,17.6,1013.7,13.0,,1,0,125.28571428571429
2024-07-27 09:00:00,,24.1,18.1,30.6,0.0,,1.1,30.6,1012.6,26.0,18.2,62.0,0.0,0.0,16.2,1013.1,19.0,,1,0,253.42857142857142
2024-07-27 10:00:00,,24.1,18.1,30.6,0.0,,1.1,30.6,1012.6,26.3,17.9,60.0,0.0,0.0,10.1,1012.9,21.0,,1,0,354.2857142857143
2024-07-27 11:00:00,,24.1,18.1,30.6,0.0,,1.1,30.6,1012.6,28.2,19.7,60.0,0.0,3.6,9.0,1012.2,60.0,,1,0,405.85714285714283
2024-07-27 12:00:00,,24.1,18.1,30.6,0.0,,1.1,30.6,1012.6,29.5,14.9,41.0,0.0,3.6,11.5,1011.8,59.0,,1,0,304.75
2024-07-27 13:00:00,,24.1,18.1,30.6,0.0,,1.1,30.6,1012.6,30.1,16.5,44.0,0.0,3.6,15.5,1011.3,60.0,,0,0,211.0
2024-07-27 14:00:00,,24.1,18.1,30.6,0.0,,1.1,30.6,1012.6,30.1,16.5,44.0,0.0,3.6,16.6,1011.2,41.0,,0,0,151.28571428571428
2024-07-27 15:00:00,,24.1,18.1,30.6,0.0,,1.1,30.6,1012.6,30.6,15.9,41.0,0.0,3.6,13.0,1010.9,60.0,,0,0,113.71428571428571
2024-07-27 16:00:00,,24.1,18.1,30.6,0.0,,1.1,30.6,1012.6,29.2,16.7,47.0,0.0,3.6,14.4,1011.7,26.0,,0,0,96.28571428571429
2024-07-27 17:00:00,,24.1,18.1,30.6,0.0,,1.1,30.6,1012.6,28.7,16.6,48.0,0.0,0.0,13.7,1011.8,0.0,,0,0,68.625
2024-07-27 18:00:00,,24.1,18.1,30.6,0.0,,1.1,30.6,1012.6,27.1,19.2,62.0,0.0,0.0,9.7,1012.3,0.0,,0,0,64.57142857142857
2024-07-27 19:00:00,,24.1,18.1,30.6,0.0,,1.1,30.6,1012.6,25.7,18.4,64.0,0.0,0.0,13.0,1013.3,0.0,,0,0,75.0
2024-07-27 20:00:00,,24.1,18.1,30.6,0.0,,1.1,30.6,1012.6,23.6,19.5,78.0,0.0,0.0,16.6,1013.5,0.0,,0,0,88.42857142857143
2024-07-27 21:00:00,,24.1,18.1,30.6,0.0,,1.1,30.6,1012.6,23.0,18.8,77.0,0.0,0.0,12.6,1014.0,0.0,,0,0,107.71428571428571
2024-07-27 22:00:00,,24.1,18.1,30.6,0.0,,1.1,30.6,1012.6,24.0,18.4,71.0,0.0,3.6,17.3,1015.0,0.0,,0,0,113.5
2024-07-27 23:00:00,,24.1,18.1,30.6,0.0,,1.1,30.6,1012.6,23.1,19.1,78.0,0.0,0.0,20.2,1015.3,0.0,,0,0,106.57142857142857
2024-07-28 00:00:00,,21.2,19.3,24.0,11.6,,4.2,20.2,1021.4,21.9,19.5,86.0,0.0,0.0,7.9,1015.8,0.0,,0,0,89.57142857142857
2024-07-28 01:00:00,,21.2,19.3,24.0,11.6,,4.2,20.2,1021.4,20.6,17.6,83.0,0.0,2.9,14.8,1018.1,,,0,0,70.85714285714286
2024-07-28 02:00:00,,21.2,19.3,24.0,11.6,,4.2,20.2,1021.4,20.3,18.1,87.0,0.0,5.0,14.8,1019.1,,,0,0,55.142857142857146
2024-07-28 03:00:00,,21.2,19.3,24.0,11.6,,4.2,20.2,1021.4,19.9,18.4,91.0,0.8,5.0,13.0,1020.3,,,0,0,44.375
2024-07-28 04:00:00,,21.2,19.3,24.0,11.6,,4.2,20.2,1021.4,19.4,18.2,93.0,7.3,4.7,11.1,1021.0,,,0,0,40.57142857142857
2024-07-28 05:00:00,,21.2,19.3,24.0,11.6,,4.2,20.2,1021.4,20.2,18.7,91.0,0.1,8.6,14.8,1021.5,,,0,0,40.0
2024-07-28 06:00:00,,21.2,19.3,24.0,11.6,,4.2,20.2,1021.4,20.0,19.3,96.0,0.8,12.2,13.0,1022.6,,,0,0,40.714285714285715
2024-07-28 07:00:00,,21.2,19.3,24.0,11.6,,4.2,20.2,1021.4,19.5,18.7,95.0,1.7,8.6,13.0,1024.0,,,0,0,40.42857142857143
2024-07-28 08:00:00,,21.2,19.3,24.0,11.6,,4.2,20.2,1021.4,19.3,16.7,85.0,0.5,0.0,13.0,1023.7,,,0,0,38.5
2024-07-28 09:00:00,,21.2,19.3,24.0,11.6,,4.2,20.2,1021.4,19.4,17.4,88.0,0.2,0.0,9.0,1023.9,0.0,,0,0,38.142857142857146
2024-07-28 10:00:00,,21.2,19.3,24.0,11.6,,4.2,20.2,1021.4,19.6,17.9,90.0,0.1,3.6,9.0,1024.3,0.0,,0,0,44.42857142857143
2024-07-28 11:00:00,,21.2,19.3,24.0,11.6,,4.2,20.2,1021.4,20.0,17.4,85.0,0.1,3.6,13.0,1024.2,0.0,,0,0,47.0
2024-07-28 12:00:00,,21.2,19.3,24.0,11.6,,4.2,20.2,1021.4,20.8,17.4,81.0,0.0,7.2,14.4,1023.8,0.0,,0,0,52.857142857142854
2024-07-28 13:00:00,,21.2,19.3,24.0,11.6,,4.2,20.2,1021.4,22.1,17.5,75.0,0.0,3.6,16.2,1023.5,4.0,,0,0,50.375
2024-07-28 14:00:00,,21.2,19.3,24.0,11.6,,4.2,20.2,1021.4,21.9,17.3,75.0,0.0,7.2,16.6,1023.4,8.0,,0,0,60.285714285714285
2024-07-28 15:00:00,,21.2,19.3,24.0,11.6,,4.2,20.2,1021.4,23.0,18.1,74.0,0.0,3.6,13.3,1022.8,28.0,,0,0,60.42857142857143
2024-07-28 16:00:00,,21.2,19.3,24.0,11.6,,4.2,20.2,1021.4,23.4,18.1,72.0,0.0,3.6,13.3,1022.0,27.0,,0,0,57.714285714285715
2024-07-28 17:00:00,,21.2,19.3,24.0,11.6,,4.2,20.2,1021.4,23.7,17.9,70.0,0.0,3.6,14.8,1021.4,23.0,,0,0,57.285714285714285
2024-07-28 18:00:00,,21.2,19.3,24.0,11.6,,4.2,20.2,1021.4,22.3,17.2,73.0,0.0,3.6,14.0,1021.6,16.0,,0,0,66.25
2024-07-28 19:00:00,,21.2,19.3,24.0,11.6,,4.2,20.2,1021.4,21.9,17.7,77.0,0.0,6.8,14.4,1023.4,19.0,,0,0,74.0
2024-07-28 20:00:00,,21.2,19.3,24.0,11.6,,4.2,20.2,1021.4,21.6,17.0,75.0,0.0,3.6,7.9,1021.9,0.0,,0,0,61.714285714285715
2024-07-28 21:00:00,,21.2,19.3,24.0,11.6,,4.2,20.2,1021.4,20.9,16.9,78.0,0.0,0.0,7.2,1022.1,0.0,,0,0,46.42857142857143
2024-07-28 22:00:00,,21.2,19.3,24.0,11.6,,4.2,20.2,1021.4,20.5,16.7,79.0,0.0,3.6,7.2,1022.0,0.0,,0,0,37.714285714285715
2024-07-28 23:00:00,,21.2,19.3,24.0,11.6,,4.2,20.2,1021.4,17.8,16.1,90.0,0.0,6.1,6.8,1023.8,0.0,,0,0,32.625
2024-07-29 00:00:00,,22.3,17.6,27.6,0.0,,3.0,18.0,1020.6,19.7,16.9,84.0,0.0,0.0,6.5,1022.1,0.0,,0,0,31.0
2024-07-29 01:00:00,,22.3,17.6,27.6,0.0,,3.0,18.0,1020.6,19.6,17.0,85.0,0.0,0.0,5.0,1022.0,0.0,,0,0,31.0
2024-07-29 02:00:00,,22.3,17.6,27.6,0.0,,3.0,18.0,1020.6,19.1,16.9,87.0,0.0,3.6,5.0,1021.8,0.0,,0,0,31.0
2024-07-29 03:00:00,,22.3,17.6,27.6,0.0,,3.0,18.0,1020.6,18.9,16.9,88.0,0.0,0.0,4.3,1021.7,0.0,,0,0,31.0
2024-07-29 04:00:00,,22.3,17.6,27.6,0.0,,3.0,18.0,1020.6,17.8,15.8,88.0,0.0,0.0,5.4,1022.1,0.0,,0,0,31.0
2024-07-29 05:00:00,,22.3,17.6,27.6,0.0,,3.0,18.0,1020.6,17.6,15.4,87.0,0.0,6.5,9.0,1023.2,0.0,,0,0,31.142857142857142
2024-07-29 06:00:00,,22.3,17.6,27.6,0.0,,3.0,18.0,1020.6,19.7,16.2,80.0,0.0,0.0,6.5,1022.0,38.0,,0,0,35.0
2024-07-29 07:00:00,,22.3,17.6,27.6,0.0,,3.0,18.0,1020.6,20.5,16.5,78.0,0.0,3.6,11.2,1021.6,53.0,,0,0,66.28571428571429
2024-07-29 08:00:00,,22.3,17.6,27.6,0.0,,3.0,18.0,1020.6,22.0,18.4,80.0,0.0,4.3,12.2,1022.9,56.0,,0,0,114.14285714285714
2024-07-29 09:00:00,,22.3,17.6,27.6,0.0,,3.0,18.0,1020.6,21.9,16.6,72.0,0.0,3.6,15.5,1021.2,59.0,,0,0,190.5
2024-07-29 10:00:00,,22.3,17.6,27.6,0.0,,3.0,18.0,1020.6,23.4,17.8,71.0,0.0,3.6,14.8,1020.7,58.0,,0,0,221.0
2024-07-29 11:00:00,,22.3,17.6,27.6,0.0,,3.0,18.0,1020.6,24.1,18.1,69.0,0.0,3.6,16.2,1020.3,59.0,,0,0,218.33333333333334
2024-07-29 12:00:00,,22.3,17.6,27.6,0.0,,3.0,18.0,1020.6,25.2,17.9,64.0,0.0,3.6,14.4,1019.5,60.0,,0,0,196.85714285714286
2024-07-29 13:00:00,,22.3,17.6,27.6,0.0,,3.0,18.0,1020.6,26.4,18.8,63.0,0.0,3.6,14.8,1018.9,60.0,,0,0,203.0
2024-07-29 14:00:00,,22.3,17.6,27.6,0.0,,3.0,18.0,1020.6,27.1,18.9,61.0,0.0,3.6,16.6,1018.4,60.0,,0,0,211.71428571428572
2024-07-29 15:00:00,,22.3,17.6,27.6,0.0,,3.0,18.0,1020.6,26.4,19.0,64.0,0.0,6.8,12.6,1020.4,59.0,,0,0,186.85714285714286
2024-07-29 16:00:00,,22.3,17.6,27.6,0.0,,3.0,18.0,1020.6,26.2,18.9,64.0,0.0,5.8,13.0,1020.1,60.0,,0,0,158.0
2024-07-29 17:00:00,,22.3,17.6,27.6,0.0,,3.0,18.0,1020.6,27.6,18.9,59.0,0.0,3.6,13.0,1017.3,60.0,,0,0,109.42857142857143
2024-07-29 18:00:00,,22.3,17.6,27.6,0.0,,3.0,18.0,1020.6,26.7,18.3,60.0,0.0,3.6,18.0,1017.4,60.0,,0,0,77.5
2024-07-29 19:00:00,,22.3,17.6,27.6,0.0,,3.0,18.0,1020.6,23.1,19.3,79.0,0.0,0.0,16.2,1017.7,31.0,,0,0,77.71428571428571
2024-07-29 20:00:00,,22.3,17.6,27.6,0.0,,3.0,18.0,1020.6,22.8,18.8,78.0,0.0,3.6,8.3,1018.1,0.0,,0,0,82.14285714285714
2024-07-29 21:00:00,,22.3,17.6,27.6,0.0,,3.0,18.0,1020.6,20.8,18.9,89.0,0.0,0.0,7.9,1018.7,0.0,,0,0,66.42857142857143
2024-07-29 22:00:00,,22.3,17.6,27.6,0.0,,3.0,18.0,1020.6,20.0,18.5,91.0,0.0,0.0,6.1,1019.0,0.0,,0,0,44.42857142857143
2024-07-29 23:00:00,,22.3,17.6,27.6,0.0,,3.0,18.0,1020.6,19.0,18.2,95.0,0.0,0.0,6.1,1019.1,0.0,,0,0,36.125
2024-07-30 00:00:00,,23.5,17.1,30.6,0.0,,1.9,13.0,1016.3,18.4,17.2,93.0,0.0,0.0,4.7,1018.9,0.0,,0,0,32.142857142857146
2024-07-30 01:00:00,,23.5,17.1,30.6,0.0,,1.9,13.0,1016.3,18.2,17.6,96.0,0.0,0.0,4.3,1018.9,0.0,,0,0,32.142857142857146
2024-07-30 02:00:00,,23.5,17.1,30.6,0.0,,1.9,13.0,1016.3,17.9,17.3,96.0,0.0,0.0,5.8,1018.8,0.0,,0,0,33.0
2024-07-30 03:00:00,,23.5,17.1,30.6,0.0,,1.9,13.0,1016.3,17.6,17.0,96.0,0.0,0.0,6.1,1018.8,0.0,,0,0,33.0
2024-07-30 04:00:00,,23.5,17.1,30.6,0.0,,1.9,13.0,1016.3,17.3,16.8,97.0,0.0,0.0,4.3,1018.4,0.0,,0,0,33.75
2024-07-30 05:00:00,,23.5,17.1,30.6,0.0,,1.9,13.0,1016.3,17.1,14.0,82.0,0.0,10.4,6.5,1019.0,0.0,,0,0,33.857142857142854
2024-07-30 06:00:00,,23.5,17.1,30.6,0.0,,1.9,13.0,1016.3,20.9,18.1,84.0,0.0,0.0,5.4,1017.9,38.0,,0,0,37.0
2024-07-30 07:00:00,,23.5,17.1,30.6,0.0,,1.9,13.0,1016.3,22.7,17.4,72.0,0.0,0.0,6.5,1017.7,59.0,,0,0,74.0
2024-07-30 08:00:00,,23.5,17.1,30.6,0.0,,1.9,13.0,1016.3,23.4,18.7,75.0,0.0,3.6,11.2,1017.3,60.0,,0,0,138.42857142857142
2024-07-30 09:00:00,,23.5,17.1,30.6,0.0,,1.9,13.0,1016.3,24.6,18.1,67.0,0.0,3.6,13.0,1017.0,60.0,,0,0,197.25
2024-07-30 10:00:00,,23.5,17.1,30.6,0.0,,1.9,13.0,1016.3,25.7,19.6,69.0,0.0,3.6,9.7,1016.4,59.0,,0,0,245.85714285714286
2024-07-30 11:00:00,,23.5,17.1,30.6,0.0,,1.9,13.0,1016.3,26.8,19.4,64.0,0.0,3.6,11.9,1015.8,60.0,,0,0,241.28571428571428
2024-07-30 12:00:00,,23.5,17.1,30.6,0.0,,1.9,13.0,1016.3,28.1,19.6,60.0,0.0,3.6,10.1,1015.2,60.0,,0,0,228.71428571428572
2024-07-30 13:00:00,,23.5,17.1,30.6,0.0,,1.9,13.0,1016.3,28.9,19.8,58.0,0.0,7.2,9.7,1014.6,60.0,,0,0,207.14285714285714
2024-07-30 14:00:00,,23.5,17.1,30.6,0.0,,1.9,13.0,1016.3,29.4,19.7,56.0,0.0,3.6,9.7,1014.0,60.0,,0,0,199.71428571428572
2024-07-30 15:00:00,,23.5,17.1,30.6,0.0,,1.9,13.0,1016.3,30.5,18.6,49.0,0.0,3.6,9.7,1013.5,60.0,,0,0,198.625
2024-07-30 16:00:00,,23.5,17.1,30.6,0.0,,1.9,13.0,1016.3,30.6,18.7,49.0,0.0,3.6,8.6,1012.8,60.0,,0,0,162.0
2024-07-30 17:00:00,,23.5,17.1,30.6,0.0,,1.9,13.0,1016.3,30.2,19.9,54.0,0.0,0.0,8.3,1012.7,60.0,,0,0,131.71428571428572
2024-07-30 18:00:00,,23.5,17.1,30.6,0.0,,1.9,13.0,1016.3,27.4,21.4,70.0,0.0,0.0,6.5,1012.9,60.0,,0,0,95.14285714285714
2024-07-30 19:00:00,,23.5,17.1,30.6,0.0,,1.9,13.0,1016.3,24.6,19.7,74.0,0.0,0.0,9.0,1013.4,5.0,,0,0,95.375
2024-07-30 20:00:00,,23.5,17.1,30.6,0.0,,1.9,13.0,1016.3,23.0,18.8,77.0,0.0,0.0,11.2,1014.1,0.0,,0,0,98.42857142857143
2024-07-30 21:00:00,,23.5,17.1,30.6,0.0,,1.9,13.0,1016.3,21.2,17.6,80.0,0.0,0.0,10.1,1014.8,0.0,,0,0,88.14285714285714
2024-07-30 22:00:00,,23.5,17.1,30.6,0.0,,1.9,13.0,1016.3,20.4,17.8,85.0,0.0,7.6,12.2,1016.3,0.0,,0,0,66.28571428571429
2024-07-30 23:00:00,,23.5,17.1,30.6,0.0,,1.9,13.0,1016.3,20.8,17.0,79.0,0.0,0.0,13.0,1014.9,,,0,0,45.714285714285715
2024-07-31 00:00:00,,23.5,18.2,30.8,13.9,,2.8,63.0,1013.6,19.8,16.1,79.0,0.0,0.0,26.6,1014.9,0.0,,0,0,44.25
2024-07-31 01:00:00,,23.5,18.2,30.8,13.9,,2.8,63.0,1013.6,19.8,16.8,83.0,0.0,0.0,19.1,1014.5,0.0,,0,0,42.0
2024-07-31 02:00:00,,23.5,18.2,30.8,13.9,,2.8,63.0,1013.6,19.2,16.6,85.0,0.0,0.0,18.7,1014.4,0.0,,0,0,42.0
2024-07-31 03:00:00,,23.5,18.2,30.8,13.9,,2.8,63.0,1013.6,18.7,16.1,85.0,0.0,0.0,14.8,1014.4,,,0,0,42.0
2024-07-31 04:00:00,,23.5,18.2,30.8,13.9,,2.8,63.0,1013.6,18.2,16.4,89.0,0.0,0.0,18.0,1014.7,0.0,,0,0,42.0
2024-07-31 05:00:00,,23.5,18.2,30.8,13.9,,2.8,63.0,1013.6,18.6,16.6,88.0,0.0,0.0,15.8,1014.5,0.0,,0,0,42.714285714285715
2024-07-31 06:00:00,,23.5,18.2,30.8,13.9,,2.8,63.0,1013.6,21.6,16.3,72.0,0.0,0.0,17.6,1013.9,35.0,,0,0,45.375
2024-07-31 07:00:00,,23.5,18.2,30.8,13.9,,2.8,63.0,1013.6,24.8,16.0,58.0,0.0,0.0,13.0,1013.4,,,1,0,82.28571428571429
2024-07-31 08:00:00,,23.5,18.2,30.8,13.9,,2.8,63.0,1013.6,26.6,16.5,54.0,0.0,0.0,10.8,1012.9,60.0,,1,0,172.42857142857142
2024-07-31 09:00:00,,23.5,18.2,30.8,13.9,,2.8,63.0,1013.6,27.5,15.2,47.0,0.0,3.6,12.2,1012.9,60.0,,1,0,297.42857142857144
2024-07-31 10:00:00,,23.5,18.2,30.8,13.9,,2.8,63.0,1013.6,28.1,18.2,55.0,0.0,3.6,11.9,1012.5,60.0,,1,0,360.42857142857144
2024-07-31 11:00:00,,23.5,18.2,30.8,13.9,,2.8,63.0,1013.6,29.0,19.9,58.0,0.0,3.6,10.8,1011.8,60.0,,1,0,326.75
2024-07-31 12:00:00,,23.5,18.2,30.8,13.9,,2.8,63.0,1013.6,30.1,17.6,47.0,0.0,3.6,10.8,1011.3,59.0,,1,0,262.85714285714283
2024-07-31 13:00:00,,23.5,18.2,30.8,13.9,,2.8,63.0,1013.6,30.7,18.8,49.0,0.0,3.6,11.2,1010.2,59.0,,0,0,235.28571428571428
2024-07-31 14:00:00,,23.5,18.2,30.8,13.9,,2.8,63.0,1013.6,30.8,18.9,49.0,0.0,6.5,12.6,1013.3,60.0,,0,0,229.14285714285714
2024-07-31 15:00:00,,23.5,18.2,30.8,13.9,,2.8,63.0,1013.6,30.7,17.8,46.0,0.0,3.6,12.2,1009.4,47.0,,0,0,219.57142857142858
2024-07-31 16:00:00,,23.5,18.2,30.8,13.9,,2.8,63.0,1013.6,27.3,19.1,61.0,0.0,0.0,18.0,1010.0,0.0,,0,0,190.625
2024-07-31 17:00:00,,23.5,18.2,30.8,13.9,,2.8,63.0,1013.6,20.1,17.9,87.0,13.0,10.8,52.6,1015.3,0.0,,0,0,146.71428571428572
2024-07-31 18:00:00,,23.5,18.2,30.8,13.9,,2.8,63.0,1013.6,20.1,18.2,89.0,0.0,3.6,38.2,1014.6,0.0,,0,0,122.28571428571429
2024-07-31 19:00:00,,23.5,18.2,30.8,13.9,,2.8,63.0,1013.6,20.1,18.0,88.0,0.9,7.2,63.0,1015.5,0.0,,0,0,132.0
2024-07-31 20:00:00,,23.5,18.2,30.8,13.9,,2.8,63.0,1013.6,19.3,18.3,94.0,0.0,3.6,34.2,1015.9,0.0,,0,0,131.85714285714286
2024-07-31 21:00:00,,23.5,18.2,30.8,13.9,,2.8,63.0,1013.6,22.7,19.5,82.0,0.0,5.8,16.2,1014.6,0.0,,0,0,114.25
2024-07-31 22:00:00,,23.5,18.2,30.8,13.9,,2.8,63.0,1013.6,19.1,17.1,88.0,0.1,7.2,35.6,1014.2,0.0,,0,0,99.71428571428571
2024-07-31 23:00:00,,23.5,18.2,30.8,13.9,,2.8,63.0,1013.6,20.7,18.8,89.0,0.0,6.8,42.1,1014.3,0.0,,0,0,74.71428571428571
2024-08-01 00:00:00,,21.3,18.4,25.7,16.3,,4.3,49.0,1012.6,20.6,16.2,76.0,0.0,10.8,24.1,1013.4,0.0,,0,0,61.285714285714285
2024-08-01 01:00:00,,21.3,18.4,25.7,16.3,,4.3,49.0,1012.6,19.8,16.8,83.0,0.0,3.6,38.5,1012.7,0.0,,0,0,54.285714285714285
2024-08-01 02:00:00,,21.3,18.4,25.7,16.3,,4.3,49.0,1012.6,19.2,17.0,87.0,0.0,0.0,32.8,1012.5,0.0,,0,0,49.25
2024-08-01 03:00:00,,21.3,18.4,25.7,16.3,,4.3,49.0,1012.6,19.1,16.7,86.0,0.0,3.6,20.4,1012.7,,,0,0,49.0
2024-08-01 04:00:00,,21.3,18.4,25.7,16.3,,4.3,49.0,1012.6,18.6,17.4,93.0,1.4,0.0,11.9,1012.6,0.0,,0,0,49.857142857142854
2024-08-01 05:00:00,,21.3,18.4,25.7,16.3,,4.3,49.0,1012.6,18.4,17.6,95.0,0.2,0.0,9.4,1012.5,0.0,,0,0,49.0
2024-08-01 06:00:00,,21.3,18.4,25.7,16.3,,4.3,49.0,1012.6,19.6,17.7,89.0,0.0,3.6,8.3,1012.2,15.0,,0,0,53.142857142857146
2024-08-01 07:00:00,,21.3,18.4,25.7,16.3,,4.3,49.0,1012.6,21.1,17.3,79.0,0.0,3.6,10.4,1012.4,13.0,,0,0,90.75
2024-08-01 08:00:00,,21.3,18.4,25.7,16.3,,4.3,49.0,1012.6,22.0,16.7,72.0,0.0,3.6,11.5,1011.4,35.0,,0,0,157.0
2024-08-01 09:00:00,,21.3,18.4,25.7,16.3,,4.3,49.0,1012.6,19.3,17.4,89.0,0.0,3.6,30.6,1014.8,0.0,,0,0,256.2857142857143
2024-08-01 10:00:00,,21.3,18.4,25.7,16.3,,4.3,49.0,1012.6,18.9,17.9,94.0,8.0,3.6,20.9,1014.7,0.0,,0,0,309.2857142857143
2024-08-01 11:00:00,,21.3,18.4,25.7,16.3,,4.3,49.0,1012.6,19.4,18.2,93.0,4.0,7.2,34.2,1014.5,0.0,,0,0,294.57142857142856
2024-08-01 12:00:00,,21.3,18.4,25.7,16.3,,4.3,49.0,1012.6,21.0,18.8,87.0,0.0,7.2,28.4,1013.1,6.0,,0,0,273.875
2024-08-01 13:00:00,,21.3,18.4,25.7,16.3,,4.3,49.0,1012.6,23.8,18.4,72.0,1.7,3.6,29.2,1012.6,47.0,,0,0,278.14285714285717
2024-08-01 14:00:00,,21.3,18.4,25.7,16.3,,4.3,49.0,1012.6,25.2,18.4,66.0,0.0,3.6,14.4,1011.1,59.0,,0,0,300.0
2024-08-01 15:00:00,,21.3,18.4,25.7,16.3,,4.3,49.0,1012.6,25.7,17.9,62.0,0.0,7.2,49.0,1010.8,37.0,,0,0,331.2857142857143
2024-08-01 16:00:00,,21.3,18.4,25.7,16.3,,4.3,49.0,1012.6,24.5,18.2,68.0,0.0,3.6,31.7,1011.2,4.0,,0,0,318.14285714285717
2024-08-01 17:00:00,,21.3,18.4,25.7,16.3,,4.3,49.0,1012.6,25.4,19.5,70.0,0.0,3.6,9.4,1010.5,23.0,,0,0,239.625
2024-08-01 18:00:00,,21.3,18.4,25.7,16.3,,4.3,49.0,1012.6,24.1,19.4,75.0,0.0,3.6,13.0,1011.0,53.0,,0,0,176.14285714285714
2024-08-01 19:00:00,,21.3,18.4,25.7,16.3,,4.3,49.0,1012.6,22.4,17.3,73.0,0.7,9.0,19.1,1013.2,4.0,,0,0,150.28571428571428
2024-08-01 20:00:00,,21.3,18.4,25.7,16.3,,4.3,49.0,1012.6,22.4,18.4,78.0,0.2,3.6,22.7,1011.9,0.0,,0,0,150.14285714285714
2024-08-01 21:00:00,,21.3,18.4,25.7,16.3,,4.3,49.0,1012.6,21.3,19.0,87.0,0.0,0.0,24.8,1012.4,0.0,,0,0,125.42857142857143
2024-08-01 22:00:00,,21.3,18.4,25.7,16.3,,4.3,49.0,1012.6,20.9,18.7,87.0,0.0,3.6,23.8,1012.0,0.0,,0,0,84.375
2024-08-01 23:00:00,,21.3,18.4,25.7,16.3,,4.3,49.0,1012.6,21.2,18.0,82.0,0.0,7.2,24.5,1012.1,0.0,,0,0,62.714285714285715
2024-08-02 00:00:00,,22.8,19.4,27.1,3.0,,4.1,25.9,1011.2,20.6,18.0,85.0,0.0,3.6,24.5,1012.1,0.0,,0,0,54.714285714285715
2024-08-02 01:00:00,,22.8,19.4,27.1,3.0,,4.1,25.9,1011.2,20.4,17.4,83.0,0.0,3.6,24.1,1012.5,0.0,,0,0,51.714285714285715
2024-08-02 02:00:00,,22.8,19.4,27.1,3.0,,4.1,25.9,1011.2,20.0,18.0,88.0,0.0,3.6,20.5,1012.2,0.0,,0,0,51.0
2024-08-02 03:00:00,,22.8,19.4,27.1,3.0,,4.1,25.9,1011.2,19.4,18.2,93.0,0.0,0.0,14.8,1012.2,0.0,,0,0,50.0
2024-08-02 04:00:00,,22.8,19.4,27.1,3.0,,4.1,25.9,1011.2,19.4,18.1,92.0,0.0,0.0,9.7,1012.3,0.0,,0,0,50.0
2024-08-02 05:00:00,,22.8,19.4,27.1,3.0,,4.1,25.9,1011.2,19.7,18.2,91.0,0.0,3.6,15.5,1012.0,0.0,,0,0,49.714285714285715
2024-08-02 06:00:00,,22.8,19.4,27.1,3.0,,4.1,25.9,1011.2,21.0,16.8,77.0,0.0,3.6,19.4,1011.8,26.0,,0,0,50.57142857142857
2024-08-02 07:00:00,,22.8,19.4,27.1,3.0,,4.1,25.9,1011.2,21.2,17.2,78.0,0.0,7.2,15.8,1012.2,34.0,,0,0,83.28571428571429
2024-08-02 08:00:00,,22.8,19.4,27.1,3.0,,4.1,25.9,1011.2,22.5,17.6,74.0,0.0,3.6,16.6,1012.3,43.0,,0,0,135.75
2024-08-02 09:00:00,,22.8,19.4,27.1,3.0,,4.1,25.9,1011.2,24.3,17.8,67.0,0.0,0.0,15.8,1011.5,55.0,,0,0,209.28571428571428
2024-08-02 10:00:00,,22.8,19.4,27.1,3.0,,4.1,25.9,1011.2,25.5,16.6,58.0,0.0,3.6,15.5,1011.3,52.0,,0,0,267.14285714285717
2024-08-02 11:00:00,,22.8,19.4,27.1,3.0,,4.1,25.9,1011.2,25.5,17.9,63.0,0.0,3.6,15.5,1011.1,58.0,,0,0,307.14285714285717
2024-08-02 12:00:00,,22.8,19.4,27.1,3.0,,4.1,25.9,1011.2,25.0,17.7,64.0,0.0,3.6,15.5,1010.8,60.0,,0,0,296.14285714285717
2024-08-02 13:00:00,,22.8,19.4,27.1,3.0,,4.1,25.9,1011.2,27.1,16.7,53.0,0.3,7.2,15.8,1010.4,60.0,,0,0,276.25
2024-08-02 14:00:00,,22.8,19.4,27.1,3.0,,4.1,25.9,1011.2,26.8,16.1,52.0,0.6,7.2,25.9,1009.9,24.0,,0,0,270.5
2024-08-02 15:00:00,,22.8,19.4,27.1,3.0,,4.1,25.9,1011.2,26.8,17.0,55.0,1.9,7.2,22.7,1009.7,56.0,,0,0,273.5
2024-08-05 13:00:00,,21.7,18.4,26.4,0.0,,3.1,16.2,1013.8,24.9,16.3,59.0,0.0,7.2,15.5,1012.8,60.0,,0,0,203.5
2024-08-05 14:00:00,,21.7,18.4,26.4,0.0,,3.1,16.2,1013.8,25.6,16.7,58.0,0.0,7.2,13.7,1012.2,60.0,,0,0,228.0
2024-08-05 15:00:00,,21.7,18.4,26.4,0.0,,3.1,16.2,1013.8,26.2,15.6,52.0,0.0,3.6,14.8,1011.9,60.0,,0,0,255.125
2024-08-05 16:00:00,,21.7,18.4,26.4,0.0,,3.1,16.2,1013.8,26.4,13.9,46.0,0.0,3.6,12.6,1011.7,60.0,,0,0,264.0
2024-08-05 17:00:00,,21.7,18.4,26.4,0.0,,3.1,16.2,1013.8,26.3,14.4,48.0,0.0,3.6,11.5,1011.4,60.0,,0,0,234.85714285714286
2024-08-05 18:00:00,,21.7,18.4,26.4,0.0,,3.1,16.2,1013.8,24.3,16.8,63.0,0.0,3.6,8.3,1011.7,60.0,,0,0,205.57142857142858
2024-08-05 19:00:00,,21.7,18.4,26.4,0.0,,3.1,16.2,1013.8,21.5,17.9,80.0,0.0,3.6,9.0,1012.4,28.0,,0,0,181.28571428571428
2024-08-05 20:00:00,,21.7,18.4,26.4,0.0,,3.1,16.2,1013.8,20.1,17.1,83.0,0.0,0.0,9.7,1013.1,0.0,,0,0,180.625
2024-08-05 21:00:00,,21.7,18.4,26.4,0.0,,3.1,16.2,1013.8,18.7,16.8,89.0,0.0,0.0,9.0,1013.1,0.0,,0,0,172.0
2024-08-05 22:00:00,,21.7,18.4,26.4,0.0,,3.1,16.2,1013.8,18.4,16.9,91.0,0.0,0.0,7.9,1013.4,0.0,,0,0,154.28571428571428
2024-08-05 23:00:00,,21.7,18.4,26.4,0.0,,3.1,16.2,1013.8,17.9,16.8,93.0,0.0,0.0,7.2,1013.4,0.0,,0,0,147.71428571428572
2024-08-06 00:00:00,,22.3,16.1,29.1,0.0,,2.9,13.3,1011.5,17.2,16.2,94.0,0.0,0.0,6.8,1013.3,0.0,,0,0,146.0
2024-08-06 01:00:00,,22.3,16.1,29.1,0.0,,2.9,13.3,1011.5,17.0,15.9,93.0,0.0,0.0,6.1,1013.1,0.0,,0,0,146.0
2024-08-06 02:00:00,,22.3,16.1,29.1,0.0,,2.9,13.3,1011.5,16.6,15.8,95.0,0.0,0.0,6.1,1012.9,0.0,,0,0,146.0
2024-08-06 03:00:00,,22.3,16.1,29.1,0.0,,2.9,13.3,1011.5,16.5,15.7,95.0,0.0,3.6,10.4,1012.6,0.0,,0,0,146.0
2024-08-06 04:00:00,,22.3,16.1,29.1,0.0,,2.9,13.3,1011.5,16.1,15.8,98.0,0.0,0.0,8.6,1012.8,0.0,,0,0,146.0
2024-08-06 05:00:00,,22.3,16.1,29.1,0.0,,2.9,13.3,1011.5,16.8,15.8,94.0,0.0,0.0,7.2,1012.7,0.0,,0,0,147.57142857142858
2024-08-06 06:00:00,,22.3,16.1,29.1,0.0,,2.9,13.3,1011.5,19.8,16.2,80.0,0.0,3.6,6.1,1012.4,29.0,,0,0,152.125
2024-08-06 07:00:00,,22.3,16.1,29.1,0.0,,2.9,13.3,1011.5,22.0,16.5,71.0,0.0,0.0,6.5,1011.8,59.0,,0,0,185.57142857142858
2024-08-06 08:00:00,,22.3,16.1,29.1,0.0,,2.9,13.3,1011.5,22.8,16.6,68.0,0.0,3.6,9.4,1011.5,60.0,,0,0,231.71428571428572
2024-08-06 09:00:00,,22.3,16.1,29.1,0.0,,2.9,13.3,1011.5,24.1,16.1,61.0,0.0,3.6,11.9,1011.3,60.0,,0,0,300.57142857142856
2024-08-06 10:00:00,,22.3,16.1,29.1,0.0,,2.9,13.3,1011.5,24.4,18.6,70.0,0.0,7.2,13.3,1011.2,60.0,,0,0,349.57142857142856
2024-08-06 11:00:00,,22.3,16.1,29.1,0.0,,2.9,13.3,1011.5,25.7,16.5,57.0,0.0,7.2,11.5,1010.8,60.0,,0,0,350.625
2024-08-06 12:00:00,,22.3,16.1,29.1,0.0,,2.9,13.3,1011.5,26.8,15.8,51.0,0.0,3.6,12.2,1010.5,60.0,,0,0,325.2857142857143
2024-08-06 13:00:00,,22.3,16.1,29.1,0.0,,2.9,13.3,1011.5,27.9,15.2,46.0,0.0,7.2,10.4,1009.9,60.0,,0,0,317.7142857142857
2024-08-06 14:00:00,,22.3,16.1,29.1,0.0,,2.9,13.3,1011.5,28.5,14.7,43.0,0.0,7.2,11.2,1009.5,60.0,,0,0,328.85714285714283
2024-08-06 15:00:00,,22.3,16.1,29.1,0.0,,2.9,13.3,1011.5,29.1,15.3,43.0,0.0,3.6,10.1,1009.2,59.0,,0,0,311.7142857142857
2024-08-06 16:00:00,,22.3,16.1,29.1,0.0,,2.9,13.3,1011.5,26.7,17.2,56.0,0.0,4.3,10.1,1012.0,60.0,,0,0,273.75
2024-08-06 17:00:00,,22.3,16.1,29.1,0.0,,2.9,13.3,1011.5,29.0,16.9,48.0,0.0,0.0,11.9,1008.7,60.0,,0,0,252.28571428571428
2024-08-06 18:00:00,,22.3,16.1,29.1,0.0,,2.9,13.3,1011.5,27.4,18.1,57.0,0.0,3.6,9.4,1008.9,45.0,,0,0,232.85714285714286
2024-08-06 19:00:00,,22.3,16.1,29.1,0.0,,2.9,13.3,1011.5,21.9,18.5,81.0,0.0,6.5,8.3,1012.3,5.0,,0,0,246.0
2024-08-06 20:00:00,,22.3,16.1,29.1,0.0,,2.9,13.3,1011.5,22.0,18.0,78.0,0.0,0.0,7.6,1010.4,0.0,,0,0,236.57142857142858
2024-08-06 21:00:00,,22.3,16.1,29.1,0.0,,2.9,13.3,1011.5,20.8,18.2,85.0,0.0,3.6,7.9,1010.8,0.0,,0,0,206.125
2024-08-06 22:00:00,,22.3,16.1,29.1,0.0,,2.9,13.3,1011.5,20.4,18.0,86.0,0.0,0.0,6.8,1011.1,0.0,,0,0,178.28571428571428
2024-08-06 23:00:00,,22.3,16.1,29.1,0.0,,2.9,13.3,1011.5,19.6,17.6,88.0,0.0,0.0,7.2,1011.3,0.0,,0,0,158.42857142857142
2024-08-07 00:00:00,,20.8,17.8,24.1,5.3,,3.2,37.4,1012.8,19.4,17.0,86.0,0.0,0.0,10.4,1011.6,0.0,,0,0,153.57142857142858
2024-08-07 01:00:00,,20.8,17.8,24.1,5.3,,3.2,37.4,1012.8,18.7,17.9,95.0,0.0,0.0,5.8,1011.7,0.0,,0,0,151.14285714285714
2024-08-07 02:00:00,,20.8,17.8,24.1,5.3,,3.2,37.4,1012.8,18.4,17.6,95.0,0.0,0.0,7.2,1011.8,0.0,,0,0,150.14285714285714
2024-08-07 03:00:00,,20.8,17.8,24.1,5.3,,3.2,37.4,1012.8,18.0,17.4,96.0,0.0,0.0,6.8,1012.1,0.0,,0,0,150.0
2024-08-07 04:00:00,,20.8,17.8,24.1,5.3,,3.2,37.4,1012.8,17.8,17.2,96.0,0.0,3.6,6.5,1011.9,0.0,,0,0,149.71428571428572
2024-08-07 05:00:00,,20.8,17.8,24.1,5.3,,3.2,37.4,1012.8,17.8,17.2,96.0,0.0,0.0,9.4,1011.9,0.0,,0,0,149.0
2024-08-07 06:00:00,,20.8,17.8,24.1,5.3,,3.2,37.4,1012.8,20.8,18.0,84.0,0.0,3.6,4.7,1011.6,27.0,,0,0,150.85714285714286
2024-08-07 07:00:00,,20.8,17.8,24.1,5.3,,3.2,37.4,1012.8,22.9,17.1,70.0,0.0,0.0,6.5,1011.2,60.0,,1,0,189.5
2024-08-07 08:00:00,,20.8,17.8,24.1,5.3,,3.2,37.4,1012.8,21.9,18.7,82.0,0.5,7.2,21.2,1013.7,8.0,,1,0,269.57142857142856
2024-08-07 09:00:00,,20.8,17.8,24.1,5.3,,3.2,37.4,1012.8,18.0,16.5,91.0,0.4,3.6,37.4,1015.7,0.0,,1,0,401.14285714285717
2024-08-07 10:00:00,,20.8,17.8,24.1,5.3,,3.2,37.4,1012.8,19.0,17.1,89.0,2.0,3.6,25.2,1015.5,0.0,,1,0,403.2857142857143
2024-08-07 11:00:00,,20.8,17.8,24.1,5.3,,3.2,37.4,1012.8,20.4,17.6,84.0,1.9,3.6,18.7,1015.6,7.0,,1,0,378.75
2024-08-07 12:00:00,,20.8,17.8,24.1,5.3,,3.2,37.4,1012.8,23.4,17.2,68.0,0.4,7.2,28.1,1013.3,16.0,,1,0,364.7142857142857
2024-08-07 13:00:00,,20.8,17.8,24.1,5.3,,3.2,37.4,1012.8,23.9,17.4,67.0,0.0,7.2,23.4,1012.8,47.0,,0,0,364.57142857142856
2024-08-07 14:00:00,,20.8,17.8,24.1,5.3,,3.2,37.4,1012.8,24.1,17.1,65.0,0.1,7.2,16.9,1012.3,36.0,,0,0,371.57142857142856
2024-08-07 15:00:00,,20.8,17.8,24.1,5.3,,3.2,37.4,1012.8,23.6,17.6,69.0,0.0,7.2,20.9,1012.8,51.0,,0,0,392.57142857142856
2024-08-07 16:00:00,,20.8,17.8,24.1,5.3,,3.2,37.4,1012.8,23.8,16.8,65.0,0.0,7.2,14.0,1011.8,34.0,,0,0,347.125
2024-08-07 17:00:00,,20.8,17.8,24.1,5.3,,3.2,37.4,1012.8,22.9,17.8,73.0,0.0,3.6,12.6,1012.6,0.0,,0,0,283.85714285714283
2024-08-07 18:00:00,,20.8,17.8,24.1,5.3,,3.2,37.4,1012.8,22.3,18.5,79.0,0.0,0.0,10.8,1012.9,5.0,,0,0,254.57142857142858
2024-08-07 19:00:00,,20.8,17.8,24.1,5.3,,3.2,37.4,1012.8,21.1,18.5,85.0,0.0,3.6,8.6,1013.3,5.0,,0,0,244.71428571428572
2024-08-07 20:00:00,,20.8,17.8,24.1,5.3,,3.2,37.4,1012.8,20.8,17.6,82.0,0.0,3.6,10.1,1013.9,0.0,,0,0,242.14285714285714
2024-08-07 21:00:00,,20.8,17.8,24.1,5.3,,3.2,37.4,1012.8,19.6,17.4,87.0,0.0,3.6,11.9,1014.5,0.0,,0,0,227.25
2024-08-07 22:00:00,,20.8,17.8,24.1,5.3,,3.2,37.4,1012.8,19.1,17.2,89.0,0.0,3.6,27.7,1014.8,0.0,,0,0,201.85714285714286
2024-08-07 23:00:00,,20.8,17.8,24.1,5.3,,3.2,37.4,1012.8,18.6,16.8,89.0,0.0,0.0,28.1,1014.7,0.0,,0,0,184.71428571428572
2024-08-08 00:00:00,,20.5,17.2,25.8,6.0,,2.3,28.1,1015.7,18.1,16.4,90.0,0.0,0.0,28.1,1014.6,0.0,,0,0,169.28571428571428
2024-08-08 01:00:00,,20.5,17.2,25.8,6.0,,2.3,28.1,1015.7,17.7,16.4,92.0,0.0,0.0,27.7,1014.8,0.0,,0,0,154.42857142857142
2024-08-08 02:00:00,,20.5,17.2,25.8,6.0,,2.3,28.1,1015.7,17.2,16.6,96.0,0.1,0.0,20.9,1014.7,0.0,,0,0,149.0
2024-08-08 03:00:00,,20.5,17.2,25.8,6.0,,2.3,28.1,1015.7,17.7,16.0,90.0,0.0,3.6,19.1,1014.6,0.0,,0,0,148.0
2024-08-08 04:00:00,,20.5,17.2,25.8,6.0,,2.3,28.1,1015.7,17.7,16.4,92.0,0.0,3.6,27.7,1015.1,0.0,,0,0,148.57142857142858
2024-08-08 05:00:00,,20.5,17.2,25.8,6.0,,2.3,28.1,1015.7,17.8,17.2,96.0,2.0,3.6,23.8,1015.3,0.0,,0,0,148.875
2024-08-08 06:00:00,,20.5,17.2,25.8,6.0,,2.3,28.1,1015.7,19.2,16.1,82.0,0.0,5.4,14.8,1016.4,0.0,,0,0,151.28571428571428
2024-08-08 07:00:00,,20.5,17.2,25.8,6.0,,2.3,28.1,1015.7,19.9,18.7,93.0,0.4,0.0,20.5,1016.0,0.0,,0,0,190.85714285714286
2024-08-08 08:00:00,,20.5,17.2,25.8,6.0,,2.3,28.1,1015.7,19.7,18.4,92.0,0.6,3.6,15.5,1016.5,0.0,,0,0,248.28571428571428
2024-08-08 09:00:00,,20.5,17.2,25.8,6.0,,2.3,28.1,1015.7,20.0,18.5,91.0,1.2,3.6,23.8,1016.5,0.0,,0,0,313.57142857142856
2024-08-08 10:00:00,,20.5,17.2,25.8,6.0,,2.3,28.1,1015.7,20.4,18.7,90.0,1.0,3.6,11.9,1016.9,0.0,,0,0,380.75
2024-08-08 11:00:00,,20.5,17.2,25.8,6.0,,2.3,28.1,1015.7,20.8,18.0,84.0,0.6,0.0,14.0,1017.1,0.0,,0,0,390.14285714285717
2024-08-08 12:00:00,,20.5,17.2,25.8,6.0,,2.3,28.1,1015.7,20.9,19.4,91.0,0.1,3.6,18.0,1016.8,4.0,,0,0,391.42857142857144
2024-08-08 13:00:00,,20.5,17.2,25.8,6.0,,2.3,28.1,1015.7,22.7,19.5,82.0,0.0,3.6,17.6,1016.2,9.0,,0,0,366.85714285714283
2024-08-08 14:00:00,,20.5,17.2,25.8,6.0,,2.3,28.1,1015.7,23.8,19.3,76.0,0.0,3.6,12.2,1015.6,47.0,,0,0,364.85714285714283
2024-08-08 15:00:00,,20.5,17.2,25.8,6.0,,2.3,28.1,1015.7,25.5,16.1,56.0,0.0,3.6,17.3,1015.2,46.0,,0,0,345.75
2024-08-08 16:00:00,,20.5,17.2,25.8,6.0,,2.3,28.1,1015.7,25.8,16.6,57.0,0.0,0.0,14.4,1014.9,49.0,,0,0,256.57142857142856
2024-08-08 17:00:00,,20.5,17.2,25.8,6.0,,2.3,28.1,1015.7,24.8,17.0,62.0,0.0,3.6,11.5,1015.1,59.0,,0,0,204.42857142857142
2024-08-08 18:00:00,,20.5,17.2,25.8,6.0,,2.3,28.1,1015.7,23.7,17.7,69.0,0.0,0.0,8.3,1015.5,28.0,,0,0,156.42857142857142
2024-08-08 19:00:00,,20.5,17.2,25.8,6.0,,2.3,28.1,1015.7,21.9,18.1,79.0,0.0,3.6,7.2,1016.0,14.0,,0,0,148.85714285714286
2024-08-08 20:00:00,,20.5,17.2,25.8,6.0,,2.3,28.1,1015.7,20.2,18.1,88.0,0.0,0.0,10.1,1016.7,0.0,,0,0,151.625
2024-08-08 21:00:00,,20.5,17.2,25.8,6.0,,2.3,28.1,1015.7,19.5,17.8,90.0,0.0,3.6,9.4,1017.0,0.0,,0,0,119.0
2024-08-08 22:00:00,,20.5,17.2,25.8,6.0,,2.3,28.1,1015.7,18.6,17.4,93.0,0.0,0.0,6.8,1017.6,0.0,,0,0,84.42857142857143
2024-08-08 23:00:00,,20.5,17.2,25.8,6.0,,2.3,28.1,1015.7,17.9,17.1,95.0,0.0,0.0,7.2,1017.7,0.0,,0,0,57.142857142857146
2024-08-09 00:00:00,,21.6,16.0,27.9,0.0,,3.0,15.8,1017.8,17.6,17.0,96.0,0.0,0.0,6.5,1017.8,0.0,,0,0,48.42857142857143
2024-08-09 01:00:00,,21.6,16.0,27.9,0.0,,3.0,15.8,1017.8,16.9,16.4,97.0,0.0,0.0,6.5,1017.8,0.0,,0,0,44.0
2024-08-09 02:00:00,,21.6,16.0,27.9,0.0,,3.0,15.8,1017.8,16.6,16.3,98.0,0.0,0.0,11.1,1017.9,,,0,0,43.142857142857146
2024-08-09 03:00:00,,21.6,16.0,27.9,0.0,,3.0,15.8,1017.8,16.3,16.1,99.0,0.0,0.0,6.8,1017.6,0.0,,0,0,43.0
2024-08-09 04:00:00,,21.6,16.0,27.9,0.0,,3.0,15.8,1017.8,16.0,15.8,99.0,0.0,0.0,7.2,1017.8,0.0,,0,0,43.0
2024-08-09 05:00:00,,21.6,16.0,27.9,0.0,,3.0,15.8,1017.8,16.4,16.1,98.0,0.0,0.0,5.8,1018.5,0.0,,0,0,43.0
2024-08-09 06:00:00,,21.6,16.0,27.9,0.0,,3.0,15.8,1017.8,18.1,16.9,93.0,0.0,3.6,6.5,1018.4,7.0,,0,0,33.375
2024-08-09 07:00:00,,21.6,16.0,27.9,0.0,,3.0,15.8,1017.8,20.4,17.2,82.0,0.0,3.6,8.3,1018.6,59.0,,0,0,49.0
2024-08-09 08:00:00,,21.6,16.0,27.9,0.0,,3.0,15.8,1017.8,22.2,17.3,74.0,0.0,3.6,10.1,1018.1,60.0,,0,0,99.0
2024-08-09 09:00:00,,21.6,16.0,27.9,0.0,,3.0,15.8,1017.8,22.9,18.0,74.0,0.0,3.6,12.6,1018.2,60.0,,0,0,173.57142857142858
2024-08-09 10:00:00,,21.6,16.0,27.9,0.0,,3.0,15.8,1017.8,24.3,18.5,70.0,0.0,7.2,13.0,1019.8,60.0,,0,0,213.66666666666666
2024-08-09 11:00:00,,21.6,16.0,27.9,0.0,,3.0,15.8,1017.8,24.6,16.3,60.0,0.0,7.2,13.3,1017.7,59.0,,0,0,224.57142857142858
2024-08-09 12:00:00,,21.6,16.0,27.9,0.0,,3.0,15.8,1017.8,25.6,15.3,53.0,0.0,7.2,11.9,1017.4,60.0,,0,0,200.71428571428572
2024-08-09 13:00:00,,21.6,16.0,27.9,0.0,,3.0,15.8,1017.8,26.4,17.2,57.0,0.0,3.6,14.0,1016.9,60.0,,0,0,168.75
2024-08-09 14:00:00,,21.6,16.0,27.9,0.0,,3.0,15.8,1017.8,25.9,19.5,68.0,0.0,7.6,15.8,1019.0,60.0,,0,0,141.14285714285714
2024-08-09 15:00:00,,21.6,16.0,27.9,0.0,,3.0,15.8,1017.8,27.1,16.4,52.0,0.0,7.2,15.5,1016.5,59.0,,0,0,154.85714285714286
2024-08-09 16:00:00,,21.6,16.0,27.9,0.0,,3.0,15.8,1017.8,27.9,15.6,47.0,0.0,7.2,10.8,1016.3,59.0,,0,0,148.85714285714286
2024-08-09 17:00:00,,21.6,16.0,27.9,0.0,,3.0,15.8,1017.8,27.7,16.3,50.0,0.0,3.6,8.6,1016.2,59.0,,0,0,121.28571428571429
2024-08-09 18:00:00,,21.6,16.0,27.9,0.0,,3.0,15.8,1017.8,25.5,17.4,61.0,0.0,3.6,10.4,1016.6,60.0,,0,0,103.0
2024-08-09 19:00:00,,21.6,16.0,27.9,0.0,,3.0,15.8,1017.8,22.8,18.6,77.0,0.0,3.6,8.3,1017.6,23.0,,0,0,110.71428571428571
2024-08-09 20:00:00,,21.6,16.0,27.9,0.0,,3.0,15.8,1017.8,20.9,18.7,87.0,0.0,0.0,8.6,1018.7,0.0,,0,0,127.57142857142857
2024-08-09 21:00:00,,21.6,16.0,27.9,0.0,,3.0,15.8,1017.8,19.9,18.4,91.0,0.0,0.0,9.0,1019.3,0.0,,0,0,122.14285714285714
2024-08-09 22:00:00,,21.6,16.0,27.9,0.0,,3.0,15.8,1017.8,20.1,17.1,83.0,0.0,3.6,9.7,1019.4,0.0,,0,0,113.57142857142857
2024-08-09 23:00:00,,21.6,16.0,27.9,0.0,,3.0,15.8,1017.8,19.4,17.2,87.0,0.0,0.0,11.5,1019.8,0.0,,0,0,88.875
2024-08-10 00:00:00,,22.9,16.9,29.1,0.1,,3.6,12.6,1020.0,18.4,16.7,90.0,0.0,0.0,6.8,1020.4,0.0,,0,0,51.285714285714285
2024-08-10 01:00:00,,22.9,16.9,29.1,0.1,,3.6,12.6,1020.0,18.0,16.9,93.0,0.0,0.0,7.2,1020.4,0.0,,0,0,36.0
2024-08-10 02:00:00,,22.9,16.9,29.1,0.1,,3.6,12.6,1020.0,17.9,16.8,93.0,0.0,0.0,7.2,1020.5,0.0,,0,0,28.428571428571427
2024-08-10 03:00:00,,22.9,16.9,29.1,0.1,,3.6,12.6,1020.0,17.5,16.5,94.0,0.0,0.0,9.0,1020.6,0.0,,0,0,21.714285714285715
2024-08-10 04:00:00,,22.9,16.9,29.1,0.1,,3.6,12.6,1020.0,17.0,16.4,96.0,0.0,0.0,7.9,1020.9,0.0,,0,0,20.0
2024-08-10 05:00:00,,22.9,16.9,29.1,0.1,,3.6,12.6,1020.0,16.9,14.7,87.0,0.0,6.1,5.8,1021.9,0.0,,0,0,20.0
2024-08-10 06:00:00,,22.9,16.9,29.1,0.1,,3.6,12.6,1020.0,19.8,16.4,81.0,0.0,5.8,5.0,1022.1,23.0,,0,0,22.142857142857142
2024-08-10 07:00:00,,22.9,16.9,29.1,0.1,,3.6,12.6,1020.0,23.0,17.0,69.0,0.1,3.6,8.3,1020.6,59.0,,1,0,27.285714285714285
2024-08-10 08:00:00,,22.9,16.9,29.1,0.1,,3.6,12.6,1020.0,24.0,18.2,70.0,0.0,2.9,9.7,1022.2,60.0,,1,0,79.28571428571429
2024-08-10 09:00:00,,22.9,16.9,29.1,0.1,,3.6,12.6,1020.0,25.5,17.7,62.0,0.0,3.6,12.6,1020.0,60.0,,1,0,238.375
2024-08-10 10:00:00,,22.9,16.9,29.1,0.1,,3.6,12.6,1020.0,26.2,18.6,63.0,0.0,3.6,11.9,1019.8,60.0,,1,0,376.57142857142856
2024-08-10 11:00:00,,22.9,16.9,29.1,0.1,,3.6,12.6,1020.0,26.2,17.6,59.0,0.0,7.2,11.9,1019.9,60.0,,1,0,382.85714285714283
2024-08-10 12:00:00,,22.9,16.9,29.1,0.1,,3.6,12.6,1020.0,27.1,17.0,54.0,0.0,7.2,12.6,1019.7,60.0,,1,0,284.14285714285717
2024-08-10 13:00:00,,22.9,16.9,29.1,0.1,,3.6,12.6,1020.0,27.6,17.2,53.0,0.0,7.2,12.2,1019.3,60.0,,0,0,216.0
2024-08-10 14:00:00,,22.9,16.9,29.1,0.1,,3.6,12.6,1020.0,28.4,17.0,50.0,0.0,7.2,12.2,1018.9,60.0,,0,0,137.5
2024-08-10 15:00:00,,22.9,16.9,29.1,0.1,,3.6,12.6,1020.0,28.8,16.0,46.0,0.0,7.2,10.1,1018.5,60.0,,0,0,84.71428571428571
2024-08-10 16:00:00,,22.9,16.9,29.1,0.1,,3.6,12.6,1020.0,29.1,16.3,46.0,0.0,7.2,9.7,1018.3,60.0,,0,0,74.57142857142857
2024-08-10 17:00:00,,22.9,16.9,29.1,0.1,,3.6,12.6,1020.0,28.6,17.5,51.0,0.0,3.6,7.6,1017.8,60.0,,0,0,52.0
2024-08-10 18:00:00,,22.9,16.9,29.1,0.1,,3.6,12.6,1020.0,25.9,16.7,57.0,0.0,0.0,7.2,1018.1,60.0,,0,0,57.42857142857143
2024-08-10 19:00:00,,22.9,16.9,29.1,0.1,,3.6,12.6,1020.0,23.1,18.8,77.0,0.0,0.0,7.9,1018.6,24.0,,0,0,70.875
2024-08-10 20:00:00,,22.9,16.9,29.1,0.1,,3.6,12.6,1020.0,21.2,18.8,86.0,0.0,6.1,10.1,1021.6,0.0,,0,0,91.28571428571429
2024-08-10 21:00:00,,22.9,16.9,29.1,0.1,,3.6,12.6,1020.0,20.4,18.0,86.0,0.0,3.6,7.9,1020.0,0.0,,0,0,99.28571428571429
2024-08-10 22:00:00,,22.9,16.9,29.1,0.1,,3.6,12.6,1020.0,19.6,17.6,88.0,0.0,0.0,6.5,1020.4,0.0,,0,0,87.14285714285714
2024-08-10 23:00:00,,22.9,16.9,29.1,0.1,,3.6,12.6,1020.0,19.0,17.3,90.0,0.0,0.0,9.0,1020.7,0.0,,0,0,72.42857142857143
2024-08-11 00:00:00,,23.9,17.2,31.4,0.0,,3.2,14.0,1017.9,18.3,17.1,93.0,0.0,0.0,9.0,1020.8,0.0,,0,0,48.625
2024-08-11 01:00:00,,23.9,17.2,31.4,0.0,,3.2,14.0,1017.9,18.4,17.1,92.0,0.0,0.0,7.9,1020.6,0.0,,0,0,35.142857142857146
2024-08-11 02:00:00,,23.9,17.2,31.4,0.0,,3.2,14.0,1017.9,17.7,16.9,95.0,0.0,0.0,6.5,1020.5,0.0,,0,0,26.571428571428573
2024-08-11 03:00:00,,23.9,17.2,31.4,0.0,,3.2,14.0,1017.9,17.4,16.8,96.0,0.0,0.0,5.0,1020.3,0.0,,0,0,22.142857142857142
2024-08-11 04:00:00,,23.9,17.2,31.4,0.0,,3.2,14.0,1017.9,17.2,16.6,96.0,0.0,0.0,5.4,1020.3,0.0,,0,0,19.857142857142858
2024-08-11 05:00:00,,23.9,17.2,31.4,0.0,,3.2,14.0,1017.9,17.7,17.1,96.0,0.0,0.0,5.0,1020.2,0.0,,0,0,16.0
2024-08-11 06:00:00,,23.9,17.2,31.4,0.0,,3.2,14.0,1017.9,21.3,17.5,79.0,0.0,3.6,4.7,1019.8,22.0,,0,0,16.0
2024-08-11 07:00:00,,23.9,17.2,31.4,0.0,,3.2,14.0,1017.9,22.8,18.1,75.0,0.0,0.0,6.8,1019.4,60.0,,0,0,16.857142857142858
2024-08-11 08:00:00,,23.9,17.2,31.4,0.0,,3.2,14.0,1017.9,24.1,18.3,70.0,0.0,3.6,8.6,1018.9,60.0,,0,0,19.571428571428573
2024-08-11 09:00:00,,23.9,17.2,31.4,0.0,,3.2,14.0,1017.9,25.8,19.0,66.0,0.0,7.2,10.8,1018.7,60.0,,0,0,23.571428571428573
2024-08-11 10:00:00,,23.9,17.2,31.4,0.0,,3.2,14.0,1017.9,26.6,20.7,70.0,0.0,7.2,14.0,1017.9,60.0,,0,0,29.75
2024-08-11 11:00:00,,23.9,17.2,31.4,0.0,,3.2,14.0,1017.9,27.5,20.3,65.0,0.0,7.2,13.0,1017.3,59.0,,0,0,29.285714285714285
2024-08-11 12:00:00,,23.9,17.2,31.4,0.0,,3.2,14.0,1017.9,28.2,20.2,62.0,0.0,7.2,13.7,1016.6,60.0,,0,0,36.42857142857143
2024-08-11 13:00:00,,23.9,17.2,31.4,0.0,,3.2,14.0,1017.9,29.0,21.0,62.0,0.0,7.2,13.3,1015.9,60.0,,0,0,34.0
2024-08-11 14:00:00,,23.9,17.2,31.4,0.0,,3.2,14.0,1017.9,30.1,20.9,58.0,0.0,7.2,13.3,1015.1,60.0,,0,0,30.0
2024-08-11 15:00:00,,23.9,17.2,31.4,0.0,,3.2,14.0,1017.9,29.2,23.4,71.0,0.0,6.1,12.6,1017.7,60.0,,0,0,27.875
2024-08-11 16:00:00,,23.9,17.2,31.4,0.0,,3.2,14.0,1017.9,31.4,21.0,54.0,0.0,3.6,12.2,1013.9,60.0,,0,0,28.285714285714285
2024-08-11 17:00:00,,23.9,17.2,31.4,0.0,,3.2,14.0,1017.9,30.6,20.8,56.0,0.0,3.6,8.3,1013.6,60.0,,0,0,32.714285714285715
2024-08-11 18:00:00,,23.9,17.2,31.4,0.0,,3.2,14.0,1017.9,28.0,22.0,70.0,0.0,0.0,12.6,1013.7,60.0,,0,0,49.714285714285715
2024-08-11 19:00:00,,23.9,17.2,31.4,0.0,,3.2,14.0,1017.9,25.5,22.4,83.0,0.0,7.9,9.0,1016.8,7.0,,0,0,53.857142857142854
2024-08-11 20:00:00,,23.9,17.2,31.4,0.0,,3.2,14.0,1017.9,24.8,21.3,81.0,0.0,0.0,9.0,1014.1,0.0,,0,0,40.875
2024-08-11 21:00:00,,23.9,17.2,31.4,0.0,,3.2,14.0,1017.9,23.1,21.5,91.0,0.0,4.7,10.1,1016.7,0.0,,0,0,24.142857142857142
2024-08-11 22:00:00,,23.9,17.2,31.4,0.0,,3.2,14.0,1017.9,22.2,21.0,93.0,0.0,5.4,7.2,1016.7,0.0,,0,0,17.857142857142858
2024-08-11 23:00:00,,23.9,17.2,31.4,0.0,,3.2,14.0,1017.9,21.5,20.7,95.0,0.0,6.1,6.1,1016.5,0.0,,0,0,16.857142857142858
2024-08-12 00:00:00,,24.5,19.6,29.5,0.0,,6.3,53.3,1014.9,21.0,20.2,95.0,0.0,7.2,6.1,1016.0,0.0,,0,0,14.428571428571429
2024-08-12 01:00:00,,24.5,19.6,29.5,0.0,,6.3,53.3,1014.9,20.8,19.8,94.0,0.0,8.3,7.2,1015.7,0.0,,0,0,14.0
2024-08-12 02:00:00,,24.5,19.6,29.5,0.0,,6.3,53.3,1014.9,20.5,19.2,92.0,0.0,7.6,6.1,1015.7,0.0,,0,0,14.0
2024-08-12 03:00:00,,24.5,19.6,29.5,0.0,,6.3,53.3,1014.9,20.1,18.4,90.0,0.0,7.2,6.8,1015.9,0.0,,0,0,14.0
2024-08-12 04:00:00,,24.5,19.6,29.5,0.0,,6.3,53.3,1014.9,19.6,17.7,89.0,0.0,7.6,7.2,1015.8,0.0,,0,0,14.0
2024-08-12 05:00:00,,24.5,19.6,29.5,0.0,,6.3,53.3,1014.9,19.9,17.1,84.0,0.0,9.0,8.3,1015.3,0.0,,0,0,14.142857142857142
2024-08-12 06:00:00,,24.5,19.6,29.5,0.0,,6.3,53.3,1014.9,22.3,18.7,80.0,0.0,7.9,19.8,1015.4,20.0,,0,0,16.125
2024-08-12 07:00:00,,24.5,19.6,29.5,0.0,,6.3,53.3,1014.9,24.7,19.3,72.0,0.0,4.0,16.6,1015.8,60.0,,0,0,61.142857142857146
2024-08-12 08:00:00,,24.5,19.6,29.5,0.0,,6.3,53.3,1014.9,26.5,20.1,68.0,0.0,2.9,16.9,1015.5,60.0,,0,0,116.0
2024-08-12 09:00:00,,24.5,19.6,29.5,0.0,,6.3,53.3,1014.9,27.3,20.9,68.0,0.0,5.4,10.8,1015.5,60.0,,0,0,180.28571428571428
2024-08-12 10:00:00,,24.5,19.6,29.5,0.0,,6.3,53.3,1014.9,27.8,22.1,71.0,0.0,5.8,13.3,1015.1,60.0,,0,0,220.85714285714286
2024-08-12 11:00:00,,24.5,19.6,29.5,0.0,,6.3,53.3,1014.9,29.0,21.8,65.0,0.0,6.1,17.6,1014.5,60.0,,0,0,196.25
2024-08-12 12:00:00,,24.5,19.6,29.5,0.0,,6.3,53.3,1014.9,29.0,21.8,65.0,0.0,7.2,15.5,1014.3,57.0,,0,0,184.57142857142858
2024-08-12 13:00:00,,24.5,19.6,29.5,0.0,,6.3,53.3,1014.9,29.0,21.5,64.0,0.0,7.2,14.0,1014.3,46.0,,0,0,182.71428571428572
2024-08-12 14:00:00,,24.5,19.6,29.5,0.0,,6.3,53.3,1014.9,29.5,21.2,61.0,0.0,5.8,13.3,1014.0,57.0,,0,0,182.28571428571428
2024-08-12 15:00:00,,24.5,19.6,29.5,0.0,,6.3,53.3,1014.9,27.9,22.2,71.0,0.0,5.0,11.9,1014.1,60.0,,0,0,173.0
2024-08-12 16:00:00,,24.5,19.6,29.5,0.0,,6.3,53.3,1014.9,27.6,21.6,70.0,0.0,6.1,10.4,1014.2,60.0,,0,0,141.125
2024-08-12 17:00:00,,24.5,19.6,29.5,0.0,,6.3,53.3,1014.9,27.3,21.8,72.0,0.0,5.8,8.6,1013.7,60.0,,0,0,104.71428571428571
2024-08-12 18:00:00,,24.5,19.6,29.5,0.0,,6.3,53.3,1014.9,26.0,22.3,80.0,0.0,4.7,8.3,1013.4,38.0,,0,0,86.57142857142857
2024-08-12 19:00:00,,24.5,19.6,29.5,0.0,,6.3,53.3,1014.9,23.1,20.8,87.0,0.0,6.1,9.0,1013.7,0.0,,0,0,79.71428571428571
2024-08-12 20:00:00,,24.5,19.6,29.5,0.0,,6.3,53.3,1014.9,23.1,19.9,82.0,0.0,5.4,7.9,1013.7,0.0,,0,0,69.57142857142857
2024-08-12 21:00:00,,24.5,19.6,29.5,0.0,,6.3,53.3,1014.9,21.7,19.4,87.0,0.0,6.5,53.3,1013.6,0.0,,0,0,51.125
2024-08-12 22:00:00,,24.5,19.6,29.5,0.0,,6.3,53.3,1014.9,22.6,17.3,72.0,0.0,7.2,47.2,1013.8,0.0,,0,0,29.571428571428573
2024-08-12 23:00:00,,24.5,19.6,29.5,0.0,,6.3,53.3,1014.9,21.7,17.3,76.0,0.0,7.2,15.1,1013.6,0.0,,0,0,22.285714285714285
2024-08-13 00:00:00,,24.2,18.8,30.9,0.2,,3.2,47.2,1010.0,21.7,17.9,79.0,0.0,3.6,37.4,1012.8,0.0,,0,0,19.0
2024-08-13 01:00:00,,24.2,18.8,30.9,0.2,,3.2,47.2,1010.0,22.1,17.2,74.0,0.0,3.6,24.5,1012.2,0.0,,0,0,18.0
2024-08-13 02:00:00,,24.2,18.8,30.9,0.2,,3.2,47.2,1010.0,20.2,17.8,86.0,0.0,0.0,27.4,1012.0,0.0,,0,0,18.0
2024-08-13 03:00:00,,24.2,18.8,30.9,0.2,,3.2,47.2,1010.0,19.2,17.7,91.0,0.0,0.0,22.3,1012.3,0.0,,0,0,18.0
2024-08-13 04:00:00,,24.2,18.8,30.9,0.2,,3.2,47.2,1010.0,18.8,17.8,94.0,0.0,0.0,11.5,1011.9,0.0,,0,0,18.0
2024-08-13 05:00:00,,24.2,18.8,30.9,0.2,,3.2,47.2,1010.0,19.2,17.7,91.0,0.0,3.6,10.4,1012.3,0.0,,0,0,19.571428571428573
2024-08-13 06:00:00,,24.2,18.8,30.9,0.2,,3.2,47.2,1010.0,20.9,17.7,82.0,0.0,3.6,14.0,1012.0,19.0,,0,0,21.0
2024-08-13 07:00:00,,24.2,18.8,30.9,0.2,,3.2,47.2,1010.0,20.8,17.0,79.0,0.0,3.6,10.8,1012.2,33.0,,0,0,55.285714285714285
2024-08-13 08:00:00,,24.2,18.8,30.9,0.2,,3.2,47.2,1010.0,23.4,17.6,70.0,0.0,3.6,7.2,1011.3,49.0,,0,0,114.25
2024-08-13 09:00:00,,24.2,18.8,30.9,0.2,,3.2,47.2,1010.0,25.7,18.1,63.0,0.0,3.6,9.7,1010.6,60.0,,0,0,174.85714285714286
2024-08-13 10:00:00,,24.2,18.8,30.9,0.2,,3.2,47.2,1010.0,27.1,18.4,59.0,0.0,3.6,12.6,1009.9,50.0,,0,0,216.85714285714286
2024-08-13 11:00:00,,24.2,18.8,30.9,0.2,,3.2,47.2,1010.0,25.7,19.8,70.0,0.0,7.2,11.5,1010.0,15.0,,0,0,213.71428571428572
2024-08-13 12:00:00,,24.2,18.8,30.9,0.2,,3.2,47.2,1010.0,25.8,19.9,70.0,0.0,7.2,11.5,1009.8,21.0,,0,0,201.57142857142858
2024-08-13 13:00:00,,24.2,18.8,30.9,0.2,,3.2,47.2,1010.0,28.2,18.9,57.0,0.2,0.0,13.3,1008.7,58.0,,0,0,186.75
2024-08-13 14:00:00,,24.2,18.8,30.9,0.2,,3.2,47.2,1010.0,29.6,20.2,57.0,0.0,3.6,10.4,1007.8,59.0,,0,0,202.28571428571428
2024-08-13 15:00:00,,24.2,18.8,30.9,0.2,,3.2,47.2,1010.0,30.8,20.1,53.0,0.0,3.6,10.1,1006.6,60.0,,0,0,186.85714285714286
2024-08-13 16:00:00,,24.2,18.8,30.9,0.2,,3.2,47.2,1010.0,30.9,18.6,48.0,0.0,3.6,8.3,1006.5,60.0,,0,0,147.85714285714286
2024-08-13 17:00:00,,24.2,18.8,30.9,0.2,,3.2,47.2,1010.0,30.1,19.2,52.0,0.0,3.6,7.2,1006.0,60.0,,0,0,110.14285714285714
2024-08-13 18:00:00,,24.2,18.8,30.9,0.2,,3.2,47.2,1010.0,26.7,19.8,66.0,0.0,0.0,7.6,1006.3,60.0,,0,0,99.125
2024-08-13 19:00:00,,24.2,18.8,30.9,0.2,,3.2,47.2,1010.0,24.6,18.8,70.0,0.0,0.0,10.8,1007.0,11.0,,0,0,101.71428571428571
2024-08-13 20:00:00,,24.2,18.8,30.9,0.2,,3.2,47.2,1010.0,22.9,20.1,84.0,0.0,0.0,9.7,1007.5,0.0,,0,0,104.0
2024-08-13 21:00:00,,24.2,18.8,30.9,0.2,,3.2,47.2,1010.0,22.6,17.9,75.0,0.0,3.6,27.4,1008.0,0.0,,0,0,77.0
2024-08-13 22:00:00,,24.2,18.8,30.9,0.2,,3.2,47.2,1010.0,22.1,18.1,78.0,0.0,3.6,24.1,1008.5,0.0,,0,0,49.142857142857146
2024-08-13 23:00:00,,24.2,18.8,30.9,0.2,,3.2,47.2,1010.0,21.6,18.0,80.0,0.0,3.6,27.7,1008.2,0.0,,0,0,24.125
2024-08-14 00:00:00,,22.8,18.7,28.0,25.2,,5.1,66.6,1011.4,21.0,17.0,78.0,0.0,3.6,22.2,1009.1,,Laurenz Food Festival,0,0,11.857142857142858
2024-08-14 01:00:00,,22.8,18.7,28.0,25.2,,5.1,66.6,1011.4,21.6,16.3,72.0,0.0,3.6,15.1,1009.4,0.0,Laurenz Food Festival,0,0,11.0
2024-08-14 02:00:00,,22.8,18.7,28.0,25.2,,5.1,66.6,1011.4,20.1,17.1,83.0,0.0,3.6,20.4,1010.0,,Laurenz Food Festival,0,0,11.0
2024-08-14 03:00:00,,22.8,18.7,28.0,25.2,,5.1,66.6,1011.4,18.7,16.8,89.0,0.0,3.6,9.7,1011.2,0.0,Laurenz Food Festival,0,0,11.0
2024-08-14 04:00:00,,22.8,18.7,28.0,25.2,,5.1,66.6,1011.4,19.8,16.8,83.0,0.0,0.0,24.8,1011.2,0.0,Laurenz Food Festival,0,0,11.0
2024-08-14 05:00:00,,22.8,18.7,28.0,25.2,,5.1,66.6,1011.4,20.7,16.9,79.0,0.0,3.6,13.3,1011.1,0.0,Laurenz Food Festival,0,0,11.428571428571429
2024-08-14 06:00:00,,22.8,18.7,28.0,25.2,,5.1,66.6,1011.4,21.8,17.8,78.0,0.0,7.2,8.6,1010.9,3.0,Laurenz Food Festival,0,0,12.428571428571429
2024-08-14 07:00:00,,22.8,18.7,28.0,25.2,,5.1,66.6,1011.4,24.0,17.3,66.0,0.0,3.6,16.9,1011.4,20.0,Laurenz Food Festival,1,0,48.42857142857143
2024-08-14 08:00:00,,22.8,18.7,28.0,25.2,,5.1,66.6,1011.4,25.1,17.3,62.0,0.0,7.2,16.9,1011.2,59.0,Laurenz Food Festival,1,0,133.28571428571428
2024-08-14 09:00:00,,22.8,18.7,28.0,25.2,,5.1,66.6,1011.4,25.5,16.6,58.0,0.0,10.8,15.5,1011.2,60.0,Laurenz Food Festival,1,0,271.0
2024-08-14 10:00:00,,22.8,18.7,28.0,25.2,,5.1,66.6,1011.4,26.0,17.1,58.0,0.0,7.2,20.2,1011.1,60.0,Laurenz Food Festival,1,0,362.42857142857144
2024-08-14 11:00:00,,22.8,18.7,28.0,25.2,,5.1,66.6,1011.4,26.6,17.1,56.0,0.0,7.2,19.1,1010.7,60.0,Laurenz Food Festival,1,0,330.7142857142857
2024-08-14 12:00:00,,22.8,18.7,28.0,25.2,,5.1,66.6,1011.4,27.4,17.0,53.0,0.0,7.2,18.4,1010.4,59.0,Laurenz Food Festival,1,0,254.57142857142858
2024-08-14 13:00:00,,22.8,18.7,28.0,25.2,,5.1,66.6,1011.4,27.9,16.5,50.0,0.0,7.2,20.5,1010.3,58.0,Laurenz Food Festival,0,0,217.42857142857142
2024-08-14 14:00:00,,22.8,18.7,28.0,25.2,,5.1,66.6,1011.4,28.0,17.8,54.0,0.0,7.2,20.2,1010.5,55.0,Laurenz Food Festival,0,0,210.625
2024-08-14 15:00:00,,22.8,18.7,28.0,25.2,,5.1,66.6,1011.4,22.7,17.8,74.0,0.0,7.2,66.6,1014.2,8.0,Laurenz Food Festival,0,0,208.14285714285714
2024-08-14 16:00:00,,22.8,18.7,28.0,25.2,,5.1,66.6,1011.4,21.7,17.5,77.0,23.0,3.6,51.8,1012.6,17.0,Laurenz Food Festival,0,0,157.85714285714286
2024-08-14 17:00:00,,22.8,18.7,28.0,25.2,,5.1,66.6,1011.4,22.8,17.9,74.0,0.0,7.2,19.4,1011.9,55.0,Laurenz Food Festival,0,0,128.14285714285714
2024-08-14 18:00:00,,22.8,18.7,28.0,25.2,,5.1,66.6,1011.4,22.5,18.9,80.0,0.0,3.6,24.8,1012.7,59.0,Laurenz Food Festival,0,0,132.42857142857142
2024-08-14 19:00:00,,22.8,18.7,28.0,25.2,,5.1,66.6,1011.4,20.7,19.0,90.0,2.2,3.6,16.9,1014.1,10.0,Laurenz Food Festival,0,0,206.875
2024-08-14 20:00:00,,22.8,18.7,28.0,25.2,,5.1,66.6,1011.4,19.5,18.0,91.0,0.0,3.6,20.5,1015.0,0.0,Laurenz Food Festival,0,0,239.71428571428572
2024-08-14 21:00:00,,22.8,18.7,28.0,25.2,,5.1,66.6,1011.4,19.9,17.3,85.0,0.0,3.6,11.9,1015.5,0.0,Laurenz Food Festival,0,0,213.71428571428572
2024-08-14 22:00:00,,22.8,18.7,28.0,25.2,,5.1,66.6,1011.4,19.6,17.2,86.0,0.0,3.6,18.4,1015.5,0.0,Laurenz Food Festival,0,0,167.85714285714286
2024-08-14 23:00:00,,22.8,18.7,28.0,25.2,,5.1,66.6,1011.4,19.4,17.9,91.0,0.0,3.6,14.0,1015.3,0.0,Laurenz Food Festival,0,0,120.57142857142857
2024-08-15 00:00:00,holiday,22.5,16.8,28.6,0.1,,2.6,18.4,1015.8,18.7,17.5,93.0,0.0,3.6,10.1,1015.2,0.0,Laurenz Food Festival,0,0,87.25
2024-08-15 01:00:00,holiday,22.5,16.8,28.6,0.1,,2.6,18.4,1015.8,18.0,17.2,95.0,0.0,0.0,8.6,1015.3,0.0,Laurenz Food Festival,0,0,62.57142857142857
2024-08-15 02:00:00,holiday,22.5,16.8,28.6,0.1,,2.6,18.4,1015.8,17.5,16.7,95.0,0.0,0.0,7.6,1015.9,0.0,Laurenz Food Festival,0,0,40.285714285714285
2024-08-15 03:00:00,holiday,22.5,16.8,28.6,0.1,,2.6,18.4,1015.8,17.1,16.8,98.0,0.0,3.6,10.1,1016.2,0.0,Laurenz Food Festival,0,0,31.857142857142858
2024-08-15 04:00:00,holiday,22.5,16.8,28.6,0.1,,2.6,18.4,1015.8,16.8,16.2,96.0,0.0,0.0,8.6,1017.0,0.0,Laurenz Food Festival,0,0,29.142857142857142
2024-08-15 05:00:00,holiday,22.5,16.8,28.6,0.1,,2.6,18.4,1015.8,17.0,16.7,98.0,0.0,0.0,6.5,1017.5,0.0,Laurenz Food Festival,0,0,27.25
2024-08-15 06:00:00,holiday,22.5,16.8,28.6,0.1,,2.6,18.4,1015.8,19.3,17.3,88.0,0.0,3.6,7.9,1017.7,4.0,Laurenz Food Festival,0,0,25.285714285714285
2024-08-15 07:00:00,holiday,22.5,16.8,28.6,0.1,,2.6,18.4,1015.8,21.7,17.5,77.0,0.0,0.0,6.8,1017.6,50.0,Laurenz Food Festival,0,0,24.285714285714285
2024-08-15 08:00:00,holiday,22.5,16.8,28.6,0.1,,2.6,18.4,1015.8,22.8,17.0,70.0,0.0,3.6,9.4,1017.3,57.0,Laurenz Food Festival,0,0,26.285714285714285
2024-08-15 09:00:00,holiday,22.5,16.8,28.6,0.1,,2.6,18.4,1015.8,24.4,17.4,65.0,0.0,0.0,13.7,1016.9,59.0,Laurenz Food Festival,0,0,29.285714285714285
2024-08-15 10:00:00,holiday,22.5,16.8,28.6,0.1,,2.6,18.4,1015.8,24.6,18.3,68.0,0.0,3.6,14.8,1016.0,60.0,Laurenz Food Festival,0,0,30.5
2024-08-15 11:00:00,holiday,22.5,16.8,28.6,0.1,,2.6,18.4,1015.8,24.7,17.7,65.0,0.0,7.2,12.2,1016.2,60.0,Laurenz Food Festival,0,0,34.0
2024-08-15 12:00:00,holiday,22.5,16.8,28.6,0.1,,2.6,18.4,1015.8,25.4,18.8,67.0,0.0,7.2,15.5,1015.7,60.0,Laurenz Food Festival,0,0,40.57142857142857
2024-08-15 13:00:00,holiday,22.5,16.8,28.6,0.1,,2.6,18.4,1015.8,26.9,19.5,64.0,0.0,3.6,11.5,1015.0,60.0,Laurenz Food Festival,0,0,37.714285714285715
2024-08-15 14:00:00,holiday,22.5,16.8,28.6,0.1,,2.6,18.4,1015.8,27.4,20.0,64.0,0.1,3.6,14.0,1014.5,60.0,Laurenz Food Festival,0,0,30.714285714285715
2024-08-15 15:00:00,holiday,22.5,16.8,28.6,0.1,,2.6,18.4,1015.8,27.9,19.4,60.0,0.0,3.6,12.2,1014.1,50.0,Laurenz Food Festival,0,0,32.0
2024-08-15 16:00:00,holiday,22.5,16.8,28.6,0.1,,2.6,18.4,1015.8,28.6,19.5,58.0,0.0,3.6,12.6,1013.7,60.0,Laurenz Food Festival,0,0,32.57142857142857
2024-08-15 17:00:00,holiday,22.5,16.8,28.6,0.1,,2.6,18.4,1015.8,28.5,18.6,55.0,0.0,0.0,9.4,1013.6,60.0,Laurenz Food Festival,0,0,42.142857142857146
2024-08-15 18:00:00,holiday,22.5,16.8,28.6,0.1,,2.6,18.4,1015.8,25.9,19.8,69.0,0.0,0.0,7.6,1014.2,60.0,Laurenz Food Festival,0,0,87.28571428571429
2024-08-15 19:00:00,holiday,22.5,16.8,28.6,0.1,,2.6,18.4,1015.8,24.1,20.0,78.0,0.0,0.0,8.3,1014.8,2.0,Laurenz Food Festival,0,0,130.14285714285714
2024-08-15 20:00:00,holiday,22.5,16.8,28.6,0.1,,2.6,18.4,1015.8,22.1,19.5,85.0,0.0,4.3,10.8,1017.9,0.0,Laurenz Food Festival,0,0,134.625
2024-08-15 21:00:00,holiday,22.5,16.8,28.6,0.1,,2.6,18.4,1015.8,21.9,20.2,90.0,0.0,3.6,9.0,1016.1,0.0,Laurenz Food Festival,0,0,112.85714285714286
2024-08-15 22:00:00,holiday,22.5,16.8,28.6,0.1,,2.6,18.4,1015.8,21.6,19.9,90.0,0.0,3.6,7.6,1016.4,0.0,Laurenz Food Festival,0,0,69.42857142857143
2024-08-15 23:00:00,holiday,22.5,16.8,28.6,0.1,,2.6,18.4,1015.8,21.4,19.7,90.0,0.0,0.0,9.4,1016.6,0.0,Laurenz Food Festival,0,0,37.285714285714285
2024-08-16 00:00:00,,24.0,19.7,29.1,0.7,,2.6,23.8,1015.2,20.7,19.4,92.0,0.0,0.0,6.8,1016.6,0.0,,0,1,22.857142857142858
2024-08-16 01:00:00,,24.0,19.7,29.1,0.7,,2.6,23.8,1015.2,20.1,19.3,95.0,0.0,0.0,7.2,1016.7,0.0,,0,1,17.0
2024-08-16 02:00:00,,24.0,19.7,29.1,0.7,,2.6,23.8,1015.2,20.0,19.3,96.0,0.0,3.6,7.2,1016.7,0.0,,0,1,15.428571428571429
2024-08-16 03:00:00,,24.0,19.7,29.1,0.7,,2.6,23.8,1015.2,20.0,19.2,95.0,0.0,0.0,7.6,1016.9,0.0,,0,1,15.0
2024-08-16 04:00:00,,24.0,19.7,29.1,0.7,,2.6,23.8,1015.2,19.7,19.0,96.0,0.0,0.0,8.3,1017.3,0.0,,0,1,14.428571428571429
2024-08-16 05:00:00,,24.0,19.7,29.1,0.7,,2.6,23.8,1015.2,19.8,19.1,96.0,0.0,0.0,5.8,1017.4,0.0,,0,1,13.0
2024-08-16 06:00:00,,24.0,19.7,29.1,0.7,,2.6,23.8,1015.2,20.5,19.5,94.0,0.0,0.0,8.3,1017.2,0.0,,0,1,13.875
2024-08-16 07:00:00,,24.0,19.7,29.1,0.7,,2.6,23.8,1015.2,23.5,19.8,80.0,0.0,3.6,5.0,1016.5,48.0,,0,1,31.0
2024-08-16 08:00:00,,24.0,19.7,29.1,0.7,,2.6,23.8,1015.2,24.4,18.6,70.0,0.0,3.6,10.4,1016.2,60.0,,0,1,82.0
2024-08-16 09:00:00,,24.0,19.7,29.1,0.7,,2.6,23.8,1015.2,25.3,18.5,66.0,0.0,3.6,13.3,1016.0,59.0,,0,1,165.28571428571428
2024-08-16 10:00:00,,24.0,19.7,29.1,0.7,,2.6,23.8,1015.2,26.3,20.2,69.0,0.0,3.6,15.5,1015.5,59.0,,0,1,246.85714285714286
2024-08-16 11:00:00,,24.0,19.7,29.1,0.7,,2.6,23.8,1015.2,26.7,19.8,66.0,0.0,7.2,15.5,1015.3,60.0,,0,1,266.75
2024-08-16 12:00:00,,24.0,19.7,29.1,0.7,,2.6,23.8,1015.2,27.1,19.5,63.0,0.0,3.6,15.8,1015.0,60.0,,0,1,220.57142857142858
2024-08-16 13:00:00,,24.0,19.7,29.1,0.7,,2.6,23.8,1015.2,27.6,18.9,59.0,0.6,7.2,14.0,1014.4,60.0,,0,1,195.14285714285714
2024-08-16 14:00:00,,24.0,19.7,29.1,0.7,,2.6,23.8,1015.2,27.6,18.6,58.0,0.0,3.6,14.0,1014.0,58.0,,0,1,193.57142857142858
2024-08-16 15:00:00,,24.0,19.7,29.1,0.7,,2.6,23.8,1015.2,29.0,17.5,50.0,0.1,3.6,13.3,1013.2,56.0,,0,1,178.71428571428572
2024-08-16 16:00:00,,24.0,19.7,29.1,0.7,,2.6,23.8,1015.2,29.1,17.6,50.0,0.0,3.6,11.9,1012.6,55.0,,0,1,148.57142857142858
2024-08-16 17:00:00,,24.0,19.7,29.1,0.7,,2.6,23.8,1015.2,28.7,19.1,56.0,0.0,3.6,7.9,1012.4,59.0,,0,1,110.75
2024-08-16 18:00:00,,24.0,19.7,29.1,0.7,,2.6,23.8,1015.2,25.4,18.8,67.0,0.0,0.0,9.0,1012.6,52.0,,0,1,94.42857142857143
2024-08-16 19:00:00,,24.0,19.7,29.1,0.7,,2.6,23.8,1015.2,24.5,20.2,77.0,0.0,0.0,9.0,1012.9,0.0,,0,1,95.57142857142857
2024-08-16 20:00:00,,24.0,19.7,29.1,0.7,,2.6,23.8,1015.2,24.9,18.8,69.0,0.0,3.6,7.6,1013.4,0.0,,0,1,108.42857142857143
2024-08-16 21:00:00,,24.0,19.7,29.1,0.7,,2.6,23.8,1015.2,22.9,19.7,82.0,0.0,3.6,23.8,1013.7,0.0,,0,1,106.0
2024-08-16 22:00:00,,24.0,19.7,29.1,0.7,,2.6,23.8,1015.2,23.7,19.6,78.0,0.0,3.6,23.8,1014.3,0.0,,0,1,93.42857142857143
2024-08-16 23:00:00,,24.0,19.7,29.1,0.7,,2.6,23.8,1015.2,23.8,18.7,73.0,0.0,7.2,17.3,1014.2,0.0,,0,1,65.28571428571429
2024-08-17 00:00:00,,22.5,20.9,24.8,2.8,,4.1,24.5,1013.0,21.2,20.0,93.0,0.0,3.6,24.5,1014.7,0.0,,0,0,46.285714285714285
2024-08-17 01:00:00,,22.5,20.9,24.8,2.8,,4.1,24.5,1013.0,21.1,20.3,95.0,0.7,0.0,18.0,1014.4,0.0,,0,0,32.42857142857143
2024-08-17 02:00:00,,22.5,20.9,24.8,2.8,,4.1,24.5,1013.0,21.1,20.3,95.0,0.0,3.6,13.0,1014.7,,,0,0,21.857142857142858
2024-08-17 03:00:00,,22.5,20.9,24.8,2.8,,4.1,24.5,1013.0,21.2,20.2,94.0,0.0,3.6,10.1,1014.6,0.0,,0,0,17.125
2024-08-17 04:00:00,,22.5,20.9,24.8,2.8,,4.1,24.5,1013.0,21.0,20.3,96.0,0.1,3.6,8.6,1014.2,0.0,,0,0,15.285714285714286
2024-08-17 05:00:00,,22.5,20.9,24.8,2.8,,4.1,24.5,1013.0,21.2,20.4,95.0,0.6,3.6,7.6,1014.0,0.0,,0,0,15.0
2024-08-17 06:00:00,,22.5,20.9,24.8,2.8,,4.1,24.5,1013.0,21.3,20.6,96.0,0.3,0.0,5.8,1014.1,7.0,,0,0,15.0
2024-08-17 07:00:00,,22.5,20.9,24.8,2.8,,4.1,24.5,1013.0,21.8,20.6,93.0,0.5,3.6,7.6,1014.2,2.0,,1,0,20.0
2024-08-17 08:00:00,,22.5,20.9,24.8,2.8,,4.1,24.5,1013.0,22.9,19.7,82.0,0.2,0.0,5.8,1013.9,0.0,,1,0,78.875
2024-08-17 09:00:00,,22.5,20.9,24.8,2.8,,4.1,24.5,1013.0,22.5,19.5,83.0,0.0,7.2,14.0,1014.0,0.0,,1,0,263.0
2024-08-17 10:00:00,,22.5,20.9,24.8,2.8,,4.1,24.5,1013.0,22.6,19.9,85.0,0.0,7.2,15.8,1014.0,1.0,,1,0,408.42857142857144
2024-08-17 11:00:00,,22.5,20.9,24.8,2.8,,4.1,24.5,1013.0,22.7,19.5,82.0,0.0,7.2,14.0,1013.6,1.0,,1,0,404.2857142857143
2024-08-17 12:00:00,,22.5,20.9,24.8,2.8,,4.1,24.5,1013.0,23.6,18.9,75.0,0.1,3.6,15.1,1012.9,5.0,,1,0,355.0
2024-08-17 13:00:00,,22.5,20.9,24.8,2.8,,4.1,24.5,1013.0,24.4,19.2,73.0,0.0,7.2,13.7,1012.3,0.0,,0,0,297.875
2024-08-17 14:00:00,,22.5,20.9,24.8,2.8,,4.1,24.5,1013.0,24.6,19.4,73.0,0.3,3.6,18.7,1011.8,44.0,,0,0,260.42857142857144
2024-08-17 15:00:00,,22.5,20.9,24.8,2.8,,4.1,24.5,1013.0,24.8,19.4,72.0,0.0,7.2,17.3,1011.2,50.0,,0,0,210.14285714285714
2024-08-17 16:00:00,,22.5,20.9,24.8,2.8,,4.1,24.5,1013.0,24.7,19.1,71.0,0.0,7.2,16.2,1010.7,50.0,,0,0,130.71428571428572
2024-08-17 17:00:00,,22.5,20.9,24.8,2.8,,4.1,24.5,1013.0,24.2,19.5,75.0,0.0,3.6,14.8,1010.5,18.0,,0,0,77.28571428571429
2024-08-17 18:00:00,,22.5,20.9,24.8,2.8,,4.1,24.5,1013.0,22.8,19.8,83.0,0.0,0.0,8.6,1010.4,0.0,,0,0,75.0
2024-08-17 19:00:00,,22.5,20.9,24.8,2.8,,4.1,24.5,1013.0,21.2,19.7,91.0,0.0,3.6,7.6,1010.5,0.0,,0,0,85.28571428571429
2024-08-17 20:00:00,,22.5,20.9,24.8,2.8,,4.1,24.5,1013.0,20.9,19.4,91.0,0.0,3.6,7.9,1010.9,0.0,,0,0,97.42857142857143
2024-08-17 21:00:00,,22.5,20.9,24.8,2.8,,4.1,24.5,1013.0,20.9,19.6,92.0,0.0,3.6,11.9,1010.9,0.0,,0,0,102.57142857142857
2024-08-17 22:00:00,,22.5,20.9,24.8,2.8,,4.1,24.5,1013.0,21.4,19.9,91.0,0.0,3.6,17.3,1010.5,0.0,,0,0,105.28571428571429
2024-08-17 23:00:00,,22.5,20.9,24.8,2.8,,4.1,24.5,1013.0,20.2,19.4,95.0,0.7,0.0,18.7,1010.5,0.0,,0,0,96.375
2024-08-18 00:00:00,,18.5,15.6,21.4,51.8,,4.0,28.1,1010.7,19.6,18.8,95.0,0.0,3.6,18.4,1010.0,0.0,,0,0,62.857142857142854
2024-08-18 01:00:00,,18.5,15.6,21.4,51.8,,4.0,28.1,1010.7,19.8,19.0,95.0,0.0,0.0,9.7,1009.4,0.0,,0,0,42.42857142857143
2024-08-18 02:00:00,,18.5,15.6,21.4,51.8,,4.0,28.1,1010.7,19.5,18.7,95.0,0.0,3.6,16.9,1009.2,0.0,,0,0,28.142857142857142
2024-08-18 03:00:00,,18.5,15.6,21.4,51.8,,4.0,28.1,1010.7,19.6,18.9,96.0,0.2,0.0,13.0,1008.6,0.0,,0,0,22.142857142857142
2024-08-18 04:00:00,,18.5,15.6,21.4,51.8,,4.0,28.1,1010.7,19.2,18.5,96.0,1.0,0.0,9.7,1008.6,0.0,,0,0,19.625
2024-08-18 05:00:00,,18.5,15.6,21.4,51.8,,4.0,28.1,1010.7,19.3,19.0,98.0,3.0,3.6,7.2,1008.8,0.0,,0,0,18.0
2024-08-18 06:00:00,,18.5,15.6,21.4,51.8,,4.0,28.1,1010.7,19.2,17.9,92.0,1.0,3.6,8.3,1008.6,0.0,,0,0,18.0
2024-08-18 07:00:00,,18.5,15.6,21.4,51.8,,4.0,28.1,1010.7,18.9,17.6,92.0,0.8,0.0,20.5,1009.0,0.0,,0,0,18.142857142857142
2024-08-18 08:00:00,,18.5,15.6,21.4,51.8,,4.0,28.1,1010.7,18.3,17.8,97.0,7.0,3.6,22.7,1009.7,0.0,,0,0,22.0
2024-08-18 09:00:00,,18.5,15.6,21.4,51.8,,4.0,28.1,1010.7,17.6,16.5,93.0,1.7,0.0,24.1,1010.5,0.0,,0,0,24.625
2024-08-18 10:00:00,,18.5,15.6,21.4,51.8,,4.0,28.1,1010.7,17.8,16.5,92.0,6.0,7.2,8.3,1010.4,0.0,,0,0,34.0
2024-08-18 11:00:00,,18.5,15.6,21.4,51.8,,4.0,28.1,1010.7,18.4,16.6,89.0,2.0,7.2,13.3,1010.2,0.0,,0,0,35.142857142857146
2024-08-18 12:00:00,,18.5,15.6,21.4,51.8,,4.0,28.1,1010.7,18.7,17.2,91.0,3.0,3.6,16.9,1010.3,0.0,,0,0,44.714285714285715
2024-08-18 13:00:00,,18.5,15.6,21.4,51.8,,4.0,28.1,1010.7,19.1,17.1,88.0,2.0,3.6,10.8,1010.2,0.0,,0,0,56.0
2024-08-18 14:00:00,,18.5,15.6,21.4,51.8,,4.0,28.1,1010.7,19.3,17.8,91.0,0.2,3.6,8.3,1010.4,0.0,,0,0,49.875
2024-08-18 15:00:00,,18.5,15.6,21.4,51.8,,4.0,28.1,1010.7,18.8,17.1,90.0,0.9,3.6,7.9,1010.8,0.0,,0,0,51.714285714285715
2024-08-18 16:00:00,,18.5,15.6,21.4,51.8,,4.0,28.1,1010.7,17.2,15.0,87.0,7.0,3.6,24.5,1012.0,0.0,,0,0,53.142857142857146
2024-08-18 17:00:00,,18.5,15.6,21.4,51.8,,4.0,28.1,1010.7,16.7,15.1,90.0,3.0,7.2,17.3,1012.5,0.0,,0,0,46.57142857142857
2024-08-18 18:00:00,,18.5,15.6,21.4,51.8,,4.0,28.1,1010.7,15.9,14.1,89.0,0.5,3.6,27.4,1013.0,0.0,,0,0,64.85714285714286
2024-08-18 19:00:00,,18.5,15.6,21.4,51.8,,4.0,28.1,1010.7,15.9,13.6,86.0,2.0,3.6,26.6,1013.5,0.0,,0,0,68.0
2024-08-18 20:00:00,,18.5,15.6,21.4,51.8,,4.0,28.1,1010.7,17.2,16.2,94.0,5.0,19.8,25.6,1014.6,0.0,,0,0,51.57142857142857
2024-08-18 21:00:00,,18.5,15.6,21.4,51.8,,4.0,28.1,1010.7,15.6,14.6,94.0,4.8,7.2,28.1,1015.2,0.0,,0,0,30.142857142857142
2024-08-18 22:00:00,,18.5,15.6,21.4,51.8,,4.0,28.1,1010.7,14.0,12.6,91.0,2.0,3.6,25.9,1016.8,0.0,,0,0,21.714285714285715
2024-08-18 23:00:00,,18.5,15.6,21.4,51.8,,4.0,28.1,1010.7,14.1,13.0,93.0,2.0,7.2,26.6,1016.9,0.0,,0,0,14.0
2024-08-19 00:00:00,,16.6,13.6,20.5,13.1,,5.2,33.1,1016.8,13.9,12.8,93.0,3.1,7.2,33.1,1016.9,0.0,,0,0,11.375
2024-08-19 01:00:00,,16.6,13.6,20.5,13.1,,5.2,33.1,1016.8,13.6,13.1,97.0,0.6,7.2,27.4,1017.0,0.0,,0,0,11.0
2024-08-19 02:00:00,,16.6,13.6,20.5,13.1,,5.2,33.1,1016.8,14.0,13.4,96.0,0.1,7.2,27.7,1017.1,0.0,,0,0,11.0
2024-08-19 03:00:00,,16.6,13.6,20.5,13.1,,5.2,33.1,1016.8,14.1,13.3,95.0,1.6,7.2,26.3,1017.2,0.0,,0,0,11.0
2024-08-19 04:00:00,,16.6,13.6,20.5,13.1,,5.2,33.1,1016.8,14.1,13.3,95.0,0.4,3.6,25.9,1017.2,0.0,,0,0,11.0
2024-08-19 05:00:00,,16.6,13.6,20.5,13.1,,5.2,33.1,1016.8,13.9,13.1,95.0,0.4,3.6,20.5,1017.6,0.0,,0,0,11.125
2024-08-19 06:00:00,,16.6,13.6,20.5,13.1,,5.2,33.1,1016.8,14.3,13.3,94.0,0.9,3.6,24.1,1017.8,0.0,,0,0,14.428571428571429
2024-08-19 07:00:00,,16.6,13.6,20.5,13.1,,5.2,33.1,1016.8,14.5,13.4,93.0,1.0,3.6,13.7,1017.7,0.0,,0,0,57.0
2024-08-19 08:00:00,,16.6,13.6,20.5,13.1,,5.2,33.1,1016.8,15.3,13.3,88.0,0.5,3.6,18.7,1017.8,0.0,,0,0,125.28571428571429
2024-08-19 09:00:00,,16.6,13.6,20.5,13.1,,5.2,33.1,1016.8,16.7,12.8,78.0,0.3,3.6,15.5,1017.6,0.0,,0,0,179.57142857142858
2024-08-19 10:00:00,,16.6,13.6,20.5,13.1,,5.2,33.1,1016.8,18.1,13.4,74.0,0.2,3.6,14.4,1017.1,0.0,,0,0,229.5
2024-08-19 11:00:00,,16.6,13.6,20.5,13.1,,5.2,33.1,1016.8,19.0,14.1,73.0,0.0,3.6,14.4,1016.7,0.0,,0,0,243.28571428571428
2024-08-19 12:00:00,,16.6,13.6,20.5,13.1,,5.2,33.1,1016.8,19.5,14.3,72.0,0.0,7.2,15.1,1016.4,0.0,,0,0,239.57142857142858
2024-08-19 13:00:00,,16.6,13.6,20.5,13.1,,5.2,33.1,1016.8,19.6,13.5,68.0,0.0,7.2,14.4,1016.3,1.0,,0,0,237.57142857142858
2024-08-19 14:00:00,,16.6,13.6,20.5,13.1,,5.2,33.1,1016.8,19.9,14.7,72.0,0.0,7.2,18.0,1016.1,0.0,,0,0,246.57142857142858
2024-08-19 15:00:00,,16.6,13.6,20.5,13.1,,5.2,33.1,1016.8,20.5,14.8,70.0,0.0,7.2,17.6,1015.7,8.0,,0,0,252.125
2024-08-19 16:00:00,,16.6,13.6,20.5,13.1,,5.2,33.1,1016.8,19.1,14.6,75.0,0.0,12.2,20.2,1017.0,0.0,,0,0,213.28571428571428
2024-08-19 17:00:00,,16.6,13.6,20.5,13.1,,5.2,33.1,1016.8,18.8,16.6,87.0,0.0,3.6,15.1,1015.7,0.0,,0,0,140.28571428571428
2024-08-19 18:00:00,,16.6,13.6,20.5,13.1,,5.2,33.1,1016.8,18.4,16.6,89.0,0.0,3.6,14.0,1015.7,0.0,,0,0,93.0
2024-08-19 19:00:00,,16.6,13.6,20.5,13.1,,5.2,33.1,1016.8,18.2,15.8,86.0,0.0,3.6,7.2,1015.9,0.0,,0,0,83.28571428571429
2024-08-19 20:00:00,,16.6,13.6,20.5,13.1,,5.2,33.1,1016.8,17.5,14.9,85.0,0.0,3.6,13.7,1016.1,0.0,,0,0,77.5
2024-08-19 21:00:00,,16.6,13.6,20.5,13.1,,5.2,33.1,1016.8,16.2,15.1,93.0,0.0,0.0,11.9,1016.1,0.0,,0,0,54.42857142857143
2024-08-19 22:00:00,,16.6,13.6,20.5,13.1,,5.2,33.1,1016.8,15.3,14.7,96.0,0.0,0.0,8.3,1015.9,0.0,,0,0,31.714285714285715
2024-08-19 23:00:00,,16.6,13.6,20.5,13.1,,5.2,33.1,1016.8,15.1,14.5,96.0,0.0,0.0,11.2,1015.4,0.0,,0,0,12.714285714285714
2024-08-20 00:00:00,,18.0,13.5,23.0,0.0,,4.0,14.8,1013.4,14.3,13.3,94.0,0.0,4.0,9.4,1015.5,0.0,,0,0,9.0
2024-08-20 01:00:00,,18.0,13.5,23.0,0.0,,4.0,14.8,1013.4,14.0,12.7,92.0,0.0,5.0,7.2,1015.1,0.0,,0,0,9.0
2024-08-20 02:00:00,,18.0,13.5,23.0,0.0,,4.0,14.8,1013.4,13.7,12.8,94.0,0.0,5.4,6.8,1014.9,0.0,,0,0,9.0
2024-08-20 03:00:00,,18.0,13.5,23.0,0.0,,4.0,14.8,1013.4,13.5,12.2,92.0,0.0,4.7,7.2,1014.5,0.0,,0,0,9.0
2024-08-20 04:00:00,,18.0,13.5,23.0,0.0,,4.0,14.8,1013.4,13.6,12.0,90.0,0.0,4.7,6.5,1014.5,0.0,,0,0,9.0
2024-08-20 05:00:00,,18.0,13.5,23.0,0.0,,4.0,14.8,1013.4,14.0,12.2,89.0,0.0,5.8,8.6,1014.7,0.0,,0,0,8.857142857142858
2024-08-20 06:00:00,,18.0,13.5,23.0,0.0,,4.0,14.8,1013.4,15.9,13.6,86.0,0.0,5.0,5.4,1014.9,0.0,,0,0,13.5
2024-08-20 07:00:00,,18.0,13.5,23.0,0.0,,4.0,14.8,1013.4,16.6,15.0,90.0,0.0,0.0,13.0,1014.4,0.0,,0,0,66.0
2024-08-20 08:00:00,,18.0,13.5,23.0,0.0,,4.0,14.8,1013.4,17.6,15.2,86.0,0.0,0.0,8.6,1013.9,0.0,,0,0,128.0
2024-08-20 09:00:00,,18.0,13.5,23.0,0.0,,4.0,14.8,1013.4,18.9,15.4,80.0,0.0,3.6,12.2,1013.7,0.0,,0,0,192.42857142857142
2024-08-20 10:00:00,,18.0,13.5,23.0,0.0,,4.0,14.8,1013.4,19.9,15.3,75.0,0.0,3.6,13.0,1013.3,4.0,,0,0,274.0
2024-08-20 11:00:00,,18.0,13.5,23.0,0.0,,4.0,14.8,1013.4,21.2,15.3,69.0,0.0,7.2,12.2,1012.7,0.0,,0,0,275.25
2024-08-20 12:00:00,,18.0,13.5,23.0,0.0,,4.0,14.8,1013.4,21.3,15.2,68.0,0.0,7.2,14.8,1012.2,28.0,,0,0,218.71428571428572
2024-08-20 13:00:00,,18.0,13.5,23.0,0.0,,4.0,14.8,1013.4,21.3,15.2,68.0,0.0,7.2,13.7,1012.0,17.0,,0,0,213.42857142857142
2024-08-20 14:00:00,,18.0,13.5,23.0,0.0,,4.0,14.8,1013.4,22.7,16.3,67.0,0.0,7.2,14.8,1011.4,46.0,,0,0,228.85714285714286
2024-08-20 15:00:00,,18.0,13.5,23.0,0.0,,4.0,14.8,1013.4,22.8,16.6,68.0,0.0,7.2,14.4,1011.0,52.0,,0,0,244.28571428571428
2024-08-20 16:00:00,,18.0,13.5,23.0,0.0,,4.0,14.8,1013.4,23.0,17.0,69.0,0.0,7.2,12.6,1010.9,60.0,,0,0,202.875
2024-08-20 17:00:00,,18.0,13.5,23.0,0.0,,4.0,14.8,1013.4,22.0,16.3,70.0,0.0,3.6,11.2,1010.8,60.0,,0,0,152.0
2024-08-20 18:00:00,,18.0,13.5,23.0,0.0,,4.0,14.8,1013.4,20.8,16.8,78.0,0.0,3.6,8.6,1011.3,59.0,,0,0,112.71428571428571
2024-08-20 19:00:00,,18.0,13.5,23.0,0.0,,4.0,14.8,1013.4,18.9,17.2,90.0,0.0,0.0,8.6,1012.2,1.0,,0,0,116.28571428571429
2024-08-20 20:00:00,,18.0,13.5,23.0,0.0,,4.0,14.8,1013.4,18.6,16.9,90.0,0.0,3.6,10.8,1013.0,0.0,,0,0,104.0
2024-08-20 21:00:00,,18.0,13.5,23.0,0.0,,4.0,14.8,1013.4,18.1,17.3,95.0,0.0,0.0,10.4,1013.1,0.0,,0,0,72.75
2024-08-20 22:00:00,,18.0,13.5,23.0,0.0,,4.0,14.8,1013.4,18.8,17.5,92.0,0.0,0.0,8.6,1013.4,0.0,,0,0,50.0
2024-08-20 23:00:00,,18.0,13.5,23.0,0.0,,4.0,14.8,1013.4,19.0,17.3,90.0,0.0,0.0,13.3,1013.9,0.0,,0,0,31.714285714285715
2024-08-21 00:00:00,,19.7,15.8,22.7,8.0,,4.0,30.6,1016.6,18.9,17.6,92.0,0.0,3.6,14.0,1014.4,0.0,,0,0,25.0
2024-08-21 01:00:00,,19.7,15.8,22.7,8.0,,4.0,30.6,1016.6,19.7,17.3,86.0,1.0,3.6,11.2,1014.7,0.0,,0,0,24.714285714285715
2024-08-21 02:00:00,,19.7,15.8,22.7,8.0,,4.0,30.6,1016.6,20.1,16.1,78.0,0.3,3.6,17.3,1014.9,0.0,,0,0,24.714285714285715
2024-08-21 03:00:00,,19.7,15.8,22.7,8.0,,4.0,30.6,1016.6,19.3,16.7,85.0,0.0,0.0,11.2,1014.8,0.0,,0,0,22.0
2024-08-21 04:00:00,,19.7,15.8,22.7,8.0,,4.0,30.6,1016.6,18.7,16.3,86.0,0.5,3.6,8.6,1015.2,0.0,,0,0,21.571428571428573
2024-08-21 05:00:00,,19.7,15.8,22.7,8.0,,4.0,30.6,1016.6,16.4,15.6,95.0,0.0,9.0,17.6,1017.3,0.0,,0,0,22.714285714285715
2024-08-21 06:00:00,,19.7,15.8,22.7,8.0,,4.0,30.6,1016.6,18.8,16.6,87.0,0.0,0.0,22.7,1016.0,0.0,,0,0,24.142857142857142
2024-08-21 07:00:00,,19.7,15.8,22.7,8.0,,4.0,30.6,1016.6,19.5,17.1,86.0,0.2,3.6,16.6,1016.4,0.0,,1,0,58.285714285714285
2024-08-21 08:00:00,,19.7,15.8,22.7,8.0,,4.0,30.6,1016.6,20.5,16.3,77.0,0.9,3.6,20.9,1016.6,0.0,,1,0,145.375
2024-08-21 09:00:00,,19.7,15.8,22.7,8.0,,4.0,30.6,1016.6,20.5,15.7,74.0,0.1,3.6,24.1,1017.4,0.0,,1,0,270.2857142857143
2024-08-21 10:00:00,,19.7,15.8,22.7,8.0,,4.0,30.6,1016.6,21.4,16.4,73.0,0.1,7.2,27.0,1017.2,0.0,,1,0,338.2857142857143
2024-08-21 11:00:00,,19.7,15.8,22.7,8.0,,4.0,30.6,1016.6,21.7,15.8,69.0,1.7,7.2,30.6,1017.3,1.0,,1,0,331.7142857142857
2024-08-21 12:00:00,,19.7,15.8,22.7,8.0,,4.0,30.6,1016.6,21.2,15.3,69.0,1.8,10.8,24.8,1017.8,32.0,,1,0,283.85714285714283
2024-08-21 13:00:00,,19.7,15.8,22.7,8.0,,4.0,30.6,1016.6,22.6,15.7,65.0,0.7,10.8,26.3,1017.5,55.0,,0,0,249.0
2024-08-21 14:00:00,,19.7,15.8,22.7,8.0,,4.0,30.6,1016.6,20.4,15.6,74.0,0.4,7.2,19.1,1019.3,60.0,,0,0,243.71428571428572
2024-08-21 15:00:00,,19.7,15.8,22.7,8.0,,4.0,30.6,1016.6,22.7,11.1,48.0,0.3,3.6,20.9,1017.2,59.0,,0,0,248.85714285714286
2024-08-21 16:00:00,,19.7,15.8,22.7,8.0,,4.0,30.6,1016.6,22.3,12.8,55.0,0.0,7.2,16.6,1017.2,56.0,,0,0,215.28571428571428
2024-08-21 17:00:00,,19.7,15.8,22.7,8.0,,4.0,30.6,1016.6,21.6,14.3,63.0,0.0,3.6,11.5,1017.2,26.0,,0,0,164.57142857142858
2024-08-21 18:00:00,,19.7,15.8,22.7,8.0,,4.0,30.6,1016.6,19.3,14.3,73.0,0.0,3.6,9.7,1017.5,11.0,,0,0,129.875
2024-08-21 19:00:00,,19.7,15.8,22.7,8.0,,4.0,30.6,1016.6,17.4,14.9,85.0,0.0,0.0,10.4,1017.9,0.0,,0,0,119.0
2024-08-21 20:00:00,,19.7,15.8,22.7,8.0,,4.0,30.6,1016.6,16.5,14.3,87.0,0.0,0.0,11.2,1018.1,0.0,,0,0,112.57142857142857
2024-08-21 21:00:00,,19.7,15.8,22.7,8.0,,4.0,30.6,1016.6,15.8,14.2,90.0,0.0,0.0,9.7,1018.2,0.0,,0,0,85.14285714285714
2024-08-21 22:00:00,,19.7,15.8,22.7,8.0,,4.0,30.6,1016.6,14.8,13.8,94.0,0.0,0.0,10.4,1017.9,0.0,,0,0,58.57142857142857
2024-08-21 23:00:00,,19.7,15.8,22.7,8.0,,4.0,30.6,1016.6,14.1,13.5,96.0,0.0,3.6,8.6,1018.0,0.0,,0,0,47.25
2024-08-22 00:00:00,,17.7,12.3,24.1,0.1,,2.9,22.3,1015.0,13.5,12.9,96.0,0.0,0.0,5.8,1018.2,0.0,,0,0,37.142857142857146
2024-08-22 01:00:00,,17.7,12.3,24.1,0.1,,2.9,22.3,1015.0,13.9,12.9,94.0,0.0,0.0,6.8,1017.6,0.0,,0,0,31.714285714285715
2024-08-22 02:00:00,,17.7,12.3,24.1,0.1,,2.9,22.3,1015.0,13.6,12.7,94.0,0.0,0.0,6.5,1017.3,0.0,,0,0,24.714285714285715
2024-08-22 03:00:00,,17.7,12.3,24.1,0.1,,2.9,22.3,1015.0,12.7,12.2,97.0,0.0,0.0,6.5,1017.1,0.0,,0,0,23.0
2024-08-22 04:00:00,,17.7,12.3,24.1,0.1,,2.9,22.3,1015.0,12.4,12.1,98.0,0.0,3.6,7.9,1016.8,0.0,,0,0,23.0
2024-08-22 05:00:00,,17.7,12.3,24.1,0.1,,2.9,22.3,1015.0,12.3,12.0,98.0,0.1,0.0,6.5,1016.8,0.0,,0,0,23.0
2024-08-22 06:00:00,,17.7,12.3,24.1,0.1,,2.9,22.3,1015.0,14.4,13.1,92.0,0.0,3.6,6.1,1016.2,3.0,,0,0,25.714285714285715
2024-08-22 07:00:00,,17.7,12.3,24.1,0.1,,2.9,22.3,1015.0,16.7,13.4,81.0,0.0,0.0,5.0,1015.5,60.0,,0,0,62.0
2024-08-22 08:00:00,,17.7,12.3,24.1,0.1,,2.9,22.3,1015.0,17.3,13.0,76.0,0.0,3.6,10.1,1015.1,60.0,,0,0,126.28571428571429
2024-08-22 09:00:00,,17.7,12.3,24.1,0.1,,2.9,22.3,1015.0,18.8,13.4,71.0,0.0,3.6,11.2,1014.7,60.0,,0,0,182.875
2024-08-22 10:00:00,,17.7,12.3,24.1,0.1,,2.9,22.3,1015.0,19.1,14.4,74.0,0.0,7.2,15.1,1014.6,60.0,,0,0,232.0
2024-08-22 11:00:00,,17.7,12.3,24.1,0.1,,2.9,22.3,1015.0,19.4,13.6,69.0,0.0,7.2,12.6,1014.4,60.0,,0,0,240.42857142857142
2024-08-22 12:00:00,,17.7,12.3,24.1,0.1,,2.9,22.3,1015.0,21.4,13.8,62.0,0.0,7.2,14.4,1013.7,60.0,,0,0,210.42857142857142
2024-08-22 13:00:00,,17.7,12.3,24.1,0.1,,2.9,22.3,1015.0,22.2,14.8,63.0,0.0,7.2,12.6,1013.2,59.0,,0,0,197.28571428571428
2024-08-22 14:00:00,,17.7,12.3,24.1,0.1,,2.9,22.3,1015.0,23.3,14.0,56.0,0.0,7.2,9.4,1012.4,57.0,,0,0,223.875
2024-08-22 15:00:00,,17.7,12.3,24.1,0.1,,2.9,22.3,1015.0,24.1,14.5,55.0,0.0,3.6,9.7,1012.0,60.0,,0,0,239.57142857142858
2024-08-22 16:00:00,,17.7,12.3,24.1,0.1,,2.9,22.3,1015.0,22.8,15.6,64.0,0.0,3.6,10.1,1013.9,60.0,,0,0,189.0
2024-08-22 17:00:00,,17.7,12.3,24.1,0.1,,2.9,22.3,1015.0,22.6,15.0,62.0,0.0,3.6,8.6,1011.8,36.0,,0,0,138.28571428571428
2024-08-22 18:00:00,,17.7,12.3,24.1,0.1,,2.9,22.3,1015.0,20.6,15.2,71.0,0.0,0.0,7.9,1012.3,56.0,,0,0,114.0
2024-08-22 19:00:00,,17.7,12.3,24.1,0.1,,2.9,22.3,1015.0,18.7,16.1,85.0,0.0,0.0,7.2,1013.2,0.0,,0,0,131.625
2024-08-22 20:00:00,,17.7,12.3,24.1,0.1,,2.9,22.3,1015.0,17.7,15.9,89.0,0.0,0.0,8.6,1013.5,0.0,,0,0,140.28571428571428
2024-08-22 21:00:00,,17.7,12.3,24.1,0.1,,2.9,22.3,1015.0,17.6,15.0,85.0,0.0,3.6,22.3,1013.6,0.0,,0,0,114.14285714285714
2024-08-22 22:00:00,,17.7,12.3,24.1,0.1,,2.9,22.3,1015.0,16.6,15.3,92.0,0.0,3.6,20.5,1013.9,0.0,,0,0,84.71428571428571
2024-08-22 23:00:00,,17.7,12.3,24.1,0.1,,2.9,22.3,1015.0,16.4,14.1,86.0,0.0,3.6,20.9,1013.7,0.0,,0,0,51.42857142857143
2024-08-23 00:00:00,,20.8,14.4,28.0,0.0,,3.2,38.2,1013.5,15.5,14.2,92.0,0.0,0.0,14.8,1014.0,0.0,,0,0,27.125
2024-08-23 01:00:00,,20.8,14.4,28.0,0.0,,3.2,38.2,1013.5,15.3,13.8,91.0,0.0,0.0,24.1,1014.0,0.0,,0,0,24.285714285714285
2024-08-23 02:00:00,,20.8,14.4,28.0,0.0,,3.2,38.2,1013.5,15.1,13.6,91.0,0.0,3.6,25.6,1014.0,0.0,,0,0,23.285714285714285
2024-08-23 03:00:00,,20.8,14.4,28.0,0.0,,3.2,38.2,1013.5,14.5,13.7,95.0,0.0,3.6,37.8,1013.6,0.0,,0,0,23.0
2024-08-23 04:00:00,,20.8,14.4,28.0,0.0,,3.2,38.2,1013.5,14.4,13.4,94.0,0.0,0.0,38.2,1013.7,0.0,,0,0,23.0
2024-08-23 05:00:00,,20.8,14.4,28.0,0.0,,3.2,38.2,1013.5,14.5,14.0,97.0,0.0,0.0,10.4,1014.0,0.0,,0,0,22.125
2024-08-23 06:00:00,,20.8,14.4,28.0,0.0,,3.2,38.2,1013.5,17.3,14.6,84.0,0.0,3.6,10.1,1013.7,2.0,,0,0,25.285714285714285
2024-08-23 07:00:00,,20.8,14.4,28.0,0.0,,3.2,38.2,1013.5,19.4,15.7,79.0,0.0,3.6,7.2,1014.2,59.0,,0,0,58.57142857142857
2024-08-23 08:00:00,,20.8,14.4,28.0,0.0,,3.2,38.2,1013.5,21.6,16.6,73.0,0.0,3.6,7.2,1014.1,60.0,,0,0,112.28571428571429
2024-08-23 09:00:00,,20.8,14.4,28.0,0.0,,3.2,38.2,1013.5,22.9,16.7,68.0,0.0,3.6,9.7,1014.0,60.0,,0,0,172.71428571428572
2024-08-23 10:00:00,,20.8,14.4,28.0,0.0,,3.2,38.2,1013.5,24.7,15.9,58.0,0.0,3.6,15.8,1013.5,59.0,,0,0,231.25
2024-08-23 11:00:00,,20.8,14.4,28.0,0.0,,3.2,38.2,1013.5,25.6,15.6,54.0,0.0,7.2,15.5,1013.0,60.0,,0,0,230.14285714285714
2024-08-23 12:00:00,,20.8,14.4,28.0,0.0,,3.2,38.2,1013.5,25.5,16.6,58.0,0.0,7.2,15.1,1013.0,60.0,,0,0,211.42857142857142
2024-08-23 13:00:00,,20.8,14.4,28.0,0.0,,3.2,38.2,1013.5,26.7,14.8,48.0,0.0,3.6,12.2,1012.3,60.0,,0,0,194.28571428571428
2024-08-23 14:00:00,,20.8,14.4,28.0,0.0,,3.2,38.2,1013.5,28.0,16.3,49.0,0.0,3.6,11.2,1011.7,60.0,,0,0,201.28571428571428
2024-08-23 15:00:00,,20.8,14.4,28.0,0.0,,3.2,38.2,1013.5,27.6,13.2,41.0,0.0,10.8,12.6,1011.9,60.0,,0,0,192.0
2024-08-23 16:00:00,,20.8,14.4,28.0,0.0,,3.2,38.2,1013.5,26.9,17.1,55.0,0.0,5.4,13.0,1014.5,60.0,,0,0,155.14285714285714
2024-08-23 17:00:00,,20.8,14.4,28.0,0.0,,3.2,38.2,1013.5,26.9,14.0,45.0,0.0,0.0,12.6,1012.2,60.0,,0,0,111.71428571428571
2024-08-23 18:00:00,,20.8,14.4,28.0,0.0,,3.2,38.2,1013.5,22.6,16.6,69.0,0.0,0.0,9.7,1013.0,46.0,,0,0,109.57142857142857
2024-08-23 19:00:00,,20.8,14.4,28.0,0.0,,3.2,38.2,1013.5,20.8,17.4,81.0,0.0,0.0,14.0,1013.7,0.0,,0,0,128.42857142857142
2024-08-23 20:00:00,,20.8,14.4,28.0,0.0,,3.2,38.2,1013.5,22.0,14.9,64.0,0.0,3.6,12.6,1014.1,0.0,,0,0,146.0
2024-08-23 21:00:00,,20.8,14.4,28.0,0.0,,3.2,38.2,1013.5,19.0,15.5,80.0,0.0,3.6,10.8,1014.7,0.0,,0,0,135.71428571428572
2024-08-23 22:00:00,,20.8,14.4,28.0,0.0,,3.2,38.2,1013.5,18.9,15.4,80.0,0.0,3.6,14.8,1014.9,0.0,,0,0,119.85714285714286
2024-08-23 23:00:00,,20.8,14.4,28.0,0.0,,3.2,38.2,1013.5,17.7,15.3,86.0,0.0,0.0,12.2,1015.4,0.0,,0,0,87.0
2024-08-24 00:00:00,,23.6,15.5,33.1,0.2,,2.7,30.2,1012.2,16.9,15.1,89.0,0.0,3.6,7.6,1015.7,0.0,Dornbirner Radtage,0,0,59.57142857142857
2024-08-24 01:00:00,,23.6,15.5,33.1,0.2,,2.7,30.2,1012.2,16.5,15.5,94.0,0.0,0.0,13.0,1015.6,0.0,Dornbirner Radtage,0,0,45.875
2024-08-24 02:00:00,,23.6,15.5,33.1,0.2,,2.7,30.2,1012.2,16.2,15.2,94.0,0.0,0.0,10.8,1015.6,0.0,Dornbirner Radtage,0,0,37.0
2024-08-24 03:00:00,,23.6,15.5,33.1,0.2,,2.7,30.2,1012.2,15.9,15.3,96.0,0.0,0.0,8.3,1015.8,0.0,Dornbirner Radtage,0,0,29.857142857142858
2024-08-24 04:00:00,,23.6,15.5,33.1,0.2,,2.7,30.2,1012.2,15.5,14.9,96.0,0.0,0.0,5.8,1015.8,0.0,Dornbirner Radtage,0,0,23.571428571428573
2024-08-24 05:00:00,,23.6,15.5,33.1,0.2,,2.7,30.2,1012.2,15.8,14.8,94.0,0.0,0.0,9.4,1015.7,0.0,Dornbirner Radtage,0,0,23.428571428571427
2024-08-24 06:00:00,,23.6,15.5,33.1,0.2,,2.7,30.2,1012.2,17.9,15.3,85.0,0.0,3.6,9.4,1015.0,1.0,Dornbirner Radtage,0,0,24.0
2024-08-24 07:00:00,,23.6,15.5,33.1,0.2,,2.7,30.2,1012.2,21.1,15.6,71.0,0.0,3.6,11.9,1014.1,60.0,Dornbirner Radtage,1,0,32.0
2024-08-24 08:00:00,,23.6,15.5,33.1,0.2,,2.7,30.2,1012.2,23.7,16.2,63.0,0.0,3.6,6.5,1013.4,60.0,Dornbirner Radtage,1,0,99.28571428571429
2024-08-24 09:00:00,,23.6,15.5,33.1,0.2,,2.7,30.2,1012.2,25.4,15.7,55.0,0.0,3.6,7.6,1012.7,60.0,Dornbirner Radtage,1,0,238.28571428571428
2024-08-24 10:00:00,,23.6,15.5,33.1,0.2,,2.7,30.2,1012.2,26.9,16.2,52.0,0.0,3.6,9.4,1012.0,60.0,Dornbirner Radtage,1,0,383.42857142857144
2024-08-24 11:00:00,,23.6,15.5,33.1,0.2,,2.7,30.2,1012.2,29.7,13.5,37.0,0.0,3.6,12.2,1011.2,60.0,Dornbirner Radtage,1,0,409.5
2024-08-24 12:00:00,,23.6,15.5,33.1,0.2,,2.7,30.2,1012.2,28.8,20.0,59.0,0.0,7.2,12.2,1010.9,60.0,Dornbirner Radtage,1,0,377.57142857142856
2024-08-24 13:00:00,,23.6,15.5,33.1,0.2,,2.7,30.2,1012.2,31.3,18.0,45.0,0.2,3.6,6.5,1009.9,60.0,Dornbirner Radtage,0,0,331.85714285714283
2024-08-24 14:00:00,,23.6,15.5,33.1,0.2,,2.7,30.2,1012.2,32.4,17.5,41.0,0.0,3.6,8.3,1009.0,60.0,Dornbirner Radtage,0,0,292.85714285714283
2024-08-24 15:00:00,,23.6,15.5,33.1,0.2,,2.7,30.2,1012.2,33.1,16.0,36.0,0.0,3.6,11.2,1008.4,60.0,Dornbirner Radtage,0,0,276.14285714285717
2024-08-24 16:00:00,,23.6,15.5,33.1,0.2,,2.7,30.2,1012.2,32.9,17.1,39.0,0.0,0.0,9.7,1007.9,60.0,Dornbirner Radtage,0,0,270.25
2024-08-24 17:00:00,,23.6,15.5,33.1,0.2,,2.7,30.2,1012.2,31.2,17.9,45.0,0.0,3.6,12.6,1007.8,60.0,Dornbirner Radtage,0,0,273.42857142857144
2024-08-24 18:00:00,,23.6,15.5,33.1,0.2,,2.7,30.2,1012.2,27.9,18.9,58.0,0.0,3.6,19.8,1007.9,46.0,Dornbirner Radtage,0,0,300.0
2024-08-24 19:00:00,,23.6,15.5,33.1,0.2,,2.7,30.2,1012.2,26.4,16.1,53.0,0.0,7.2,26.6,1008.2,0.0,Dornbirner Radtage,0,0,313.85714285714283
2024-08-24 20:00:00,,23.6,15.5,33.1,0.2,,2.7,30.2,1012.2,23.3,16.1,64.0,0.0,3.6,30.2,1009.6,0.0,Dornbirner Radtage,0,0,332.7142857142857
2024-08-24 21:00:00,,23.6,15.5,33.1,0.2,,2.7,30.2,1012.2,21.6,15.7,69.0,0.0,0.0,29.5,1010.8,0.0,Dornbirner Radtage,0,0,339.125
2024-08-24 22:00:00,,23.6,15.5,33.1,0.2,,2.7,30.2,1012.2,22.7,15.0,62.0,0.0,3.6,25.6,1010.8,0.0,Dornbirner Radtage,0,0,316.0
2024-08-24 23:00:00,,23.6,15.5,33.1,0.2,,2.7,30.2,1012.2,24.4,16.6,62.0,0.0,10.8,55.1,1013.1,0.0,Dornbirner Radtage,0,0,294.7142857142857
2024-08-25 00:00:00,,18.5,15.4,24.4,10.2,,5.2,55.1,1019.9,22.2,17.8,76.0,0.1,14.4,38.5,1015.0,0.0,Dornbirner Radtage,0,0,280.2857142857143
2024-08-25 01:00:00,,18.5,15.4,24.4,10.2,,5.2,55.1,1019.9,21.5,17.9,80.0,0.0,7.2,19.8,1015.1,0.0,Dornbirner Radtage,0,0,274.14285714285717
2024-08-25 02:00:00,,18.5,15.4,24.4,10.2,,5.2,55.1,1019.9,19.9,18.0,89.0,0.0,3.6,21.2,1015.3,0.0,Dornbirner Radtage,0,0,266.125
2024-08-25 03:00:00,,18.5,15.4,24.4,10.2,,5.2,55.1,1019.9,19.9,18.2,90.0,0.0,3.6,12.2,1015.6,0.0,Dornbirner Radtage,0,0,262.0
2024-08-25 04:00:00,,18.5,15.4,24.4,10.2,,5.2,55.1,1019.9,20.1,18.0,88.0,0.0,3.6,16.6,1016.5,0.0,Dornbirner Radtage,0,0,261.0
2024-08-25 05:00:00,,18.5,15.4,24.4,10.2,,5.2,55.1,1019.9,20.8,17.4,81.0,0.1,7.2,44.6,1017.8,0.0,Dornbirner Radtage,0,0,261.0
2024-08-25 06:00:00,,18.5,15.4,24.4,10.2,,5.2,55.1,1019.9,16.9,15.2,90.0,0.0,7.2,38.9,1020.5,0.0,Dornbirner Radtage,0,0,261.0
2024-08-25 07:00:00,,18.5,15.4,24.4,10.2,,5.2,55.1,1019.9,16.2,14.9,92.0,4.0,0.0,27.0,1021.7,0.0,Dornbirner Radtage,0,0,260.57142857142856
2024-08-25 08:00:00,,18.5,15.4,24.4,10.2,,5.2,55.1,1019.9,15.9,14.9,94.0,2.0,3.6,13.0,1022.6,,Dornbirner Radtage,0,0,262.375
2024-08-25 09:00:00,,18.5,15.4,24.4,10.2,,5.2,55.1,1019.9,15.4,14.6,95.0,0.8,3.6,13.0,1023.6,,Dornbirner Radtage,0,0,272.0
2024-08-25 10:00:00,,18.5,15.4,24.4,10.2,,5.2,55.1,1019.9,15.8,14.7,93.0,3.0,3.6,13.0,1023.5,,Dornbirner Radtage,0,0,283.7142857142857
2024-08-25 11:00:00,,18.5,15.4,24.4,10.2,,5.2,55.1,1019.9,15.8,14.3,91.0,0.0,7.2,13.0,1023.5,,Dornbirner Radtage,0,0,294.7142857142857
2024-08-25 12:00:00,,18.5,15.4,24.4,10.2,,5.2,55.1,1019.9,16.9,14.5,86.0,0.0,3.6,14.8,1023.3,,Dornbirner Radtage,0,0,303.625
2024-08-25 13:00:00,,18.5,15.4,24.4,10.2,,5.2,55.1,1019.9,17.9,12.6,71.0,0.0,3.6,16.7,1022.8,,Dornbirner Radtage,0,0,303.0
2024-08-25 14:00:00,,18.5,15.4,24.4,10.2,,5.2,55.1,1019.9,18.5,13.6,73.0,0.2,7.2,16.7,1022.2,,Dornbirner Radtage,0,0,300.2857142857143
2024-08-25 15:00:00,,18.5,15.4,24.4,10.2,,5.2,55.1,1019.9,17.9,14.2,79.0,0.0,3.6,16.7,1022.0,,Dornbirner Radtage,0,0,318.7142857142857
2024-08-25 16:00:00,,18.5,15.4,24.4,10.2,,5.2,55.1,1019.9,17.5,14.4,82.0,0.0,7.2,14.8,1021.9,,Dornbirner Radtage,0,0,315.14285714285717
2024-08-25 17:00:00,,18.5,15.4,24.4,10.2,,5.2,55.1,1019.9,17.7,14.8,83.0,0.0,3.6,14.8,1021.7,,Dornbirner Radtage,0,0,308.57142857142856
2024-08-25 18:00:00,,18.5,15.4,24.4,10.2,,5.2,55.1,1019.9,17.2,14.5,84.0,0.0,3.6,14.8,1021.9,,Dornbirner Radtage,0,0,322.0
2024-08-25 19:00:00,,18.5,15.4,24.4,10.2,,5.2,55.1,1019.9,17.8,15.2,85.0,0.0,5.8,11.1,1022.4,,Dornbirner Radtage,0,0,331.7142857142857
2024-08-25 20:00:00,,18.5,15.4,24.4,10.2,,5.2,55.1,1019.9,17.6,15.0,85.0,0.0,3.6,11.1,1022.5,,Dornbirner Radtage,0,0,331.85714285714283
2024-08-25 21:00:00,,18.5,15.4,24.4,10.2,,5.2,55.1,1019.9,16.6,14.8,89.0,0.0,3.6,11.1,1021.7,,Dornbirner Radtage,0,0,319.0
2024-08-25 22:00:00,,18.5,15.4,24.4,10.2,,5.2,55.1,1019.9,15.8,15.2,96.0,0.0,3.6,11.1,1021.8,,Dornbirner Radtage,0,0,307.14285714285717
2024-08-25 23:00:00,,18.5,15.4,24.4,10.2,,5.2,55.1,1019.9,16.0,15.0,94.0,0.0,3.6,11.1,1021.2,,Dornbirner Radtage,0,0,303.625
2024-08-26 00:00:00,,17.1,15.3,21.0,0.3,,3.8,16.7,1021.0,15.8,15.2,96.0,0.0,0.0,9.3,1021.1,,,0,0,303.0
2024-08-26 01:00:00,,17.1,15.3,21.0,0.3,,3.8,16.7,1021.0,15.9,15.3,96.0,0.0,3.6,9.3,1020.9,,,0,0,303.0
2024-08-26 02:00:00,,17.1,15.3,21.0,0.3,,3.8,16.7,1021.0,15.8,15.0,95.0,0.0,3.6,9.3,1020.6,,,0,0,303.0
2024-08-26 03:00:00,,17.1,15.3,21.0,0.3,,3.8,16.7,1021.0,15.4,14.3,93.0,0.0,3.6,11.1,1020.9,,,0,0,303.0
2024-08-26 04:00:00,,17.1,15.3,21.0,0.3,,3.8,16.7,1021.0,15.3,14.3,94.0,0.1,3.6,11.1,1020.6,,,0,0,303.0
2024-08-26 05:00:00,,17.1,15.3,21.0,0.3,,3.8,16.7,1021.0,15.5,14.5,94.0,0.0,3.6,9.3,1020.7,,,0,0,302.85714285714283
2024-08-26 06:00:00,,17.1,15.3,21.0,0.3,,3.8,16.7,1021.0,15.6,14.5,93.0,0.0,3.6,9.3,1020.7,,,0,0,304.57142857142856
2024-08-26 07:00:00,,17.1,15.3,21.0,0.3,,3.8,16.7,1021.0,15.8,14.0,89.0,0.0,3.6,9.3,1021.0,,,0,0,144.57142857142858
2024-08-26 08:00:00,,17.1,15.3,21.0,0.3,,3.8,16.7,1021.0,16.1,13.9,87.0,0.0,3.6,11.1,1021.2,,,0,0,133.28571428571428
2024-08-26 09:00:00,,17.1,15.3,21.0,0.3,,3.8,16.7,1021.0,16.7,13.4,81.0,0.0,3.6,11.1,1021.6,,,0,0,209.75
2024-08-26 10:00:00,,17.1,15.3,21.0,0.3,,3.8,16.7,1021.0,17.2,14.1,82.0,0.1,3.6,13.0,1021.5,,,0,0,260.7142857142857
2024-08-26 11:00:00,,17.1,15.3,21.0,0.3,,3.8,16.7,1021.0,17.7,14.6,82.0,0.1,3.6,13.0,1021.3,,,0,0,268.2857142857143
2024-08-26 12:00:00,,17.1,15.3,21.0,0.3,,3.8,16.7,1021.0,18.2,14.1,77.0,0.0,3.6,14.8,1021.2,,,0,0,244.71428571428572
2024-08-26 13:00:00,,17.1,15.3,21.0,0.3,,3.8,16.7,1021.0,20.4,15.6,74.0,0.0,3.6,16.7,1020.3,,,0,0,234.85714285714286
2024-08-26 14:00:00,,17.1,15.3,21.0,0.3,,3.8,16.7,1021.0,19.4,14.2,72.0,0.0,7.2,14.8,1020.3,,,0,0,252.75
2024-08-26 15:00:00,,17.1,15.3,21.0,0.3,,3.8,16.7,1021.0,21.0,14.6,67.0,0.0,12.2,14.8,1020.0,,,0,0,262.2857142857143
2024-08-26 16:00:00,,17.1,15.3,21.0,0.3,,3.8,16.7,1021.0,19.0,14.3,74.0,0.0,3.6,14.8,1020.5,,,0,0,217.57142857142858
2024-08-26 17:00:00,,17.1,15.3,21.0,0.3,,3.8,16.7,1021.0,18.6,14.9,79.0,0.0,3.6,14.8,1020.5,,,0,0,155.0
2024-08-26 18:00:00,,17.1,15.3,21.0,0.3,,3.8,16.7,1021.0,18.0,16.0,88.0,0.0,3.6,14.8,1020.7,,,0,0,106.14285714285714
2024-08-26 19:00:00,,17.1,15.3,21.0,0.3,,3.8,16.7,1021.0,17.7,14.0,79.0,0.0,3.6,13.0,1021.4,,,0,0,85.625
2024-08-26 20:00:00,,17.1,15.3,21.0,0.3,,3.8,16.7,1021.0,16.7,14.9,89.0,0.0,0.0,13.0,1021.9,,,0,0,78.85714285714286
2024-08-26 21:00:00,,17.1,15.3,21.0,0.3,,3.8,16.7,1021.0,16.6,14.8,89.0,0.0,3.6,13.0,1021.8,,,0,0,54.142857142857146
2024-08-26 22:00:00,,17.1,15.3,21.0,0.3,,3.8,16.7,1021.0,16.5,15.0,91.0,0.0,0.0,11.1,1021.6,,,0,0,37.285714285714285
2024-08-26 23:00:00,,17.1,15.3,21.0,0.3,,3.8,16.7,1021.0,16.3,15.2,93.0,0.0,3.6,9.3,1021.5,,,0,0,23.571428571428573
2024-08-27 00:00:00,,18.5,12.6,23.8,0.0,,3.4,16.7,1018.9,15.2,14.6,96.0,0.0,0.0,9.3,1021.2,,,0,0,20.0
2024-08-27 01:00:00,,18.5,12.6,23.8,0.0,,3.4,16.7,1018.9,14.6,14.1,97.0,0.0,0.0,9.3,1021.1,,,0,0,20.0
2024-08-27 02:00:00,,18.5,12.6,23.8,0.0,,3.4,16.7,1018.9,13.7,13.5,99.0,0.0,0.0,9.3,1021.0,,,0,0,20.0
2024-08-27 03:00:00,,18.5,12.6,23.8,0.0,,3.4,16.7,1018.9,13.1,12.9,99.0,0.0,3.6,9.3,1021.0,,,0,0,20.0
2024-08-27 04:00:00,,18.5,12.6,23.8,0.0,,3.4,16.7,1018.9,13.0,12.8,99.0,0.0,0.0,9.3,1020.5,,,0,0,19.714285714285715
2024-08-27 05:00:00,,18.5,12.6,23.8,0.0,,3.4,16.7,1018.9,12.6,12.4,99.0,0.0,0.0,9.3,1020.9,,,0,0,21.25
2024-08-27 06:00:00,,18.5,12.6,23.8,0.0,,3.4,16.7,1018.9,14.4,13.8,96.0,0.0,3.6,9.3,1020.3,,,0,0,24.714285714285715
2024-08-27 07:00:00,,18.5,12.6,23.8,0.0,,3.4,16.7,1018.9,16.7,13.8,83.0,0.1,7.2,9.3,1019.9,,,0,0,62.714285714285715
2024-08-27 08:00:00,,18.5,12.6,23.8,0.0,,3.4,16.7,1018.9,18.5,14.4,77.0,0.0,3.6,11.1,1019.4,,,0,0,120.71428571428571
2024-08-27 09:00:00,,18.5,12.6,23.8,0.0,,3.4,16.7,1018.9,19.9,14.7,72.0,0.0,7.2,11.1,1018.9,,,0,0,179.42857142857142
2024-08-27 10:00:00,,18.5,12.6,23.8,0.0,,3.4,16.7,1018.9,21.1,15.6,71.0,0.0,7.2,13.0,1018.5,,,0,0,225.0
2024-08-27 11:00:00,,18.5,12.6,23.8,0.0,,3.4,16.7,1018.9,21.5,15.8,70.0,0.0,7.2,14.8,1018.0,,,0,0,245.28571428571428
2024-08-27 12:00:00,,18.5,12.6,23.8,0.0,,3.4,16.7,1018.9,22.4,15.7,66.0,0.0,7.2,16.7,1017.7,,,0,0,217.57142857142858
2024-08-27 13:00:00,,18.5,12.6,23.8,0.0,,3.4,16.7,1018.9,22.7,15.3,63.0,0.0,7.2,16.7,1017.3,,,0,0,207.71428571428572
2024-08-27 14:00:00,,18.5,12.6,23.8,0.0,,3.4,16.7,1018.9,23.3,15.9,63.0,0.0,7.2,16.7,1016.9,,,0,0,242.71428571428572
2024-08-27 15:00:00,,18.5,12.6,23.8,0.0,,3.4,16.7,1018.9,23.8,16.8,65.0,0.0,3.6,14.8,1016.2,,,0,0,229.125
2024-08-27 16:00:00,,18.5,12.6,23.8,0.0,,3.4,16.7,1018.9,23.5,16.8,66.0,0.0,7.2,14.8,1016.0,,,0,0,174.0
2024-08-27 17:00:00,,18.5,12.6,23.8,0.0,,3.4,16.7,1018.9,23.5,16.8,66.0,0.0,3.6,13.0,1016.0,,,0,0,136.85714285714286
2024-08-27 18:00:00,,18.5,12.6,23.8,0.0,,3.4,16.7,1018.9,21.0,17.2,79.0,0.0,0.0,13.0,1016.6,,,0,0,118.28571428571429
2024-08-27 19:00:00,,18.5,12.6,23.8,0.0,,3.4,16.7,1018.9,19.2,17.2,88.0,0.0,0.0,13.0,1017.5,,,0,0,105.71428571428571
2024-08-27 20:00:00,,18.5,12.6,23.8,0.0,,3.4,16.7,1018.9,18.0,17.4,96.0,0.0,0.0,11.1,1017.7,,,0,0,92.125
2024-08-27 21:00:00,,18.5,12.6,23.8,0.0,,3.4,16.7,1018.9,18.8,15.9,83.0,0.0,3.7,9.3,1016.3,,,0,0,57.285714285714285
2024-08-27 22:00:00,,18.5,12.6,23.8,0.0,,3.4,16.7,1018.9,16.9,16.4,97.0,0.0,0.0,9.3,1017.8,,,0,0,37.857142857142854
2024-08-27 23:00:00,,18.5,12.6,23.8,0.0,,3.4,16.7,1018.9,16.7,16.1,96.0,0.0,0.0,9.3,1017.5,,,0,0,22.857142857142858
2024-08-28 00:00:00,,21.0,14.7,27.7,0.0,,2.0,16.7,1016.8,16.3,16.1,99.0,0.0,0.0,9.3,1017.4,,,0,0,20.285714285714285
2024-08-28 01:00:00,,21.0,14.7,27.7,0.0,,2.0,16.7,1016.8,15.8,15.5,98.0,0.0,0.0,9.3,1017.2,,,0,0,20.0
2024-08-28 02:00:00,,21.0,14.7,27.7,0.0,,2.0,16.7,1016.8,15.4,15.2,99.0,0.0,0.0,9.3,1017.5,,,0,0,19.857142857142858
2024-08-28 03:00:00,,21.0,14.7,27.7,0.0,,2.0,16.7,1016.8,15.3,15.1,99.0,0.0,0.0,9.3,1017.8,,,0,0,19.0
2024-08-28 04:00:00,,21.0,14.7,27.7,0.0,,2.0,16.7,1016.8,14.7,14.4,98.0,0.1,0.0,9.3,1017.9,,,0,0,18.428571428571427
2024-08-28 05:00:00,,21.0,14.7,27.7,0.0,,2.0,16.7,1016.8,15.9,14.6,92.0,0.0,3.7,9.3,1017.6,,,0,0,18.0
2024-08-28 06:00:00,,21.0,14.7,27.7,0.0,,2.0,16.7,1016.8,16.5,15.4,93.0,0.0,0.0,9.3,1018.3,,,0,0,21.75
2024-08-28 07:00:00,,21.0,14.7,27.7,0.0,,2.0,16.7,1016.8,18.8,15.9,83.0,0.0,0.0,9.3,1018.1,,,1,0,66.57142857142857
2024-08-28 08:00:00,,21.0,14.7,27.7,0.0,,2.0,16.7,1016.8,21.3,16.7,75.0,0.0,3.6,9.3,1017.7,,,1,0,145.28571428571428
2024-08-28 09:00:00,,21.0,14.7,27.7,0.0,,2.0,16.7,1016.8,23.0,16.1,65.0,0.0,0.0,11.1,1017.7,,,1,0,256.7142857142857
2024-08-28 10:00:00,,21.0,14.7,27.7,0.0,,2.0,16.7,1016.8,23.8,15.3,59.0,0.0,0.0,13.0,1017.1,,,1,0,316.2857142857143
2024-08-28 11:00:00,,21.0,14.7,27.7,0.0,,2.0,16.7,1016.8,24.6,18.3,68.0,0.0,7.2,13.0,1016.8,,,1,0,309.25
2024-08-28 12:00:00,,21.0,14.7,27.7,0.0,,2.0,16.7,1016.8,25.9,19.3,67.0,0.0,3.6,13.0,1016.3,,,1,0,254.57142857142858
2024-08-28 13:00:00,,21.0,14.7,27.7,0.0,,2.0,16.7,1016.8,26.6,17.9,59.0,0.0,7.2,13.0,1015.8,,,0,0,214.14285714285714
2024-08-28 14:00:00,,21.0,14.7,27.7,0.0,,2.0,16.7,1016.8,27.5,17.1,53.0,0.0,7.2,11.1,1015.3,,,0,0,200.28571428571428
2024-08-28 15:00:00,,21.0,14.7,27.7,0.0,,2.0,16.7,1016.8,27.7,16.6,51.0,0.0,7.2,11.1,1014.8,,,0,0,196.14285714285714
2024-08-28 16:00:00,,21.0,14.7,27.7,0.0,,2.0,16.7,1016.8,27.4,17.0,53.0,0.0,7.2,9.3,1014.7,,,0,0,166.125
2024-08-28 17:00:00,,21.0,14.7,27.7,0.0,,2.0,16.7,1016.8,26.3,18.4,62.0,0.0,3.6,9.3,1014.6,,,0,0,135.42857142857142
2024-08-28 18:00:00,,21.0,14.7,27.7,0.0,,2.0,16.7,1016.8,23.0,15.8,64.0,0.0,0.0,13.0,1015.4,,,0,0,138.28571428571428
2024-08-28 19:00:00,,21.0,14.7,27.7,0.0,,2.0,16.7,1016.8,21.1,17.7,81.0,0.0,0.0,14.8,1016.2,,,0,0,167.42857142857142
2024-08-28 20:00:00,,21.0,14.7,27.7,0.0,,2.0,16.7,1016.8,19.9,17.9,88.0,0.0,0.0,14.8,1016.9,,,0,0,116.28571428571429
2024-08-28 21:00:00,,21.0,14.7,27.7,0.0,,2.0,16.7,1016.8,19.3,17.3,88.0,0.0,0.0,16.7,1016.9,,,0,0,82.25
2024-08-28 22:00:00,,21.0,14.7,27.7,0.0,,2.0,16.7,1016.8,19.0,17.0,88.0,0.0,0.0,16.7,1017.1,,,0,0,53.714285714285715
2024-08-28 23:00:00,,21.0,14.7,27.7,0.0,,2.0,16.7,1016.8,18.0,16.7,92.0,0.0,0.0,16.7,1017.6,,,0,0,41.42857142857143
2024-08-29 00:00:00,,22.8,16.1,29.4,0.0,,1.8,20.4,1017.1,17.2,16.2,94.0,0.0,3.6,18.5,1018.0,,,0,0,31.571428571428573
2024-08-29 01:00:00,,22.8,16.1,29.4,0.0,,1.8,20.4,1017.1,17.1,16.3,95.0,0.0,0.0,18.5,1017.8,,,0,0,28.285714285714285
2024-08-29 02:00:00,,22.8,16.1,29.4,0.0,,1.8,20.4,1017.1,16.9,15.9,94.0,0.0,3.6,16.7,1018.0,,,0,0,21.125
2024-08-29 03:00:00,,22.8,16.1,29.4,0.0,,1.8,20.4,1017.1,16.2,15.6,96.0,0.0,0.0,14.8,1018.4,,,0,0,21.0
2024-08-29 04:00:00,,22.8,16.1,29.4,0.0,,1.8,20.4,1017.1,16.1,15.1,94.0,0.0,0.0,14.8,1018.6,,,0,0,21.0
2024-08-29 05:00:00,,22.8,16.1,29.4,0.0,,1.8,20.4,1017.1,18.2,14.9,81.0,0.0,7.4,14.8,1017.1,,,0,0,20.857142857142858
2024-08-29 06:00:00,,22.8,16.1,29.4,0.0,,1.8,20.4,1017.1,18.4,16.2,87.0,0.0,0.0,14.8,1018.8,,,0,0,22.142857142857142
2024-08-29 07:00:00,,22.8,16.1,29.4,0.0,,1.8,20.4,1017.1,21.5,15.8,70.0,0.0,3.6,13.0,1018.8,,,0,0,56.375
2024-08-29 08:00:00,,22.8,16.1,29.4,0.0,,1.8,20.4,1017.1,23.8,16.6,64.0,0.0,0.0,13.0,1018.6,,,0,0,121.57142857142857
2024-08-29 09:00:00,,22.8,16.1,29.4,0.0,,1.8,20.4,1017.1,25.1,15.1,54.0,0.0,3.6,13.0,1018.4,,,0,0,217.5
2024-08-29 10:00:00,,22.8,16.1,29.4,0.0,,1.8,20.4,1017.1,26.4,15.8,52.0,0.0,3.6,13.0,1017.6,,,0,0,298.7142857142857
2024-08-29 11:00:00,,22.8,16.1,29.4,0.0,,1.8,20.4,1017.1,27.7,15.0,46.0,0.0,0.0,13.0,1016.6,,,0,0,305.42857142857144
2024-08-29 12:00:00,,22.8,16.1,29.4,0.0,,1.8,20.4,1017.1,29.1,17.0,48.0,0.0,3.6,13.0,1015.9,,,0,0,253.875
2024-08-29 13:00:00,,22.8,16.1,29.4,0.0,,1.8,20.4,1017.1,29.0,16.2,46.0,0.0,7.2,13.0,1015.5,,,0,0,181.28571428571428
2024-08-29 14:00:00,,22.8,16.1,29.4,0.0,,1.8,20.4,1017.1,29.3,16.8,47.0,0.0,3.6,13.0,1015.1,,,0,0,183.33333333333334
2024-08-29 15:00:00,,22.8,16.1,29.4,0.0,,1.8,20.4,1017.1,29.4,17.2,48.0,0.0,3.6,11.1,1014.9,,,0,0,193.42857142857142
2024-08-29 16:00:00,,22.8,16.1,29.4,0.0,,1.8,20.4,1017.1,29.0,16.6,47.0,0.0,3.6,11.1,1014.9,,,0,0,159.71428571428572
2024-08-29 17:00:00,,22.8,16.1,29.4,0.0,,1.8,20.4,1017.1,27.8,17.6,54.0,0.0,0.0,11.1,1015.3,,,0,0,137.42857142857142
2024-08-29 18:00:00,,22.8,16.1,29.4,0.0,,1.8,20.4,1017.1,23.9,17.4,67.0,0.0,0.0,14.8,1016.1,,,0,0,119.25
2024-08-29 19:00:00,,22.8,16.1,29.4,0.0,,1.8,20.4,1017.1,23.0,15.8,64.0,0.0,7.4,14.8,1016.1,,,0,0,118.57142857142857
2024-08-29 20:00:00,,22.8,16.1,29.4,0.0,,1.8,20.4,1017.1,20.6,18.4,87.0,0.0,0.0,18.5,1017.2,,,0,0,107.71428571428571
2024-08-29 21:00:00,,22.8,16.1,29.4,0.0,,1.8,20.4,1017.1,20.4,18.0,86.0,0.0,0.0,20.4,1017.5,,,0,0,86.42857142857143
2024-08-29 22:00:00,,22.8,16.1,29.4,0.0,,1.8,20.4,1017.1,19.8,17.6,87.0,0.0,3.6,18.5,1017.3,,,0,0,63.57142857142857
2024-08-29 23:00:00,,22.8,16.1,29.4,0.0,,1.8,20.4,1017.1,19.5,17.3,87.0,0.0,0.0,18.5,1017.1,,,0,0,38.5
2024-08-30 00:00:00,,22.3,16.4,29.0,0.0,,2.2,18.5,1016.3,18.4,17.6,95.0,0.0,3.6,14.8,1017.2,,Urbikuss - das Stadtfest,0,0,23.428571428571427
2024-08-30 01:00:00,,22.3,16.4,29.0,0.0,,2.2,18.5,1016.3,17.7,17.1,96.0,0.0,3.6,14.8,1017.1,,Urbikuss - das Stadtfest,0,0,20.714285714285715
2024-08-30 02:00:00,,22.3,16.4,29.0,0.0,,2.2,18.5,1016.3,17.6,16.6,94.0,0.0,3.6,13.0,1017.2,,Urbikuss - das Stadtfest,0,0,20.0
2024-08-30 03:00:00,,22.3,16.4,29.0,0.0,,2.2,18.5,1016.3,17.1,16.5,96.0,0.0,0.0,13.0,1017.4,,Urbikuss - das Stadtfest,0,0,20.0
2024-08-30 04:00:00,,22.3,16.4,29.0,0.0,,2.2,18.5,1016.3,16.9,16.1,95.0,0.1,0.0,13.0,1017.5,,Urbikuss - das Stadtfest,0,0,20.0
2024-08-30 05:00:00,,22.3,16.4,29.0,0.0,,2.2,18.5,1016.3,16.4,15.8,96.0,0.0,0.0,13.0,1017.6,,Urbikuss - das Stadtfest,0,0,20.142857142857142
2024-08-30 06:00:00,,22.3,16.4,29.0,0.0,,2.2,18.5,1016.3,18.1,16.6,91.0,0.0,0.0,14.8,1017.6,,Urbikuss - das Stadtfest,0,0,20.857142857142858
2024-08-30 07:00:00,,22.3,16.4,29.0,0.0,,2.2,18.5,1016.3,20.6,16.4,77.0,0.0,0.0,14.8,1017.4,,Urbikuss - das Stadtfest,0,0,48.142857142857146
2024-08-30 08:00:00,,22.3,16.4,29.0,0.0,,2.2,18.5,1016.3,23.2,15.5,62.0,0.0,0.0,13.0,1016.9,,Urbikuss - das Stadtfest,0,0,99.28571428571429
2024-08-30 09:00:00,,22.3,16.4,29.0,0.0,,2.2,18.5,1016.3,21.5,15.6,69.0,0.0,5.5,13.0,1019.2,,Urbikuss - das Stadtfest,0,0,161.25
2024-08-30 10:00:00,,22.3,16.4,29.0,0.0,,2.2,18.5,1016.3,25.3,17.8,63.0,0.0,3.6,13.0,1016.8,,Urbikuss - das Stadtfest,0,0,216.85714285714286
2024-08-30 11:00:00,,22.3,16.4,29.0,0.0,,2.2,18.5,1016.3,26.5,17.3,57.0,0.0,3.6,13.0,1016.3,,Urbikuss - das Stadtfest,0,0,214.71428571428572
2024-08-30 12:00:00,,22.3,16.4,29.0,0.0,,2.2,18.5,1016.3,27.3,18.3,58.0,0.0,7.2,13.0,1015.8,,Urbikuss - das Stadtfest,0,0,212.28571428571428
2024-08-30 13:00:00,,22.3,16.4,29.0,0.0,,2.2,18.5,1016.3,27.4,17.8,56.0,0.0,7.2,13.0,1015.4,,Urbikuss - das Stadtfest,0,0,218.28571428571428
2024-08-30 14:00:00,,22.3,16.4,29.0,0.0,,2.2,18.5,1016.3,28.4,18.2,54.0,0.0,3.6,13.0,1014.8,,Urbikuss - das Stadtfest,0,0,248.5
2024-08-30 15:00:00,,22.3,16.4,29.0,0.0,,2.2,18.5,1016.3,28.6,16.8,49.0,0.0,3.6,13.0,1014.3,,Urbikuss - das Stadtfest,0,0,274.0
2024-08-30 16:00:00,,22.3,16.4,29.0,0.0,,2.2,18.5,1016.3,29.0,16.9,48.0,0.0,3.6,13.0,1014.0,,Urbikuss - das Stadtfest,0,0,266.2857142857143
2024-08-30 17:00:00,,22.3,16.4,29.0,0.0,,2.2,18.5,1016.3,27.0,18.8,61.0,0.0,3.6,13.0,1013.9,,Urbikuss - das Stadtfest,0,0,220.85714285714286
2024-08-30 18:00:00,,22.3,16.4,29.0,0.0,,2.2,18.5,1016.3,23.8,17.5,68.0,0.0,0.0,14.8,1014.8,,Urbikuss - das Stadtfest,0,0,189.71428571428572
2024-08-30 19:00:00,,22.3,16.4,29.0,0.0,,2.2,18.5,1016.3,22.4,19.4,83.0,0.0,0.0,14.8,1015.4,,Urbikuss - das Stadtfest,0,0,186.875
2024-08-30 20:00:00,,22.3,16.4,29.0,0.0,,2.2,18.5,1016.3,21.1,19.0,88.0,0.0,0.0,13.0,1016.0,,Urbikuss - das Stadtfest,0,0,166.85714285714286
2024-08-30 21:00:00,,22.3,16.4,29.0,0.0,,2.2,18.5,1016.3,20.2,18.7,91.0,0.0,0.0,13.0,1016.4,,Urbikuss - das Stadtfest,0,0,170.71428571428572
2024-08-30 22:00:00,,22.3,16.4,29.0,0.0,,2.2,18.5,1016.3,19.9,18.0,89.0,0.0,3.6,14.8,1016.5,,Urbikuss - das Stadtfest,0,0,138.71428571428572
2024-08-30 23:00:00,,22.3,16.4,29.0,0.0,,2.2,18.5,1016.3,19.5,18.0,91.0,0.0,3.6,14.8,1016.7,,Urbikuss - das Stadtfest,0,0,113.71428571428571
2024-08-31 00:00:00,,20.2,16.7,24.8,0.0,,5.4,14.8,1019.6,18.8,18.0,95.0,0.0,0.0,13.0,1017.0,,,0,0,78.875
2024-08-31 01:00:00,,20.2,16.7,24.8,0.0,,5.4,14.8,1019.6,18.3,17.8,97.0,0.0,3.6,14.8,1017.2,,,0,0,61.57142857142857
2024-08-31 02:00:00,,20.2,16.7,24.8,0.0,,5.4,14.8,1019.6,18.2,17.6,96.0,0.0,0.0,13.0,1017.2,,,0,0,46.42857142857143
2024-08-31 03:00:00,,20.2,16.7,24.8,0.0,,5.4,14.8,1019.6,18.2,17.2,94.0,0.0,0.0,13.0,1017.3,,,0,0,32.42857142857143
2024-08-31 04:00:00,,20.2,16.7,24.8,0.0,,5.4,14.8,1019.6,18.5,17.7,95.0,0.0,0.0,13.0,1017.0,,,0,0,31.0
2024-08-31 05:00:00,,20.2,16.7,24.8,0.0,,5.4,14.8,1019.6,16.8,15.0,89.0,0.0,5.5,13.0,1020.2,,,0,0,31.5
2024-08-31 06:00:00,,20.2,16.7,24.8,0.0,,5.4,14.8,1019.6,19.3,17.1,87.0,0.0,0.0,11.1,1017.7,,,0,0,31.857142857142858
2024-08-31 07:00:00,,20.2,16.7,24.8,0.0,,5.4,14.8,1019.6,20.4,17.4,83.0,0.1,3.6,11.1,1017.7,,,1,0,44.857142857142854
2024-08-31 08:00:00,,20.2,16.7,24.8,0.0,,5.4,14.8,1019.6,21.7,17.9,79.0,0.0,3.6,13.0,1017.6,,,1,0,127.14285714285714
2024-08-31 09:00:00,,20.2,16.7,24.8,0.0,,5.4,14.8,1019.6,20.9,15.2,70.0,0.0,5.5,13.0,1020.3,,,1,0,262.57142857142856
2024-08-31 10:00:00,,20.2,16.7,24.8,0.0,,5.4,14.8,1019.6,25.1,18.1,65.0,0.0,3.6,13.0,1016.8,,,1,0,394.875
2024-08-31 11:00:00,,20.2,16.7,24.8,0.0,,5.4,14.8,1019.6,26.6,19.0,63.0,0.0,3.6,13.0,1016.2,,,1,0,398.0
2024-08-31 12:00:00,,20.2,16.7,24.8,0.0,,5.4,14.8,1019.6,27.0,18.3,59.0,0.0,3.6,13.0,1015.6,,,1,0,329.0
2024-08-31 13:00:00,,20.2,16.7,24.8,0.0,,5.4,14.8,1019.6,28.5,19.7,59.0,0.0,0.0,13.0,1014.8,,,0,0,220.85714285714286
2024-08-31 14:00:00,,20.2,16.7,24.8,0.0,,5.4,14.8,1019.6,24.6,15.2,56.0,0.0,5.5,13.0,1018.5,,,0,0,146.71428571428572
2024-08-31 15:00:00,,20.2,16.7,24.8,0.0,,5.4,14.8,1019.6,24.8,15.1,55.0,0.0,5.5,13.0,1018.2,,,0,0,118.875
2024-08-31 16:00:00,,20.2,16.7,24.8,0.0,,5.4,14.8,1019.6,28.2,20.2,62.0,0.0,3.6,13.0,1013.6,,,0,0,100.0
2024-08-31 17:00:00,,20.2,16.7,24.8,0.0,,5.4,14.8,1019.6,27.3,20.9,68.0,0.0,0.0,13.0,1013.6,,,0,0,90.14285714285714
2024-08-31 18:00:00,,20.2,16.7,24.8,0.0,,5.4,14.8,1019.6,24.9,21.0,79.0,0.0,3.6,14.8,1014.2,,,0,0,102.57142857142857
2024-08-31 19:00:00,,20.2,16.7,24.8,0.0,,5.4,14.8,1019.6,20.7,15.9,74.0,0.0,3.7,13.0,1019.2,,,0,0,121.71428571428571
2024-08-31 20:00:00,,20.2,16.7,24.8,0.0,,5.4,14.8,1019.6,22.4,20.3,88.0,0.0,3.6,13.0,1015.1,,,0,0,142.0
2024-08-31 21:00:00,,20.2,16.7,24.8,0.0,,5.4,14.8,1019.6,22.1,20.4,90.0,0.0,0.0,13.0,1015.3,,,0,0,154.14285714285714
2024-08-31 22:00:00,,20.2,16.7,24.8,0.0,,5.4,14.8,1019.6,21.7,19.6,88.0,0.0,0.0,13.0,1015.5,,,0,0,136.28571428571428
2024-08-31 23:00:00,,20.2,16.7,24.8,0.0,,5.4,14.8,1019.6,20.4,17.4,83.0,0.0,0.0,13.0,1015.7,,,0,0,114.14285714285714
2024-09-01 00:00:00,,23.4,18.4,28.9,0.0,,4.2,16.7,1013.6,19.6,17.7,89.0,0.0,0.0,13.0,1015.7,,,0,0,78.0
2024-09-01 01:00:00,,23.4,18.4,28.9,0.0,,4.2,16.7,1013.6,20.0,18.5,91.0,0.0,0.0,13.0,1015.2,,,0,0,63.5
2024-09-01 02:00:00,,23.4,18.4,28.9,0.0,,4.2,16.7,1013.6,19.7,18.4,92.0,0.0,0.0,13.0,1015.2,,,0,0,53.857142857142854
2024-09-01 03:00:00,,23.4,18.4,28.9,0.0,,4.2,16.7,1013.6,19.3,18.0,92.0,0.0,3.6,11.1,1015.0,,,0,0,44.285714285714285
2024-09-01 04:00:00,,23.4,18.4,28.9,0.0,,4.2,16.7,1013.6,18.4,17.6,95.0,0.0,3.6,11.1,1014.9,,,0,0,40.714285714285715
2024-09-01 05:00:00,,23.4,18.4,28.9,0.0,,4.2,16.7,1013.6,16.3,14.1,87.0,0.0,3.7,11.1,1021.6,,,0,0,39.0
2024-09-01 06:00:00,,23.4,18.4,28.9,0.0,,4.2,16.7,1013.6,18.9,17.4,91.0,0.0,3.6,11.1,1015.4,,,0,0,39.0
2024-09-01 07:00:00,,23.4,18.4,28.9,0.0,,4.2,16.7,1013.6,22.2,16.9,72.0,0.0,0.0,11.1,1014.8,,,0,0,39.0
2024-09-01 08:00:00,,23.4,18.4,28.9,0.0,,4.2,16.7,1013.6,24.3,17.5,66.0,0.0,3.6,9.3,1014.5,,,0,0,39.285714285714285
2024-09-01 09:00:00,,23.4,18.4,28.9,0.0,,4.2,16.7,1013.6,25.2,17.7,63.0,0.0,3.6,11.1,1014.1,,,0,0,37.142857142857146
2024-09-01 10:00:00,,23.4,18.4,28.9,0.0,,4.2,16.7,1013.6,25.1,19.5,71.0,0.0,7.2,13.0,1014.2,,,0,0,40.57142857142857
2024-09-01 11:00:00,,23.4,18.4,28.9,0.0,,4.2,16.7,1013.6,25.8,18.7,65.0,0.0,7.2,13.0,1013.5,,,0,0,48.25
2024-09-01 12:00:00,,23.4,18.4,28.9,0.0,,4.2,16.7,1013.6,27.4,19.7,63.0,0.0,7.2,13.0,1012.8,,,0,0,58.714285714285715
2024-09-01 13:00:00,,23.4,18.4,28.9,0.0,,4.2,16.7,1013.6,28.2,19.4,59.0,0.0,7.2,13.0,1011.5,,,0,0,54.0
2024-09-01 14:00:00,,23.4,18.4,28.9,0.0,,4.2,16.7,1013.6,28.7,19.3,57.0,0.0,7.2,13.0,1010.9,,,0,0,54.285714285714285
2024-09-01 15:00:00,,23.4,18.4,28.9,0.0,,4.2,16.7,1013.6,28.9,19.2,56.0,0.0,7.2,16.7,1010.4,,,0,0,52.285714285714285
2024-09-01 16:00:00,,23.4,18.4,28.9,0.0,,4.2,16.7,1013.6,26.3,21.1,73.0,0.0,0.0,14.8,1010.9,,,0,0,50.0
2024-09-01 17:00:00,,23.4,18.4,28.9,0.0,,4.2,16.7,1013.6,25.7,18.9,66.0,0.0,3.6,14.8,1010.8,,,0,0,49.42857142857143
2024-09-01 18:00:00,,23.4,18.4,28.9,0.0,,4.2,16.7,1013.6,27.3,10.9,36.0,0.0,14.4,14.8,1010.9,,,0,0,61.857142857142854
2024-09-01 19:00:00,,23.4,18.4,28.9,0.0,,4.2,16.7,1013.6,22.7,15.5,64.0,0.0,10.8,14.8,1012.4,,,0,0,67.57142857142857
2024-09-01 20:00:00,,23.4,18.4,28.9,0.0,,4.2,16.7,1013.6,21.9,15.5,67.0,0.0,3.6,14.8,1013.6,,,0,0,64.57142857142857
2024-09-01 21:00:00,,23.4,18.4,28.9,0.0,,4.2,16.7,1013.6,20.2,17.0,82.0,0.0,3.6,14.8,1014.0,,,0,0,48.25
2024-09-01 22:00:00,,23.4,18.4,28.9,0.0,,4.2,16.7,1013.6,19.7,16.5,82.0,0.0,0.0,13.0,1014.9,,,0,0,37.42857142857143
2024-09-01 23:00:00,,23.4,18.4,28.9,0.0,,4.2,16.7,1013.6,19.7,16.0,79.0,0.0,3.6,13.0,1014.6,,,0,0,30.571428571428573
2024-09-02 00:00:00,,20.7,15.8,24.4,0.0,,3.3,14.8,1013.3,18.7,16.1,85.0,0.0,3.6,11.1,1014.7,,,0,0,28.0
2024-09-02 01:00:00,,20.7,15.8,24.4,0.0,,3.3,14.8,1013.3,17.9,16.2,90.0,0.0,3.6,11.1,1014.7,,,0,0,28.0
2024-09-02 02:00:00,,20.7,15.8,24.4,0.0,,3.3,14.8,1013.3,17.4,16.3,93.0,0.0,0.0,11.1,1014.9,,,0,0,28.0
2024-09-02 03:00:00,,20.7,15.8,24.4,0.0,,3.3,14.8,1013.3,17.2,15.9,92.0,0.0,3.6,11.1,1014.5,,,0,0,28.0
2024-09-02 04:00:00,,20.7,15.8,24.4,0.0,,3.3,14.8,1013.3,16.7,15.9,95.0,0.0,0.0,11.1,1014.1,,,0,0,28.0
2024-09-02 05:00:00,,20.7,15.8,24.4,0.0,,3.3,14.8,1013.3,15.8,15.2,96.0,0.0,3.6,11.1,1014.0,,,0,0,28.0
2024-09-02 06:00:00,,20.7,15.8,24.4,0.0,,3.3,14.8,1013.3,18.0,15.6,86.0,0.0,3.6,11.1,1014.3,,,0,0,29.25
2024-09-02 07:00:00,,20.7,15.8,24.4,0.0,,3.3,14.8,1013.3,20.7,15.9,74.0,0.0,0.0,11.1,1013.7,,,0,0,75.57142857142857
2024-09-02 08:00:00,,20.7,15.8,24.4,0.0,,3.3,14.8,1013.3,21.9,16.0,69.0,0.0,3.6,11.1,1013.2,,,0,0,137.33333333333334
2024-09-02 09:00:00,,20.7,15.8,24.4,0.0,,3.3,14.8,1013.3,22.6,16.2,67.0,0.0,3.6,13.0,1012.9,,,0,0,214.75
2024-09-02 10:00:00,,20.7,15.8,24.4,0.0,,3.3,14.8,1013.3,23.5,15.0,59.0,0.0,7.2,13.0,1012.8,,,0,0,295.0
2024-09-02 11:00:00,,20.7,15.8,24.4,0.0,,3.3,14.8,1013.3,22.7,16.9,70.0,0.0,3.6,13.0,1013.1,,,0,0,293.2857142857143
2024-09-02 12:00:00,,20.7,15.8,24.4,0.0,,3.3,14.8,1013.3,23.3,16.6,66.0,0.0,7.2,13.0,1012.8,,,0,0,263.7142857142857
2024-09-02 13:00:00,,20.7,15.8,24.4,0.0,,3.3,14.8,1013.3,24.4,14.8,55.0,0.0,7.2,14.8,1012.1,,,0,0,232.14285714285714
2024-09-02 14:00:00,,20.7,15.8,24.4,0.0,,3.3,14.8,1013.3,24.0,16.0,61.0,0.0,7.2,14.8,1011.5,,,0,0,216.42857142857142
2024-09-02 15:00:00,,20.7,15.8,24.4,0.0,,3.3,14.8,1013.3,23.5,16.3,64.0,0.0,3.6,13.0,1011.6,,,0,0,208.625
2024-09-02 16:00:00,,20.7,15.8,24.4,0.0,,3.3,14.8,1013.3,24.2,17.9,68.0,0.0,3.6,13.0,1011.3,,,0,0,167.85714285714286
2024-09-02 17:00:00,,20.7,15.8,24.4,0.0,,3.3,14.8,1013.3,24.0,17.3,66.0,0.0,3.6,13.0,1011.5,,,0,0,116.0
2024-09-02 18:00:00,,20.7,15.8,24.4,0.0,,3.3,14.8,1013.3,21.8,17.2,75.0,0.0,0.0,14.8,1011.9,,,0,0,99.57142857142857
2024-09-02 19:00:00,,20.7,15.8,24.4,0.0,,3.3,14.8,1013.3,20.5,17.3,82.0,0.0,3.6,13.0,1012.6,,,0,0,97.14285714285714
2024-09-02 20:00:00,,20.7,15.8,24.4,0.0,,3.3,14.8,1013.3,20.0,17.0,83.0,0.0,3.6,13.0,1013.2,,,0,0,87.125
2024-09-02 21:00:00,,20.7,15.8,24.4,0.0,,3.3,14.8,1013.3,18.5,16.8,90.0,0.0,0.0,13.0,1014.0,,,0,0,67.42857142857143
2024-09-02 22:00:00,,20.7,15.8,24.4,0.0,,3.3,14.8,1013.3,17.9,16.4,91.0,0.0,3.6,13.0,1014.3,,,0,0,46.714285714285715
2024-09-02 23:00:00,,20.7,15.8,24.4,0.0,,3.3,14.8,1013.3,17.4,16.6,95.0,0.0,0.0,11.1,1014.4,,,0,0,29.571428571428573
2024-09-03 00:00:00,,21.2,15.8,27.3,0.0,,2.3,14.8,1014.1,17.3,16.3,94.0,0.0,0.0,13.0,1014.5,,,0,0,27.857142857142858
2024-09-03 01:00:00,,21.2,15.8,27.3,0.0,,2.3,14.8,1014.1,16.7,16.1,96.0,0.0,3.6,11.1,1014.8,,,0,0,26.125
2024-09-03 02:00:00,,21.2,15.8,27.3,0.0,,2.3,14.8,1014.1,16.5,16.0,97.0,0.0,0.0,11.1,1015.1,,,0,0,26.0
2024-09-03 03:00:00,,21.2,15.8,27.3,0.0,,2.3,14.8,1014.1,16.2,15.7,97.0,0.0,0.0,11.1,1014.9,,,0,0,26.0
2024-09-03 04:00:00,,21.2,15.8,27.3,0.0,,2.3,14.8,1014.1,15.8,15.5,98.0,0.0,0.0,9.3,1015.0,,,0,0,26.0
2024-09-03 05:00:00,,21.2,15.8,27.3,0.0,,2.3,14.8,1014.1,15.8,15.5,98.0,0.0,3.6,9.3,1015.1,,,0,0,25.0
2024-09-03 06:00:00,,21.2,15.8,27.3,0.0,,2.3,14.8,1014.1,16.8,15.7,93.0,0.0,0.0,9.3,1015.2,,,0,0,27.25
2024-09-03 07:00:00,,21.2,15.8,27.3,0.0,,2.3,14.8,1014.1,19.1,15.4,79.0,0.1,3.6,11.1,1015.5,,,0,0,76.14285714285714
2024-09-03 08:00:00,,21.2,15.8,27.3,0.0,,2.3,14.8,1014.1,21.6,15.7,69.0,0.0,3.6,11.1,1015.4,,,0,0,156.42857142857142
2024-09-03 09:00:00,,21.2,15.8,27.3,0.0,,2.3,14.8,1014.1,23.6,15.6,61.0,0.0,3.6,13.0,1015.0,,,0,0,233.14285714285714
2024-09-03 10:00:00,,21.2,15.8,27.3,0.0,,2.3,14.8,1014.1,24.9,16.6,60.0,0.0,3.6,13.0,1014.6,,,0,0,279.7142857142857
2024-09-03 11:00:00,,21.2,15.8,27.3,0.0,,2.3,14.8,1014.1,25.6,17.5,61.0,0.0,7.2,13.0,1014.1,,,0,0,278.375
2024-09-03 12:00:00,,21.2,15.8,27.3,0.0,,2.3,14.8,1014.1,25.5,17.7,62.0,0.0,3.6,13.0,1013.8,,,0,0,244.85714285714286
2024-09-03 13:00:00,,21.2,15.8,27.3,0.0,,2.3,14.8,1014.1,25.9,17.5,60.0,0.0,3.6,14.8,1013.4,,,0,0,243.71428571428572
2024-09-03 14:00:00,,21.2,15.8,27.3,0.0,,2.3,14.8,1014.1,27.2,16.5,52.0,0.0,3.6,14.8,1012.7,,,0,0,244.42857142857142
2024-09-03 15:00:00,,21.2,15.8,27.3,0.0,,2.3,14.8,1014.1,27.3,18.0,57.0,0.0,3.6,14.8,1012.2,,,0,0,241.57142857142858
2024-09-03 16:00:00,,21.2,15.8,27.3,0.0,,2.3,14.8,1014.1,27.0,18.3,59.0,0.0,3.6,13.0,1012.2,,,0,0,208.875
2024-09-03 17:00:00,,21.2,15.8,27.3,0.0,,2.3,14.8,1014.1,24.5,20.2,77.0,0.0,0.0,14.8,1012.3,,,0,0,139.57142857142858
2024-09-03 18:00:00,,21.2,15.8,27.3,0.0,,2.3,14.8,1014.1,22.5,19.3,82.0,0.0,0.0,14.8,1012.6,,,0,0,113.71428571428571
2024-09-03 19:00:00,,21.2,15.8,27.3,0.0,,2.3,14.8,1014.1,22.0,19.4,85.0,0.0,0.0,14.8,1013.1,,,0,0,109.85714285714286
2024-09-03 20:00:00,,21.2,15.8,27.3,0.0,,2.3,14.8,1014.1,21.3,19.4,89.0,0.0,3.6,14.8,1013.6,,,0,0,97.71428571428571
2024-09-03 21:00:00,,21.2,15.8,27.3,0.0,,2.3,14.8,1014.1,21.1,19.0,88.0,0.0,0.0,13.0,1013.6,,,0,0,70.25
2024-09-03 22:00:00,,21.2,15.8,27.3,0.0,,2.3,14.8,1014.1,20.0,18.1,89.0,0.0,0.0,13.0,1013.7,,,0,0,50.857142857142854
2024-09-03 23:00:00,,21.2,15.8,27.3,0.0,,2.3,14.8,1014.1,17.4,15.4,88.0,0.0,6.5,17.6,1015.2,0.0,,0,0,34.714285714285715
2024-09-04 00:00:00,,20.7,17.0,24.9,0.4,,3.9,38.2,1013.2,18.5,17.5,94.0,0.0,0.0,14.0,1014.2,0.0,,0,0,31.428571428571427
2024-09-04 01:00:00,,20.7,17.0,24.9,0.4,,3.9,38.2,1013.2,18.1,17.1,94.0,0.0,3.6,12.2,1014.3,0.0,,0,0,30.857142857142858
2024-09-04 02:00:00,,20.7,17.0,24.9,0.4,,3.9,38.2,1013.2,17.6,16.6,94.0,0.0,0.0,11.9,1014.3,0.0,,0,0,30.0
2024-09-04 03:00:00,,20.7,17.0,24.9,0.4,,3.9,38.2,1013.2,17.1,16.5,96.0,0.0,3.6,7.9,1014.5,0.0,,0,0,30.0
2024-09-04 04:00:00,,20.7,17.0,24.9,0.4,,3.9,38.2,1013.2,17.4,16.8,96.0,0.0,0.0,7.6,1014.7,0.0,,0,0,29.428571428571427
2024-09-04 05:00:00,,20.7,17.0,24.9,0.4,,3.9,38.2,1013.2,17.0,16.4,96.0,0.0,0.0,9.7,1015.0,0.0,,0,0,28.428571428571427
2024-09-04 06:00:00,,20.7,17.0,24.9,0.4,,3.9,38.2,1013.2,18.1,16.9,93.0,0.0,3.6,5.8,1015.0,0.0,,0,0,30.0
2024-09-04 07:00:00,,20.7,17.0,24.9,0.4,,3.9,38.2,1013.2,19.7,17.1,85.0,0.0,3.6,9.7,1015.0,25.0,,1,0,68.875
2024-09-04 08:00:00,,20.7,17.0,24.9,0.4,,3.9,38.2,1013.2,20.8,17.6,82.0,0.0,3.6,10.8,1015.2,13.0,,1,0,152.28571428571428
2024-09-04 09:00:00,,20.7,17.0,24.9,0.4,,3.9,38.2,1013.2,22.5,17.4,73.0,0.0,3.6,11.2,1014.8,35.0,,1,0,292.85714285714283
2024-09-04 10:00:00,,20.7,17.0,24.9,0.4,,3.9,38.2,1013.2,24.1,17.6,67.0,0.0,3.6,14.0,1013.8,57.0,,1,0,362.85714285714283
2024-09-04 11:00:00,,20.7,17.0,24.9,0.4,,3.9,38.2,1013.2,23.3,17.1,68.0,0.0,7.2,14.4,1013.7,41.0,,1,0,332.14285714285717
2024-09-04 12:00:00,,20.7,17.0,24.9,0.4,,3.9,38.2,1013.2,22.9,17.6,72.0,0.0,7.2,14.8,1013.5,17.0,,1,0,272.57142857142856
2024-09-04 13:00:00,,20.7,17.0,24.9,0.4,,3.9,38.2,1013.2,22.8,17.7,73.0,0.0,3.6,13.3,1013.1,0.0,,0,0,230.125
2024-09-04 14:00:00,,20.7,17.0,24.9,0.4,,3.9,38.2,1013.2,23.6,17.6,69.0,0.0,7.2,13.7,1011.8,39.0,,0,0,241.0
2024-09-04 15:00:00,,20.7,17.0,24.9,0.4,,3.9,38.2,1013.2,24.7,15.3,56.0,0.0,7.2,12.6,1011.0,60.0,,0,0,241.57142857142858
2024-09-04 16:00:00,,20.7,17.0,24.9,0.4,,3.9,38.2,1013.2,24.9,15.5,56.0,0.0,7.2,14.8,1010.3,60.0,,0,0,201.71428571428572
2024-09-04 17:00:00,,20.7,17.0,24.9,0.4,,3.9,38.2,1013.2,23.7,16.7,65.0,0.0,3.6,13.0,1010.4,23.0,,0,0,159.14285714285714
2024-09-04 18:00:00,,20.7,17.0,24.9,0.4,,3.9,38.2,1013.2,22.5,16.3,68.0,0.0,7.2,24.8,1010.8,0.0,,0,0,118.625
2024-09-04 19:00:00,,20.7,17.0,24.9,0.4,,3.9,38.2,1013.2,21.0,16.2,74.0,0.0,3.6,38.2,1010.9,0.0,,0,0,112.42857142857143
2024-09-04 20:00:00,,20.7,17.0,24.9,0.4,,3.9,38.2,1013.2,19.4,17.9,91.0,0.4,3.6,29.5,1011.3,0.0,,0,0,106.57142857142857
2024-09-04 21:00:00,,20.7,17.0,24.9,0.4,,3.9,38.2,1013.2,19.6,17.6,88.0,0.0,3.6,28.1,1010.6,0.0,,0,0,82.42857142857143
2024-09-04 22:00:00,,20.7,17.0,24.9,0.4,,3.9,38.2,1013.2,18.9,17.7,93.0,0.0,3.6,15.5,1009.8,0.0,,0,0,56.714285714285715
2024-09-04 23:00:00,,20.7,17.0,24.9,0.4,,3.9,38.2,1013.2,17.7,16.9,95.0,0.0,0.0,32.8,1009.7,0.0,,0,0,44.375
2024-09-05 00:00:00,,20.0,16.0,24.4,3.8,,3.3,32.8,1006.0,17.2,16.2,94.0,0.0,0.0,9.7,1008.7,0.0,,0,0,32.42857142857143
2024-09-05 01:00:00,,20.0,16.0,24.4,3.8,,3.3,32.8,1006.0,16.6,16.0,96.0,0.0,3.6,11.5,1007.9,0.0,,0,0,22.714285714285715
2024-09-05 02:00:00,,20.0,16.0,24.4,3.8,,3.3,32.8,1006.0,16.5,15.9,96.0,0.0,0.0,8.3,1007.4,0.0,,0,0,19.857142857142858
2024-09-05 03:00:00,,20.0,16.0,24.4,3.8,,3.3,32.8,1006.0,16.2,15.6,96.0,0.0,0.0,7.6,1006.5,0.0,,0,0,18.0
2024-09-05 04:00:00,,20.0,16.0,24.4,3.8,,3.3,32.8,1006.0,16.0,15.5,97.0,0.0,0.0,11.2,1006.0,0.0,,0,0,18.0
2024-09-05 05:00:00,,20.0,16.0,24.4,3.8,,3.3,32.8,1006.0,16.1,15.5,96.0,0.0,0.0,5.4,1005.6,0.0,,0,0,18.285714285714285
2024-09-05 06:00:00,,20.0,16.0,24.4,3.8,,3.3,32.8,1006.0,17.8,16.0,89.0,0.0,3.6,9.4,1005.3,0.0,,0,0,21.285714285714285
2024-09-05 07:00:00,,20.0,16.0,24.4,3.8,,3.3,32.8,1006.0,21.2,16.2,73.0,0.0,0.0,10.1,1004.4,49.0,,0,0,61.57142857142857
2024-09-05 08:00:00,,20.0,16.0,24.4,3.8,,3.3,32.8,1006.0,21.3,16.7,75.0,0.0,3.6,7.6,1003.7,52.0,,0,0,118.57142857142857
2024-09-05 09:00:00,,20.0,16.0,24.4,3.8,,3.3,32.8,1006.0,22.0,16.3,70.0,0.0,3.6,6.1,1003.6,2.0,,0,0,184.25
2024-09-05 10:00:00,,20.0,16.0,24.4,3.8,,3.3,32.8,1006.0,23.1,16.9,68.0,0.0,3.6,6.1,1003.3,37.0,,0,0,247.0
2024-09-05 11:00:00,,20.0,16.0,24.4,3.8,,3.3,32.8,1006.0,23.8,16.3,63.0,0.0,3.6,9.0,1003.1,19.0,,0,0,271.42857142857144
2024-09-05 12:00:00,,20.0,16.0,24.4,3.8,,3.3,32.8,1006.0,24.4,17.4,65.0,0.0,7.2,19.8,1003.2,1.0,,0,0,220.14285714285714
2024-09-05 13:00:00,,20.0,16.0,24.4,3.8,,3.3,32.8,1006.0,23.4,18.3,73.0,0.0,7.2,21.6,1004.0,1.0,,0,0,218.42857142857142
2024-09-05 14:00:00,,20.0,16.0,24.4,3.8,,3.3,32.8,1006.0,23.2,18.7,76.0,0.0,3.6,20.9,1004.6,0.0,,0,0,230.625
2024-09-05 15:00:00,,20.0,16.0,24.4,3.8,,3.3,32.8,1006.0,23.0,18.1,74.0,0.4,7.2,27.7,1005.2,0.0,,0,0,247.14285714285714
2024-09-05 16:00:00,,20.0,16.0,24.4,3.8,,3.3,32.8,1006.0,22.6,17.5,73.0,0.7,3.6,20.2,1005.7,0.0,,0,0,217.0
2024-09-05 17:00:00,,20.0,16.0,24.4,3.8,,3.3,32.8,1006.0,22.3,17.4,74.0,1.2,3.6,21.2,1005.9,0.0,,0,0,155.0
2024-09-05 18:00:00,,20.0,16.0,24.4,3.8,,3.3,32.8,1006.0,19.6,17.4,87.0,0.5,10.8,32.4,1006.9,0.0,,0,0,117.28571428571429
2024-09-05 19:00:00,,20.0,16.0,24.4,3.8,,3.3,32.8,1006.0,18.6,16.9,90.0,0.1,3.6,22.7,1007.7,0.0,,0,0,110.0
2024-09-05 20:00:00,,20.0,16.0,24.4,3.8,,3.3,32.8,1006.0,19.0,17.1,89.0,0.2,3.6,22.0,1008.1,0.0,,0,0,99.85714285714286
2024-09-05 21:00:00,,20.0,16.0,24.4,3.8,,3.3,32.8,1006.0,18.6,16.6,88.0,0.7,3.6,27.0,1008.7,0.0,,0,0,69.57142857142857
2024-09-05 22:00:00,,20.0,16.0,24.4,3.8,,3.3,32.8,1006.0,18.4,16.6,89.0,0.3,0.0,29.2,1009.2,0.0,,0,0,47.42857142857143
2024-09-05 23:00:00,,20.0,16.0,24.4,3.8,,3.3,32.8,1006.0,18.0,14.9,82.0,0.2,3.6,29.2,1010.0,0.0,,0,0,29.285714285714285
2024-09-06 00:00:00,,19.5,16.2,23.8,0.5,,3.8,29.2,1010.5,18.0,15.1,83.0,0.0,3.6,22.7,1010.2,0.0,,0,0,18.375
2024-09-06 01:00:00,,19.5,16.2,23.8,0.5,,3.8,29.2,1010.5,18.0,15.1,83.0,0.0,3.6,17.3,1010.6,0.0,,0,0,15.142857142857142
2024-09-06 02:00:00,,19.5,16.2,23.8,0.5,,3.8,29.2,1010.5,17.3,15.5,89.0,0.0,3.6,13.0,1010.5,0.0,,0,0,14.0
2024-09-06 03:00:00,,19.5,16.2,23.8,0.5,,3.8,29.2,1010.5,17.0,15.5,91.0,0.0,3.6,10.4,1010.6,0.0,,0,0,14.0
2024-09-06 04:00:00,,19.5,16.2,23.8,0.5,,3.8,29.2,1010.5,16.3,15.2,93.0,0.0,0.0,13.7,1010.6,0.0,,0,0,14.0
2024-09-06 05:00:00,,19.5,16.2,23.8,0.5,,3.8,29.2,1010.5,16.2,14.7,91.0,0.0,3.6,13.7,1010.7,0.0,,0,0,13.875
2024-09-06 06:00:00,,19.5,16.2,23.8,0.5,,3.8,29.2,1010.5,16.3,15.2,93.0,0.0,0.0,6.5,1011.0,0.0,,0,0,14.857142857142858
2024-09-06 07:00:00,,19.5,16.2,23.8,0.5,,3.8,29.2,1010.5,17.2,14.8,86.0,0.0,0.0,10.8,1011.1,8.0,,0,0,49.142857142857146
2024-09-06 08:00:00,,19.5,16.2,23.8,0.5,,3.8,29.2,1010.5,19.8,15.2,75.0,0.0,3.6,9.4,1010.6,53.0,,0,0,105.28571428571429
2024-09-06 09:00:00,,19.5,16.2,23.8,0.5,,3.8,29.2,1010.5,19.7,14.9,74.0,0.0,3.6,12.6,1010.5,49.0,,0,0,168.85714285714286
2024-09-06 10:00:00,,19.5,16.2,23.8,0.5,,3.8,29.2,1010.5,21.0,15.1,69.0,0.0,3.6,14.0,1010.1,60.0,,0,0,239.75
2024-09-06 11:00:00,,19.5,16.2,23.8,0.5,,3.8,29.2,1010.5,21.2,15.1,68.0,0.0,7.2,14.4,1009.9,59.0,,0,0,254.28571428571428
2024-09-06 12:00:00,,19.5,16.2,23.8,0.5,,3.8,29.2,1010.5,22.3,15.6,66.0,0.0,10.8,16.2,1009.7,52.0,,0,0,218.28571428571428
2024-09-06 13:00:00,,19.5,16.2,23.8,0.5,,3.8,29.2,1010.5,22.4,14.5,61.0,0.0,7.2,16.9,1009.7,60.0,,0,0,209.42857142857142
2024-09-06 14:00:00,,19.5,16.2,23.8,0.5,,3.8,29.2,1010.5,23.4,15.2,60.0,0.0,7.2,15.5,1009.6,60.0,,0,0,213.71428571428572
2024-09-06 15:00:00,,19.5,16.2,23.8,0.5,,3.8,29.2,1010.5,23.8,15.3,59.0,0.0,3.6,15.8,1009.8,60.0,,0,0,242.75
2024-09-06 16:00:00,,19.5,16.2,23.8,0.5,,3.8,29.2,1010.5,23.8,15.3,59.0,0.0,7.2,12.2,1009.4,60.0,,0,0,233.71428571428572
2024-09-06 17:00:00,,19.5,16.2,23.8,0.5,,3.8,29.2,1010.5,21.4,18.6,84.0,0.0,2.9,11.2,1012.0,59.0,,0,0,197.71428571428572
2024-09-06 18:00:00,,19.5,16.2,23.8,0.5,,3.8,29.2,1010.5,20.7,16.1,75.0,0.0,0.0,9.0,1010.5,31.0,,0,0,165.42857142857142
2024-09-06 19:00:00,,19.5,16.2,23.8,0.5,,3.8,29.2,1010.5,19.2,16.2,83.0,0.0,3.6,10.4,1011.3,0.0,,0,0,169.42857142857142
2024-09-06 20:00:00,,19.5,16.2,23.8,0.5,,3.8,29.2,1010.5,17.1,15.6,91.0,0.0,4.7,11.5,1013.1,0.0,,0,0,174.375
2024-09-06 21:00:00,,19.5,16.2,23.8,0.5,,3.8,29.2,1010.5,18.5,16.3,87.0,0.0,3.6,8.6,1012.0,0.0,,0,0,151.0
2024-09-06 22:00:00,,19.5,16.2,23.8,0.5,,3.8,29.2,1010.5,16.9,15.4,91.0,0.0,0.0,8.6,1012.3,0.0,,0,0,127.71428571428571
2024-09-06 23:00:00,,19.5,16.2,23.8,0.5,,3.8,29.2,1010.5,16.4,15.8,96.0,0.0,0.0,8.6,1012.3,0.0,,0,0,90.42857142857143
2024-09-07 00:00:00,,21.0,14.3,28.4,0.1,,2.7,19.8,1010.4,16.5,15.7,95.0,0.0,0.0,7.6,1012.4,0.0,,0,0,59.857142857142854
2024-09-07 01:00:00,,21.0,14.3,28.4,0.1,,2.7,19.8,1010.4,16.1,15.3,95.0,0.0,0.0,9.7,1012.4,0.0,,0,0,42.5
2024-09-07 02:00:00,,21.0,14.3,28.4,0.1,,2.7,19.8,1010.4,15.7,15.4,98.0,0.0,0.0,6.8,1012.5,0.0,,0,0,31.714285714285715
2024-09-07 03:00:00,,21.0,14.3,28.4,0.1,,2.7,19.8,1010.4,15.1,14.6,97.0,0.0,0.0,7.2,1012.6,0.0,,0,0,27.428571428571427
2024-09-07 04:00:00,,21.0,14.3,28.4,0.1,,2.7,19.8,1010.4,14.5,14.2,98.0,0.1,3.6,6.1,1012.7,0.0,,0,0,23.571428571428573
2024-09-07 05:00:00,,21.0,14.3,28.4,0.1,,2.7,19.8,1010.4,14.3,13.8,97.0,0.0,0.0,9.7,1012.9,0.0,,0,0,21.0
2024-09-07 06:00:00,,21.0,14.3,28.4,0.1,,2.7,19.8,1010.4,16.4,14.9,91.0,0.0,0.0,7.9,1013.2,0.0,,0,0,21.0
2024-09-07 07:00:00,,21.0,14.3,28.4,0.1,,2.7,19.8,1010.4,19.5,15.2,76.0,0.0,0.0,7.9,1012.4,47.0,,1,0,31.142857142857142
2024-09-07 08:00:00,,21.0,14.3,28.4,0.1,,2.7,19.8,1010.4,21.0,15.8,72.0,0.0,0.0,7.6,1011.9,60.0,,1,0,85.85714285714286
2024-09-07 09:00:00,,21.0,14.3,28.4,0.1,,2.7,19.8,1010.4,22.8,16.8,69.0,0.0,3.6,9.7,1011.1,60.0,,1,0,247.85714285714286
2024-09-07 10:00:00,,21.0,14.3,28.4,0.1,,2.7,19.8,1010.4,24.9,13.1,48.0,0.0,3.6,9.4,1010.1,60.0,,1,0,366.7142857142857
2024-09-07 11:00:00,,21.0,14.3,28.4,0.1,,2.7,19.8,1010.4,25.6,16.5,57.0,0.0,7.2,16.2,1009.7,60.0,,1,0,388.625
2024-09-07 12:00:00,,21.0,14.3,28.4,0.1,,2.7,19.8,1010.4,26.6,16.5,54.0,0.0,7.2,14.0,1009.0,60.0,,1,0,306.42857142857144
2024-09-07 13:00:00,,21.0,14.3,28.4,0.1,,2.7,19.8,1010.4,27.6,18.6,58.0,0.0,3.6,10.4,1008.2,59.0,,0,0,214.14285714285714
2024-09-07 14:00:00,,21.0,14.3,28.4,0.1,,2.7,19.8,1010.4,28.4,19.1,57.0,0.0,7.2,11.2,1007.5,60.0,,0,0,160.57142857142858
2024-09-07 15:00:00,,21.0,14.3,28.4,0.1,,2.7,19.8,1010.4,28.0,18.7,57.0,0.0,7.2,11.5,1007.3,60.0,,0,0,127.28571428571429
2024-09-07 16:00:00,,21.0,14.3,28.4,0.1,,2.7,19.8,1010.4,27.4,19.2,61.0,0.0,3.6,9.4,1007.1,60.0,,0,0,104.375
2024-09-07 17:00:00,,21.0,14.3,28.4,0.1,,2.7,19.8,1010.4,24.2,20.1,78.0,0.0,3.6,8.6,1007.7,38.0,,0,0,92.71428571428571
2024-09-07 18:00:00,,21.0,14.3,28.4,0.1,,2.7,19.8,1010.4,23.5,19.2,77.0,0.0,3.6,19.4,1008.1,28.0,,0,0,98.0
2024-09-07 19:00:00,,21.0,14.3,28.4,0.1,,2.7,19.8,1010.4,22.6,18.2,76.0,0.0,3.6,19.8,1008.5,0.0,,0,0,111.14285714285714
2024-09-07 20:00:00,,21.0,14.3,28.4,0.1,,2.7,19.8,1010.4,20.5,16.7,79.0,0.0,3.6,10.4,1008.6,0.0,,0,0,122.57142857142857
2024-09-07 21:00:00,,21.0,14.3,28.4,0.1,,2.7,19.8,1010.4,19.5,15.6,78.0,0.0,3.6,19.1,1008.9,0.0,,0,0,126.125
2024-09-07 22:00:00,,21.0,14.3,28.4,0.1,,2.7,19.8,1010.4,18.1,15.2,83.0,0.0,3.6,22.0,1009.2,0.0,,0,0,111.42857142857143
2024-09-07 23:00:00,,21.0,14.3,28.4,0.1,,2.7,19.8,1010.4,18.3,14.8,80.0,0.0,0.0,16.2,1009.1,0.0,,0,0,89.28571428571429
2024-09-08 00:00:00,,18.8,14.7,21.5,19.6,,3.2,49.3,1009.9,18.1,15.4,84.0,0.0,3.6,19.4,1009.6,0.0,,0,0,67.85714285714286
2024-09-08 01:00:00,,18.8,14.7,21.5,19.6,,3.2,49.3,1009.9,17.8,14.1,79.0,0.0,0.0,15.8,1009.7,0.0,,0,0,47.857142857142854
2024-09-08 02:00:00,,18.8,14.7,21.5,19.6,,3.2,49.3,1009.9,17.5,14.6,83.0,0.0,3.6,14.8,1010.8,0.0,,0,0,34.625
2024-09-08 03:00:00,,18.8,14.7,21.5,19.6,,3.2,49.3,1009.9,19.1,17.4,90.0,0.0,7.2,12.2,1010.6,0.0,,0,0,26.857142857142858
2024-09-08 04:00:00,,18.8,14.7,21.5,19.6,,3.2,49.3,1009.9,18.8,16.8,88.0,0.0,3.6,11.2,1011.2,0.0,,0,0,24.285714285714285
2024-09-08 05:00:00,,18.8,14.7,21.5,19.6,,3.2,49.3,1009.9,17.3,16.0,92.0,0.0,3.6,8.6,1011.7,0.0,,0,0,24.0
2024-09-08 06:00:00,,18.8,14.7,21.5,19.6,,3.2,49.3,1009.9,18.2,16.2,88.0,0.0,0.0,11.2,1011.5,0.0,,0,0,25.0
2024-09-08 07:00:00,,18.8,14.7,21.5,19.6,,3.2,49.3,1009.9,20.8,16.8,78.0,0.0,0.0,9.0,1011.3,45.0,,0,0,26.857142857142858
2024-09-08 08:00:00,,18.8,14.7,21.5,19.6,,3.2,49.3,1009.9,21.5,16.5,73.0,0.0,3.6,9.0,1011.0,19.0,,0,0,29.25
2024-09-08 09:00:00,,18.8,14.7,21.5,19.6,,3.2,49.3,1009.9,21.2,16.6,75.0,0.0,3.6,7.9,1010.7,5.0,,0,0,32.857142857142854
2024-09-08 10:00:00,,18.8,14.7,21.5,19.6,,3.2,49.3,1009.9,21.2,16.8,76.0,0.0,3.6,12.2,1010.7,0.0,,0,0,38.0
2024-09-08 11:00:00,,18.8,14.7,21.5,19.6,,3.2,49.3,1009.9,21.3,16.9,76.0,0.1,3.6,11.5,1010.2,0.0,,0,0,52.0
2024-09-08 12:00:00,,18.8,14.7,21.5,19.6,,3.2,49.3,1009.9,20.6,18.4,87.0,1.4,0.0,11.2,1009.9,0.0,,0,0,65.75
2024-09-08 13:00:00,,18.8,14.7,21.5,19.6,,3.2,49.3,1009.9,20.3,18.2,88.0,1.0,3.6,6.5,1010.0,0.0,,0,0,61.285714285714285
2024-09-08 14:00:00,,18.8,14.7,21.5,19.6,,3.2,49.3,1009.9,20.1,18.4,90.0,1.0,3.6,6.8,1008.4,0.0,,0,0,53.42857142857143
2024-09-08 15:00:00,,18.8,14.7,21.5,19.6,,3.2,49.3,1009.9,19.8,18.6,93.0,2.3,3.6,7.9,1008.0,0.0,,0,0,52.57142857142857
2024-09-08 16:00:00,,18.8,14.7,21.5,19.6,,3.2,49.3,1009.9,18.9,18.1,95.0,2.0,3.6,6.1,1008.4,0.0,,0,0,52.42857142857143
2024-09-08 17:00:00,,18.8,14.7,21.5,19.6,,3.2,49.3,1009.9,18.4,17.8,96.0,2.0,3.6,10.1,1007.6,0.0,,0,0,53.0
2024-09-08 18:00:00,,18.8,14.7,21.5,19.6,,3.2,49.3,1009.9,18.2,17.7,97.0,3.8,3.6,12.6,1007.3,0.0,,0,0,59.75
2024-09-08 19:00:00,,18.8,14.7,21.5,19.6,,3.2,49.3,1009.9,15.1,13.3,89.0,0.8,7.2,49.3,1009.5,0.0,,0,0,63.57142857142857
2024-09-08 20:00:00,,18.8,14.7,21.5,19.6,,3.2,49.3,1009.9,14.9,12.9,88.0,4.0,3.6,20.2,1010.3,0.0,,0,0,56.42857142857143
2024-09-08 21:00:00,,18.8,14.7,21.5,19.6,,3.2,49.3,1009.9,14.7,13.1,90.0,1.2,3.6,15.8,1010.4,0.0,,0,0,38.42857142857143
2024-09-08 22:00:00,,18.8,14.7,21.5,19.6,,3.2,49.3,1009.9,14.8,13.5,92.0,0.3,3.6,11.2,1009.7,0.0,,0,0,24.714285714285715
2024-09-08 23:00:00,,18.8,14.7,21.5,19.6,,3.2,49.3,1009.9,14.6,14.0,96.0,0.9,3.6,17.6,1009.4,0.0,,0,0,21.125
2024-09-09 00:00:00,,15.3,14.2,17.1,25.6,,4.2,25.9,1009.5,14.4,13.8,96.0,1.5,7.2,25.9,1009.3,0.0,,0,0,21.0
2024-09-09 01:00:00,,15.3,14.2,17.1,25.6,,4.2,25.9,1009.5,14.3,13.8,97.0,1.0,7.2,23.8,1009.2,0.0,,0,0,21.0
2024-09-09 02:00:00,,15.3,14.2,17.1,25.6,,4.2,25.9,1009.5,14.4,13.9,97.0,0.2,3.6,23.0,1009.0,0.0,,0,0,21.0
2024-09-09 03:00:00,,15.3,14.2,17.1,25.6,,4.2,25.9,1009.5,14.2,13.7,97.0,0.5,3.6,20.9,1009.0,0.0,,0,0,21.0
2024-09-09 04:00:00,,15.3,14.2,17.1,25.6,,4.2,25.9,1009.5,14.3,13.8,97.0,2.0,0.0,16.6,1009.1,0.0,,0,0,21.0
2024-09-09 05:00:00,,15.3,14.2,17.1,25.6,,4.2,25.9,1009.5,14.4,13.6,95.0,0.3,3.6,11.2,1008.7,0.0,,0,0,20.857142857142858
2024-09-09 06:00:00,,15.3,14.2,17.1,25.6,,4.2,25.9,1009.5,14.4,13.8,96.0,0.7,3.6,15.1,1009.0,0.0,,0,0,23.142857142857142
2024-09-09 07:00:00,,15.3,14.2,17.1,25.6,,4.2,25.9,1009.5,14.7,12.7,88.0,0.3,3.6,14.4,1008.6,0.0,,0,0,79.42857142857143
2024-09-09 08:00:00,,15.3,14.2,17.1,25.6,,4.2,25.9,1009.5,15.3,13.8,91.0,0.2,7.2,12.2,1008.9,0.0,,0,0,175.0
2024-09-09 09:00:00,,15.3,14.2,17.1,25.6,,4.2,25.9,1009.5,15.3,14.2,93.0,0.2,3.6,13.0,1008.6,0.0,,0,0,247.0
2024-09-09 10:00:00,,15.3,14.2,17.1,25.6,,4.2,25.9,1009.5,15.6,14.1,91.0,0.5,3.6,20.9,1008.8,0.0,,0,0,264.7142857142857
2024-09-09 11:00:00,,15.3,14.2,17.1,25.6,,4.2,25.9,1009.5,15.7,14.1,90.0,0.9,3.6,14.8,1008.5,0.0,,0,0,256.14285714285717
2024-09-09 12:00:00,,15.3,14.2,17.1,25.6,,4.2,25.9,1009.5,16.3,13.8,85.0,0.9,3.6,14.0,1008.7,0.0,,0,0,242.85714285714286
2024-09-09 13:00:00,,15.3,14.2,17.1,25.6,,4.2,25.9,1009.5,16.9,14.0,83.0,1.1,3.6,15.1,1008.6,0.0,,0,0,246.14285714285714
2024-09-09 14:00:00,,15.3,14.2,17.1,25.6,,4.2,25.9,1009.5,17.0,14.8,87.0,0.1,3.6,16.2,1008.8,0.0,,0,0,262.25
2024-09-09 15:00:00,,15.3,14.2,17.1,25.6,,4.2,25.9,1009.5,16.6,13.7,83.0,1.6,7.2,25.6,1009.3,0.0,,0,0,253.14285714285714
2024-09-09 16:00:00,,15.3,14.2,17.1,25.6,,4.2,25.9,1009.5,17.1,14.2,83.0,1.9,3.6,24.8,1009.4,0.0,,0,0,224.71428571428572
2024-09-09 17:00:00,,15.3,14.2,17.1,25.6,,4.2,25.9,1009.5,15.8,14.8,94.0,2.0,3.6,15.1,1009.9,0.0,,0,0,170.71428571428572
2024-09-09 18:00:00,,15.3,14.2,17.1,25.6,,4.2,25.9,1009.5,15.4,14.6,95.0,3.9,3.6,16.9,1010.6,0.0,,0,0,103.71428571428571
2024-09-09 19:00:00,,15.3,14.2,17.1,25.6,,4.2,25.9,1009.5,15.3,14.7,96.0,0.2,7.2,19.1,1011.8,0.0,,0,0,77.5
2024-09-09 20:00:00,,15.3,14.2,17.1,25.6,,4.2,25.9,1009.5,15.6,14.5,93.0,2.8,3.6,11.2,1012.2,0.0,,0,0,61.57142857142857
2024-09-09 21:00:00,,15.3,14.2,17.1,25.6,,4.2,25.9,1009.5,15.5,14.0,91.0,1.6,3.6,11.2,1012.5,0.0,,0,0,43.42857142857143
2024-09-09 22:00:00,,15.3,14.2,17.1,25.6,,4.2,25.9,1009.5,15.2,14.1,93.0,2.0,3.6,20.5,1012.8,0.0,,0,0,28.285714285714285
2024-09-09 23:00:00,,15.3,14.2,17.1,25.6,,4.2,25.9,1009.5,14.7,14.2,97.0,3.0,3.6,13.0,1013.1,0.0,,0,0,21.571428571428573
2024-09-10 00:00:00,,15.7,14.0,19.1,19.7,,5.3,22.0,1014.3,14.2,13.4,95.0,1.2,17.6,19.4,1014.3,0.0,,0,0,21.0
2024-09-10 01:00:00,,15.7,14.0,19.1,19.7,,5.3,22.0,1014.3,15.1,13.6,91.0,1.0,3.6,11.2,1013.4,0.0,,0,0,21.0
2024-09-10 02:00:00,,15.7,14.0,19.1,19.7,,5.3,22.0,1014.3,14.8,13.8,94.0,2.0,3.6,19.1,1013.6,0.0,,0,0,21.0
2024-09-10 03:00:00,,15.7,14.0,19.1,19.7,,5.3,22.0,1014.3,15.0,13.4,90.0,0.8,7.2,11.2,1013.8,0.0,,0,0,21.0
2024-09-10 04:00:00,,15.7,14.0,19.1,19.7,,5.3,22.0,1014.3,14.6,13.6,94.0,1.0,3.6,16.2,1014.1,0.0,,0,0,21.0
2024-09-10 05:00:00,,15.7,14.0,19.1,19.7,,5.3,22.0,1014.3,14.0,13.2,95.0,0.3,16.2,19.4,1015.2,0.0,,0,0,21.375
2024-09-10 06:00:00,,15.7,14.0,19.1,19.7,,5.3,22.0,1014.3,14.2,13.4,95.0,1.5,3.6,15.5,1015.1,0.0,,0,0,25.285714285714285
2024-09-10 07:00:00,,15.7,14.0,19.1,19.7,,5.3,22.0,1014.3,14.1,13.5,96.0,2.0,3.6,18.7,1015.5,0.0,,0,0,81.57142857142857
2024-09-10 08:00:00,,15.7,14.0,19.1,19.7,,5.3,22.0,1014.3,14.3,13.2,93.0,1.0,7.2,19.1,1016.2,0.0,,0,0,169.57142857142858
2024-09-10 09:00:00,,15.7,14.0,19.1,19.7,,5.3,22.0,1014.3,14.7,13.4,92.0,2.1,3.6,13.0,1016.0,2.0,,0,0,242.28571428571428
2024-09-10 10:00:00,,15.7,14.0,19.1,19.7,,5.3,22.0,1014.3,17.0,13.1,78.0,0.8,3.6,13.0,1015.2,47.0,,0,0,283.0
2024-09-10 11:00:00,,15.7,14.0,19.1,19.7,,5.3,22.0,1014.3,18.6,12.1,66.0,0.1,3.6,14.8,1014.6,5.0,,0,0,281.85714285714283
2024-09-10 12:00:00,,15.7,14.0,19.1,19.7,,5.3,22.0,1014.3,19.1,12.1,64.0,0.2,3.6,9.4,1014.2,14.0,,0,0,246.42857142857142
2024-09-10 13:00:00,,15.7,14.0,19.1,19.7,,5.3,22.0,1014.3,18.3,12.5,69.0,0.2,10.8,11.5,1014.1,1.0,,0,0,247.28571428571428
2024-09-10 14:00:00,,15.7,14.0,19.1,19.7,,5.3,22.0,1014.3,16.3,14.1,87.0,0.4,3.6,22.0,1014.5,0.0,,0,0,288.0
2024-09-10 15:00:00,,15.7,14.0,19.1,19.7,,5.3,22.0,1014.3,17.9,11.9,68.0,0.0,3.6,15.1,1014.0,14.0,,0,0,288.25
2024-09-10 16:00:00,,15.7,14.0,19.1,19.7,,5.3,22.0,1014.3,18.1,12.8,71.0,0.1,3.6,9.0,1013.5,17.0,,0,0,226.14285714285714
2024-09-10 17:00:00,,15.7,14.0,19.1,19.7,,5.3,22.0,1014.3,17.2,14.1,82.0,0.0,3.6,10.8,1013.5,20.0,,0,0,174.28571428571428
2024-09-10 18:00:00,,15.7,14.0,19.1,19.7,,5.3,22.0,1014.3,15.1,13.3,89.0,0.0,3.6,7.9,1013.8,1.0,,0,0,129.14285714285714
2024-09-10 19:00:00,,15.7,14.0,19.1,19.7,,5.3,22.0,1014.3,14.2,13.2,94.0,0.0,3.6,16.9,1014.5,0.0,,0,0,125.14285714285714
2024-09-10 20:00:00,,15.7,14.0,19.1,19.7,,5.3,22.0,1014.3,14.7,12.2,85.0,0.0,3.6,20.9,1014.7,0.0,,0,0,108.5
2024-09-10 21:00:00,,15.7,14.0,19.1,19.7,,5.3,22.0,1014.3,14.6,11.4,81.0,0.0,3.6,14.0,1014.3,0.0,,0,0,68.42857142857143
2024-09-10 22:00:00,,15.7,14.0,19.1,19.7,,5.3,22.0,1014.3,13.6,11.5,87.0,0.0,3.6,9.4,1014.0,0.0,,0,0,43.57142857142857
2024-09-10 23:00:00,,15.7,14.0,19.1,19.7,,5.3,22.0,1014.3,12.8,11.9,94.0,0.0,0.0,8.6,1014.0,0.0,,0,0,34.142857142857146
2024-09-11 00:00:00,,13.8,10.0,17.3,11.8,,3.8,51.5,1011.1,13.3,12.4,94.0,0.0,0.0,9.0,1013.9,0.0,,0,0,29.285714285714285
2024-09-11 01:00:00,,13.8,10.0,17.3,11.8,,3.8,51.5,1011.1,13.5,12.6,94.0,0.0,0.0,7.9,1013.0,0.0,,0,0,28.375
2024-09-11 02:00:00,,13.8,10.0,17.3,11.8,,3.8,51.5,1011.1,12.7,12.2,97.0,0.0,0.0,9.7,1012.3,0.0,,0,0,28.0
2024-09-11 03:00:00,,13.8,10.0,17.3,11.8,,3.8,51.5,1011.1,13.0,12.4,96.0,0.0,0.0,9.4,1012.2,0.0,,0,0,28.0
2024-09-11 04:00:00,,13.8,10.0,17.3,11.8,,3.8,51.5,1011.1,12.7,12.2,97.0,0.0,0.0,12.6,1012.3,0.0,,0,0,27.857142857142858
2024-09-11 05:00:00,,13.8,10.0,17.3,11.8,,3.8,51.5,1011.1,11.7,11.4,98.0,0.0,3.6,10.1,1012.1,0.0,,0,0,27.0
2024-09-11 06:00:00,,13.8,10.0,17.3,11.8,,3.8,51.5,1011.1,12.5,12.0,97.0,0.0,3.6,13.3,1011.4,0.0,,0,0,31.25
2024-09-11 07:00:00,,13.8,10.0,17.3,11.8,,3.8,51.5,1011.1,13.6,12.3,92.0,0.0,3.6,17.3,1011.0,13.0,,1,0,97.57142857142857
2024-09-11 08:00:00,,13.8,10.0,17.3,11.8,,3.8,51.5,1011.1,15.1,11.9,81.0,0.0,3.6,12.2,1010.5,1.0,,1,0,201.0
2024-09-11 09:00:00,,13.8,10.0,17.3,11.8,,3.8,51.5,1011.1,15.8,12.0,78.0,0.0,3.6,16.2,1010.6,7.0,,1,0,353.2857142857143
2024-09-11 10:00:00,,13.8,10.0,17.3,11.8,,3.8,51.5,1011.1,17.3,10.9,66.0,0.0,3.6,21.2,1009.8,13.0,,1,0,410.7142857142857
2024-09-11 11:00:00,,13.8,10.0,17.3,11.8,,3.8,51.5,1011.1,16.4,10.7,69.0,0.0,7.2,18.4,1009.4,0.0,,1,0,389.375
2024-09-11 12:00:00,,13.8,10.0,17.3,11.8,,3.8,51.5,1011.1,16.3,11.7,74.0,0.0,3.6,24.5,1009.2,0.0,,1,0,346.2857142857143
2024-09-11 13:00:00,,13.8,10.0,17.3,11.8,,3.8,51.5,1011.1,15.9,11.1,73.0,0.2,7.2,28.4,1009.3,0.0,,0,0,329.14285714285717
2024-09-11 14:00:00,,13.8,10.0,17.3,11.8,,3.8,51.5,1011.1,16.1,11.7,75.0,0.3,7.2,15.1,1009.1,0.0,,0,0,345.7142857142857
2024-09-11 15:00:00,,13.8,10.0,17.3,11.8,,3.8,51.5,1011.1,15.5,11.7,78.0,0.6,3.6,14.0,1009.1,0.0,,0,0,335.57142857142856
2024-09-11 16:00:00,,13.8,10.0,17.3,11.8,,3.8,51.5,1011.1,14.7,12.4,86.0,0.4,7.2,13.7,1009.1,0.0,,0,0,304.125
2024-09-11 17:00:00,,13.8,10.0,17.3,11.8,,3.8,51.5,1011.1,14.1,13.0,93.0,0.6,0.0,10.1,1009.1,0.0,,0,0,231.42857142857142
2024-09-11 18:00:00,,13.8,10.0,17.3,11.8,,3.8,51.5,1011.1,13.9,13.4,97.0,0.8,3.6,7.6,1008.7,0.0,,0,0,130.71428571428572
2024-09-11 19:00:00,,13.8,10.0,17.3,11.8,,3.8,51.5,1011.1,11.0,10.1,94.0,4.0,18.0,51.5,1011.3,0.0,,0,0,116.85714285714286
2024-09-11 20:00:00,,13.8,10.0,17.3,11.8,,3.8,51.5,1011.1,10.0,8.8,92.0,3.0,7.2,30.2,1012.5,0.0,,0,0,103.14285714285714
2024-09-11 21:00:00,,13.8,10.0,17.3,11.8,,3.8,51.5,1011.1,10.0,9.1,94.0,1.9,0.0,13.3,1013.0,0.0,,0,0,86.125
2024-09-11 22:00:00,,13.8,10.0,17.3,11.8,,3.8,51.5,1011.1,9.4,8.5,94.0,2.0,3.6,33.1,1014.2,0.0,,0,0,63.857142857142854
2024-09-11 23:00:00,,13.8,10.0,17.3,11.8,,3.8,51.5,1011.1,8.2,7.6,96.0,6.0,7.2,28.8,1014.9,0.0,,0,0,45.42857142857143
2024-09-12 00:00:00,,9.8,7.5,13.9,16.7,,3.8,37.8,1014.5,7.6,6.5,93.0,1.9,3.6,13.7,1015.4,0.0,,0,0,35.285714285714285
2024-09-12 01:00:00,,9.8,7.5,13.9,16.7,,3.8,37.8,1014.5,7.5,6.8,95.0,2.0,0.0,10.1,1015.2,0.0,,0,0,31.285714285714285
2024-09-12 02:00:00,,9.8,7.5,13.9,16.7,,3.8,37.8,1014.5,7.7,6.9,95.0,0.3,3.6,16.6,1014.6,0.0,,0,0,30.0
2024-09-12 03:00:00,,9.8,7.5,13.9,16.7,,3.8,37.8,1014.5,7.8,7.2,96.0,0.1,3.6,13.3,1014.9,0.0,,0,0,29.125
2024-09-12 04:00:00,,9.8,7.5,13.9,16.7,,3.8,37.8,1014.5,7.8,7.4,97.0,0.0,0.0,10.4,1014.9,0.0,,0,0,29.0
2024-09-12 05:00:00,,9.8,7.5,13.9,16.7,,3.8,37.8,1014.5,8.1,6.4,89.0,0.0,2.9,9.4,1015.3,0.0,,0,0,29.0
2024-09-12 06:00:00,,9.8,7.5,13.9,16.7,,3.8,37.8,1014.5,8.3,7.9,97.0,0.0,3.6,8.3,1015.0,0.0,,0,0,29.714285714285715
2024-09-12 07:00:00,,9.8,7.5,13.9,16.7,,3.8,37.8,1014.5,8.7,7.8,94.0,0.0,3.6,12.2,1015.1,0.0,,0,0,82.375
2024-09-12 08:00:00,,9.8,7.5,13.9,16.7,,3.8,37.8,1014.5,9.8,6.9,82.0,0.0,3.6,11.5,1014.9,0.0,,0,0,186.0
2024-09-12 09:00:00,,9.8,7.5,13.9,16.7,,3.8,37.8,1014.5,10.4,6.9,79.0,0.0,3.6,6.8,1014.9,0.0,,0,0,292.85714285714283
2024-09-12 10:00:00,,9.8,7.5,13.9,16.7,,3.8,37.8,1014.5,11.4,5.7,68.0,0.0,3.6,6.1,1014.4,0.0,,0,0,338.7142857142857
2024-09-12 11:00:00,,9.8,7.5,13.9,16.7,,3.8,37.8,1014.5,12.4,5.3,62.0,0.1,3.6,10.1,1014.0,38.0,,0,0,339.42857142857144
2024-09-12 12:00:00,,9.8,7.5,13.9,16.7,,3.8,37.8,1014.5,13.2,6.5,64.0,0.3,3.6,14.8,1013.2,40.0,,0,0,321.7142857142857
2024-09-12 13:00:00,,9.8,7.5,13.9,16.7,,3.8,37.8,1014.5,12.5,5.6,63.0,0.0,3.6,13.7,1013.2,16.0,,0,0,313.875
2024-09-12 14:00:00,,9.8,7.5,13.9,16.7,,3.8,37.8,1014.5,12.6,5.3,61.0,0.0,7.2,12.6,1012.9,4.0,,0,0,339.0
2024-09-12 15:00:00,,9.8,7.5,13.9,16.7,,3.8,37.8,1014.5,13.9,4.7,54.0,0.4,0.0,7.9,1012.7,55.0,,0,0,339.7142857142857
2024-09-12 16:00:00,,9.8,7.5,13.9,16.7,,3.8,37.8,1014.5,12.1,5.5,64.0,0.4,7.2,37.8,1013.3,9.0,,0,0,329.14285714285717
2024-09-12 17:00:00,,9.8,7.5,13.9,16.7,,3.8,37.8,1014.5,9.6,6.5,81.0,0.3,7.2,28.8,1014.6,0.0,,0,0,241.57142857142858
2024-09-12 18:00:00,,9.8,7.5,13.9,16.7,,3.8,37.8,1014.5,8.9,6.3,84.0,0.7,7.2,26.3,1014.9,0.0,,0,0,177.125
2024-09-12 19:00:00,,9.8,7.5,13.9,16.7,,3.8,37.8,1014.5,9.1,6.9,86.0,0.8,0.0,11.2,1015.1,0.0,,0,0,178.71428571428572
2024-09-12 20:00:00,,9.8,7.5,13.9,16.7,,3.8,37.8,1014.5,8.6,7.1,90.0,0.9,4.3,21.6,1016.1,0.0,,0,0,146.28571428571428
2024-09-12 21:00:00,,9.8,7.5,13.9,16.7,,3.8,37.8,1014.5,9.2,6.6,84.0,0.5,3.6,20.2,1014.9,0.0,,0,0,104.14285714285714
2024-09-12 22:00:00,,9.8,7.5,13.9,16.7,,3.8,37.8,1014.5,8.7,7.0,89.0,0.6,3.6,15.8,1015.2,0.0,,0,0,58.42857142857143
2024-09-12 23:00:00,,9.8,7.5,13.9,16.7,,3.8,37.8,1014.5,8.7,7.0,89.0,0.8,3.6,15.5,1015.4,0.0,,0,0,32.25
2024-09-13 00:00:00,,8.6,7.5,9.2,25.0,,5.6,46.4,1019.8,8.9,6.9,87.0,1.8,7.2,19.8,1015.3,0.0,,0,0,25.571428571428573
2024-09-13 01:00:00,,8.6,7.5,9.2,25.0,,5.6,46.4,1019.8,8.6,7.1,90.0,1.3,3.6,9.4,1015.5,0.0,,0,0,23.571428571428573
2024-09-13 02:00:00,,8.6,7.5,9.2,25.0,,5.6,46.4,1019.8,8.2,7.1,93.0,1.3,0.0,9.7,1015.6,0.0,,0,0,21.714285714285715
2024-09-13 03:00:00,,8.6,7.5,9.2,25.0,,5.6,46.4,1019.8,8.1,7.5,96.0,1.0,0.0,5.8,1015.9,0.0,,0,0,21.428571428571427
2024-09-13 04:00:00,,8.6,7.5,9.2,25.0,,5.6,46.4,1019.8,8.2,7.4,95.0,1.2,0.0,9.4,1016.4,0.0,,0,0,22.0
2024-09-13 05:00:00,,8.6,7.5,9.2,25.0,,5.6,46.4,1019.8,8.2,7.8,97.0,0.1,3.6,14.8,1016.8,0.0,,0,0,22.0
2024-09-13 06:00:00,,8.6,7.5,9.2,25.0,,5.6,46.4,1019.8,8.3,6.9,91.0,0.8,3.6,14.8,1017.5,0.0,,0,0,22.857142857142858
2024-09-13 07:00:00,,8.6,7.5,9.2,25.0,,5.6,46.4,1019.8,8.6,5.5,81.0,1.7,7.2,25.2,1018.1,0.0,,0,0,69.85714285714286
2024-09-13 08:00:00,,8.6,7.5,9.2,25.0,,5.6,46.4,1019.8,9.2,6.3,82.0,0.7,3.6,23.8,1018.7,0.0,,0,0,163.57142857142858
2024-09-13 09:00:00,,8.6,7.5,9.2,25.0,,5.6,46.4,1019.8,9.2,6.1,81.0,0.3,7.2,21.2,1019.3,0.0,,0,0,310.25
2024-09-13 10:00:00,,8.6,7.5,9.2,25.0,,5.6,46.4,1019.8,8.6,6.4,86.0,0.6,3.6,18.7,1019.8,0.0,,0,0,367.0
2024-09-13 11:00:00,,8.6,7.5,9.2,25.0,,5.6,46.4,1019.8,9.0,6.4,84.0,0.3,3.6,14.0,1020.0,0.0,,0,0,347.7142857142857
2024-09-13 12:00:00,,8.6,7.5,9.2,25.0,,5.6,46.4,1019.8,8.9,6.7,86.0,1.1,10.8,23.4,1021.7,1.0,,0,0,265.7142857142857
2024-09-13 13:00:00,,8.6,7.5,9.2,25.0,,5.6,46.4,1019.8,8.9,6.0,82.0,1.5,7.9,29.9,1022.3,0.0,,0,0,227.28571428571428
2024-09-13 14:00:00,,8.6,7.5,9.2,25.0,,5.6,46.4,1019.8,8.8,6.6,86.0,1.6,7.2,31.7,1022.7,12.0,,0,0,242.875
2024-09-13 15:00:00,,8.6,7.5,9.2,25.0,,5.6,46.4,1019.8,9.0,6.6,85.0,0.3,11.9,21.2,1022.4,0.0,,0,0,255.85714285714286
2024-09-13 16:00:00,,8.6,7.5,9.2,25.0,,5.6,46.4,1019.8,8.8,6.8,87.0,1.2,9.7,21.2,1023.1,0.0,,0,0,278.2857142857143
2024-09-13 17:00:00,,8.6,7.5,9.2,25.0,,5.6,46.4,1019.8,8.7,6.3,85.0,0.7,9.7,13.0,1023.9,0.0,,0,0,229.42857142857142
2024-09-13 18:00:00,,8.6,7.5,9.2,25.0,,5.6,46.4,1019.8,8.3,6.4,88.0,2.0,12.6,46.4,1024.2,0.0,,0,0,167.85714285714286
2024-09-13 19:00:00,,8.6,7.5,9.2,25.0,,5.6,46.4,1019.8,7.5,6.3,92.0,2.9,6.8,14.4,1025.6,0.0,,0,0,148.125
2024-09-13 20:00:00,,8.6,7.5,9.2,25.0,,5.6,46.4,1019.8,8.1,7.7,97.0,0.1,3.6,16.9,1025.0,0.0,,0,0,151.14285714285714
2024-09-13 21:00:00,,8.6,7.5,9.2,25.0,,5.6,46.4,1019.8,7.9,7.3,96.0,1.1,3.6,11.2,1025.4,0.0,,0,0,146.57142857142858
2024-09-13 22:00:00,,8.6,7.5,9.2,25.0,,5.6,46.4,1019.8,8.4,7.6,95.0,1.0,3.6,12.2,1025.3,0.0,,0,0,118.14285714285714
2024-09-13 23:00:00,,8.6,7.5,9.2,25.0,,5.6,46.4,1019.8,7.1,5.9,92.0,1.7,7.2,13.3,1026.7,0.0,,0,0,85.28571428571429
2024-09-14 00:00:00,,8.9,7.1,10.7,25.0,,5.3,28.4,1027.6,8.6,7.5,93.0,1.8,3.6,8.3,1025.4,0.0,,0,0,54.25
2024-09-14 01:00:00,,8.9,7.1,10.7,25.0,,5.3,28.4,1027.6,7.4,5.7,89.0,2.0,10.8,27.0,1025.8,0.0,,0,0,40.285714285714285
2024-09-14 02:00:00,,8.9,7.1,10.7,25.0,,5.3,28.4,1027.6,7.4,7.0,97.0,6.0,3.6,24.1,1025.9,0.0,,0,0,34.0
2024-09-14 03:00:00,,8.9,7.1,10.7,25.0,,5.3,28.4,1027.6,7.8,7.4,97.0,0.9,3.6,12.6,1025.9,0.0,,0,0,30.285714285714285
2024-09-14 04:00:00,,8.9,7.1,10.7,25.0,,5.3,28.4,1027.6,8.0,7.7,98.0,2.1,0.0,12.6,1026.1,0.0,,0,0,29.0
2024-09-14 05:00:00,,8.9,7.1,10.7,25.0,,5.3,28.4,1027.6,8.4,8.1,98.0,1.7,3.6,15.1,1026.9,0.0,,0,0,28.75
2024-09-14 06:00:00,,8.9,7.1,10.7,25.0,,5.3,28.4,1027.6,8.7,7.8,94.0,1.5,3.6,13.3,1027.2,0.0,,0,0,27.428571428571427
2024-09-14 07:00:00,,8.9,7.1,10.7,25.0,,5.3,28.4,1027.6,9.3,7.7,90.0,1.1,3.6,13.3,1027.5,0.0,,1,0,37.57142857142857
2024-09-14 08:00:00,,8.9,7.1,10.7,25.0,,5.3,28.4,1027.6,10.0,7.9,87.0,1.0,3.6,19.1,1027.5,0.0,,1,0,93.14285714285714
2024-09-14 09:00:00,,8.9,7.1,10.7,25.0,,5.3,28.4,1027.6,10.5,7.2,80.0,1.0,7.2,20.9,1027.5,0.0,,1,0,245.42857142857142
2024-09-14 10:00:00,,8.9,7.1,10.7,25.0,,5.3,28.4,1027.6,8.8,6.8,87.0,1.4,6.5,15.1,1029.1,0.0,,1,0,394.0
2024-09-14 11:00:00,,8.9,7.1,10.7,25.0,,5.3,28.4,1027.6,9.7,7.0,83.0,0.5,7.2,16.2,1027.8,0.0,,1,0,407.2857142857143
2024-09-14 12:00:00,,8.9,7.1,10.7,25.0,,5.3,28.4,1027.6,9.2,7.3,88.0,0.1,7.2,15.5,1028.2,0.0,,1,0,377.14285714285717
2024-09-14 13:00:00,,8.9,7.1,10.7,25.0,,5.3,28.4,1027.6,9.7,7.0,83.0,0.1,7.2,21.6,1028.2,0.0,,0,0,309.85714285714283
2024-09-14 14:00:00,,8.9,7.1,10.7,25.0,,5.3,28.4,1027.6,9.2,6.6,84.0,0.5,5.4,16.9,1029.4,0.0,,0,0,261.7142857142857
2024-09-14 15:00:00,,8.9,7.1,10.7,25.0,,5.3,28.4,1027.6,10.7,6.8,77.0,0.2,7.2,20.5,1028.3,6.0,,0,0,214.125
2024-09-14 16:00:00,,8.9,7.1,10.7,25.0,,5.3,28.4,1027.6,10.3,6.1,75.0,0.1,7.2,16.9,1028.3,0.0,,0,0,156.57142857142858
2024-09-14 17:00:00,,8.9,7.1,10.7,25.0,,5.3,28.4,1027.6,9.7,7.5,86.0,0.3,3.6,17.3,1028.8,0.0,,0,0,87.57142857142857
2024-09-14 18:00:00,,8.9,7.1,10.7,25.0,,5.3,28.4,1027.6,9.2,7.0,86.0,0.0,7.2,19.8,1029.0,0.0,,0,0,83.14285714285714
2024-09-14 19:00:00,,8.9,7.1,10.7,25.0,,5.3,28.4,1027.6,8.2,6.5,89.0,0.0,6.5,26.6,1030.0,0.0,,0,0,98.0
2024-09-14 20:00:00,,8.9,7.1,10.7,25.0,,5.3,28.4,1027.6,9.0,7.3,89.0,0.0,3.6,28.4,1029.4,0.0,,0,0,113.75
2024-09-14 21:00:00,,8.9,7.1,10.7,25.0,,5.3,28.4,1027.6,8.7,7.2,90.0,0.0,3.6,25.6,1029.0,0.0,,0,0,119.0
2024-09-14 22:00:00,,8.9,7.1,10.7,25.0,,5.3,28.4,1027.6,8.4,7.0,91.0,0.0,3.6,29.9,1029.1,0.0,,0,0,110.85714285714286
2024-09-14 23:00:00,,8.9,7.1,10.7,25.0,,5.3,28.4,1027.6,5.9,4.7,92.0,0.0,6.1,29.5,1028.7,0.0,,0,0,90.42857142857143
2024-09-15 00:00:00,,9.7,4.7,14.7,0.0,,3.3,29.9,1026.1,8.6,6.4,86.0,0.0,3.6,12.6,1028.4,0.0,Lebenshilfe Stundenlauf Innenstadt,0,0,64.0
2024-09-15 01:00:00,,9.7,4.7,14.7,0.0,,3.3,29.9,1026.1,8.4,6.5,88.0,0.0,3.6,10.8,1028.0,0.0,Lebenshilfe Stundenlauf Innenstadt,0,0,49.375
2024-09-15 02:00:00,,9.7,4.7,14.7,0.0,,3.3,29.9,1026.1,4.7,3.8,94.0,0.0,5.4,10.1,1027.7,0.0,Lebenshilfe Stundenlauf Innenstadt,0,0,40.0
2024-09-15 03:00:00,,9.7,4.7,14.7,0.0,,3.3,29.9,1026.1,7.9,6.5,91.0,0.0,3.6,7.6,1027.4,0.0,Lebenshilfe Stundenlauf Innenstadt,0,0,29.0
2024-09-15 04:00:00,,9.7,4.7,14.7,0.0,,3.3,29.9,1026.1,6.8,6.2,96.0,0.0,3.6,6.1,1027.4,0.0,Lebenshilfe Stundenlauf Innenstadt,0,0,26.571428571428573
2024-09-15 05:00:00,,9.7,4.7,14.7,0.0,,3.3,29.9,1026.1,6.6,6.3,98.0,0.0,0.0,5.8,1027.3,0.0,Lebenshilfe Stundenlauf Innenstadt,0,0,22.0
2024-09-15 06:00:00,,9.7,4.7,14.7,0.0,,3.3,29.9,1026.1,6.0,5.9,99.0,0.0,3.6,9.0,1027.4,0.0,Lebenshilfe Stundenlauf Innenstadt,0,0,23.0
2024-09-15 07:00:00,,9.7,4.7,14.7,0.0,,3.3,29.9,1026.1,8.5,7.0,90.0,0.0,3.6,14.4,1027.1,5.0,Lebenshilfe Stundenlauf Innenstadt,0,0,25.142857142857142
2024-09-15 08:00:00,,9.7,4.7,14.7,0.0,,3.3,29.9,1026.1,9.2,6.8,85.0,0.0,0.0,4.7,1027.2,1.0,Lebenshilfe Stundenlauf Innenstadt,0,0,27.0
2024-09-15 09:00:00,,9.7,4.7,14.7,0.0,,3.3,29.9,1026.1,10.8,6.5,75.0,0.0,0.0,8.6,1026.9,0.0,Lebenshilfe Stundenlauf Innenstadt,0,0,30.285714285714285
2024-09-15 10:00:00,,9.7,4.7,14.7,0.0,,3.3,29.9,1026.1,12.0,5.6,65.0,0.0,3.6,10.4,1026.2,24.0,Lebenshilfe Stundenlauf Innenstadt,0,0,35.0
2024-09-15 11:00:00,,9.7,4.7,14.7,0.0,,3.3,29.9,1026.1,13.0,6.1,63.0,0.0,3.6,18.7,1025.7,43.0,Lebenshilfe Stundenlauf Innenstadt,0,0,35.5
2024-09-15 12:00:00,,9.7,4.7,14.7,0.0,,3.3,29.9,1026.1,13.8,5.9,59.0,0.0,3.6,18.4,1024.9,55.0,Lebenshilfe Stundenlauf Innenstadt,0,0,44.142857142857146
2024-09-15 13:00:00,,9.7,4.7,14.7,0.0,,3.3,29.9,1026.1,13.7,4.8,55.0,0.0,7.2,19.4,1024.3,59.0,Lebenshilfe Stundenlauf Innenstadt,0,0,47.857142857142854
2024-09-15 14:00:00,,9.7,4.7,14.7,0.0,,3.3,29.9,1026.1,14.1,5.5,56.0,0.0,8.6,18.0,1023.9,60.0,Lebenshilfe Stundenlauf Innenstadt,0,0,44.285714285714285
2024-09-15 15:00:00,,9.7,4.7,14.7,0.0,,3.3,29.9,1026.1,14.7,4.7,51.0,0.0,3.6,15.1,1023.1,60.0,Lebenshilfe Stundenlauf Innenstadt,0,0,52.142857142857146
2024-09-15 16:00:00,,9.7,4.7,14.7,0.0,,3.3,29.9,1026.1,13.1,4.8,57.0,0.0,5.8,16.6,1023.9,60.0,Lebenshilfe Stundenlauf Innenstadt,0,0,46.25
2024-09-15 17:00:00,,9.7,4.7,14.7,0.0,,3.3,29.9,1026.1,12.9,6.0,63.0,0.0,3.6,12.2,1023.1,59.0,Lebenshilfe Stundenlauf Innenstadt,0,0,36.714285714285715
2024-09-15 18:00:00,,9.7,4.7,14.7,0.0,,3.3,29.9,1026.1,10.3,7.4,82.0,0.0,3.6,7.9,1024.0,7.0,Lebenshilfe Stundenlauf Innenstadt,0,0,40.142857142857146
2024-09-15 19:00:00,,9.7,4.7,14.7,0.0,,3.3,29.9,1026.1,8.5,6.8,89.0,0.0,0.0,8.3,1024.7,0.0,Lebenshilfe Stundenlauf Innenstadt,0,0,41.142857142857146
2024-09-15 20:00:00,,9.7,4.7,14.7,0.0,,3.3,29.9,1026.1,7.7,6.8,94.0,0.0,0.0,9.7,1025.0,0.0,Lebenshilfe Stundenlauf Innenstadt,0,0,35.42857142857143
2024-09-15 21:00:00,,9.7,4.7,14.7,0.0,,3.3,29.9,1026.1,8.0,7.2,95.0,0.0,0.0,8.3,1025.3,0.0,Lebenshilfe Stundenlauf Innenstadt,0,0,27.375
2024-09-15 22:00:00,,9.7,4.7,14.7,0.0,,3.3,29.9,1026.1,8.0,7.4,96.0,0.0,0.0,10.1,1025.1,0.0,Lebenshilfe Stundenlauf Innenstadt,0,0,20.571428571428573
2024-09-15 23:00:00,,9.7,4.7,14.7,0.0,,3.3,29.9,1026.1,9.4,6.1,80.0,0.0,3.6,10.8,1024.5,0.0,Lebenshilfe Stundenlauf Innenstadt,0,0,18.571428571428573
2024-09-16 00:00:00,,8.9,7.7,9.9,10.7,,4.2,26.3,1023.6,7.7,6.6,93.0,0.0,0.0,10.1,1024.6,0.0,,0,0,17.571428571428573
2024-09-16 01:00:00,,8.9,7.7,9.9,10.7,,4.2,26.3,1023.6,8.4,6.5,88.0,0.0,3.6,14.4,1024.0,0.0,,0,0,17.0
2024-09-16 02:00:00,,8.9,7.7,9.9,10.7,,4.2,26.3,1023.6,8.5,6.5,87.0,0.0,3.6,26.3,1023.4,0.0,,0,0,17.0
2024-09-16 03:00:00,,8.9,7.7,9.9,10.7,,4.2,26.3,1023.6,8.6,6.7,88.0,0.0,3.6,21.6,1023.2,0.0,,0,0,17.0
2024-09-16 04:00:00,,8.9,7.7,9.9,10.7,,4.2,26.3,1023.6,8.7,6.7,87.0,0.0,3.6,21.2,1022.9,0.0,,0,0,17.0
2024-09-16 05:00:00,,8.9,7.7,9.9,10.7,,4.2,26.3,1023.6,8.2,4.2,76.0,0.2,5.4,19.4,1023.5,0.0,,0,0,17.428571428571427
2024-09-16 06:00:00,,8.9,7.7,9.9,10.7,,4.2,26.3,1023.6,8.5,7.3,92.0,0.1,3.6,16.9,1023.2,0.0,,0,0,21.142857142857142
2024-09-16 07:00:00,,8.9,7.7,9.9,10.7,,4.2,26.3,1023.6,8.7,7.5,92.0,0.3,3.6,12.2,1023.4,0.0,,0,0,72.25
2024-09-16 08:00:00,,8.9,7.7,9.9,10.7,,4.2,26.3,1023.6,9.3,8.2,93.0,0.2,3.6,9.0,1023.7,0.0,,0,0,166.14285714285714
2024-09-16 09:00:00,,8.9,7.7,9.9,10.7,,4.2,26.3,1023.6,9.4,8.3,93.0,0.1,3.6,13.0,1023.8,0.0,,0,0,229.14285714285714
2024-09-16 10:00:00,,8.9,7.7,9.9,10.7,,4.2,26.3,1023.6,9.5,8.4,93.0,1.0,3.6,16.2,1023.6,0.0,,0,0,240.85714285714286
2024-09-16 11:00:00,,8.9,7.7,9.9,10.7,,4.2,26.3,1023.6,9.9,9.0,94.0,0.9,3.6,14.4,1023.5,0.0,,0,0,227.14285714285714
2024-09-16 12:00:00,,8.9,7.7,9.9,10.7,,4.2,26.3,1023.6,9.8,8.6,92.0,1.5,3.6,19.8,1023.5,0.0,,0,0,222.75
2024-09-16 13:00:00,,8.9,7.7,9.9,10.7,,4.2,26.3,1023.6,9.9,8.2,89.0,1.0,7.2,21.6,1023.6,0.0,,0,0,216.71428571428572
2024-09-16 14:00:00,,8.9,7.7,9.9,10.7,,4.2,26.3,1023.6,9.6,7.9,89.0,0.9,7.2,23.8,1023.4,0.0,,0,0,226.0
2024-09-16 15:00:00,,8.9,7.7,9.9,10.7,,4.2,26.3,1023.6,9.6,7.4,86.0,1.2,3.6,20.9,1023.0,0.0,,0,0,226.0
2024-09-16 16:00:00,,8.9,7.7,9.9,10.7,,4.2,26.3,1023.6,9.1,7.7,91.0,0.9,9.7,19.8,1023.8,0.0,,0,0,181.57142857142858
2024-09-16 17:00:00,,8.9,7.7,9.9,10.7,,4.2,26.3,1023.6,8.7,7.9,95.0,0.1,7.2,22.0,1023.2,0.0,,0,0,127.0
2024-09-16 18:00:00,,8.9,7.7,9.9,10.7,,4.2,26.3,1023.6,8.5,8.2,98.0,0.3,3.6,22.0,1023.6,0.0,,0,0,88.125
2024-09-16 19:00:00,,8.9,7.7,9.9,10.7,,4.2,26.3,1023.6,8.5,8.4,99.0,0.7,3.6,20.9,1023.7,0.0,,0,0,88.14285714285714
2024-09-16 20:00:00,,8.9,7.7,9.9,10.7,,4.2,26.3,1023.6,8.7,7.2,90.0,0.6,7.2,21.2,1023.5,0.0,,0,0,86.28571428571429
2024-09-16 21:00:00,,8.9,7.7,9.9,10.7,,4.2,26.3,1023.6,8.3,8.2,99.0,0.7,3.6,20.9,1023.7,0.0,,0,0,64.0
2024-09-16 22:00:00,,8.9,7.7,9.9,10.7,,4.2,26.3,1023.6,8.4,8.0,97.0,2.0,3.6,19.8,1023.8,0.0,,0,0,35.5
2024-09-16 23:00:00,,8.9,7.7,9.9,10.7,,4.2,26.3,1023.6,9.2,8.0,92.0,1.1,6.1,22.3,1022.5,0.0,,0,0,20.142857142857142
2024-09-17 00:00:00,,11.3,7.8,17.3,12.0,,4.7,51.1,1020.9,8.0,7.6,97.0,0.9,3.6,25.9,1023.1,0.0,,0,0,18.0
2024-09-17 01:00:00,,11.3,7.8,17.3,12.0,,4.7,51.1,1020.9,8.1,7.7,97.0,2.0,7.2,26.3,1022.2,0.0,,0,0,18.0
2024-09-17 02:00:00,,11.3,7.8,17.3,12.0,,4.7,51.1,1020.9,7.9,7.6,98.0,2.0,3.6,26.3,1022.1,0.0,,0,0,18.0
2024-09-17 03:00:00,,11.3,7.8,17.3,12.0,,4.7,51.1,1020.9,7.8,7.4,97.0,1.1,3.6,25.6,1022.0,0.0,,0,0,18.0
2024-09-17 04:00:00,,11.3,7.8,17.3,12.0,,4.7,51.1,1020.9,8.0,7.6,97.0,0.5,3.6,27.0,1021.8,0.0,,0,0,18.0
2024-09-17 05:00:00,,11.3,7.8,17.3,12.0,,4.7,51.1,1020.9,9.3,8.1,92.0,0.8,5.4,28.4,1021.3,0.0,,0,0,18.0
2024-09-17 06:00:00,,11.3,7.8,17.3,12.0,,4.7,51.1,1020.9,8.3,7.9,97.0,0.6,3.6,27.4,1021.8,0.0,,0,0,20.285714285714285
2024-09-17 07:00:00,,11.3,7.8,17.3,12.0,,4.7,51.1,1020.9,8.6,8.2,97.0,0.8,3.6,28.8,1021.8,0.0,,0,0,71.71428571428571
2024-09-17 08:00:00,,11.3,7.8,17.3,12.0,,4.7,51.1,1020.9,9.1,8.3,95.0,0.2,3.6,26.3,1021.9,0.0,,0,0,159.85714285714286
2024-09-17 09:00:00,,11.3,7.8,17.3,12.0,,4.7,51.1,1020.9,10.2,8.8,91.0,0.0,3.6,25.6,1021.7,2.0,,0,0,236.125
2024-09-17 10:00:00,,11.3,7.8,17.3,12.0,,4.7,51.1,1020.9,12.1,10.0,87.0,0.0,0.0,11.2,1021.0,0.0,,0,0,275.14285714285717
2024-09-17 11:00:00,,11.3,7.8,17.3,12.0,,4.7,51.1,1020.9,13.0,9.8,81.0,0.0,3.6,12.2,1020.6,5.0,,0,0,274.85714285714283
2024-09-17 12:00:00,,11.3,7.8,17.3,12.0,,4.7,51.1,1020.9,13.7,10.1,79.0,0.0,3.6,8.6,1020.1,9.0,,0,0,238.0
2024-09-17 13:00:00,,11.3,7.8,17.3,12.0,,4.7,51.1,1020.9,13.8,10.0,78.0,0.0,3.6,11.2,1019.8,13.0,,0,0,231.57142857142858
2024-09-17 14:00:00,,11.3,7.8,17.3,12.0,,4.7,51.1,1020.9,15.1,10.9,76.0,0.0,3.6,14.0,1019.1,39.0,,0,0,261.875
2024-09-17 15:00:00,,11.3,7.8,17.3,12.0,,4.7,51.1,1020.9,16.8,11.5,71.0,0.0,3.6,18.7,1018.3,21.0,,0,0,273.57142857142856
2024-09-17 16:00:00,,11.3,7.8,17.3,12.0,,4.7,51.1,1020.9,17.3,10.7,65.0,0.0,3.6,13.3,1018.1,39.0,,0,0,245.14285714285714
2024-09-17 17:00:00,,11.3,7.8,17.3,12.0,,4.7,51.1,1020.9,16.5,9.0,61.0,0.0,10.8,30.6,1018.5,58.0,,0,0,178.42857142857142
2024-09-17 18:00:00,,11.3,7.8,17.3,12.0,,4.7,51.1,1020.9,14.8,9.2,69.0,0.0,10.8,33.8,1018.9,0.0,,0,0,113.71428571428571
2024-09-17 19:00:00,,11.3,7.8,17.3,12.0,,4.7,51.1,1020.9,10.4,7.8,84.0,0.0,14.4,51.1,1020.3,0.0,,0,0,110.75
2024-09-17 20:00:00,,11.3,7.8,17.3,12.0,,4.7,51.1,1020.9,13.2,9.3,77.0,0.0,3.6,50.0,1020.0,0.0,,0,0,94.28571428571429
2024-09-17 21:00:00,,11.3,7.8,17.3,12.0,,4.7,51.1,1020.9,10.8,9.4,91.0,0.0,0.0,18.7,1020.6,0.0,,0,0,66.71428571428571
2024-09-17 22:00:00,,11.3,7.8,17.3,12.0,,4.7,51.1,1020.9,9.4,8.8,96.0,0.0,3.6,11.9,1020.9,0.0,,0,0,38.42857142857143
2024-09-17 23:00:00,,11.3,7.8,17.3,12.0,,4.7,51.1,1020.9,8.7,8.3,97.0,0.0,0.0,14.0,1020.7,0.0,,0,0,19.714285714285715
2024-09-18 00:00:00,,12.6,6.2,20.4,0.0,,2.5,17.6,1018.8,8.1,8.0,99.0,0.0,0.0,9.7,1020.6,0.0,,0,0,18.625
2024-09-18 01:00:00,,12.6,6.2,20.4,0.0,,2.5,17.6,1018.8,7.9,7.8,99.0,0.0,0.0,7.9,1020.3,0.0,,0,0,18.0
2024-09-18 02:00:00,,12.6,6.2,20.4,0.0,,2.5,17.6,1018.8,7.2,7.2,100.0,0.0,3.6,7.6,1020.4,0.0,,0,0,18.0
2024-09-18 03:00:00,,12.6,6.2,20.4,0.0,,2.5,17.6,1018.8,6.7,6.6,99.0,0.0,3.6,9.7,1020.4,0.0,,0,0,18.0
2024-09-18 04:00:00,,12.6,6.2,20.4,0.0,,2.5,17.6,1018.8,6.4,6.3,99.0,0.0,0.0,9.4,1020.4,0.0,,0,0,18.571428571428573
2024-09-18 05:00:00,,12.6,6.2,20.4,0.0,,2.5,17.6,1018.8,6.2,6.2,100.0,0.0,0.0,9.4,1020.6,0.0,,0,0,20.25
2024-09-18 06:00:00,,12.6,6.2,20.4,0.0,,2.5,17.6,1018.8,6.7,6.7,100.0,0.0,3.6,6.8,1021.0,0.0,,0,0,25.285714285714285
2024-09-18 07:00:00,,12.6,6.2,20.4,0.0,,2.5,17.6,1018.8,10.0,8.8,92.0,0.0,3.6,5.4,1020.5,38.0,,1,0,73.71428571428571
2024-09-18 08:00:00,,12.6,6.2,20.4,0.0,,2.5,17.6,1018.8,12.2,8.9,80.0,0.0,3.6,9.0,1020.3,60.0,,1,0,178.57142857142858
2024-09-18 09:00:00,,12.6,6.2,20.4,0.0,,2.5,17.6,1018.8,13.9,8.7,71.0,0.0,3.6,10.1,1019.7,60.0,,1,0,307.85714285714283
2024-09-18 10:00:00,,12.6,6.2,20.4,0.0,,2.5,17.6,1018.8,15.2,8.7,65.0,0.0,6.5,10.1,1019.6,60.0,,1,0,362.125
2024-09-18 11:00:00,,12.6,6.2,20.4,0.0,,2.5,17.6,1018.8,16.6,9.3,62.0,0.0,6.1,11.9,1018.9,60.0,,1,0,302.85714285714283
2024-09-18 12:00:00,,12.6,6.2,20.4,0.0,,2.5,17.6,1018.8,17.4,10.0,62.0,0.0,3.6,12.6,1017.5,60.0,,1,0,242.0
2024-09-18 13:00:00,,12.6,6.2,20.4,0.0,,2.5,17.6,1018.8,19.2,12.5,65.0,0.0,3.6,12.2,1016.8,59.0,,0,0,215.42857142857142
2024-09-18 14:00:00,,12.6,6.2,20.4,0.0,,2.5,17.6,1018.8,19.5,11.0,58.0,0.0,3.6,11.5,1016.0,60.0,,0,0,231.57142857142858
2024-09-18 15:00:00,,12.6,6.2,20.4,0.0,,2.5,17.6,1018.8,20.1,11.8,59.0,0.0,3.6,9.0,1015.7,60.0,,0,0,241.875
2024-09-18 16:00:00,,12.6,6.2,20.4,0.0,,2.5,17.6,1018.8,20.4,12.1,59.0,0.0,3.6,10.8,1015.6,60.0,,0,0,188.14285714285714
2024-09-18 17:00:00,,12.6,6.2,20.4,0.0,,2.5,17.6,1018.8,17.6,12.5,72.0,0.0,3.6,14.0,1016.1,60.0,,0,0,139.28571428571428
2024-09-18 18:00:00,,12.6,6.2,20.4,0.0,,2.5,17.6,1018.8,14.7,12.7,88.0,0.0,0.0,17.6,1016.8,10.0,,0,0,106.14285714285714
2024-09-18 19:00:00,,12.6,6.2,20.4,0.0,,2.5,17.6,1018.8,13.7,12.6,93.0,0.0,0.0,13.3,1017.4,0.0,,0,0,108.42857142857143
2024-09-18 20:00:00,,12.6,6.2,20.4,0.0,,2.5,17.6,1018.8,12.1,11.3,95.0,0.0,0.0,13.7,1018.0,0.0,,0,0,94.0
2024-09-18 21:00:00,,12.6,6.2,20.4,0.0,,2.5,17.6,1018.8,12.0,11.5,97.0,0.0,0.0,9.0,1017.8,0.0,,0,0,76.0
2024-09-18 22:00:00,,12.6,6.2,20.4,0.0,,2.5,17.6,1018.8,11.4,10.9,97.0,0.0,0.0,9.0,1018.0,0.0,,0,0,49.57142857142857
2024-09-18 23:00:00,,12.6,6.2,20.4,0.0,,2.5,17.6,1018.8,10.9,10.3,96.0,0.0,3.6,8.3,1018.0,0.0,,0,0,31.285714285714285
2024-09-19 00:00:00,,13.3,8.0,20.0,0.8,,3.3,18.4,1017.1,8.2,6.0,86.0,0.0,7.6,9.7,1018.0,0.0,,0,0,24.285714285714285
2024-09-19 01:00:00,,13.3,8.0,20.0,0.8,,3.3,18.4,1017.1,9.5,9.4,99.0,0.1,0.0,9.7,1017.9,0.0,,0,0,18.75
2024-09-19 02:00:00,,13.3,8.0,20.0,0.8,,3.3,18.4,1017.1,8.9,8.8,99.0,0.0,0.0,9.7,1017.7,0.0,,0,0,15.285714285714286
2024-09-19 03:00:00,,13.3,8.0,20.0,0.8,,3.3,18.4,1017.1,8.5,8.5,100.0,0.0,0.0,6.8,1017.9,0.0,,0,0,15.0
2024-09-19 04:00:00,,13.3,8.0,20.0,0.8,,3.3,18.4,1017.1,8.0,7.9,99.0,0.0,3.6,7.2,1017.8,0.0,,0,0,15.0
2024-09-19 05:00:00,,13.3,8.0,20.0,0.8,,3.3,18.4,1017.1,8.0,7.9,99.0,0.0,3.6,7.9,1018.0,0.0,,0,0,14.571428571428571
2024-09-19 06:00:00,,13.3,8.0,20.0,0.8,,3.3,18.4,1017.1,8.0,7.9,99.0,0.0,3.6,8.6,1018.4,0.0,,0,0,20.25
2024-09-19 07:00:00,,13.3,8.0,20.0,0.8,,3.3,18.4,1017.1,11.6,9.7,88.0,0.0,3.6,5.8,1018.1,34.0,,0,0,65.14285714285714
2024-09-19 08:00:00,,13.3,8.0,20.0,0.8,,3.3,18.4,1017.1,13.6,9.8,78.0,0.0,7.2,11.2,1018.0,60.0,,0,0,142.28571428571428
2024-09-19 09:00:00,,13.3,8.0,20.0,0.8,,3.3,18.4,1017.1,15.3,11.1,76.0,0.0,3.6,11.2,1017.5,60.0,,0,0,222.28571428571428
2024-09-19 10:00:00,,13.3,8.0,20.0,0.8,,3.3,18.4,1017.1,16.1,11.5,74.0,0.0,3.6,10.4,1017.1,60.0,,0,0,274.42857142857144
2024-09-19 11:00:00,,13.3,8.0,20.0,0.8,,3.3,18.4,1017.1,17.0,11.7,71.0,0.0,3.6,18.4,1016.4,60.0,,0,0,280.875
2024-09-19 12:00:00,,13.3,8.0,20.0,0.8,,3.3,18.4,1017.1,17.7,11.7,68.0,0.0,3.6,16.9,1016.0,60.0,,0,0,228.57142857142858
2024-09-19 13:00:00,,13.3,8.0,20.0,0.8,,3.3,18.4,1017.1,18.5,11.6,64.0,0.0,3.6,14.4,1015.5,60.0,,0,0,220.14285714285714
2024-09-19 14:00:00,,13.3,8.0,20.0,0.8,,3.3,18.4,1017.1,19.3,13.7,70.0,0.1,8.6,13.0,1016.5,60.0,,0,0,233.0
2024-09-19 15:00:00,,13.3,8.0,20.0,0.8,,3.3,18.4,1017.1,18.5,14.0,75.0,0.6,7.9,11.2,1016.5,60.0,,0,0,239.57142857142858
2024-09-19 16:00:00,,13.3,8.0,20.0,0.8,,3.3,18.4,1017.1,20.0,13.5,66.0,0.0,3.6,7.9,1014.7,60.0,,0,0,218.75
2024-09-19 17:00:00,,13.3,8.0,20.0,0.8,,3.3,18.4,1017.1,17.3,13.0,76.0,0.0,0.0,9.7,1015.2,43.0,,0,0,157.71428571428572
2024-09-19 18:00:00,,13.3,8.0,20.0,0.8,,3.3,18.4,1017.1,15.2,13.2,88.0,0.0,0.0,11.2,1016.0,0.0,,0,0,114.42857142857143
2024-09-19 19:00:00,,13.3,8.0,20.0,0.8,,3.3,18.4,1017.1,13.0,11.4,90.0,0.0,4.7,12.6,1017.3,0.0,,0,0,107.28571428571429
2024-09-19 20:00:00,,13.3,8.0,20.0,0.8,,3.3,18.4,1017.1,13.3,12.7,96.0,0.0,0.0,14.0,1016.8,0.0,,0,0,88.28571428571429
2024-09-19 21:00:00,,13.3,8.0,20.0,0.8,,3.3,18.4,1017.1,12.2,11.6,96.0,0.0,3.6,11.2,1017.4,0.0,,0,0,68.0
2024-09-19 22:00:00,,13.3,8.0,20.0,0.8,,3.3,18.4,1017.1,11.9,11.4,97.0,0.0,0.0,10.8,1017.3,0.0,,0,0,52.0
2024-09-19 23:00:00,,13.3,8.0,20.0,0.8,,3.3,18.4,1017.1,10.1,8.9,92.0,0.0,10.1,8.6,1017.6,0.0,,0,0,23.0
2024-09-20 00:00:00,,14.1,8.2,20.3,0.1,,2.5,12.6,1018.7,10.8,10.5,98.0,0.0,0.0,6.8,1018.0,0.0,,0,0,15.428571428571429
2024-09-20 01:00:00,,14.1,8.2,20.3,0.1,,2.5,12.6,1018.7,10.2,10.0,99.0,0.1,0.0,6.5,1018.2,0.0,,0,0,12.714285714285714
2024-09-20 02:00:00,,14.1,8.2,20.3,0.1,,2.5,12.6,1018.7,9.9,9.9,100.0,0.0,0.0,5.0,1018.4,0.0,,0,0,12.0
2024-09-20 03:00:00,,14.1,8.2,20.3,0.1,,2.5,12.6,1018.7,9.3,9.2,99.0,0.0,0.0,5.4,1018.9,0.0,,0,0,12.0
2024-09-20 04:00:00,,14.1,8.2,20.3,0.1,,2.5,12.6,1018.7,9.1,9.1,100.0,0.0,0.0,5.0,1019.3,0.0,,0,0,12.0
2024-09-20 05:00:00,,14.1,8.2,20.3,0.1,,2.5,12.6,1018.7,8.2,8.2,100.0,0.0,0.0,7.2,1020.0,0.0,,0,0,12.0
2024-09-20 06:00:00,,14.1,8.2,20.3,0.1,,2.5,12.6,1018.7,8.5,8.4,99.0,0.0,0.0,6.1,1020.2,0.0,,0,0,14.428571428571429
2024-09-20 07:00:00,,14.1,8.2,20.3,0.1,,2.5,12.6,1018.7,12.7,10.6,87.0,0.0,0.0,6.1,1020.0,37.0,,0,0,59.75
2024-09-20 08:00:00,,14.1,8.2,20.3,0.1,,2.5,12.6,1018.7,14.3,11.3,82.0,0.0,3.6,7.2,1019.9,59.0,,0,0,140.83333333333334
2024-09-20 09:00:00,,14.1,8.2,20.3,0.1,,2.5,12.6,1018.7,16.3,10.4,68.0,0.0,3.6,9.0,1019.7,60.0,,0,0,218.57142857142858
2024-09-20 10:00:00,,14.1,8.2,20.3,0.1,,2.5,12.6,1018.7,16.4,12.2,76.0,0.0,3.6,12.6,1019.4,60.0,,0,0,258.0
2024-09-20 11:00:00,,14.1,8.2,20.3,0.1,,2.5,12.6,1018.7,17.9,13.6,76.0,0.0,7.2,11.5,1019.1,59.0,,0,0,244.42857142857142
2024-09-20 12:00:00,,14.1,8.2,20.3,0.1,,2.5,12.6,1018.7,17.4,12.7,74.0,0.0,7.2,10.4,1019.1,60.0,,0,0,211.125
2024-09-20 13:00:00,,14.1,8.2,20.3,0.1,,2.5,12.6,1018.7,19.3,12.3,64.0,0.0,3.6,12.6,1018.3,59.0,,0,0,205.71428571428572
2024-09-20 14:00:00,,14.1,8.2,20.3,0.1,,2.5,12.6,1018.7,20.3,13.0,63.0,0.0,7.2,9.7,1017.7,60.0,,0,0,218.42857142857142
2024-09-20 15:00:00,,14.1,8.2,20.3,0.1,,2.5,12.6,1018.7,20.1,14.2,69.0,0.0,7.2,10.8,1017.4,60.0,,0,0,244.14285714285714
2024-09-20 16:00:00,,14.1,8.2,20.3,0.1,,2.5,12.6,1018.7,20.1,13.6,66.0,0.0,3.6,8.6,1017.3,60.0,,0,0,224.57142857142858
2024-09-20 17:00:00,,14.1,8.2,20.3,0.1,,2.5,12.6,1018.7,18.7,14.2,75.0,0.0,3.6,8.3,1017.8,58.0,,0,0,195.625
2024-09-20 18:00:00,,14.1,8.2,20.3,0.1,,2.5,12.6,1018.7,15.9,13.4,85.0,0.0,0.0,7.9,1018.4,0.0,,0,0,190.71428571428572
2024-09-20 19:00:00,,14.1,8.2,20.3,0.1,,2.5,12.6,1018.7,14.8,13.8,94.0,0.0,0.0,9.7,1019.1,0.0,,0,0,254.28571428571428
2024-09-20 20:00:00,,14.1,8.2,20.3,0.1,,2.5,12.6,1018.7,14.0,13.5,97.0,0.0,0.0,10.1,1019.2,0.0,,0,0,260.7142857142857
2024-09-20 21:00:00,,14.1,8.2,20.3,0.1,,2.5,12.6,1018.7,13.3,12.7,96.0,0.0,0.0,9.0,1019.6,0.0,,0,0,241.85714285714286
2024-09-20 22:00:00,,14.1,8.2,20.3,0.1,,2.5,12.6,1018.7,12.9,12.7,99.0,0.0,0.0,7.2,1019.7,0.0,,0,0,206.85714285714286
2024-09-20 23:00:00,,14.1,8.2,20.3,0.1,,2.5,12.6,1018.7,12.4,11.9,97.0,0.0,3.6,8.3,1019.6,0.0,,0,0,106.25
2024-09-21 00:00:00,,15.9,11.4,21.7,0.1,,3.2,12.2,1018.7,12.1,11.8,98.0,0.0,0.0,7.6,1020.0,0.0,,0,0,49.57142857142857
2024-09-21 01:00:00,,15.9,11.4,21.7,0.1,,3.2,12.2,1018.7,12.4,12.2,99.0,0.0,0.0,7.9,1020.0,0.0,,0,0,31.0
2024-09-21 02:00:00,,15.9,11.4,21.7,0.1,,3.2,12.2,1018.7,12.5,12.0,97.0,0.0,0.0,7.6,1019.8,0.0,,0,0,19.571428571428573
2024-09-21 03:00:00,,15.9,11.4,21.7,0.1,,3.2,12.2,1018.7,11.8,11.6,99.0,0.0,3.6,6.5,1020.0,0.0,,0,0,16.714285714285715
2024-09-21 04:00:00,,15.9,11.4,21.7,0.1,,3.2,12.2,1018.7,11.7,11.5,99.0,0.0,0.0,5.8,1020.2,0.0,,0,0,15.5
2024-09-21 05:00:00,,15.9,11.4,21.7,0.1,,3.2,12.2,1018.7,11.4,11.2,99.0,0.0,0.0,5.8,1020.4,0.0,,0,0,15.428571428571429
2024-09-21 06:00:00,,15.9,11.4,21.7,0.1,,3.2,12.2,1018.7,11.9,11.4,97.0,0.0,3.6,6.5,1020.4,0.0,,0,0,16.142857142857142
2024-09-21 07:00:00,,15.9,11.4,21.7,0.1,,3.2,12.2,1018.7,14.3,11.8,85.0,0.1,3.6,5.4,1020.2,34.0,,1,0,20.857142857142858
2024-09-21 08:00:00,,15.9,11.4,21.7,0.1,,3.2,12.2,1018.7,16.2,12.6,79.0,0.0,3.6,8.6,1020.0,60.0,,1,0,83.42857142857143
2024-09-21 09:00:00,,15.9,11.4,21.7,0.1,,3.2,12.2,1018.7,17.6,13.9,79.0,0.0,3.6,9.7,1019.7,60.0,,1,0,282.625
2024-09-21 10:00:00,,15.9,11.4,21.7,0.1,,3.2,12.2,1018.7,18.0,13.1,73.0,0.0,3.6,9.4,1019.5,60.0,,1,0,408.2857142857143
2024-09-21 11:00:00,,15.9,11.4,21.7,0.1,,3.2,12.2,1018.7,19.1,13.3,69.0,0.0,7.2,10.1,1018.8,60.0,,1,0,407.14285714285717
2024-09-21 12:00:00,,15.9,11.4,21.7,0.1,,3.2,12.2,1018.7,19.7,12.5,63.0,0.0,7.2,10.8,1018.1,60.0,,1,0,337.42857142857144
2024-09-21 13:00:00,,15.9,11.4,21.7,0.1,,3.2,12.2,1018.7,21.3,13.5,61.0,0.0,7.2,12.2,1016.9,60.0,,0,0,261.2857142857143
2024-09-21 14:00:00,,15.9,11.4,21.7,0.1,,3.2,12.2,1018.7,21.6,14.5,64.0,0.0,7.2,10.1,1016.6,60.0,,0,0,218.5
2024-09-21 15:00:00,,15.9,11.4,21.7,0.1,,3.2,12.2,1018.7,21.7,13.3,59.0,0.0,7.2,9.0,1016.2,60.0,,0,0,181.42857142857142
2024-09-21 16:00:00,,15.9,11.4,21.7,0.1,,3.2,12.2,1018.7,21.4,14.5,65.0,0.0,3.6,7.9,1016.2,56.0,,0,0,126.0
2024-09-21 17:00:00,,15.9,11.4,21.7,0.1,,3.2,12.2,1018.7,19.8,13.9,69.0,0.0,3.6,8.6,1016.3,46.0,,0,0,77.71428571428571
2024-09-21 18:00:00,,15.9,11.4,21.7,0.1,,3.2,12.2,1018.7,16.7,14.3,86.0,0.0,0.0,11.5,1017.1,0.0,,0,0,77.42857142857143
2024-09-21 19:00:00,,15.9,11.4,21.7,0.1,,3.2,12.2,1018.7,15.3,14.2,93.0,0.0,3.6,10.4,1017.7,0.0,,0,0,106.125
2024-09-21 20:00:00,,15.9,11.4,21.7,0.1,,3.2,12.2,1018.7,15.0,13.7,92.0,0.0,3.6,10.4,1017.9,0.0,,0,0,127.42857142857143
2024-09-21 21:00:00,,15.9,11.4,21.7,0.1,,3.2,12.2,1018.7,14.0,12.9,93.0,0.0,0.0,10.4,1018.0,0.0,,0,0,123.85714285714286
2024-09-21 22:00:00,,15.9,11.4,21.7,0.1,,3.2,12.2,1018.7,14.1,12.0,87.0,0.0,3.6,12.6,1017.9,0.0,,0,0,115.28571428571429
2024-09-21 23:00:00,,15.9,11.4,21.7,0.1,,3.2,12.2,1018.7,12.7,11.9,95.0,0.0,3.6,6.8,1018.0,0.0,,0,0,94.85714285714286
2024-09-22 00:00:00,,14.9,9.7,20.0,0.1,,2.4,15.1,1015.5,12.0,11.4,96.0,0.0,0.0,10.8,1018.0,0.0,,0,0,49.25
2024-09-22 01:00:00,,14.9,9.7,20.0,0.1,,2.4,15.1,1015.5,11.4,10.9,97.0,0.0,0.0,11.5,1018.1,0.0,,0,0,31.0
2024-09-22 02:00:00,,14.9,9.7,20.0,0.1,,2.4,15.1,1015.5,10.9,10.3,96.0,0.0,0.0,6.5,1017.9,0.0,,0,0,20.714285714285715
2024-09-22 03:00:00,,14.9,9.7,20.0,0.1,,2.4,15.1,1015.5,10.2,10.0,99.0,0.0,0.0,4.7,1017.9,0.0,,0,0,16.142857142857142
2024-09-22 04:00:00,,14.9,9.7,20.0,0.1,,2.4,15.1,1015.5,10.0,9.8,99.0,0.0,0.0,5.4,1017.6,0.0,,0,0,14.142857142857142
2024-09-22 05:00:00,,14.9,9.7,20.0,0.1,,2.4,15.1,1015.5,9.7,9.2,97.0,0.1,0.0,8.6,1017.7,0.0,,0,0,14.0
2024-09-22 06:00:00,,14.9,9.7,20.0,0.1,,2.4,15.1,1015.5,9.8,9.3,97.0,0.0,0.0,7.6,1017.9,0.0,,0,0,14.0
2024-09-22 07:00:00,,14.9,9.7,20.0,0.1,,2.4,15.1,1015.5,13.5,10.8,84.0,0.0,0.0,7.9,1017.0,18.0,,0,0,14.142857142857142
2024-09-22 08:00:00,,14.9,9.7,20.0,0.1,,2.4,15.1,1015.5,16.9,10.7,67.0,0.0,0.0,4.3,1016.2,60.0,,0,0,18.714285714285715
2024-09-22 09:00:00,,14.9,9.7,20.0,0.1,,2.4,15.1,1015.5,17.5,9.9,61.0,0.0,3.6,6.8,1015.6,60.0,,0,0,27.571428571428573
2024-09-22 10:00:00,,14.9,9.7,20.0,0.1,,2.4,15.1,1015.5,18.7,12.2,66.0,0.0,3.6,9.4,1014.8,59.0,,0,0,29.625
2024-09-22 11:00:00,,14.9,9.7,20.0,0.1,,2.4,15.1,1015.5,18.8,13.6,72.0,0.0,7.2,10.1,1014.5,59.0,,0,0,35.857142857142854
2024-09-22 12:00:00,,14.9,9.7,20.0,0.1,,2.4,15.1,1015.5,18.1,13.0,72.0,0.0,7.2,12.2,1014.5,16.0,,0,0,43.285714285714285
2024-09-22 13:00:00,,14.9,9.7,20.0,0.1,,2.4,15.1,1015.5,18.8,13.9,73.0,0.0,10.8,11.9,1013.8,59.0,,0,0,44.57142857142857
2024-09-22 14:00:00,,14.9,9.7,20.0,0.1,,2.4,15.1,1015.5,20.0,13.9,68.0,0.0,3.6,9.0,1013.1,59.0,,0,0,42.142857142857146
2024-09-22 15:00:00,,14.9,9.7,20.0,0.1,,2.4,15.1,1015.5,19.6,13.5,68.0,0.0,3.6,8.3,1012.5,41.0,,0,0,42.0
2024-09-22 16:00:00,,14.9,9.7,20.0,0.1,,2.4,15.1,1015.5,18.5,14.0,75.0,0.0,3.6,6.8,1012.7,0.0,,0,0,34.0
2024-09-22 17:00:00,,14.9,9.7,20.0,0.1,,2.4,15.1,1015.5,17.0,13.5,80.0,0.0,0.0,6.5,1012.9,0.0,,0,0,33.142857142857146
2024-09-22 18:00:00,,14.9,9.7,20.0,0.1,,2.4,15.1,1015.5,15.9,14.3,90.0,0.0,0.0,8.3,1013.4,0.0,,0,0,37.857142857142854
2024-09-22 19:00:00,,14.9,9.7,20.0,0.1,,2.4,15.1,1015.5,15.0,14.0,94.0,0.0,0.0,7.9,1013.6,0.0,,0,0,50.57142857142857
2024-09-22 20:00:00,,14.9,9.7,20.0,0.1,,2.4,15.1,1015.5,14.9,13.3,90.0,0.0,3.6,10.8,1013.6,0.0,,0,0,47.5
2024-09-22 21:00:00,,14.9,9.7,20.0,0.1,,2.4,15.1,1015.5,14.1,13.0,93.0,0.0,3.6,15.1,1013.7,0.0,,0,0,28.285714285714285
2024-09-22 22:00:00,,14.9,9.7,20.0,0.1,,2.4,15.1,1015.5,13.4,12.8,96.0,0.0,3.6,8.3,1014.0,0.0,,0,0,16.714285714285715
2024-09-22 23:00:00,,14.9,9.7,20.0,0.1,,2.4,15.1,1015.5,13.3,12.4,94.0,0.0,0.0,6.8,1013.8,0.0,,0,0,11.714285714285714
2024-09-23 00:00:00,,15.2,11.8,19.7,7.5,,3.2,50.0,1011.4,12.9,12.3,96.0,0.0,0.0,9.0,1013.4,0.0,,0,0,11.0
2024-09-23 01:00:00,,15.2,11.8,19.7,7.5,,3.2,50.0,1011.4,12.6,12.0,96.0,0.0,3.6,6.8,1012.9,0.0,,0,0,11.0
2024-09-23 02:00:00,,15.2,11.8,19.7,7.5,,3.2,50.0,1011.4,11.8,11.6,99.0,0.0,0.0,7.2,1012.9,0.0,,0,0,11.0
2024-09-23 03:00:00,,15.2,11.8,19.7,7.5,,3.2,50.0,1011.4,12.2,11.7,97.0,0.0,3.6,9.0,1013.1,0.0,,0,0,11.0
2024-09-23 04:00:00,,15.2,11.8,19.7,7.5,,3.2,50.0,1011.4,12.9,12.1,95.0,0.0,0.0,7.9,1012.8,0.0,,0,0,11.0
2024-09-23 05:00:00,,15.2,11.8,19.7,7.5,,3.2,50.0,1011.4,12.7,12.1,96.0,0.0,0.0,5.8,1012.8,0.0,,0,0,11.0
2024-09-23 06:00:00,,15.2,11.8,19.7,7.5,,3.2,50.0,1011.4,13.3,11.7,90.0,0.0,3.6,9.4,1012.7,0.0,,0,0,14.125
2024-09-23 07:00:00,,15.2,11.8,19.7,7.5,,3.2,50.0,1011.4,13.8,12.4,91.0,0.0,3.6,12.2,1012.6,0.0,,0,0,63.57142857142857
2024-09-23 08:00:00,,15.2,11.8,19.7,7.5,,3.2,50.0,1011.4,15.7,12.8,83.0,0.0,3.6,8.3,1012.0,4.0,,0,0,145.8
2024-09-23 09:00:00,,15.2,11.8,19.7,7.5,,3.2,50.0,1011.4,16.7,12.6,77.0,0.0,0.0,7.9,1011.6,17.0,,0,0,208.875
2024-09-23 10:00:00,,15.2,11.8,19.7,7.5,,3.2,50.0,1011.4,17.8,11.6,67.0,0.0,0.0,8.6,1011.0,17.0,,0,0,229.85714285714286
2024-09-23 11:00:00,,15.2,11.8,19.7,7.5,,3.2,50.0,1011.4,19.7,13.4,67.0,0.0,3.6,14.8,1010.0,53.0,,0,0,235.71428571428572
2024-09-23 12:00:00,,15.2,11.8,19.7,7.5,,3.2,50.0,1011.4,19.5,14.1,71.0,0.0,7.2,20.9,1009.6,14.0,,0,0,225.14285714285714
2024-09-23 13:00:00,,15.2,11.8,19.7,7.5,,3.2,50.0,1011.4,19.0,14.3,74.0,0.5,7.2,14.0,1009.4,2.0,,0,0,217.71428571428572
2024-09-23 14:00:00,,15.2,11.8,19.7,7.5,,3.2,50.0,1011.4,18.6,13.9,74.0,2.3,3.6,11.9,1009.2,0.0,,0,0,231.625
2024-09-23 15:00:00,,15.2,11.8,19.7,7.5,,3.2,50.0,1011.4,17.6,15.0,85.0,0.6,3.6,9.4,1009.0,0.0,,0,0,214.0
2024-09-23 16:00:00,,15.2,11.8,19.7,7.5,,3.2,50.0,1011.4,16.6,14.4,87.0,0.5,0.0,12.2,1009.2,0.0,,0,0,164.0
2024-09-23 17:00:00,,15.2,11.8,19.7,7.5,,3.2,50.0,1011.4,15.8,14.0,89.0,0.4,3.6,11.9,1009.1,0.0,,0,0,102.28571428571429
2024-09-23 18:00:00,,15.2,11.8,19.7,7.5,,3.2,50.0,1011.4,15.4,14.8,96.0,1.5,0.0,12.6,1009.2,0.0,,0,0,99.28571428571429
2024-09-23 19:00:00,,15.2,11.8,19.7,7.5,,3.2,50.0,1011.4,15.5,14.7,95.0,0.3,7.2,14.4,1009.3,0.0,,0,0,106.875
2024-09-23 20:00:00,,15.2,11.8,19.7,7.5,,3.2,50.0,1011.4,14.5,11.5,82.0,0.3,10.8,50.0,1010.9,0.0,,0,0,97.0
2024-09-23 21:00:00,,15.2,11.8,19.7,7.5,,3.2,50.0,1011.4,13.7,10.9,83.0,1.1,7.2,24.1,1011.9,0.0,,0,0,64.0
2024-09-23 22:00:00,,15.2,11.8,19.7,7.5,,3.2,50.0,1011.4,13.5,10.5,82.0,0.8,3.6,23.4,1011.2,0.0,,0,0,31.714285714285715
2024-09-23 23:00:00,,15.2,11.8,19.7,7.5,,3.2,50.0,1011.4,12.0,11.2,95.0,0.1,3.6,23.8,1011.0,0.0,,0,0,18.0
2024-09-24 00:00:00,,14.3,10.7,19.1,4.1,,3.9,32.0,1010.3,12.9,10.8,87.0,0.6,3.6,14.0,1010.7,0.0,,0,0,15.125
2024-09-24 01:00:00,,14.3,10.7,19.1,4.1,,3.9,32.0,1010.3,12.3,11.4,94.0,0.2,0.0,27.4,1010.5,0.0,,0,0,15.0
2024-09-24 02:00:00,,14.3,10.7,19.1,4.1,,3.9,32.0,1010.3,12.6,10.8,89.0,0.0,3.6,27.7,1010.0,0.0,,0,0,15.0
2024-09-24 03:00:00,,14.3,10.7,19.1,4.1,,3.9,32.0,1010.3,12.1,11.5,96.0,0.0,0.0,31.0,1009.9,0.0,,0,0,15.0
2024-09-24 04:00:00,,14.3,10.7,19.1,4.1,,3.9,32.0,1010.3,11.9,11.1,95.0,0.7,3.6,32.0,1010.2,0.0,,0,0,15.0
2024-09-24 05:00:00,,14.3,10.7,19.1,4.1,,3.9,32.0,1010.3,12.2,11.3,94.0,0.5,3.6,12.6,1010.5,0.0,,0,0,15.25
2024-09-24 06:00:00,,14.3,10.7,19.1,4.1,,3.9,32.0,1010.3,12.2,11.7,97.0,0.0,3.6,9.0,1010.6,0.0,,0,0,18.714285714285715
2024-09-24 07:00:00,,14.3,10.7,19.1,4.1,,3.9,32.0,1010.3,12.6,11.7,94.0,0.2,3.6,18.4,1010.8,0.0,,0,0,69.28571428571429
2024-09-24 08:00:00,,14.3,10.7,19.1,4.1,,3.9,32.0,1010.3,15.1,11.9,81.0,0.0,4.0,30.6,1011.1,0.0,,0,0,159.42857142857142
2024-09-24 09:00:00,,14.3,10.7,19.1,4.1,,3.9,32.0,1010.3,13.7,11.4,86.0,0.0,7.2,21.6,1010.6,1.0,,0,0,236.28571428571428
2024-09-24 10:00:00,,14.3,10.7,19.1,4.1,,3.9,32.0,1010.3,14.9,11.7,81.0,0.0,3.6,16.6,1010.3,2.0,,0,0,252.125
2024-09-24 11:00:00,,14.3,10.7,19.1,4.1,,3.9,32.0,1010.3,16.7,12.2,75.0,0.0,7.2,14.0,1010.1,22.0,,0,0,240.71428571428572
2024-09-24 12:00:00,,14.3,10.7,19.1,4.1,,3.9,32.0,1010.3,17.3,11.8,70.0,0.3,3.6,14.0,1009.8,3.0,,0,0,229.42857142857142
2024-09-24 13:00:00,,14.3,10.7,19.1,4.1,,3.9,32.0,1010.3,17.2,10.1,63.0,0.0,3.6,12.6,1009.4,27.0,,0,0,225.14285714285714
2024-09-24 14:00:00,,14.3,10.7,19.1,4.1,,3.9,32.0,1010.3,18.1,10.0,59.0,0.1,3.6,14.4,1008.9,7.0,,0,0,251.57142857142858
2024-09-24 15:00:00,,14.3,10.7,19.1,4.1,,3.9,32.0,1010.3,18.0,10.9,63.0,0.0,3.6,15.8,1008.7,41.0,,0,0,253.125
2024-09-24 16:00:00,,14.3,10.7,19.1,4.1,,3.9,32.0,1010.3,19.1,9.3,53.0,0.6,3.6,18.0,1008.8,45.0,,0,0,209.28571428571428
2024-09-24 17:00:00,,14.3,10.7,19.1,4.1,,3.9,32.0,1010.3,16.2,11.1,72.0,0.0,3.6,15.1,1009.4,41.0,,0,0,145.85714285714286
2024-09-24 18:00:00,,14.3,10.7,19.1,4.1,,3.9,32.0,1010.3,14.9,11.3,79.0,0.0,7.2,20.9,1010.3,0.0,,0,0,112.14285714285714
2024-09-24 19:00:00,,14.3,10.7,19.1,4.1,,3.9,32.0,1010.3,13.6,10.6,82.0,0.0,3.6,22.7,1011.0,0.0,,0,0,98.57142857142857
2024-09-24 20:00:00,,14.3,10.7,19.1,4.1,,3.9,32.0,1010.3,10.7,9.5,92.0,0.0,5.8,29.9,1012.2,0.0,,0,0,77.25
2024-09-24 21:00:00,,14.3,10.7,19.1,4.1,,3.9,32.0,1010.3,12.9,10.3,84.0,0.0,3.6,19.4,1012.1,0.0,,0,0,50.42857142857143
2024-09-24 22:00:00,,14.3,10.7,19.1,4.1,,3.9,32.0,1010.3,12.7,11.1,90.0,0.0,0.0,22.0,1012.4,0.0,,0,0,32.142857142857146
2024-09-24 23:00:00,,14.3,10.7,19.1,4.1,,3.9,32.0,1010.3,12.9,11.1,89.0,0.0,3.6,22.0,1012.5,0.0,,0,0,22.142857142857142
2024-09-25 00:00:00,,14.9,10.0,19.0,0.0,,2.7,36.4,1010.4,12.6,10.8,89.0,0.0,0.0,21.2,1012.4,0.0,,0,0,17.0
2024-09-25 01:00:00,,14.9,10.0,19.0,0.0,,2.7,36.4,1010.4,12.5,11.2,92.0,0.0,0.0,23.4,1012.5,0.0,,0,0,16.0
2024-09-25 02:00:00,,14.9,10.0,19.0,0.0,,2.7,36.4,1010.4,12.0,10.7,92.0,0.0,0.0,21.6,1012.4,0.0,,0,0,16.0
2024-09-25 03:00:00,,14.9,10.0,19.0,0.0,,2.7,36.4,1010.4,12.0,10.6,91.0,0.0,3.6,22.3,1012.4,0.0,,0,0,16.0
2024-09-25 04:00:00,,14.9,10.0,19.0,0.0,,2.7,36.4,1010.4,12.3,11.0,92.0,0.0,3.6,28.1,1012.2,0.0,,0,0,15.714285714285714
2024-09-25 05:00:00,,14.9,10.0,19.0,0.0,,2.7,36.4,1010.4,10.8,10.2,96.0,0.0,3.6,26.3,1012.4,0.0,,0,0,15.571428571428571
2024-09-25 06:00:00,,14.9,10.0,19.0,0.0,,2.7,36.4,1010.4,10.0,9.7,98.0,0.0,0.0,31.7,1012.5,0.0,,0,0,18.142857142857142
2024-09-25 07:00:00,,14.9,10.0,19.0,0.0,,2.7,36.4,1010.4,13.2,9.6,79.0,0.0,3.6,29.9,1011.7,32.0,,1,0,62.875
2024-09-25 08:00:00,,14.9,10.0,19.0,0.0,,2.7,36.4,1010.4,14.7,9.9,73.0,0.0,3.6,22.3,1011.7,60.0,,1,0,161.14285714285714
2024-09-25 09:00:00,,14.9,10.0,19.0,0.0,,2.7,36.4,1010.4,16.3,9.9,66.0,0.0,3.6,18.0,1011.4,60.0,,1,0,312.57142857142856
2024-09-25 10:00:00,,14.9,10.0,19.0,0.0,,2.7,36.4,1010.4,17.4,9.3,59.0,0.0,3.6,18.7,1010.8,60.0,,1,0,370.2857142857143
2024-09-25 11:00:00,,14.9,10.0,19.0,0.0,,2.7,36.4,1010.4,18.6,10.4,59.0,0.0,3.6,13.3,1010.0,58.0,,1,0,326.0
2024-09-25 12:00:00,,14.9,10.0,19.0,0.0,,2.7,36.4,1010.4,18.4,9.7,57.0,0.0,7.2,19.1,1009.6,38.0,,1,0,248.5
2024-09-25 13:00:00,,14.9,10.0,19.0,0.0,,2.7,36.4,1010.4,19.0,10.0,56.0,0.0,7.2,13.7,1008.8,50.0,,0,0,223.42857142857142
2024-09-25 14:00:00,,14.9,10.0,19.0,0.0,,2.7,36.4,1010.4,18.5,11.3,63.0,0.0,3.6,11.9,1008.4,7.0,,0,0,237.0
2024-09-25 15:00:00,,14.9,10.0,19.0,0.0,,2.7,36.4,1010.4,18.6,10.2,58.0,0.0,3.6,12.6,1008.4,20.0,,0,0,229.0
2024-09-25 16:00:00,,14.9,10.0,19.0,0.0,,2.7,36.4,1010.4,17.6,12.5,72.0,0.0,0.0,7.6,1008.1,2.0,,0,0,199.14285714285714
2024-09-25 17:00:00,,14.9,10.0,19.0,0.0,,2.7,36.4,1010.4,16.0,12.6,80.0,0.0,0.0,8.6,1008.8,0.0,,0,0,162.5
2024-09-25 18:00:00,,14.9,10.0,19.0,0.0,,2.7,36.4,1010.4,16.1,12.3,78.0,0.0,3.6,10.8,1008.2,0.0,,0,0,122.42857142857143
2024-09-25 19:00:00,,14.9,10.0,19.0,0.0,,2.7,36.4,1010.4,14.8,11.9,83.0,0.0,0.0,10.4,1008.3,0.0,,0,0,104.14285714285714
2024-09-25 20:00:00,,14.9,10.0,19.0,0.0,,2.7,36.4,1010.4,15.2,11.6,79.0,0.0,3.6,10.4,1007.4,0.0,,0,0,92.14285714285714
2024-09-25 21:00:00,,14.9,10.0,19.0,0.0,,2.7,36.4,1010.4,15.6,11.6,77.0,0.0,3.6,36.4,1006.5,0.0,,0,0,69.71428571428571
2024-09-25 22:00:00,,14.9,10.0,19.0,0.0,,2.7,36.4,1010.4,14.2,12.4,89.0,0.2,0.0,12.6,1005.6,0.0,,0,0,38.875
2024-09-25 23:00:00,,14.9,10.0,19.0,0.0,,2.7,36.4,1010.4,13.9,12.8,93.0,0.6,3.6,7.6,1005.5,0.0,,0,0,26.857142857142858
2024-09-26 00:00:00,,15.3,13.4,17.7,19.8,,4.0,33.8,1002.9,14.1,12.0,87.0,0.4,3.6,31.3,1003.6,0.0,,0,0,21.285714285714285
2024-09-26 01:00:00,,15.3,13.4,17.7,19.8,,4.0,33.8,1002.9,14.4,13.3,93.0,0.1,3.6,15.5,1003.3,0.0,,0,0,19.428571428571427
2024-09-26 02:00:00,,15.3,13.4,17.7,19.8,,4.0,33.8,1002.9,13.7,10.9,83.0,0.8,16.9,13.7,1002.1,0.0,,0,0,17.571428571428573
2024-09-26 03:00:00,,15.3,13.4,17.7,19.8,,4.0,33.8,1002.9,13.5,12.9,96.0,0.8,3.6,12.2,1002.2,0.0,,0,0,17.0
2024-09-26 04:00:00,,15.3,13.4,17.7,19.8,,4.0,33.8,1002.9,13.4,12.8,96.0,0.9,0.0,23.4,1000.5,0.0,,0,0,17.0
2024-09-26 05:00:00,,15.3,13.4,17.7,19.8,,4.0,33.8,1002.9,13.8,12.9,94.0,0.4,3.6,20.9,1001.5,0.0,,0,0,17.571428571428573
2024-09-26 06:00:00,,15.3,13.4,17.7,19.8,,4.0,33.8,1002.9,14.1,12.8,92.0,0.2,3.6,20.5,1001.2,0.0,,0,0,19.285714285714285
2024-09-26 07:00:00,,15.3,13.4,17.7,19.8,,4.0,33.8,1002.9,14.4,13.3,93.0,0.9,3.6,17.6,1000.8,0.0,,0,0,65.0
2024-09-26 08:00:00,,15.3,13.4,17.7,19.8,,4.0,33.8,1002.9,14.9,13.6,92.0,0.1,3.6,16.2,1002.0,0.0,,0,0,143.875
2024-09-26 09:00:00,,15.3,13.4,17.7,19.8,,4.0,33.8,1002.9,15.7,14.2,91.0,0.0,3.6,22.7,1002.5,0.0,,0,0,223.14285714285714
2024-09-26 10:00:00,,15.3,13.4,17.7,19.8,,4.0,33.8,1002.9,16.2,13.7,85.0,0.0,7.2,25.9,1002.4,1.0,,0,0,262.14285714285717
2024-09-26 11:00:00,,15.3,13.4,17.7,19.8,,4.0,33.8,1002.9,17.1,14.4,84.0,0.0,0.0,25.9,1002.4,0.0,,0,0,262.57142857142856
2024-09-26 12:00:00,,15.3,13.4,17.7,19.8,,4.0,33.8,1002.9,17.0,14.6,86.0,0.1,3.6,19.8,1003.1,0.0,,0,0,245.14285714285714
2024-09-26 13:00:00,,15.3,13.4,17.7,19.8,,4.0,33.8,1002.9,17.5,14.6,83.0,0.1,3.6,13.3,1002.6,0.0,,0,0,248.0
2024-09-26 14:00:00,,15.3,13.4,17.7,19.8,,4.0,33.8,1002.9,17.7,14.4,81.0,0.0,3.6,14.8,1001.5,0.0,,0,0,302.0
2024-09-26 15:00:00,,15.3,13.4,17.7,19.8,,4.0,33.8,1002.9,17.5,14.9,85.0,0.0,7.2,15.8,1001.5,0.0,,0,0,307.0
2024-09-26 16:00:00,,15.3,13.4,17.7,19.8,,4.0,33.8,1002.9,16.2,15.1,93.0,5.0,0.0,20.2,1003.3,0.0,,0,0,246.0
2024-09-26 17:00:00,,15.3,13.4,17.7,19.8,,4.0,33.8,1002.9,15.6,15.0,96.0,4.0,0.0,10.4,1003.3,0.0,,0,0,201.57142857142858
2024-09-26 18:00:00,,15.3,13.4,17.7,19.8,,4.0,33.8,1002.9,15.4,15.1,98.0,2.2,3.6,12.2,1004.8,0.0,,0,0,185.875
2024-09-26 19:00:00,,15.3,13.4,17.7,19.8,,4.0,33.8,1002.9,15.7,13.9,89.0,1.0,7.2,27.0,1005.2,0.0,,0,0,171.14285714285714
2024-09-26 20:00:00,,15.3,13.4,17.7,19.8,,4.0,33.8,1002.9,15.6,12.7,83.0,2.0,7.2,33.8,1003.6,0.0,,0,0,128.71428571428572
2024-09-26 21:00:00,,15.3,13.4,17.7,19.8,,4.0,33.8,1002.9,14.6,13.6,94.0,0.0,3.6,24.1,1004.6,0.0,,0,0,86.0
2024-09-26 22:00:00,,15.3,13.4,17.7,19.8,,4.0,33.8,1002.9,13.7,13.2,97.0,0.0,3.6,28.1,1005.2,0.0,,0,0,47.57142857142857
2024-09-26 23:00:00,,15.3,13.4,17.7,19.8,,4.0,33.8,1002.9,13.5,12.4,93.0,0.0,3.6,28.4,1005.8,0.0,,0,0,27.75
2024-09-27 00:00:00,,13.3,11.3,17.6,12.5,,4.1,38.9,1006.9,12.2,11.6,96.0,0.0,3.6,32.4,1006.2,0.0,Herbstmarkt,0,0,24.0
2024-09-27 01:00:00,,13.3,11.3,17.6,12.5,,4.1,38.9,1006.9,11.3,11.1,99.0,0.0,0.0,26.3,1006.4,0.0,Herbstmarkt,0,0,21.142857142857142
2024-09-27 02:00:00,,13.3,11.3,17.6,12.5,,4.1,38.9,1006.9,11.5,11.3,99.0,0.1,0.0,27.4,1006.1,0.0,Herbstmarkt,0,0,21.0
2024-09-27 03:00:00,,13.3,11.3,17.6,12.5,,4.1,38.9,1006.9,12.3,11.8,97.0,0.0,3.6,24.1,1005.4,0.0,Herbstmarkt,0,0,21.0
2024-09-27 04:00:00,,13.3,11.3,17.6,12.5,,4.1,38.9,1006.9,12.2,11.6,96.0,0.0,3.6,25.9,1005.8,0.0,Herbstmarkt,0,0,21.0
2024-09-27 05:00:00,,13.3,11.3,17.6,12.5,,4.1,38.9,1006.9,11.7,11.4,98.0,0.0,3.6,19.4,1005.7,0.0,Herbstmarkt,0,0,21.0
2024-09-27 06:00:00,,13.3,11.3,17.6,12.5,,4.1,38.9,1006.9,11.8,11.3,97.0,0.0,3.6,27.7,1005.9,0.0,Herbstmarkt,0,0,23.714285714285715
2024-09-27 07:00:00,,13.3,11.3,17.6,12.5,,4.1,38.9,1006.9,13.3,11.9,91.0,0.0,3.6,30.6,1005.4,12.0,Herbstmarkt,0,0,68.85714285714286
2024-09-27 08:00:00,,13.3,11.3,17.6,12.5,,4.1,38.9,1006.9,15.5,12.1,80.0,0.0,3.6,32.8,1004.5,59.0,Herbstmarkt,0,0,146.14285714285714
2024-09-27 09:00:00,,13.3,11.3,17.6,12.5,,4.1,38.9,1006.9,17.1,11.6,70.0,0.1,3.6,20.2,1004.7,59.0,Herbstmarkt,0,0,265.0
2024-09-27 10:00:00,,13.3,11.3,17.6,12.5,,4.1,38.9,1006.9,17.6,12.5,72.0,0.1,7.2,38.2,1004.9,19.0,Herbstmarkt,0,0,350.85714285714283
2024-09-27 11:00:00,,13.3,11.3,17.6,12.5,,4.1,38.9,1006.9,16.9,10.3,65.0,0.0,7.2,30.2,1005.1,0.0,Herbstmarkt,0,0,324.14285714285717
2024-09-27 12:00:00,,13.3,11.3,17.6,12.5,,4.1,38.9,1006.9,16.4,10.3,67.0,0.0,3.6,33.8,1005.5,0.0,Herbstmarkt,0,0,284.0
2024-09-27 13:00:00,,13.3,11.3,17.6,12.5,,4.1,38.9,1006.9,14.9,12.6,86.0,0.9,7.2,22.3,1005.8,0.0,Herbstmarkt,0,0,279.85714285714283
2024-09-27 14:00:00,,13.3,11.3,17.6,12.5,,4.1,38.9,1006.9,14.1,12.3,89.0,2.0,3.6,11.9,1006.7,0.0,Herbstmarkt,0,0,288.5
2024-09-27 15:00:00,,13.3,11.3,17.6,12.5,,4.1,38.9,1006.9,12.3,11.0,92.0,1.8,3.6,38.9,1009.1,0.0,Herbstmarkt,0,0,294.7142857142857
2024-09-27 16:00:00,,13.3,11.3,17.6,12.5,,4.1,38.9,1006.9,11.8,10.7,93.0,4.0,7.2,23.8,1009.5,0.0,Herbstmarkt,0,0,259.2857142857143
2024-09-27 17:00:00,,13.3,11.3,17.6,12.5,,4.1,38.9,1006.9,12.0,9.7,86.0,3.0,7.2,23.4,1010.0,0.0,Herbstmarkt,0,0,200.28571428571428
2024-09-27 18:00:00,,13.3,11.3,17.6,12.5,,4.1,38.9,1006.9,12.0,9.6,85.0,0.4,3.6,28.4,1010.4,0.0,Herbstmarkt,0,0,167.0
2024-09-27 19:00:00,,13.3,11.3,17.6,12.5,,4.1,38.9,1006.9,11.8,10.4,91.0,0.1,3.6,14.8,1010.4,0.0,Herbstmarkt,0,0,208.5
2024-09-27 20:00:00,,13.3,11.3,17.6,12.5,,4.1,38.9,1006.9,11.7,10.4,92.0,0.0,3.6,31.0,1010.7,0.0,Herbstmarkt,0,0,259.85714285714283
2024-09-27 21:00:00,,13.3,11.3,17.6,12.5,,4.1,38.9,1006.9,11.6,10.3,92.0,0.0,3.6,30.2,1010.8,0.0,Herbstmarkt,0,0,247.57142857142858
2024-09-27 22:00:00,,13.3,11.3,17.6,12.5,,4.1,38.9,1006.9,10.6,9.2,91.0,1.0,3.6,32.8,1011.6,0.0,Herbstmarkt,0,0,172.0
2024-09-27 23:00:00,,13.3,11.3,17.6,12.5,,4.1,38.9,1006.9,10.1,8.9,92.0,0.5,7.2,31.0,1012.6,0.0,Herbstmarkt,0,0,111.85714285714286
2024-09-28 00:00:00,,9.8,8.5,11.4,27.4,,4.7,34.9,1018.8,10.1,8.5,90.0,0.0,3.6,34.9,1013.3,0.0,,0,0,71.625
2024-09-28 01:00:00,,9.8,8.5,11.4,27.4,,4.7,34.9,1018.8,9.6,7.4,86.0,0.0,7.2,33.5,1013.6,0.0,,0,0,52.857142857142854
2024-09-28 02:00:00,,9.8,8.5,11.4,27.4,,4.7,34.9,1018.8,9.4,7.3,87.0,0.0,3.6,33.5,1013.6,0.0,,0,0,38.0
2024-09-28 03:00:00,,9.8,8.5,11.4,27.4,,4.7,34.9,1018.8,9.3,7.2,87.0,0.3,7.2,32.4,1014.1,0.0,,0,0,30.285714285714285
2024-09-28 04:00:00,,9.8,8.5,11.4,27.4,,4.7,34.9,1018.8,8.9,8.0,94.0,0.2,3.6,31.0,1014.6,0.0,,0,0,28.714285714285715
2024-09-28 05:00:00,,9.8,8.5,11.4,27.4,,4.7,34.9,1018.8,9.0,8.2,95.0,0.1,3.6,31.0,1014.9,0.0,,0,0,28.0
2024-09-28 06:00:00,,9.8,8.5,11.4,27.4,,4.7,34.9,1018.8,9.4,8.5,94.0,1.2,3.6,26.6,1015.4,0.0,,0,0,28.0
2024-09-28 07:00:00,,9.8,8.5,11.4,27.4,,4.7,34.9,1018.8,9.4,8.2,92.0,0.1,3.6,25.6,1016.4,0.0,,1,0,38.42857142857143
2024-09-28 08:00:00,,9.8,8.5,11.4,27.4,,4.7,34.9,1018.8,9.6,8.7,94.0,0.9,3.6,17.6,1017.3,0.0,,1,0,112.14285714285714
2024-09-28 09:00:00,,9.8,8.5,11.4,27.4,,4.7,34.9,1018.8,10.1,9.0,93.0,0.7,3.6,17.3,1017.9,0.0,,1,0,247.14285714285714
2024-09-28 10:00:00,,9.8,8.5,11.4,27.4,,4.7,34.9,1018.8,10.3,9.5,95.0,2.0,3.6,19.4,1018.4,0.0,,1,0,360.125
2024-09-28 11:00:00,,9.8,8.5,11.4,27.4,,4.7,34.9,1018.8,11.4,10.0,91.0,0.8,3.6,18.7,1018.5,4.0,,1,0,405.0
2024-09-28 12:00:00,,9.8,8.5,11.4,27.4,,4.7,34.9,1018.8,10.6,10.0,96.0,2.4,3.6,11.5,1019.6,0.0,,1,0,359.85714285714283
2024-09-28 13:00:00,,9.8,8.5,11.4,27.4,,4.7,34.9,1018.8,10.8,9.6,92.0,3.0,3.6,10.4,1020.4,0.0,,0,0,297.14285714285717
2024-09-28 14:00:00,,9.8,8.5,11.4,27.4,,4.7,34.9,1018.8,10.7,9.1,90.0,2.0,7.2,19.4,1021.1,0.0,,0,0,225.14285714285714
2024-09-28 15:00:00,,9.8,8.5,11.4,27.4,,4.7,34.9,1018.8,10.2,9.3,94.0,2.0,3.6,16.9,1022.5,0.0,,0,0,177.125
2024-09-28 16:00:00,,9.8,8.5,11.4,27.4,,4.7,34.9,1018.8,9.8,8.9,94.0,6.0,3.6,24.5,1023.5,0.0,,0,0,123.71428571428571
2024-09-28 17:00:00,,9.8,8.5,11.4,27.4,,4.7,34.9,1018.8,9.5,7.1,85.0,2.0,3.6,23.8,1024.7,0.0,,0,0,72.28571428571429
2024-09-28 18:00:00,,9.8,8.5,11.4,27.4,,4.7,34.9,1018.8,9.1,7.4,89.0,0.6,3.6,22.0,1025.5,0.0,,0,0,86.85714285714286
2024-09-28 19:00:00,,9.8,8.5,11.4,27.4,,4.7,34.9,1018.8,9.4,8.2,92.0,0.6,9.7,13.3,1027.0,0.0,,0,0,100.14285714285714
2024-09-28 20:00:00,,9.8,8.5,11.4,27.4,,4.7,34.9,1018.8,9.2,7.8,91.0,0.5,8.6,10.8,1027.6,0.0,,0,0,106.125
2024-09-28 21:00:00,,9.8,8.5,11.4,27.4,,4.7,34.9,1018.8,8.5,7.9,96.0,0.5,3.6,13.0,1027.8,0.0,,0,0,111.85714285714286
2024-09-28 22:00:00,,9.8,8.5,11.4,27.4,,4.7,34.9,1018.8,8.0,7.2,95.0,0.7,3.6,10.1,1028.1,0.0,,0,0,103.28571428571429
2024-09-28 23:00:00,,9.8,8.5,11.4,27.4,,4.7,34.9,1018.8,8.9,8.1,95.0,0.2,5.4,17.6,1028.7,0.0,,0,0,85.14285714285714
2024-09-29 00:00:00,,9.9,4.5,15.3,2.2,,2.1,17.6,1025.3,7.7,6.9,95.0,0.8,4.3,8.3,1029.0,0.0,,0,0,62.857142857142854
2024-09-29 01:00:00,,9.9,4.5,15.3,2.2,,2.1,17.6,1025.3,7.8,7.4,97.0,0.5,0.0,9.0,1028.3,0.0,,0,0,49.75
2024-09-29 02:00:00,,9.9,4.5,15.3,2.2,,2.1,17.6,1025.3,6.7,6.6,99.0,0.0,0.0,9.7,1028.3,0.0,,0,0,38.285714285714285
2024-09-29 03:00:00,,9.9,4.5,15.3,2.2,,2.1,17.6,1025.3,6.1,6.1,100.0,0.0,0.0,6.8,1028.8,0.0,,0,0,31.714285714285715
2024-09-29 04:00:00,,9.9,4.5,15.3,2.2,,2.1,17.6,1025.3,5.4,5.4,100.0,0.0,0.0,7.2,1028.7,0.0,,0,0,29.142857142857142
2024-09-29 05:00:00,,9.9,4.5,15.3,2.2,,2.1,17.6,1025.3,4.7,4.7,100.0,0.0,3.6,9.4,1028.8,0.0,,0,0,28.428571428571427
2024-09-29 06:00:00,,9.9,4.5,15.3,2.2,,2.1,17.6,1025.3,4.5,4.5,100.0,0.0,0.0,8.3,1028.9,0.0,,0,0,28.0
2024-09-29 07:00:00,,9.9,4.5,15.3,2.2,,2.1,17.6,1025.3,6.1,5.8,98.0,0.0,3.6,15.8,1028.5,26.0,,0,0,30.0
2024-09-29 08:00:00,,9.9,4.5,15.3,2.2,,2.1,17.6,1025.3,9.8,6.7,81.0,0.0,0.0,7.6,1027.4,60.0,,0,0,30.285714285714285
2024-09-29 09:00:00,,9.9,4.5,15.3,2.2,,2.1,17.6,1025.3,9.8,7.6,86.0,0.0,3.6,6.8,1026.8,59.0,,0,0,34.57142857142857
2024-09-29 10:00:00,,9.9,4.5,15.3,2.2,,2.1,17.6,1025.3,11.8,6.7,71.0,0.0,3.6,9.7,1025.8,60.0,,0,0,36.285714285714285
2024-09-29 11:00:00,,9.9,4.5,15.3,2.2,,2.1,17.6,1025.3,12.9,7.3,69.0,0.0,3.6,8.3,1024.7,57.0,,0,0,39.142857142857146
2024-09-29 12:00:00,,9.9,4.5,15.3,2.2,,2.1,17.6,1025.3,14.3,8.3,67.0,0.0,3.6,12.2,1023.6,57.0,,0,0,56.5
2024-09-29 13:00:00,,9.9,4.5,15.3,2.2,,2.1,17.6,1025.3,14.5,7.5,63.0,0.0,3.6,12.6,1023.2,60.0,,0,0,64.42857142857143
2024-09-29 14:00:00,,9.9,4.5,15.3,2.2,,2.1,17.6,1025.3,15.3,7.6,60.0,0.0,3.6,10.1,1022.1,58.0,,0,0,59.57142857142857
2024-09-29 15:00:00,,9.9,4.5,15.3,2.2,,2.1,17.6,1025.3,15.0,8.7,66.0,0.0,3.6,10.8,1021.3,19.0,,0,0,64.28571428571429
2024-09-29 16:00:00,,9.9,4.5,15.3,2.2,,2.1,17.6,1025.3,14.0,10.2,78.0,0.0,0.0,6.5,1021.1,0.0,,0,0,69.625
2024-09-29 17:00:00,,9.9,4.5,15.3,2.2,,2.1,17.6,1025.3,12.6,10.5,87.0,0.0,0.0,9.0,1021.1,0.0,,0,0,61.57142857142857
2024-09-29 18:00:00,,9.9,4.5,15.3,2.2,,2.1,17.6,1025.3,11.3,10.4,94.0,0.0,0.0,9.0,1021.4,0.0,,0,0,65.28571428571429
2024-09-29 19:00:00,,9.9,4.5,15.3,2.2,,2.1,17.6,1025.3,10.8,10.2,96.0,0.0,0.0,14.8,1021.3,0.0,,0,0,61.0
2024-09-29 20:00:00,,9.9,4.5,15.3,2.2,,2.1,17.6,1025.3,9.8,9.3,97.0,0.0,3.6,17.6,1020.9,0.0,,0,0,47.714285714285715
2024-09-29 21:00:00,,9.9,4.5,15.3,2.2,,2.1,17.6,1025.3,9.3,8.8,97.0,0.0,0.0,7.9,1020.8,0.0,,0,0,33.0
2024-09-29 22:00:00,,9.9,4.5,15.3,2.2,,2.1,17.6,1025.3,9.8,9.3,97.0,0.0,3.6,8.6,1020.6,0.0,,0,0,24.571428571428573
2024-09-29 23:00:00,,9.9,4.5,15.3,2.2,,2.1,17.6,1025.3,9.4,8.9,97.0,0.0,3.6,9.0,1020.9,0.0,,0,0,22.142857142857142
2024-09-30 00:00:00,,13.2,8.7,19.0,0.6,,3.7,26.3,1017.9,8.7,8.3,97.0,0.0,3.6,9.7,1020.5,0.0,,0,0,21.142857142857142
2024-09-30 01:00:00,,13.2,8.7,19.0,0.6,,3.7,26.3,1017.9,9.5,8.6,94.0,0.0,3.6,11.2,1020.2,0.0,,0,0,21.0
2024-09-30 02:00:00,,13.2,8.7,19.0,0.6,,3.7,26.3,1017.9,9.4,8.8,96.0,0.0,3.6,8.6,1019.4,0.0,,0,0,21.0
2024-09-30 03:00:00,,13.2,8.7,19.0,0.6,,3.7,26.3,1017.9,9.1,8.6,97.0,0.0,3.6,7.2,1019.5,0.0,,0,0,21.0
2024-09-30 04:00:00,,13.2,8.7,19.0,0.6,,3.7,26.3,1017.9,9.3,8.8,97.0,0.0,0.0,11.2,1019.0,0.0,,0,0,21.0
2024-09-30 05:00:00,,13.2,8.7,19.0,0.6,,3.7,26.3,1017.9,9.3,8.8,97.0,0.0,3.6,10.1,1019.2,0.0,,0,0,21.0
2024-09-30 06:00:00,,13.2,8.7,19.0,0.6,,3.7,26.3,1017.9,9.4,8.6,95.0,0.0,3.6,7.6,1019.5,0.0,,0,0,23.428571428571427
2024-09-30 07:00:00,,13.2,8.7,19.0,0.6,,3.7,26.3,1017.9,10.6,9.2,91.0,0.2,3.6,11.2,1019.0,0.0,,0,0,69.57142857142857
2024-09-30 08:00:00,,13.2,8.7,19.0,0.6,,3.7,26.3,1017.9,11.1,10.2,94.0,0.2,7.2,16.6,1019.3,0.0,,0,0,175.875
2024-09-30 09:00:00,,13.2,8.7,19.0,0.6,,3.7,26.3,1017.9,16.9,8.6,58.0,0.0,4.0,16.9,1018.0,1.0,,0,0,400.5
2024-09-30 10:00:00,,13.2,8.7,19.0,0.6,,3.7,26.3,1017.9,14.7,10.5,76.0,0.0,7.2,26.3,1017.8,30.0,,0,0,405.5
2024-09-30 11:00:00,,13.2,8.7,19.0,0.6,,3.7,26.3,1017.9,18.4,10.5,60.0,0.0,11.9,23.4,1017.8,48.0,,0,0,324.7142857142857
2024-09-30 12:00:00,,13.2,8.7,19.0,0.6,,3.7,26.3,1017.9,17.2,10.1,63.0,0.0,3.6,11.2,1016.4,40.0,,0,0,214.57142857142858
2024-09-30 13:00:00,,13.2,8.7,19.0,0.6,,3.7,26.3,1017.9,18.7,10.5,59.0,0.0,3.6,11.5,1015.7,50.0,,0,0,189.0
2024-09-30 14:00:00,,13.2,8.7,19.0,0.6,,3.7,26.3,1017.9,18.6,10.4,59.0,0.0,0.0,13.7,1015.5,36.0,,0,0,228.71428571428572
2024-09-30 15:00:00,,13.2,8.7,19.0,0.6,,3.7,26.3,1017.9,19.0,11.1,60.0,0.2,3.6,11.2,1014.9,10.0,,0,0,243.5
2024-09-30 16:00:00,,13.2,8.7,19.0,0.6,,3.7,26.3,1017.9,18.0,12.0,68.0,0.0,0.0,9.4,1014.8,8.0,,0,0,191.57142857142858
2024-09-30 17:00:00,,13.2,8.7,19.0,0.6,,3.7,26.3,1017.9,16.1,13.2,83.0,0.0,3.6,11.2,1015.3,0.0,,0,0,132.14285714285714
2024-09-30 18:00:00,,13.2,8.7,19.0,0.6,,3.7,26.3,1017.9,14.9,13.3,90.0,0.0,3.6,10.1,1016.1,0.0,,0,0,90.42857142857143
2024-09-30 19:00:00,,13.2,8.7,19.0,0.6,,3.7,26.3,1017.9,13.5,12.1,91.0,0.0,0.0,11.9,1016.5,0.0,,0,0,78.14285714285714
2024-09-30 20:00:00,,13.2,8.7,19.0,0.6,,3.7,26.3,1017.9,13.1,11.8,92.0,0.0,3.6,11.5,1016.2,0.0,,0,0,65.25
2024-09-30 21:00:00,,13.2,8.7,19.0,0.6,,3.7,26.3,1017.9,12.9,11.8,93.0,0.0,3.6,20.2,1016.3,0.0,,0,0,44.714285714285715
2024-09-30 22:00:00,,13.2,8.7,19.0,0.6,,3.7,26.3,1017.9,13.6,11.6,88.0,0.2,3.6,23.0,1015.7,0.0,,0,0,29.0
2024-09-30 23:00:00,,13.2,8.7,19.0,0.6,,3.7,26.3,1017.9,13.5,11.9,90.0,0.3,3.6,15.1,1015.6,0.0,,0,0,25.0
2024-10-01 00:00:00,,12.9,11.0,14.8,14.1,0.0,2.6,28.8,1013.3,13.2,11.6,90.0,0.0,0.0,18.0,1015.8,0.0,,0,0,24.0
2024-10-01 01:00:00,,12.9,11.0,14.8,14.1,0.0,2.6,28.8,1013.3,12.6,11.7,94.0,0.1,0.0,19.4,1015.4,0.0,,0,0,24.0
2024-10-01 02:00:00,,12.9,11.0,14.8,14.1,0.0,2.6,28.8,1013.3,12.7,11.9,95.0,0.0,3.6,22.3,1015.3,0.0,,0,0,24.0
2024-10-01 03:00:00,,12.9,11.0,14.8,14.1,0.0,2.6,28.8,1013.3,12.1,11.2,94.0,0.0,3.6,25.2,1015.3,0.0,,0,0,24.0
2024-10-01 04:00:00,,12.9,11.0,14.8,14.1,0.0,2.6,28.8,1013.3,11.9,10.6,92.0,0.0,0.0,21.2,1015.3,0.0,,0,0,24.0
2024-10-01 05:00:00,,12.9,11.0,14.8,14.1,0.0,2.6,28.8,1013.3,11.0,10.2,95.0,0.0,0.0,25.9,1015.5,0.0,,0,0,24.285714285714285
2024-10-01 06:00:00,,12.9,11.0,14.8,14.1,0.0,2.6,28.8,1013.3,11.1,10.2,94.0,0.0,0.0,28.8,1015.4,0.0,,0,0,28.125
2024-10-01 07:00:00,,12.9,11.0,14.8,14.1,0.0,2.6,28.8,1013.3,12.3,9.1,81.0,0.0,7.2,25.9,1015.5,0.0,,0,0,85.14285714285714
2024-10-01 08:00:00,,12.9,11.0,14.8,14.1,0.0,2.6,28.8,1013.3,13.4,10.0,80.0,0.2,3.6,19.1,1015.0,0.0,,0,0,184.85714285714286
2024-10-01 09:00:00,,12.9,11.0,14.8,14.1,0.0,2.6,28.8,1013.3,13.6,9.8,78.0,0.4,3.6,15.8,1014.9,0.0,,0,0,263.0
2024-10-01 10:00:00,,12.9,11.0,14.8,14.1,0.0,2.6,28.8,1013.3,14.8,10.4,75.0,0.6,0.0,15.8,1014.2,0.0,,0,0,300.57142857142856
2024-10-01 11:00:00,,12.9,11.0,14.8,14.1,0.0,2.6,28.8,1013.3,14.3,11.3,82.0,0.1,3.6,7.6,1014.1,0.0,,0,0,303.57142857142856
2024-10-01 12:00:00,,12.9,11.0,14.8,14.1,0.0,2.6,28.8,1013.3,14.2,11.0,81.0,0.3,3.6,5.0,1013.9,0.0,,0,0,283.25
2024-10-01 13:00:00,,12.9,11.0,14.8,14.1,0.0,2.6,28.8,1013.3,14.4,12.4,88.0,0.4,3.6,10.1,1013.0,0.0,,0,0,334.85714285714283
2024-10-01 14:00:00,,12.9,11.0,14.8,14.1,0.0,2.6,28.8,1013.3,13.6,12.3,92.0,0.9,7.2,9.7,1012.4,0.0,,0,0,412.14285714285717
2024-10-01 15:00:00,,12.9,11.0,14.8,14.1,0.0,2.6,28.8,1013.3,12.9,12.1,95.0,0.7,3.6,5.8,1011.5,0.0,,0,0,408.57142857142856
2024-10-01 16:00:00,,12.9,11.0,14.8,14.1,0.0,2.6,28.8,1013.3,12.7,11.4,92.0,1.0,0.0,10.8,1011.1,0.0,,0,0,367.0
2024-10-01 17:00:00,,12.9,11.0,14.8,14.1,0.0,2.6,28.8,1013.3,12.5,11.9,96.0,0.9,3.6,9.7,1010.6,0.0,,0,0,202.57142857142858
2024-10-01 18:00:00,,12.9,11.0,14.8,14.1,0.0,2.6,28.8,1013.3,12.4,11.9,97.0,1.6,3.6,22.0,1009.6,0.0,,0,0,131.0
2024-10-01 19:00:00,,12.9,11.0,14.8,14.1,0.0,2.6,28.8,1013.3,12.2,11.9,98.0,2.0,0.0,17.3,1008.8,0.0,,0,0,132.42857142857142
2024-10-01 20:00:00,,12.9,11.0,14.8,14.1,0.0,2.6,28.8,1013.3,12.6,12.0,96.0,3.0,3.6,10.4,1007.8,0.0,,0,0,120.14285714285714
2024-10-01 21:00:00,,12.9,11.0,14.8,14.1,0.0,2.6,28.8,1013.3,12.3,12.1,99.0,1.4,0.0,21.2,1007.4,0.0,,0,0,85.42857142857143
2024-10-01 22:00:00,,12.9,11.0,14.8,14.1,0.0,2.6,28.8,1013.3,12.2,12.0,99.0,0.5,0.0,7.2,1005.5,0.0,,0,0,47.25
2024-10-01 23:00:00,,12.9,11.0,14.8,14.1,0.0,2.6,28.8,1013.3,12.1,11.9,99.0,0.2,0.0,9.4,1004.1,0.0,,0,0,29.428571428571427
2024-10-02 00:00:00,,12.8,10.7,14.7,15.9,0.0,4.4,54.0,1008.4,12.6,12.3,98.0,1.6,3.6,9.0,1004.2,0.0,,0,0,26.428571428571427
2024-10-02 01:00:00,,12.8,10.7,14.7,15.9,0.0,4.4,54.0,1008.4,12.5,12.0,97.0,1.0,3.6,15.1,1006.1,0.0,,0,0,26.0
2024-10-02 02:00:00,,12.8,10.7,14.7,15.9,0.0,4.4,54.0,1008.4,13.4,11.8,90.0,4.0,14.4,54.0,1004.2,0.0,,0,0,26.0
2024-10-02 03:00:00,,12.8,10.7,14.7,15.9,0.0,4.4,54.0,1008.4,14.1,10.9,81.0,4.2,7.2,45.4,1004.3,0.0,,0,0,26.0
2024-10-02 04:00:00,,12.8,10.7,14.7,15.9,0.0,4.4,54.0,1008.4,13.3,12.0,92.0,1.4,0.0,23.8,1005.6,0.0,,0,0,26.0
2024-10-02 05:00:00,,12.8,10.7,14.7,15.9,0.0,4.4,54.0,1008.4,13.4,12.1,92.0,0.2,7.2,24.8,1006.3,0.0,,0,0,26.571428571428573
2024-10-02 06:00:00,,12.8,10.7,14.7,15.9,0.0,4.4,54.0,1008.4,13.1,10.6,85.0,0.3,7.2,19.8,1007.1,0.0,,0,0,30.0
2024-10-02 07:00:00,,12.8,10.7,14.7,15.9,0.0,4.4,54.0,1008.4,13.6,7.6,67.0,0.5,10.8,20.2,1008.2,0.0,,1,0,74.42857142857143
2024-10-02 08:00:00,,12.8,10.7,14.7,15.9,0.0,4.4,54.0,1008.4,11.8,9.2,84.0,2.0,3.6,18.4,1009.8,0.0,,1,0,204.125
2024-10-02 09:00:00,,12.8,10.7,14.7,15.9,0.0,4.4,54.0,1008.4,12.0,10.6,91.0,0.0,3.6,19.8,1010.3,0.0,,1,0,325.7142857142857
2024-10-02 10:00:00,,12.8,10.7,14.7,15.9,0.0,4.4,54.0,1008.4,13.9,8.5,70.0,0.0,3.6,15.8,1010.5,1.0,,1,0,398.42857142857144
2024-10-02 11:00:00,,12.8,10.7,14.7,15.9,0.0,4.4,54.0,1008.4,13.6,8.6,72.0,0.0,3.6,16.2,1010.6,0.0,,1,0,369.0
2024-10-02 12:00:00,,12.8,10.7,14.7,15.9,0.0,4.4,54.0,1008.4,13.0,9.1,77.0,0.0,3.6,20.2,1010.7,0.0,,1,0,301.14285714285717
2024-10-02 13:00:00,,12.8,10.7,14.7,15.9,0.0,4.4,54.0,1008.4,14.2,9.2,72.0,0.0,3.6,14.8,1010.4,0.0,,0,0,261.0
2024-10-02 14:00:00,,12.8,10.7,14.7,15.9,0.0,4.4,54.0,1008.4,14.7,8.4,66.0,0.0,7.2,14.8,1010.1,7.0,,0,0,273.85714285714283
2024-10-02 15:00:00,,12.8,10.7,14.7,15.9,0.0,4.4,54.0,1008.4,14.1,8.7,70.0,0.0,7.2,11.5,1009.9,0.0,,0,0,282.57142857142856
2024-10-02 16:00:00,,12.8,10.7,14.7,15.9,0.0,4.4,54.0,1008.4,13.6,9.1,74.0,0.0,3.6,9.0,1010.0,0.0,,0,0,265.85714285714283
2024-10-02 17:00:00,,12.8,10.7,14.7,15.9,0.0,4.4,54.0,1008.4,12.3,10.4,88.0,0.0,3.6,8.6,1010.2,0.0,,0,0,201.0
2024-10-02 18:00:00,,12.8,10.7,14.7,15.9,0.0,4.4,54.0,1008.4,11.6,10.5,93.0,0.0,3.6,9.0,1010.7,0.0,,0,0,241.875
2024-10-02 19:00:00,,12.8,10.7,14.7,15.9,0.0,4.4,54.0,1008.4,11.5,10.2,92.0,0.0,0.0,8.6,1011.0,0.0,,0,0,321.57142857142856
2024-10-02 20:00:00,,12.8,10.7,14.7,15.9,0.0,4.4,54.0,1008.4,10.7,10.1,96.0,0.0,0.0,8.6,1011.1,0.0,,0,0,303.42857142857144
2024-10-02 21:00:00,,12.8,10.7,14.7,15.9,0.0,4.4,54.0,1008.4,10.7,8.5,86.0,0.0,3.6,8.6,1011.1,0.0,,0,0,189.0
2024-10-02 22:00:00,,12.8,10.7,14.7,15.9,0.0,4.4,54.0,1008.4,9.6,8.7,94.0,0.0,3.6,8.6,1011.3,0.0,,0,0,89.14285714285714
2024-10-02 23:00:00,,12.8,10.7,14.7,15.9,0.0,4.4,54.0,1008.4,6.4,5.2,92.0,0.0,5.0,8.3,1011.8,0.0,,0,0,42.625
2024-10-03 00:00:00,,9.7,4.8,12.9,0.9,0.0,6.4,36.4,1011.0,8.2,7.8,97.0,0.0,0.0,9.4,1011.5,0.0,,0,0,29.0
2024-10-03 01:00:00,,9.7,4.8,12.9,0.9,0.0,6.4,36.4,1011.0,7.3,7.2,99.0,0.0,0.0,9.4,1011.0,0.0,,0,0,25.571428571428573
2024-10-03 02:00:00,,9.7,4.8,12.9,0.9,0.0,6.4,36.4,1011.0,4.8,3.8,93.0,0.0,6.8,7.9,1010.9,0.0,,0,0,25.0
2024-10-03 03:00:00,,9.7,4.8,12.9,0.9,0.0,6.4,36.4,1011.0,7.5,7.4,99.0,0.0,3.6,7.9,1010.2,0.0,,0,0,25.0
2024-10-03 04:00:00,,9.7,4.8,12.9,0.9,0.0,6.4,36.4,1011.0,7.4,7.3,99.0,0.0,0.0,9.4,1010.3,0.0,,0,0,24.875
2024-10-03 05:00:00,,9.7,4.8,12.9,0.9,0.0,6.4,36.4,1011.0,6.9,6.9,100.0,0.0,3.6,7.2,1010.4,0.0,,0,0,24.571428571428573
2024-10-03 06:00:00,,9.7,4.8,12.9,0.9,0.0,6.4,36.4,1011.0,6.4,6.4,100.0,0.0,0.0,7.9,1010.7,0.0,,0,0,27.714285714285715
2024-10-03 07:00:00,,9.7,4.8,12.9,0.9,0.0,6.4,36.4,1011.0,7.7,7.3,97.0,0.0,3.6,7.6,1010.9,0.0,,0,0,76.14285714285714
2024-10-03 08:00:00,,9.7,4.8,12.9,0.9,0.0,6.4,36.4,1011.0,9.5,8.1,91.0,0.0,0.0,10.4,1011.2,37.0,,0,0,156.0
2024-10-03 09:00:00,,9.7,4.8,12.9,0.9,0.0,6.4,36.4,1011.0,11.3,8.2,81.0,0.0,14.4,10.1,1011.7,33.0,,0,0,265.125
2024-10-03 10:00:00,,9.7,4.8,12.9,0.9,0.0,6.4,36.4,1011.0,12.4,7.5,72.0,0.0,17.6,16.9,1010.7,3.0,,0,0,339.57142857142856
2024-10-03 11:00:00,,9.7,4.8,12.9,0.9,0.0,6.4,36.4,1011.0,12.2,7.5,73.0,0.0,3.6,36.4,1010.6,0.0,,0,0,356.2857142857143
2024-10-03 12:00:00,,9.7,4.8,12.9,0.9,0.0,6.4,36.4,1011.0,12.4,7.1,70.0,0.0,3.6,35.6,1010.2,0.0,,0,0,323.14285714285717
2024-10-03 13:00:00,,9.7,4.8,12.9,0.9,0.0,6.4,36.4,1011.0,12.8,7.3,69.0,0.0,7.2,28.4,1010.0,0.0,,0,0,341.85714285714283
2024-10-03 14:00:00,,9.7,4.8,12.9,0.9,0.0,6.4,36.4,1011.0,12.9,7.1,68.0,0.0,10.8,32.0,1010.0,0.0,,0,0,364.5
2024-10-03 15:00:00,,9.7,4.8,12.9,0.9,0.0,6.4,36.4,1011.0,12.4,6.9,69.0,0.0,10.8,33.8,1010.1,0.0,,0,0,374.14285714285717
2024-10-03 16:00:00,,9.7,4.8,12.9,0.9,0.0,6.4,36.4,1011.0,12.1,7.2,72.0,0.0,10.8,29.9,1010.6,0.0,,0,0,315.2857142857143
2024-10-03 17:00:00,,9.7,4.8,12.9,0.9,0.0,6.4,36.4,1011.0,11.5,7.0,74.0,0.1,3.6,28.1,1011.1,0.0,,0,0,242.57142857142858
2024-10-03 18:00:00,,9.7,4.8,12.9,0.9,0.0,6.4,36.4,1011.0,11.1,8.1,82.0,0.2,7.2,32.0,1011.5,0.0,,0,0,237.85714285714286
2024-10-03 19:00:00,,9.7,4.8,12.9,0.9,0.0,6.4,36.4,1011.0,10.8,7.8,82.0,0.2,10.8,34.2,1012.0,0.0,,0,0,303.125
2024-10-03 20:00:00,,9.7,4.8,12.9,0.9,0.0,6.4,36.4,1011.0,10.0,7.6,85.0,0.1,19.1,31.3,1012.8,0.0,,0,0,225.71428571428572
2024-10-03 21:00:00,,9.7,4.8,12.9,0.9,0.0,6.4,36.4,1011.0,10.2,8.1,87.0,0.3,7.2,24.8,1012.2,0.0,,0,0,109.14285714285714
2024-10-03 22:00:00,,9.7,4.8,12.9,0.9,0.0,6.4,36.4,1011.0,10.1,7.9,86.0,0.1,7.2,29.2,1012.2,0.0,,0,0,59.57142857142857
2024-10-03 23:00:00,,9.7,4.8,12.9,0.9,0.0,6.4,36.4,1011.0,9.5,7.8,89.0,0.2,17.6,26.3,1013.0,0.0,,0,0,41.857142857142854
2024-10-04 00:00:00,,9.3,8.2,10.4,7.9,0.0,5.7,29.2,1014.5,9.6,7.5,87.0,0.3,7.2,27.4,1012.0,0.0,,0,0,35.875
2024-10-04 01:00:00,,9.3,8.2,10.4,7.9,0.0,5.7,29.2,1014.5,9.3,7.6,89.0,0.1,7.2,26.6,1012.3,0.0,,0,0,33.0
2024-10-04 02:00:00,,9.3,8.2,10.4,7.9,0.0,5.7,29.2,1014.5,9.1,8.3,95.0,0.4,3.6,15.5,1012.6,0.0,,0,0,33.0
2024-10-04 03:00:00,,9.3,8.2,10.4,7.9,0.0,5.7,29.2,1014.5,9.1,8.2,94.0,0.6,7.2,16.2,1012.4,0.0,,0,0,33.0
2024-10-04 04:00:00,,9.3,8.2,10.4,7.9,0.0,5.7,29.2,1014.5,8.9,8.1,95.0,0.3,7.2,24.5,1012.6,0.0,,0,0,33.0
2024-10-04 05:00:00,,9.3,8.2,10.4,7.9,0.0,5.7,29.2,1014.5,8.6,7.8,95.0,0.7,7.2,20.5,1012.9,0.0,,0,0,32.5
2024-10-04 06:00:00,,9.3,8.2,10.4,7.9,0.0,5.7,29.2,1014.5,8.2,7.1,93.0,0.4,13.7,16.6,1014.5,0.0,,0,0,35.714285714285715
2024-10-04 07:00:00,,9.3,8.2,10.4,7.9,0.0,5.7,29.2,1014.5,8.7,7.8,94.0,0.1,0.0,19.1,1013.7,0.0,,0,0,68.85714285714286
2024-10-04 08:00:00,,9.3,8.2,10.4,7.9,0.0,5.7,29.2,1014.5,8.7,7.9,95.0,0.5,7.2,14.8,1014.3,0.0,,0,0,144.71428571428572
2024-10-04 09:00:00,,9.3,8.2,10.4,7.9,0.0,5.7,29.2,1014.5,9.0,8.2,95.0,0.6,3.6,18.4,1014.9,0.0,,0,0,236.0
2024-10-04 10:00:00,,9.3,8.2,10.4,7.9,0.0,5.7,29.2,1014.5,9.6,8.5,93.0,0.6,7.2,17.6,1014.9,0.0,,0,0,293.375
2024-10-04 11:00:00,,9.3,8.2,10.4,7.9,0.0,5.7,29.2,1014.5,10.3,7.9,85.0,0.1,7.2,20.5,1014.9,0.0,,0,0,278.14285714285717
2024-10-04 12:00:00,,9.3,8.2,10.4,7.9,0.0,5.7,29.2,1014.5,10.4,7.8,84.0,0.4,7.2,19.8,1014.7,0.0,,0,0,274.7142857142857
2024-10-04 13:00:00,,9.3,8.2,10.4,7.9,0.0,5.7,29.2,1014.5,10.4,7.5,82.0,0.5,3.6,18.7,1014.9,0.0,,0,0,285.7142857142857
2024-10-04 14:00:00,,9.3,8.2,10.4,7.9,0.0,5.7,29.2,1014.5,9.8,8.2,90.0,0.2,3.6,10.4,1015.2,0.0,,0,0,302.2857142857143
2024-10-04 15:00:00,,9.3,8.2,10.4,7.9,0.0,5.7,29.2,1014.5,10.0,8.8,92.0,0.6,3.6,7.9,1015.3,0.0,,0,0,305.375
2024-10-04 16:00:00,,9.3,8.2,10.4,7.9,0.0,5.7,29.2,1014.5,9.8,8.9,94.0,0.4,3.6,10.4,1015.8,0.0,,0,0,265.0
2024-10-04 17:00:00,,9.3,8.2,10.4,7.9,0.0,5.7,29.2,1014.5,9.2,8.4,95.0,0.4,3.6,10.8,1016.4,0.0,,0,0,198.42857142857142
2024-10-04 18:00:00,,9.3,8.2,10.4,7.9,0.0,5.7,29.2,1014.5,8.9,7.8,93.0,0.0,3.6,10.4,1017.0,0.0,,0,0,141.85714285714286
2024-10-04 19:00:00,,9.3,8.2,10.4,7.9,0.0,5.7,29.2,1014.5,8.7,8.3,97.0,0.1,0.0,10.4,1017.6,0.0,,0,0,142.85714285714286
2024-10-04 20:00:00,,9.3,8.2,10.4,7.9,0.0,5.7,29.2,1014.5,8.5,8.1,97.0,0.1,0.0,9.4,1017.5,0.0,,0,0,145.625
2024-10-04 21:00:00,,9.3,8.2,10.4,7.9,0.0,5.7,29.2,1014.5,8.4,8.0,97.0,0.2,3.6,5.8,1017.5,0.0,,0,0,134.71428571428572
2024-10-04 22:00:00,,9.3,8.2,10.4,7.9,0.0,5.7,29.2,1014.5,8.5,8.2,98.0,0.0,3.6,5.8,1017.5,0.0,,0,0,130.71428571428572
2024-10-04 23:00:00,,9.3,8.2,10.4,7.9,0.0,5.7,29.2,1014.5,8.7,8.1,96.0,0.0,9.0,9.7,1018.2,0.0,,0,0,97.42857142857143
2024-10-05 00:00:00,,9.6,6.8,12.9,1.7,0.0,2.8,19.8,1016.5,8.7,8.1,96.0,0.1,3.6,15.5,1017.5,0.0,,0,0,67.0
2024-10-05 01:00:00,,9.6,6.8,12.9,1.7,0.0,2.8,19.8,1016.5,8.5,8.1,97.0,0.1,3.6,8.6,1017.3,0.0,,0,0,43.5
2024-10-05 02:00:00,,9.6,6.8,12.9,1.7,0.0,2.8,19.8,1016.5,8.7,7.6,93.0,0.0,0.0,7.9,1017.2,0.0,,0,0,31.857142857142858
2024-10-05 03:00:00,,9.6,6.8,12.9,1.7,0.0,2.8,19.8,1016.5,8.5,7.7,95.0,0.0,0.0,4.7,1017.1,0.0,,0,0,28.857142857142858
2024-10-05 04:00:00,,9.6,6.8,12.9,1.7,0.0,2.8,19.8,1016.5,8.2,7.9,98.0,0.0,0.0,6.8,1017.2,0.0,,0,0,25.285714285714285
2024-10-05 05:00:00,,9.6,6.8,12.9,1.7,0.0,2.8,19.8,1016.5,8.2,7.8,97.0,0.0,0.0,5.8,1017.2,0.0,,0,0,24.0
2024-10-05 06:00:00,,9.6,6.8,12.9,1.7,0.0,2.8,19.8,1016.5,8.6,7.5,93.0,0.0,3.6,9.7,1018.1,0.0,,0,0,24.375
2024-10-05 07:00:00,,9.6,6.8,12.9,1.7,0.0,2.8,19.8,1016.5,8.5,7.4,93.0,0.1,0.0,7.2,1017.5,0.0,,1,0,35.0
2024-10-05 08:00:00,,9.6,6.8,12.9,1.7,0.0,2.8,19.8,1016.5,9.6,7.9,89.0,0.0,0.0,5.4,1017.4,0.0,,1,0,104.14285714285714
2024-10-05 09:00:00,,9.6,6.8,12.9,1.7,0.0,2.8,19.8,1016.5,9.6,7.4,86.0,0.0,3.2,7.6,1018.3,0.0,,1,0,266.85714285714283
2024-10-05 10:00:00,,9.6,6.8,12.9,1.7,0.0,2.8,19.8,1016.5,11.0,7.1,77.0,0.0,3.6,10.4,1017.0,0.0,,1,0,394.42857142857144
2024-10-05 11:00:00,,9.6,6.8,12.9,1.7,0.0,2.8,19.8,1016.5,12.1,8.2,77.0,0.0,3.6,9.7,1016.6,0.0,,1,0,413.5
2024-10-05 12:00:00,,9.6,6.8,12.9,1.7,0.0,2.8,19.8,1016.5,12.3,7.4,72.0,0.0,3.6,14.0,1015.7,30.0,,1,0,374.14285714285717
2024-10-05 13:00:00,,9.6,6.8,12.9,1.7,0.0,2.8,19.8,1016.5,12.9,7.3,69.0,0.0,7.2,15.8,1015.2,5.0,,0,0,302.0
2024-10-05 14:00:00,,9.6,6.8,12.9,1.7,0.0,2.8,19.8,1016.5,12.5,7.8,73.0,0.1,7.2,15.5,1015.1,0.0,,0,0,255.28571428571428
2024-10-05 15:00:00,,9.6,6.8,12.9,1.7,0.0,2.8,19.8,1016.5,12.7,9.0,78.0,0.0,7.2,19.8,1014.7,30.0,,0,0,213.71428571428572
2024-10-05 16:00:00,,9.6,6.8,12.9,1.7,0.0,2.8,19.8,1016.5,10.6,9.4,92.0,1.0,3.6,11.2,1015.0,4.0,,0,0,150.57142857142858
2024-10-05 17:00:00,,9.6,6.8,12.9,1.7,0.0,2.8,19.8,1016.5,10.2,9.6,96.0,0.2,0.0,9.0,1015.0,0.0,,0,0,99.75
2024-10-05 18:00:00,,9.6,6.8,12.9,1.7,0.0,2.8,19.8,1016.5,9.2,8.9,98.0,0.0,0.0,9.7,1015.2,0.0,,0,0,129.57142857142858
2024-10-05 19:00:00,,9.6,6.8,12.9,1.7,0.0,2.8,19.8,1016.5,8.8,8.3,97.0,0.0,0.0,9.4,1015.3,0.0,,0,0,201.14285714285714
2024-10-05 20:00:00,,9.6,6.8,12.9,1.7,0.0,2.8,19.8,1016.5,7.6,7.5,99.0,0.1,3.6,9.4,1015.4,0.0,,0,0,240.57142857142858
2024-10-05 21:00:00,,9.6,6.8,12.9,1.7,0.0,2.8,19.8,1016.5,6.8,6.7,99.0,0.0,0.0,7.9,1015.4,0.0,,0,0,242.28571428571428
2024-10-05 22:00:00,,9.6,6.8,12.9,1.7,0.0,2.8,19.8,1016.5,6.3,6.2,99.0,0.0,3.6,7.6,1014.7,0.0,,0,0,207.5
2024-10-05 23:00:00,,9.6,6.8,12.9,1.7,0.0,2.8,19.8,1016.5,5.4,5.4,100.0,0.0,0.0,7.2,1014.4,0.0,,0,0,137.71428571428572
2024-10-06 00:00:00,,8.2,3.3,12.5,0.2,0.0,3.0,21.6,1011.8,4.0,2.8,92.0,0.0,7.6,8.6,1013.7,0.0,,0,0,77.14285714285714
2024-10-06 01:00:00,,8.2,3.3,12.5,0.2,0.0,3.0,21.6,1011.8,4.5,4.5,100.0,0.0,0.0,6.5,1013.7,0.0,,0,0,50.0
2024-10-06 02:00:00,,8.2,3.3,12.5,0.2,0.0,3.0,21.6,1011.8,4.5,4.5,100.0,0.0,0.0,8.6,1013.6,0.0,,0,0,33.625
2024-10-06 03:00:00,,8.2,3.3,12.5,0.2,0.0,3.0,21.6,1011.8,4.0,4.0,100.0,0.0,0.0,6.5,1013.4,0.0,,0,0,28.714285714285715
2024-10-06 04:00:00,,8.2,3.3,12.5,0.2,0.0,3.0,21.6,1011.8,3.6,3.6,100.0,0.0,3.6,8.3,1013.1,0.0,,0,0,25.142857142857142
2024-10-06 05:00:00,,8.2,3.3,12.5,0.2,0.0,3.0,21.6,1011.8,3.9,3.9,100.0,0.0,3.6,10.4,1012.9,0.0,,0,0,20.285714285714285
2024-10-06 06:00:00,,8.2,3.3,12.5,0.2,0.0,3.0,21.6,1011.8,3.3,3.3,100.0,0.0,3.6,7.6,1013.3,0.0,,0,0,19.0
2024-10-06 07:00:00,,8.2,3.3,12.5,0.2,0.0,3.0,21.6,1011.8,5.5,5.4,99.0,0.0,0.0,5.8,1013.0,0.0,,0,0,18.857142857142858
2024-10-06 08:00:00,,8.2,3.3,12.5,0.2,0.0,3.0,21.6,1011.8,8.3,5.8,84.0,0.0,3.6,5.0,1012.5,32.0,,0,0,15.875
2024-10-06 09:00:00,,8.2,3.3,12.5,0.2,0.0,3.0,21.6,1011.8,9.8,6.1,78.0,0.0,3.6,5.4,1011.9,60.0,,0,0,17.428571428571427
2024-10-06 10:00:00,,8.2,3.3,12.5,0.2,0.0,3.0,21.6,1011.8,12.0,7.1,72.0,0.0,0.0,13.0,1011.2,60.0,,0,0,23.571428571428573
2024-10-06 11:00:00,,8.2,3.3,12.5,0.2,0.0,3.0,21.6,1011.8,11.1,7.2,77.0,0.0,7.2,10.4,1011.0,9.0,,0,0,28.285714285714285
2024-10-06 12:00:00,,8.2,3.3,12.5,0.2,0.0,3.0,21.6,1011.8,11.4,8.1,80.0,0.0,3.6,10.4,1010.7,0.0,,0,0,41.0
2024-10-06 13:00:00,,8.2,3.3,12.5,0.2,0.0,3.0,21.6,1011.8,12.5,8.0,74.0,0.0,7.2,11.9,1009.9,7.0,,0,0,46.25
2024-10-06 14:00:00,,8.2,3.3,12.5,0.2,0.0,3.0,21.6,1011.8,11.2,8.1,81.0,0.0,7.2,11.9,1009.9,0.0,,0,0,34.0
2024-10-06 15:00:00,,8.2,3.3,12.5,0.2,0.0,3.0,21.6,1011.8,11.5,8.0,79.0,0.0,3.6,10.4,1009.3,2.0,,0,0,49.285714285714285
2024-10-06 16:00:00,,8.2,3.3,12.5,0.2,0.0,3.0,21.6,1011.8,11.5,8.5,82.0,0.0,3.6,10.4,1009.2,12.0,,0,0,52.857142857142854
2024-10-06 17:00:00,,8.2,3.3,12.5,0.2,0.0,3.0,21.6,1011.8,10.7,9.0,89.0,0.0,0.0,8.3,1009.3,0.0,,0,0,41.857142857142854
2024-10-06 18:00:00,,8.2,3.3,12.5,0.2,0.0,3.0,21.6,1011.8,10.6,8.5,87.0,0.0,3.6,7.9,1010.2,0.0,,0,0,69.25
2024-10-06 19:00:00,,8.2,3.3,12.5,0.2,0.0,3.0,21.6,1011.8,10.5,8.9,90.0,0.0,0.0,9.7,1010.4,0.0,,0,0,68.0
2024-10-06 20:00:00,,8.2,3.3,12.5,0.2,0.0,3.0,21.6,1011.8,10.8,9.4,91.0,0.2,3.6,12.2,1010.1,0.0,,0,0,37.142857142857146
2024-10-06 21:00:00,,8.2,3.3,12.5,0.2,0.0,3.0,21.6,1011.8,10.7,9.8,94.0,0.0,3.6,21.6,1010.8,0.0,,0,0,20.285714285714285
2024-10-06 22:00:00,,8.2,3.3,12.5,0.2,0.0,3.0,21.6,1011.8,10.7,9.8,94.0,0.1,3.6,29.2,1010.3,0.0,,0,0,11.0
2024-10-06 23:00:00,,8.2,3.3,12.5,0.2,0.0,3.0,21.6,1011.8,9.3,9.2,99.0,0.0,3.6,31.7,1010.0,0.0,,0,0,10.0
2024-10-07 00:00:00,,13.8,9.3,20.2,0.2,0.0,3.2,42.1,1007.4,9.6,9.3,98.0,0.0,3.6,37.4,1009.9,0.0,,0,0,10.0
2024-10-07 01:00:00,,13.8,9.3,20.2,0.2,0.0,3.2,42.1,1007.4,10.0,9.5,97.0,0.0,0.0,39.6,1009.3,0.0,,0,0,10.0
2024-10-07 02:00:00,,13.8,9.3,20.2,0.2,0.0,3.2,42.1,1007.4,10.0,9.5,97.0,0.0,3.6,26.6,1009.2,0.0,,0,0,10.0
2024-10-07 03:00:00,,13.8,9.3,20.2,0.2,0.0,3.2,42.1,1007.4,9.6,9.1,97.0,0.0,3.6,26.3,1009.1,0.0,,0,0,10.0
2024-10-07 04:00:00,,13.8,9.3,20.2,0.2,0.0,3.2,42.1,1007.4,9.9,9.4,97.0,0.0,3.6,42.1,1008.8,0.0,,0,0,10.75
2024-10-07 05:00:00,,13.8,9.3,20.2,0.2,0.0,3.2,42.1,1007.4,10.2,9.4,95.0,0.0,3.6,15.1,1009.0,0.0,,0,0,12.714285714285714
2024-10-07 06:00:00,,13.8,9.3,20.2,0.2,0.0,3.2,42.1,1007.4,10.2,9.9,98.0,0.0,0.0,13.7,1008.7,0.0,,0,0,19.0
2024-10-07 07:00:00,,13.8,9.3,20.2,0.2,0.0,3.2,42.1,1007.4,11.6,10.2,91.0,0.0,0.0,9.4,1008.0,3.0,,0,0,68.85714285714286
2024-10-07 08:00:00,,13.8,9.3,20.2,0.2,0.0,3.2,42.1,1007.4,13.3,9.9,80.0,0.1,3.6,8.6,1007.6,11.0,,0,0,151.14285714285714
2024-10-07 09:00:00,,13.8,9.3,20.2,0.2,0.0,3.2,42.1,1007.4,14.0,11.3,84.0,0.0,7.2,24.1,1008.8,0.0,,0,0,370.75
2024-10-07 10:00:00,,13.8,9.3,20.2,0.2,0.0,3.2,42.1,1007.4,15.9,10.9,72.0,0.0,7.2,14.8,1008.3,39.0,,0,0,359.7142857142857
2024-10-07 11:00:00,,13.8,9.3,20.2,0.2,0.0,3.2,42.1,1007.4,17.5,11.7,69.0,0.0,3.6,10.8,1007.9,59.0,,0,0,252.71428571428572
2024-10-07 12:00:00,,13.8,9.3,20.2,0.2,0.0,3.2,42.1,1007.4,17.6,11.2,66.0,0.0,7.2,11.5,1006.8,55.0,,0,0,206.0
2024-10-07 13:00:00,,13.8,9.3,20.2,0.2,0.0,3.2,42.1,1007.4,19.7,13.4,67.0,0.0,3.6,12.2,1006.0,60.0,,0,0,199.0
2024-10-07 14:00:00,,13.8,9.3,20.2,0.2,0.0,3.2,42.1,1007.4,20.2,13.2,64.0,0.0,3.6,9.7,1005.2,60.0,,0,0,215.875
2024-10-07 15:00:00,,13.8,9.3,20.2,0.2,0.0,3.2,42.1,1007.4,19.8,13.7,68.0,0.0,0.0,9.0,1004.6,37.0,,0,0,208.28571428571428
2024-10-07 16:00:00,,13.8,9.3,20.2,0.2,0.0,3.2,42.1,1007.4,17.3,14.8,85.0,0.0,3.6,8.3,1004.6,12.0,,0,0,176.0
2024-10-07 17:00:00,,13.8,9.3,20.2,0.2,0.0,3.2,42.1,1007.4,16.1,14.3,89.0,0.0,0.0,10.1,1005.1,0.0,,0,0,113.42857142857143
2024-10-07 18:00:00,,13.8,9.3,20.2,0.2,0.0,3.2,42.1,1007.4,15.8,12.5,81.0,0.0,3.6,11.9,1005.7,0.0,,0,0,85.71428571428571
2024-10-07 19:00:00,,13.8,9.3,20.2,0.2,0.0,3.2,42.1,1007.4,15.3,13.1,87.0,0.0,0.0,15.5,1005.4,0.0,,0,0,84.625
2024-10-07 20:00:00,,13.8,9.3,20.2,0.2,0.0,3.2,42.1,1007.4,14.3,13.5,95.0,0.0,3.6,11.9,1005.1,0.0,,0,0,73.85714285714286
2024-10-07 21:00:00,,13.8,9.3,20.2,0.2,0.0,3.2,42.1,1007.4,13.4,12.8,96.0,0.0,3.6,13.0,1005.3,0.0,,0,0,41.285714285714285
2024-10-07 22:00:00,,13.8,9.3,20.2,0.2,0.0,3.2,42.1,1007.4,12.7,12.2,97.0,0.0,0.0,9.0,1005.0,0.0,,0,0,19.285714285714285
2024-10-07 23:00:00,,13.8,9.3,20.2,0.2,0.0,3.2,42.1,1007.4,11.7,11.5,99.0,0.0,3.6,16.2,1005.7,0.0,,0,0,11.857142857142858
2024-10-08 00:00:00,,14.1,11.7,17.9,15.2,0.0,3.8,20.2,1004.6,12.1,11.8,98.0,0.0,3.6,12.6,1006.3,0.0,,0,0,10.25
2024-10-08 01:00:00,,14.1,11.7,17.9,15.2,0.0,3.8,20.2,1004.6,14.6,13.5,93.0,0.0,3.6,11.5,1005.9,0.0,,0,0,10.0
2024-10-08 02:00:00,,14.1,11.7,17.9,15.2,0.0,3.8,20.2,1004.6,13.4,12.8,96.0,0.0,3.6,11.5,1005.2,0.0,,0,0,10.0
2024-10-08 03:00:00,,14.1,11.7,17.9,15.2,0.0,3.8,20.2,1004.6,12.8,12.5,98.0,0.0,3.6,8.3,1003.9,0.0,,0,0,10.0
2024-10-08 04:00:00,,14.1,11.7,17.9,15.2,0.0,3.8,20.2,1004.6,13.5,12.9,96.0,0.0,3.6,14.0,1003.2,0.0,,0,0,10.0
2024-10-08 05:00:00,,14.1,11.7,17.9,15.2,0.0,3.8,20.2,1004.6,13.0,12.4,96.0,0.0,3.6,19.1,1002.6,0.0,,0,0,9.75
2024-10-08 06:00:00,,14.1,11.7,17.9,15.2,0.0,3.8,20.2,1004.6,13.8,13.2,96.0,0.0,7.2,14.0,1004.3,0.0,,0,0,13.571428571428571
2024-10-08 07:00:00,,14.1,11.7,17.9,15.2,0.0,3.8,20.2,1004.6,14.9,13.4,91.0,0.0,3.6,16.2,1005.3,0.0,,0,0,71.28571428571429
2024-10-08 08:00:00,,14.1,11.7,17.9,15.2,0.0,3.8,20.2,1004.6,15.1,13.5,90.0,0.0,3.6,16.9,1005.3,0.0,,0,0,161.57142857142858
2024-10-08 09:00:00,,14.1,11.7,17.9,15.2,0.0,3.8,20.2,1004.6,14.9,13.4,91.0,1.7,3.6,9.7,1004.8,0.0,,0,0,242.71428571428572
2024-10-08 10:00:00,,14.1,11.7,17.9,15.2,0.0,3.8,20.2,1004.6,16.6,13.9,84.0,0.2,3.6,7.9,1003.5,0.0,,0,0,293.625
2024-10-08 11:00:00,,14.1,11.7,17.9,15.2,0.0,3.8,20.2,1004.6,17.9,11.9,68.0,0.2,7.2,10.8,1002.0,6.0,,0,0,293.0
2024-10-08 12:00:00,,14.1,11.7,17.9,15.2,0.0,3.8,20.2,1004.6,17.4,11.2,67.0,0.1,7.2,14.4,1001.7,32.0,,0,0,256.2857142857143
2024-10-08 13:00:00,,14.1,11.7,17.9,15.2,0.0,3.8,20.2,1004.6,15.9,12.8,82.0,0.4,3.6,15.5,1002.4,0.0,,0,0,260.85714285714283
2024-10-08 14:00:00,,14.1,11.7,17.9,15.2,0.0,3.8,20.2,1004.6,14.6,13.5,93.0,3.0,3.6,20.2,1004.2,0.0,,0,0,269.0
2024-10-08 15:00:00,,14.1,11.7,17.9,15.2,0.0,3.8,20.2,1004.6,14.2,13.4,95.0,3.9,3.6,17.3,1004.8,0.0,,0,0,250.5
2024-10-08 16:00:00,,14.1,11.7,17.9,15.2,0.0,3.8,20.2,1004.6,14.2,13.1,93.0,0.4,3.6,8.6,1004.7,0.0,,0,0,181.14285714285714
2024-10-08 17:00:00,,14.1,11.7,17.9,15.2,0.0,3.8,20.2,1004.6,13.4,12.9,97.0,0.8,3.6,10.4,1004.8,0.0,,0,0,129.85714285714286
2024-10-08 18:00:00,,14.1,11.7,17.9,15.2,0.0,3.8,20.2,1004.6,13.4,12.9,97.0,0.5,3.6,9.0,1005.7,0.0,,0,0,120.0
2024-10-08 19:00:00,,14.1,11.7,17.9,15.2,0.0,3.8,20.2,1004.6,13.0,12.5,97.0,2.0,3.6,10.4,1005.9,0.0,,0,0,124.0
2024-10-08 20:00:00,,14.1,11.7,17.9,15.2,0.0,3.8,20.2,1004.6,12.4,12.1,98.0,1.0,0.0,10.8,1005.9,0.0,,0,0,95.25
2024-10-08 21:00:00,,14.1,11.7,17.9,15.2,0.0,3.8,20.2,1004.6,12.7,12.4,98.0,1.0,3.6,11.2,1006.2,0.0,,0,0,52.142857142857146
2024-10-08 22:00:00,,14.1,11.7,17.9,15.2,0.0,3.8,20.2,1004.6,12.7,12.2,97.0,0.3,3.6,25.2,1006.9,0.0,,0,0,30.714285714285715
2024-10-08 23:00:00,,14.1,11.7,17.9,15.2,0.0,3.8,20.2,1004.6,12.7,12.2,97.0,0.1,3.6,23.4,1006.4,0.0,,0,0,15.571428571428571
2024-10-09 00:00:00,,15.8,8.1,22.1,0.4,0.0,5.9,44.6,998.5,12.4,12.1,98.0,0.0,3.6,31.0,1006.4,0.0,,0,0,12.857142857142858
2024-10-09 01:00:00,,15.8,8.1,22.1,0.4,0.0,5.9,44.6,998.5,11.5,11.3,99.0,0.0,0.0,33.5,1006.3,0.0,,0,0,12.0
2024-10-09 02:00:00,,15.8,8.1,22.1,0.4,0.0,5.9,44.6,998.5,10.4,10.2,99.0,0.0,0.0,36.0,1005.8,0.0,,0,0,12.0
2024-10-09 03:00:00,,15.8,8.1,22.1,0.4,0.0,5.9,44.6,998.5,10.0,9.8,99.0,0.0,3.6,35.6,1005.2,0.0,,0,0,12.0
2024-10-09 04:00:00,,15.8,8.1,22.1,0.4,0.0,5.9,44.6,998.5,8.6,8.6,100.0,0.0,0.0,36.7,1005.0,0.0,,0,0,12.0
2024-10-09 05:00:00,,15.8,8.1,22.1,0.4,0.0,5.9,44.6,998.5,8.5,8.5,100.0,0.0,0.0,29.9,1004.3,0.0,,0,0,12.0
2024-10-09 06:00:00,,15.8,8.1,22.1,0.4,0.0,5.9,44.6,998.5,8.1,8.1,100.0,0.0,3.6,35.3,1003.7,0.0,,0,0,16.125
2024-10-09 07:00:00,,15.8,8.1,22.1,0.4,0.0,5.9,44.6,998.5,9.7,9.6,99.0,0.0,3.6,29.2,1003.1,15.0,,1,0,62.857142857142854
2024-10-09 08:00:00,,15.8,8.1,22.1,0.4,0.0,5.9,44.6,998.5,13.5,10.1,80.0,0.0,3.6,29.2,1001.4,60.0,,1,0,173.85714285714286
2024-10-09 09:00:00,,15.8,8.1,22.1,0.4,0.0,5.9,44.6,998.5,14.5,10.3,76.0,0.0,3.6,15.1,1000.2,47.0,,1,0,294.85714285714283
2024-10-09 10:00:00,,15.8,8.1,22.1,0.4,0.0,5.9,44.6,998.5,16.9,10.5,66.0,0.0,3.6,13.0,998.3,60.0,,1,0,365.0
2024-10-09 11:00:00,,15.8,8.1,22.1,0.4,0.0,5.9,44.6,998.5,18.0,8.8,55.0,0.0,3.6,27.7,997.1,30.0,,1,0,332.875
2024-10-09 12:00:00,,15.8,8.1,22.1,0.4,0.0,5.9,44.6,998.5,20.0,9.0,49.0,0.0,3.6,28.1,995.5,26.0,,1,0,249.0
2024-10-09 13:00:00,,15.8,8.1,22.1,0.4,0.0,5.9,44.6,998.5,22.1,9.6,45.0,0.0,0.0,22.3,994.2,59.0,,0,0,225.57142857142858
2024-10-09 14:00:00,,15.8,8.1,22.1,0.4,0.0,5.9,44.6,998.5,22.1,7.5,39.0,0.0,10.8,38.9,993.3,53.0,,0,0,242.0
2024-10-09 15:00:00,,15.8,8.1,22.1,0.4,0.0,5.9,44.6,998.5,21.5,7.3,40.0,0.0,14.4,30.6,992.9,13.0,,0,0,260.14285714285717
2024-10-09 16:00:00,,15.8,8.1,22.1,0.4,0.0,5.9,44.6,998.5,21.5,7.3,40.0,0.0,18.0,41.8,991.9,19.0,,0,0,212.42857142857142
2024-10-09 17:00:00,,15.8,8.1,22.1,0.4,0.0,5.9,44.6,998.5,20.7,7.7,43.0,0.0,14.4,44.6,990.9,0.0,,0,0,145.5
2024-10-09 18:00:00,,15.8,8.1,22.1,0.4,0.0,5.9,44.6,998.5,21.0,7.2,41.0,0.0,10.8,43.9,990.0,0.0,,0,0,154.0
2024-10-09 19:00:00,,15.8,8.1,22.1,0.4,0.0,5.9,44.6,998.5,21.0,7.6,42.0,0.0,10.8,39.2,988.8,0.0,,0,0,262.85714285714283
2024-10-09 20:00:00,,15.8,8.1,22.1,0.4,0.0,5.9,44.6,998.5,21.2,7.8,42.0,0.0,10.8,36.0,987.7,0.0,,0,0,272.57142857142856
2024-10-09 21:00:00,,15.8,8.1,22.1,0.4,0.0,5.9,44.6,998.5,21.7,8.6,43.0,0.0,10.8,40.0,988.0,0.0,,0,0,184.75
2024-10-09 22:00:00,,15.8,8.1,22.1,0.4,0.0,5.9,44.6,998.5,22.2,8.7,42.0,0.0,3.6,45.7,989.4,0.0,,0,0,70.42857142857143
2024-10-09 23:00:00,,15.8,8.1,22.1,0.4,0.0,5.9,44.6,998.5,17.5,11.5,68.0,1.4,7.2,23.8,989.8,0.0,,0,0,32.42857142857143
2024-10-10 00:00:00,,15.0,11.8,22.2,15.8,0.0,5.4,47.9,1000.7,20.1,9.6,51.0,0.0,3.6,31.3,989.1,0.0,,0,0,21.571428571428573
2024-10-10 01:00:00,,15.0,11.8,22.2,15.8,0.0,5.4,47.9,1000.7,21.3,7.9,42.0,0.0,3.6,34.6,990.0,0.0,,0,0,17.571428571428573
2024-10-10 02:00:00,,15.0,11.8,22.2,15.8,0.0,5.4,47.9,1000.7,16.2,12.2,77.0,0.0,3.6,24.5,990.7,0.0,,0,0,15.0
2024-10-10 03:00:00,,15.0,11.8,22.2,15.8,0.0,5.4,47.9,1000.7,16.1,11.9,76.0,0.0,10.8,32.4,993.0,0.0,,0,0,15.0
2024-10-10 04:00:00,,15.0,11.8,22.2,15.8,0.0,5.4,47.9,1000.7,16.8,12.3,75.0,0.4,3.6,47.9,995.8,0.0,,0,0,15.0
2024-10-10 05:00:00,,15.0,11.8,22.2,15.8,0.0,5.4,47.9,1000.7,15.5,12.3,81.0,0.6,10.8,30.2,997.7,0.0,,0,0,15.0
2024-10-10 06:00:00,,15.0,11.8,22.2,15.8,0.0,5.4,47.9,1000.7,14.1,12.0,87.0,1.5,7.2,33.1,1000.2,0.0,,0,0,18.285714285714285
2024-10-10 07:00:00,,15.0,11.8,22.2,15.8,0.0,5.4,47.9,1000.7,13.4,11.1,86.0,1.0,7.2,26.6,1001.5,0.0,,0,0,64.14285714285714
2024-10-10 08:00:00,,15.0,11.8,22.2,15.8,0.0,5.4,47.9,1000.7,12.8,11.9,94.0,0.6,3.6,8.3,1002.5,0.0,,0,0,173.875
2024-10-10 09:00:00,,15.0,11.8,22.2,15.8,0.0,5.4,47.9,1000.7,12.6,11.8,95.0,0.3,3.6,21.6,1003.2,0.0,,0,0,285.7142857142857
2024-10-10 10:00:00,,15.0,11.8,22.2,15.8,0.0,5.4,47.9,1000.7,12.9,11.0,88.0,0.1,7.2,10.4,1004.0,0.0,,0,0,361.14285714285717
2024-10-10 11:00:00,,15.0,11.8,22.2,15.8,0.0,5.4,47.9,1000.7,13.0,10.2,83.0,0.3,7.2,12.6,1004.5,0.0,,0,0,308.57142857142856
2024-10-10 12:00:00,,15.0,11.8,22.2,15.8,0.0,5.4,47.9,1000.7,15.1,9.7,70.0,0.2,7.2,13.7,1003.9,8.0,,0,0,242.57142857142858
2024-10-10 13:00:00,,15.0,11.8,22.2,15.8,0.0,5.4,47.9,1000.7,15.6,8.3,62.0,0.4,7.2,15.8,1004.3,1.0,,0,0,215.0
2024-10-10 14:00:00,,15.0,11.8,22.2,15.8,0.0,5.4,47.9,1000.7,13.7,9.9,78.0,2.0,7.2,18.0,1005.2,1.0,,0,0,241.14285714285714
2024-10-10 15:00:00,,15.0,11.8,22.2,15.8,0.0,5.4,47.9,1000.7,13.7,10.1,79.0,2.0,3.6,14.8,1005.7,2.0,,0,0,272.85714285714283
2024-10-10 16:00:00,,15.0,11.8,22.2,15.8,0.0,5.4,47.9,1000.7,14.0,10.4,79.0,1.4,0.0,11.9,1006.0,17.0,,0,0,243.14285714285714
2024-10-10 17:00:00,,15.0,11.8,22.2,15.8,0.0,5.4,47.9,1000.7,13.8,9.2,74.0,0.2,7.2,13.3,1006.7,0.0,,0,0,214.0
2024-10-10 18:00:00,,15.0,11.8,22.2,15.8,0.0,5.4,47.9,1000.7,13.2,9.4,78.0,0.5,3.6,10.8,1007.3,0.0,,0,0,221.375
2024-10-10 19:00:00,,15.0,11.8,22.2,15.8,0.0,5.4,47.9,1000.7,12.7,9.9,83.0,0.4,3.6,31.7,1008.1,0.0,,0,0,238.0
2024-10-10 20:00:00,,15.0,11.8,22.2,15.8,0.0,5.4,47.9,1000.7,11.8,10.5,92.0,0.3,3.6,15.5,1009.4,0.0,,0,0,201.85714285714286
2024-10-10 21:00:00,,15.0,11.8,22.2,15.8,0.0,5.4,47.9,1000.7,11.9,10.8,93.0,2.2,3.6,11.2,1009.8,0.0,,0,0,141.71428571428572
2024-10-10 22:00:00,,15.0,11.8,22.2,15.8,0.0,5.4,47.9,1000.7,12.0,10.6,91.0,3.0,3.6,11.9,1010.2,0.0,,0,0,75.14285714285714
2024-10-10 23:00:00,,15.0,11.8,22.2,15.8,0.0,5.4,47.9,1000.7,11.8,9.5,86.0,0.1,3.6,14.4,1010.8,0.0,,0,0,34.625
2024-10-11 00:00:00,,10.8,6.6,13.8,18.5,0.0,2.9,29.2,1015.5,11.3,9.7,90.0,0.8,3.6,13.3,1011.4,0.0,Hörbar,0,0,18.714285714285715
2024-10-11 01:00:00,,10.8,6.6,13.8,18.5,0.0,2.9,29.2,1015.5,11.1,10.5,96.0,0.1,0.0,11.5,1011.7,0.0,Hörbar,0,0,15.0
2024-10-11 02:00:00,,10.8,6.6,13.8,18.5,0.0,2.9,29.2,1015.5,8.8,7.9,94.0,0.0,4.3,12.6,1012.9,0.0,Hörbar,0,0,15.0
2024-10-11 03:00:00,,10.8,6.6,13.8,18.5,0.0,2.9,29.2,1015.5,11.1,9.4,89.0,0.0,3.6,10.8,1012.4,0.0,Hörbar,0,0,15.0
2024-10-11 04:00:00,,10.8,6.6,13.8,18.5,0.0,2.9,29.2,1015.5,11.0,8.4,84.0,2.0,3.6,13.3,1013.2,0.0,Hörbar,0,0,15.0
2024-10-11 05:00:00,,10.8,6.6,13.8,18.5,0.0,2.9,29.2,1015.5,10.7,8.5,86.0,0.6,7.2,21.6,1013.6,0.0,Hörbar,0,0,15.285714285714286
2024-10-11 06:00:00,,10.8,6.6,13.8,18.5,0.0,2.9,29.2,1015.5,10.6,7.5,81.0,0.3,7.2,25.9,1014.3,0.0,Hörbar,0,0,19.428571428571427
2024-10-11 07:00:00,,10.8,6.6,13.8,18.5,0.0,2.9,29.2,1015.5,10.3,8.6,89.0,0.1,0.0,20.5,1015.3,0.0,Hörbar,0,0,66.14285714285714
2024-10-11 08:00:00,,10.8,6.6,13.8,18.5,0.0,2.9,29.2,1015.5,10.9,9.3,90.0,2.1,0.0,13.0,1015.9,0.0,Hörbar,0,0,150.0
2024-10-11 09:00:00,,10.8,6.6,13.8,18.5,0.0,2.9,29.2,1015.5,11.2,8.8,85.0,3.0,3.6,18.0,1016.5,0.0,Hörbar,0,0,231.25
2024-10-11 10:00:00,,10.8,6.6,13.8,18.5,0.0,2.9,29.2,1015.5,11.5,8.9,84.0,2.8,3.6,19.1,1016.8,0.0,Hörbar,0,0,264.57142857142856
2024-10-11 11:00:00,,10.8,6.6,13.8,18.5,0.0,2.9,29.2,1015.5,11.9,8.0,77.0,2.0,3.6,21.2,1017.1,0.0,Hörbar,0,0,254.57142857142858
2024-10-11 12:00:00,,10.8,6.6,13.8,18.5,0.0,2.9,29.2,1015.5,12.1,7.8,75.0,1.2,3.6,18.4,1017.1,0.0,Hörbar,0,0,210.85714285714286
2024-10-11 13:00:00,,10.8,6.6,13.8,18.5,0.0,2.9,29.2,1015.5,13.1,6.4,64.0,0.2,3.6,29.2,1016.8,0.0,Hörbar,0,0,210.71428571428572
2024-10-11 14:00:00,,10.8,6.6,13.8,18.5,0.0,2.9,29.2,1015.5,13.8,6.9,63.0,0.0,3.6,13.3,1016.8,32.0,Hörbar,0,0,243.125
2024-10-11 15:00:00,,10.8,6.6,13.8,18.5,0.0,2.9,29.2,1015.5,12.5,7.6,72.0,0.0,4.3,14.8,1017.5,58.0,Hörbar,0,0,254.14285714285714
2024-10-11 16:00:00,,10.8,6.6,13.8,18.5,0.0,2.9,29.2,1015.5,12.8,8.5,75.0,0.0,0.0,10.1,1017.4,47.0,Hörbar,0,0,248.57142857142858
2024-10-11 17:00:00,,10.8,6.6,13.8,18.5,0.0,2.9,29.2,1015.5,10.6,8.0,84.0,0.2,3.6,9.7,1018.3,0.0,Hörbar,0,0,204.85714285714286
2024-10-11 18:00:00,,10.8,6.6,13.8,18.5,0.0,2.9,29.2,1015.5,8.8,7.9,94.0,0.0,0.0,9.7,1018.8,0.0,Hörbar,0,0,138.42857142857142
2024-10-11 19:00:00,,10.8,6.6,13.8,18.5,0.0,2.9,29.2,1015.5,8.1,7.5,96.0,0.0,0.0,9.0,1018.7,0.0,Hörbar,0,0,164.25
2024-10-11 20:00:00,,10.8,6.6,13.8,18.5,0.0,2.9,29.2,1015.5,7.4,6.7,95.0,0.0,3.6,7.9,1019.1,0.0,Hörbar,0,0,244.0
2024-10-11 21:00:00,,10.8,6.6,13.8,18.5,0.0,2.9,29.2,1015.5,6.6,6.3,98.0,0.0,0.0,9.4,1018.9,0.0,Hörbar,0,0,286.2857142857143
2024-10-11 22:00:00,,10.8,6.6,13.8,18.5,0.0,2.9,29.2,1015.5,6.1,6.0,99.0,0.0,3.6,7.9,1018.9,0.0,Hörbar,0,0,272.2857142857143
2024-10-11 23:00:00,,10.8,6.6,13.8,18.5,0.0,2.9,29.2,1015.5,5.4,5.3,99.0,0.0,0.0,7.9,1018.5,0.0,Hörbar,0,0,211.57142857142858
2024-10-12 00:00:00,,7.6,3.2,10.6,1.3,0.0,2.9,27.4,1016.4,5.2,5.1,99.0,0.0,0.0,8.6,1018.4,0.0,,0,0,139.25
2024-10-12 01:00:00,,7.6,3.2,10.6,1.3,0.0,2.9,27.4,1016.4,4.8,4.7,99.0,0.0,0.0,7.6,1018.3,0.0,,0,0,73.28571428571429
2024-10-12 02:00:00,,7.6,3.2,10.6,1.3,0.0,2.9,27.4,1016.4,4.5,4.4,99.0,0.0,0.0,6.8,1017.8,0.0,,0,0,41.0
2024-10-12 03:00:00,,7.6,3.2,10.6,1.3,0.0,2.9,27.4,1016.4,4.2,4.2,100.0,0.0,0.0,6.8,1017.4,0.0,,0,0,32.57142857142857
2024-10-12 04:00:00,,7.6,3.2,10.6,1.3,0.0,2.9,27.4,1016.4,4.0,4.0,100.0,0.0,3.6,6.5,1017.2,0.0,,0,0,30.428571428571427
2024-10-12 05:00:00,,7.6,3.2,10.6,1.3,0.0,2.9,27.4,1016.4,3.8,2.3,90.0,0.0,11.5,6.5,1016.1,0.0,,0,0,30.75
2024-10-12 06:00:00,,7.6,3.2,10.6,1.3,0.0,2.9,27.4,1016.4,3.2,3.2,100.0,0.0,0.0,7.2,1016.9,0.0,,0,0,33.57142857142857
2024-10-12 07:00:00,,7.6,3.2,10.6,1.3,0.0,2.9,27.4,1016.4,5.4,5.3,99.0,0.0,0.0,8.3,1016.8,0.0,,1,0,38.142857142857146
2024-10-12 08:00:00,,7.6,3.2,10.6,1.3,0.0,2.9,27.4,1016.4,8.0,5.5,84.0,0.0,3.6,5.8,1016.5,56.0,,1,0,94.0
2024-10-12 09:00:00,,7.6,3.2,10.6,1.3,0.0,2.9,27.4,1016.4,9.2,6.6,84.0,0.0,3.6,10.8,1016.0,37.0,,1,0,226.85714285714286
2024-10-12 10:00:00,,7.6,3.2,10.6,1.3,0.0,2.9,27.4,1016.4,9.6,7.2,85.0,0.0,7.2,12.6,1015.7,1.0,,1,0,391.25
2024-10-12 11:00:00,,7.6,3.2,10.6,1.3,0.0,2.9,27.4,1016.4,10.4,7.5,82.0,0.0,7.2,14.4,1015.5,5.0,,1,0,413.0
2024-10-12 12:00:00,,7.6,3.2,10.6,1.3,0.0,2.9,27.4,1016.4,9.8,7.0,83.0,0.0,3.6,15.8,1015.2,1.0,,1,0,353.2857142857143
2024-10-12 13:00:00,,7.6,3.2,10.6,1.3,0.0,2.9,27.4,1016.4,9.4,7.2,86.0,0.0,7.2,14.4,1015.0,0.0,,0,0,280.57142857142856
2024-10-12 14:00:00,,7.6,3.2,10.6,1.3,0.0,2.9,27.4,1016.4,9.6,7.2,85.0,0.0,3.6,15.1,1016.2,0.0,,0,0,235.14285714285714
2024-10-12 15:00:00,,7.6,3.2,10.6,1.3,0.0,2.9,27.4,1016.4,10.4,8.0,85.0,0.0,3.6,12.6,1014.9,0.0,,0,0,195.0
2024-10-12 16:00:00,,7.6,3.2,10.6,1.3,0.0,2.9,27.4,1016.4,10.6,8.0,84.0,0.0,0.0,16.6,1014.8,0.0,,0,0,136.85714285714286
2024-10-12 17:00:00,,7.6,3.2,10.6,1.3,0.0,2.9,27.4,1016.4,10.2,8.1,87.0,0.0,3.6,8.6,1014.7,0.0,,0,0,88.28571428571429
2024-10-12 18:00:00,,7.6,3.2,10.6,1.3,0.0,2.9,27.4,1016.4,10.1,8.5,90.0,0.0,3.6,9.4,1015.2,0.0,,0,0,119.42857142857143
2024-10-12 19:00:00,,7.6,3.2,10.6,1.3,0.0,2.9,27.4,1016.4,9.7,8.9,95.0,0.1,0.0,9.7,1015.9,0.0,,0,0,174.14285714285714
2024-10-12 20:00:00,,7.6,3.2,10.6,1.3,0.0,2.9,27.4,1016.4,9.7,9.2,97.0,1.0,0.0,9.7,1015.8,0.0,,0,0,251.0
2024-10-12 21:00:00,,7.6,3.2,10.6,1.3,0.0,2.9,27.4,1016.4,9.9,9.4,97.0,0.2,3.6,27.4,1015.9,0.0,,0,0,267.42857142857144
2024-10-12 22:00:00,,7.6,3.2,10.6,1.3,0.0,2.9,27.4,1016.4,10.0,9.2,95.0,0.6,3.6,24.1,1015.9,0.0,,0,0,232.57142857142858
2024-10-12 23:00:00,,7.6,3.2,10.6,1.3,0.0,2.9,27.4,1016.4,10.1,9.6,97.0,0.4,3.6,33.5,1015.3,0.0,,0,0,120.57142857142857
2024-10-13 00:00:00,,12.9,10.0,15.9,17.4,0.0,5.3,44.6,1017.5,11.7,10.3,91.0,0.0,3.6,40.7,1015.0,0.0,,0,0,73.14285714285714
2024-10-13 01:00:00,,12.9,10.0,15.9,17.4,0.0,5.3,44.6,1017.5,11.6,10.8,95.0,5.0,3.6,33.8,1015.0,0.0,,0,0,45.875
2024-10-13 02:00:00,,12.9,10.0,15.9,17.4,0.0,5.3,44.6,1017.5,11.8,10.9,94.0,2.0,3.6,36.0,1014.6,0.0,,0,0,28.285714285714285
2024-10-13 03:00:00,,12.9,10.0,15.9,17.4,0.0,5.3,44.6,1017.5,11.9,11.0,94.0,1.2,10.8,39.6,1014.8,0.0,,0,0,20.857142857142858
2024-10-13 04:00:00,,12.9,10.0,15.9,17.4,0.0,5.3,44.6,1017.5,12.1,10.3,89.0,0.4,7.2,44.6,1015.0,0.0,,0,0,18.428571428571427
2024-10-13 05:00:00,,12.9,10.0,15.9,17.4,0.0,5.3,44.6,1017.5,11.7,10.6,93.0,0.5,10.8,37.8,1015.8,0.0,,0,0,16.428571428571427
2024-10-13 06:00:00,,12.9,10.0,15.9,17.4,0.0,5.3,44.6,1017.5,11.7,10.3,91.0,1.7,10.8,36.4,1015.7,0.0,,0,0,16.125
2024-10-13 07:00:00,,12.9,10.0,15.9,17.4,0.0,5.3,44.6,1017.5,11.9,10.5,91.0,0.4,3.6,34.6,1015.8,0.0,,0,0,22.0
2024-10-13 08:00:00,,12.9,10.0,15.9,17.4,0.0,5.3,44.6,1017.5,12.3,10.4,88.0,0.1,10.8,29.2,1017.0,0.0,,0,0,22.428571428571427
2024-10-13 09:00:00,,12.9,10.0,15.9,17.4,0.0,5.3,44.6,1017.5,12.5,10.6,88.0,0.2,3.6,32.4,1017.8,0.0,,0,0,23.285714285714285
2024-10-13 10:00:00,,12.9,10.0,15.9,17.4,0.0,5.3,44.6,1017.5,12.7,10.8,88.0,0.2,7.2,34.2,1018.3,0.0,,0,0,27.142857142857142
2024-10-13 11:00:00,,12.9,10.0,15.9,17.4,0.0,5.3,44.6,1017.5,15.3,11.7,79.0,0.0,15.8,26.6,1018.8,3.0,,0,0,35.0
2024-10-13 12:00:00,,12.9,10.0,15.9,17.4,0.0,5.3,44.6,1017.5,14.5,12.0,85.0,0.3,3.6,24.5,1018.3,8.0,,0,0,46.42857142857143
2024-10-13 13:00:00,,12.9,10.0,15.9,17.4,0.0,5.3,44.6,1017.5,15.9,12.8,82.0,0.1,7.2,22.3,1017.7,1.0,,0,0,50.857142857142854
2024-10-13 14:00:00,,12.9,10.0,15.9,17.4,0.0,5.3,44.6,1017.5,15.1,13.1,88.0,0.3,0.0,12.6,1018.8,4.0,,0,0,48.42857142857143
2024-10-13 15:00:00,,12.9,10.0,15.9,17.4,0.0,5.3,44.6,1017.5,14.9,13.1,89.0,2.5,3.6,10.4,1018.9,0.0,,0,0,51.714285714285715
2024-10-13 16:00:00,,12.9,10.0,15.9,17.4,0.0,5.3,44.6,1017.5,14.5,13.4,93.0,1.3,3.6,9.4,1019.4,0.0,,0,0,41.714285714285715
2024-10-13 17:00:00,,12.9,10.0,15.9,17.4,0.0,5.3,44.6,1017.5,14.1,13.0,93.0,0.2,3.6,9.7,1020.0,0.0,,0,0,37.25
2024-10-13 18:00:00,,12.9,10.0,15.9,17.4,0.0,5.3,44.6,1017.5,14.2,12.8,91.0,0.0,3.6,10.1,1020.1,0.0,,0,0,44.0
2024-10-13 19:00:00,,12.9,10.0,15.9,17.4,0.0,5.3,44.6,1017.5,13.6,12.5,93.0,0.0,0.0,10.8,1020.3,0.0,,0,0,58.142857142857146
2024-10-13 20:00:00,,12.9,10.0,15.9,17.4,0.0,5.3,44.6,1017.5,12.9,12.3,96.0,0.0,3.6,8.6,1020.3,0.0,,0,0,52.857142857142854
2024-10-13 21:00:00,,12.9,10.0,15.9,17.4,0.0,5.3,44.6,1017.5,11.9,11.4,97.0,0.0,0.0,13.0,1020.7,0.0,,0,0,33.125
2024-10-13 22:00:00,,12.9,10.0,15.9,17.4,0.0,5.3,44.6,1017.5,12.0,11.5,97.0,0.0,0.0,22.0,1020.7,0.0,,0,0,20.857142857142858
2024-10-13 23:00:00,,12.9,10.0,15.9,17.4,0.0,5.3,44.6,1017.5,10.5,10.3,99.0,0.0,0.0,12.2,1020.4,0.0,,0,0,16.428571428571427
2024-10-14 00:00:00,,12.3,7.1,18.0,0.6,0.0,3.0,41.8,1019.1,9.8,9.7,99.0,0.0,3.6,15.8,1020.6,0.0,,0,0,16.0
2024-10-14 01:00:00,,12.3,7.1,18.0,0.6,0.0,3.0,41.8,1019.1,9.1,9.0,99.0,0.0,0.0,10.8,1020.6,0.0,,0,0,16.0
2024-10-14 02:00:00,,12.3,7.1,18.0,0.6,0.0,3.0,41.8,1019.1,8.4,8.3,99.0,0.0,3.6,9.0,1020.2,0.0,,0,0,16.0
2024-10-14 03:00:00,,12.3,7.1,18.0,0.6,0.0,3.0,41.8,1019.1,7.7,7.7,100.0,0.0,0.0,8.3,1020.4,0.0,,0,0,16.0
2024-10-14 04:00:00,,12.3,7.1,18.0,0.6,0.0,3.0,41.8,1019.1,7.9,7.9,100.0,0.0,0.0,7.9,1020.3,0.0,,0,0,16.0
2024-10-14 05:00:00,,12.3,7.1,18.0,0.6,0.0,3.0,41.8,1019.1,7.1,7.1,100.0,0.0,3.6,18.4,1021.1,0.0,,0,0,15.714285714285714
2024-10-14 06:00:00,,12.3,7.1,18.0,0.6,0.0,3.0,41.8,1019.1,7.4,7.4,100.0,0.0,3.6,22.3,1020.9,0.0,,0,0,17.142857142857142
2024-10-14 07:00:00,,12.3,7.1,18.0,0.6,0.0,3.0,41.8,1019.1,9.8,9.7,99.0,0.0,3.6,38.2,1020.3,13.0,,0,0,56.285714285714285
2024-10-14 08:00:00,,12.3,7.1,18.0,0.6,0.0,3.0,41.8,1019.1,10.5,8.8,89.0,0.1,3.6,41.8,1019.6,3.0,,0,0,147.0
2024-10-14 09:00:00,,12.3,7.1,18.0,0.6,0.0,3.0,41.8,1019.1,12.8,9.4,80.0,0.0,3.6,39.2,1019.0,14.0,,0,0,353.57142857142856
2024-10-14 10:00:00,,12.3,7.1,18.0,0.6,0.0,3.0,41.8,1019.1,17.6,12.7,73.0,0.0,8.6,38.2,1018.0,2.0,,0,0,393.14285714285717
2024-10-14 11:00:00,,12.3,7.1,18.0,0.6,0.0,3.0,41.8,1019.1,15.0,9.4,69.0,0.0,3.6,30.2,1017.8,0.0,,0,0,310.0
2024-10-14 12:00:00,,12.3,7.1,18.0,0.6,0.0,3.0,41.8,1019.1,15.5,9.2,66.0,0.0,7.2,23.8,1017.6,0.0,,0,0,239.0
2024-10-14 13:00:00,,12.3,7.1,18.0,0.6,0.0,3.0,41.8,1019.1,16.0,10.7,71.0,0.0,3.6,13.7,1017.1,0.0,,0,0,217.25
2024-10-14 14:00:00,,12.3,7.1,18.0,0.6,0.0,3.0,41.8,1019.1,18.0,13.7,76.0,0.1,9.7,13.7,1017.7,5.0,,0,0,244.71428571428572
2024-10-14 15:00:00,,12.3,7.1,18.0,0.6,0.0,3.0,41.8,1019.1,16.5,10.8,69.0,0.2,3.6,19.4,1017.0,15.0,,0,0,265.0
2024-10-14 16:00:00,,12.3,7.1,18.0,0.6,0.0,3.0,41.8,1019.1,15.5,13.0,85.0,0.0,0.0,21.6,1017.4,1.0,,0,0,235.71428571428572
2024-10-14 17:00:00,,12.3,7.1,18.0,0.6,0.0,3.0,41.8,1019.1,14.4,12.1,86.0,0.0,0.0,29.9,1017.7,0.0,,0,0,179.0
2024-10-14 18:00:00,,12.3,7.1,18.0,0.6,0.0,3.0,41.8,1019.1,14.5,11.6,83.0,0.2,3.6,30.6,1017.8,0.0,,0,0,119.625
2024-10-14 19:00:00,,12.3,7.1,18.0,0.6,0.0,3.0,41.8,1019.1,13.4,11.8,90.0,0.0,3.6,25.9,1018.5,0.0,,0,0,86.57142857142857
2024-10-14 20:00:00,,12.3,7.1,18.0,0.6,0.0,3.0,41.8,1019.1,13.2,11.9,92.0,0.0,0.0,32.8,1018.7,0.0,,0,0,60.857142857142854
2024-10-14 21:00:00,,12.3,7.1,18.0,0.6,0.0,3.0,41.8,1019.1,12.9,11.8,93.0,0.0,3.6,32.8,1019.2,0.0,,0,0,37.42857142857143
2024-10-14 22:00:00,,12.3,7.1,18.0,0.6,0.0,3.0,41.8,1019.1,12.8,11.9,94.0,0.1,3.6,33.1,1019.4,0.0,,0,0,22.285714285714285
2024-10-14 23:00:00,,12.3,7.1,18.0,0.6,0.0,3.0,41.8,1019.1,12.8,11.9,94.0,0.9,0.0,30.2,1019.8,0.0,,0,0,18.125
2024-10-15 00:00:00,,13.4,9.8,16.0,5.5,0.0,2.0,33.1,1019.0,13.7,11.4,86.0,0.7,3.6,29.5,1019.8,0.0,,0,0,18.0
2024-10-15 01:00:00,,13.4,9.8,16.0,5.5,0.0,2.0,33.1,1019.0,12.7,11.6,93.0,0.2,0.0,28.4,1020.0,0.0,,0,0,18.0
2024-10-15 02:00:00,,13.4,9.8,16.0,5.5,0.0,2.0,33.1,1019.0,12.1,11.6,97.0,0.4,0.0,29.2,1019.9,0.0,,0,0,18.0
2024-10-15 03:00:00,,13.4,9.8,16.0,5.5,0.0,2.0,33.1,1019.0,12.3,11.0,92.0,0.0,3.6,29.5,1019.8,0.0,,0,0,18.0
2024-10-15 04:00:00,,13.4,9.8,16.0,5.5,0.0,2.0,33.1,1019.0,11.0,10.7,98.0,0.0,0.0,21.6,1019.9,0.0,,0,0,18.625
2024-10-15 05:00:00,,13.4,9.8,16.0,5.5,0.0,2.0,33.1,1019.0,10.3,10.0,98.0,0.0,0.0,19.4,1019.9,0.0,,0,0,20.0
2024-10-15 06:00:00,,13.4,9.8,16.0,5.5,0.0,2.0,33.1,1019.0,9.8,9.8,100.0,0.0,0.0,13.0,1019.8,0.0,,0,0,22.0
2024-10-15 07:00:00,,13.4,9.8,16.0,5.5,0.0,2.0,33.1,1019.0,10.3,10.1,99.0,0.0,0.0,9.4,1019.8,11.0,,0,0,62.857142857142854
2024-10-15 08:00:00,,13.4,9.8,16.0,5.5,0.0,2.0,33.1,1019.0,14.1,11.8,86.0,0.0,0.0,11.2,1019.2,31.0,,0,0,149.0
2024-10-15 09:00:00,,13.4,9.8,16.0,5.5,0.0,2.0,33.1,1019.0,15.6,13.1,85.0,0.0,3.6,8.3,1018.9,34.0,,0,0,234.75
2024-10-15 10:00:00,,13.4,9.8,16.0,5.5,0.0,2.0,33.1,1019.0,16.0,11.4,74.0,0.0,3.6,9.0,1018.9,18.0,,0,0,265.42857142857144
2024-10-15 11:00:00,,13.4,9.8,16.0,5.5,0.0,2.0,33.1,1019.0,15.8,12.5,81.0,0.0,7.2,9.7,1019.2,10.0,,0,0,243.71428571428572
2024-10-15 12:00:00,,13.4,9.8,16.0,5.5,0.0,2.0,33.1,1019.0,15.6,12.5,82.0,0.0,3.6,10.1,1018.7,4.0,,0,0,235.0
2024-10-15 13:00:00,,13.4,9.8,16.0,5.5,0.0,2.0,33.1,1019.0,15.4,12.3,82.0,1.1,7.2,8.6,1019.1,0.0,,0,0,218.57142857142858
2024-10-15 14:00:00,,13.4,9.8,16.0,5.5,0.0,2.0,33.1,1019.0,15.1,13.0,87.0,0.2,3.6,12.2,1019.8,0.0,,0,0,248.5
2024-10-15 15:00:00,,13.4,9.8,16.0,5.5,0.0,2.0,33.1,1019.0,14.5,13.7,95.0,1.3,0.0,29.5,1018.8,0.0,,0,0,239.85714285714286
2024-10-15 16:00:00,,13.4,9.8,16.0,5.5,0.0,2.0,33.1,1019.0,14.2,13.6,96.0,0.5,0.0,32.0,1018.7,0.0,,0,0,204.0
2024-10-15 17:00:00,,13.4,9.8,16.0,5.5,0.0,2.0,33.1,1019.0,14.1,13.6,97.0,0.1,3.6,24.1,1017.9,0.0,,0,0,160.14285714285714
2024-10-15 18:00:00,,13.4,9.8,16.0,5.5,0.0,2.0,33.1,1019.0,14.3,13.7,96.0,0.0,3.6,20.5,1017.8,0.0,,0,0,132.71428571428572
2024-10-15 19:00:00,,13.4,9.8,16.0,5.5,0.0,2.0,33.1,1019.0,13.3,13.0,98.0,0.0,0.0,18.7,1017.5,0.0,,0,0,166.75
2024-10-15 20:00:00,,13.4,9.8,16.0,5.5,0.0,2.0,33.1,1019.0,13.6,13.4,99.0,0.0,0.0,9.0,1016.8,0.0,,0,0,142.14285714285714
2024-10-15 21:00:00,,13.4,9.8,16.0,5.5,0.0,2.0,33.1,1019.0,12.9,12.7,99.0,0.0,0.0,9.7,1016.9,0.0,,0,0,76.28571428571429
2024-10-15 22:00:00,,13.4,9.8,16.0,5.5,0.0,2.0,33.1,1019.0,12.8,12.5,98.0,0.0,0.0,14.0,1016.5,0.0,,0,0,37.714285714285715
2024-10-15 23:00:00,,13.4,9.8,16.0,5.5,0.0,2.0,33.1,1019.0,12.4,11.9,97.0,0.0,3.6,15.1,1016.0,0.0,,0,0,24.428571428571427
2024-10-16 00:00:00,,12.3,10.1,14.0,2.8,0.0,2.7,15.1,1014.4,11.8,11.6,99.0,0.0,0.0,6.8,1016.0,0.0,,0,0,21.125
2024-10-16 01:00:00,,12.3,10.1,14.0,2.8,0.0,2.7,15.1,1014.4,11.5,11.3,99.0,0.0,0.0,8.6,1015.7,0.0,,0,0,21.0
2024-10-16 02:00:00,,12.3,10.1,14.0,2.8,0.0,2.7,15.1,1014.4,10.8,10.8,100.0,0.1,3.6,9.4,1015.0,0.0,,0,0,21.0
2024-10-16 03:00:00,,12.3,10.1,14.0,2.8,0.0,2.7,15.1,1014.4,10.5,10.3,99.0,0.0,0.0,9.0,1014.6,0.0,,0,0,21.0
2024-10-16 04:00:00,,12.3,10.1,14.0,2.8,0.0,2.7,15.1,1014.4,10.2,10.0,99.0,0.0,3.6,9.0,1014.5,0.0,,0,0,20.714285714285715
2024-10-16 05:00:00,,12.3,10.1,14.0,2.8,0.0,2.7,15.1,1014.4,10.1,9.9,99.0,0.0,0.0,9.7,1014.1,0.0,,0,0,20.125
2024-10-16 06:00:00,,12.3,10.1,14.0,2.8,0.0,2.7,15.1,1014.4,10.3,10.3,100.0,0.0,3.6,7.9,1014.1,0.0,,0,0,23.285714285714285
2024-10-16 07:00:00,,12.3,10.1,14.0,2.8,0.0,2.7,15.1,1014.4,12.0,11.5,97.0,0.1,3.6,10.1,1014.5,0.0,,1,0,66.28571428571429
2024-10-16 08:00:00,,12.3,10.1,14.0,2.8,0.0,2.7,15.1,1014.4,13.1,12.5,96.0,0.0,3.6,8.3,1014.6,0.0,,1,0,163.71428571428572
2024-10-16 09:00:00,,12.3,10.1,14.0,2.8,0.0,2.7,15.1,1014.4,13.1,12.2,94.0,0.0,3.6,9.0,1015.4,0.0,,1,0,296.85714285714283
2024-10-16 10:00:00,,12.3,10.1,14.0,2.8,0.0,2.7,15.1,1014.4,13.2,12.6,96.0,0.0,3.6,12.2,1015.1,0.0,,1,0,377.875
2024-10-16 11:00:00,,12.3,10.1,14.0,2.8,0.0,2.7,15.1,1014.4,13.3,12.4,94.0,2.3,3.6,9.7,1015.0,0.0,,1,0,324.42857142857144
2024-10-16 12:00:00,,12.3,10.1,14.0,2.8,0.0,2.7,15.1,1014.4,13.3,12.7,96.0,0.3,3.6,7.6,1014.1,0.0,,1,0,262.2857142857143
2024-10-16 13:00:00,,12.3,10.1,14.0,2.8,0.0,2.7,15.1,1014.4,13.3,12.5,95.0,0.0,3.6,7.2,1013.9,0.0,,0,0,234.42857142857142
2024-10-16 14:00:00,,12.3,10.1,14.0,2.8,0.0,2.7,15.1,1014.4,13.4,12.5,94.0,0.0,3.6,8.6,1013.9,0.0,,0,0,244.14285714285714
2024-10-16 15:00:00,,12.3,10.1,14.0,2.8,0.0,2.7,15.1,1014.4,13.6,12.5,93.0,0.0,3.6,7.2,1013.1,0.0,,0,0,249.625
2024-10-16 16:00:00,,12.3,10.1,14.0,2.8,0.0,2.7,15.1,1014.4,14.0,12.9,93.0,0.0,3.6,10.8,1013.0,0.0,,0,0,210.0
2024-10-16 17:00:00,,12.3,10.1,14.0,2.8,0.0,2.7,15.1,1014.4,13.3,12.7,96.0,0.0,3.6,9.7,1013.0,0.0,,0,0,170.0
2024-10-16 18:00:00,,12.3,10.1,14.0,2.8,0.0,2.7,15.1,1014.4,13.0,12.4,96.0,0.0,0.0,8.3,1013.4,0.0,,0,0,146.57142857142858
2024-10-16 19:00:00,,12.3,10.1,14.0,2.8,0.0,2.7,15.1,1014.4,12.8,12.3,97.0,0.0,3.6,9.0,1013.5,0.0,,0,0,168.85714285714286
2024-10-16 20:00:00,,12.3,10.1,14.0,2.8,0.0,2.7,15.1,1014.4,12.2,12.2,100.0,0.0,3.6,6.8,1013.4,0.0,,0,0,180.125
2024-10-16 21:00:00,,12.3,10.1,14.0,2.8,0.0,2.7,15.1,1014.4,12.2,12.2,100.0,0.0,3.6,6.5,1014.1,0.0,,0,0,152.14285714285714
2024-10-16 22:00:00,,12.3,10.1,14.0,2.8,0.0,2.7,15.1,1014.4,12.4,12.4,100.0,0.0,3.6,8.6,1014.4,0.0,,0,0,110.85714285714286
2024-10-16 23:00:00,,12.3,10.1,14.0,2.8,0.0,2.7,15.1,1014.4,12.3,12.3,100.0,0.1,3.6,7.9,1014.3,0.0,,0,0,41.57142857142857
2024-10-17 00:00:00,,13.4,11.7,16.7,0.1,0.0,3.9,15.8,1014.3,12.2,12.0,99.0,0.0,7.2,11.9,1015.3,0.0,,0,0,28.857142857142858
2024-10-17 01:00:00,,13.4,11.7,16.7,0.1,0.0,3.9,15.8,1014.3,12.1,11.9,99.0,0.0,3.6,13.0,1015.2,0.0,,0,0,24.125
2024-10-17 02:00:00,,13.4,11.7,16.7,0.1,0.0,3.9,15.8,1014.3,12.1,11.8,98.0,0.0,3.6,6.8,1014.8,0.0,,0,0,24.0
2024-10-17 03:00:00,,13.4,11.7,16.7,0.1,0.0,3.9,15.8,1014.3,12.1,11.9,99.0,0.0,0.0,5.8,1014.5,0.0,,0,0,24.0
2024-10-17 04:00:00,,13.4,11.7,16.7,0.1,0.0,3.9,15.8,1014.3,11.7,11.5,99.0,0.0,3.6,8.6,1014.6,0.0,,0,0,24.0
2024-10-17 05:00:00,,13.4,11.7,16.7,0.1,0.0,3.9,15.8,1014.3,11.8,11.6,99.0,0.0,3.6,8.3,1015.3,0.0,,0,0,24.0
2024-10-17 06:00:00,,13.4,11.7,16.7,0.1,0.0,3.9,15.8,1014.3,11.9,11.7,99.0,0.0,0.0,7.6,1015.7,0.0,,0,0,26.25
2024-10-17 07:00:00,,13.4,11.7,16.7,0.1,0.0,3.9,15.8,1014.3,12.0,11.5,97.0,0.0,3.6,8.6,1015.9,0.0,,0,0,72.28571428571429
2024-10-17 08:00:00,,13.4,11.7,16.7,0.1,0.0,3.9,15.8,1014.3,12.5,11.9,96.0,0.0,3.6,7.6,1015.4,0.0,,0,0,164.42857142857142
2024-10-17 09:00:00,,13.4,11.7,16.7,0.1,0.0,3.9,15.8,1014.3,13.9,12.3,90.0,0.0,3.6,9.0,1015.3,0.0,,0,0,234.14285714285714
2024-10-17 10:00:00,,13.4,11.7,16.7,0.1,0.0,3.9,15.8,1014.3,14.2,12.6,90.0,0.0,7.2,10.8,1015.1,0.0,,0,0,299.85714285714283
2024-10-17 11:00:00,,13.4,11.7,16.7,0.1,0.0,3.9,15.8,1014.3,14.0,12.4,90.0,0.0,7.2,9.7,1014.8,0.0,,0,0,288.125
2024-10-17 12:00:00,,13.4,11.7,16.7,0.1,0.0,3.9,15.8,1014.3,13.3,12.2,93.0,0.0,7.2,12.2,1014.3,0.0,,0,0,235.28571428571428
2024-10-17 13:00:00,,13.4,11.7,16.7,0.1,0.0,3.9,15.8,1014.3,14.3,12.3,88.0,0.0,7.2,9.7,1013.7,1.0,,0,0,244.0
2024-10-17 14:00:00,,13.4,11.7,16.7,0.1,0.0,3.9,15.8,1014.3,16.7,13.2,80.0,0.0,3.6,10.1,1013.0,58.0,,0,0,252.71428571428572
2024-10-17 15:00:00,,13.4,11.7,16.7,0.1,0.0,3.9,15.8,1014.3,16.7,13.8,83.0,0.0,3.6,9.0,1012.8,18.0,,0,0,244.71428571428572
2024-10-17 16:00:00,,13.4,11.7,16.7,0.1,0.0,3.9,15.8,1014.3,15.7,13.7,88.0,0.0,3.6,8.3,1013.1,0.0,,0,0,204.0
2024-10-17 17:00:00,,13.4,11.7,16.7,0.1,0.0,3.9,15.8,1014.3,14.4,13.4,94.0,0.0,3.6,7.2,1013.4,0.0,,0,0,159.57142857142858
2024-10-17 18:00:00,,13.4,11.7,16.7,0.1,0.0,3.9,15.8,1014.3,13.5,13.0,97.0,0.0,0.0,9.0,1013.3,0.0,,0,0,163.28571428571428
2024-10-17 19:00:00,,13.4,11.7,16.7,0.1,0.0,3.9,15.8,1014.3,14.1,13.5,96.0,0.0,3.6,15.8,1013.0,0.0,,0,0,193.57142857142858
2024-10-17 20:00:00,,13.4,11.7,16.7,0.1,0.0,3.9,15.8,1014.3,13.9,13.3,96.0,0.0,3.6,7.6,1012.6,0.0,,0,0,159.14285714285714
2024-10-17 21:00:00,,13.4,11.7,16.7,0.1,0.0,3.9,15.8,1014.3,12.8,12.6,99.0,0.0,3.6,10.1,1012.9,0.0,,0,0,121.625
2024-10-17 22:00:00,,13.4,11.7,16.7,0.1,0.0,3.9,15.8,1014.3,12.8,12.6,99.0,0.0,3.6,10.8,1012.8,0.0,,0,0,70.85714285714286
2024-10-17 23:00:00,,13.4,11.7,16.7,0.1,0.0,3.9,15.8,1014.3,12.8,12.6,99.0,0.0,0.0,9.4,1012.3,0.0,,0,0,40.57142857142857
2024-10-18 00:00:00,,14.3,12.6,17.5,6.5,0.0,3.6,27.0,1013.3,12.9,12.9,100.0,0.0,3.6,8.3,1012.1,0.0,,0,0,26.428571428571427
2024-10-18 01:00:00,,14.3,12.6,17.5,6.5,0.0,3.6,27.0,1013.3,12.6,12.4,99.0,0.0,3.6,6.8,1011.4,0.0,,0,0,22.428571428571427
2024-10-18 02:00:00,,14.3,12.6,17.5,6.5,0.0,3.6,27.0,1013.3,13.1,12.9,99.0,0.0,3.6,7.9,1010.9,0.0,,0,0,21.142857142857142
2024-10-18 03:00:00,,14.3,12.6,17.5,6.5,0.0,3.6,27.0,1013.3,12.9,12.7,99.0,0.0,3.6,4.7,1011.1,0.0,,0,0,21.0
2024-10-18 04:00:00,,14.3,12.6,17.5,6.5,0.0,3.6,27.0,1013.3,13.0,13.0,100.0,0.0,3.6,6.5,1011.7,0.0,,0,0,21.0
2024-10-18 05:00:00,,14.3,12.6,17.5,6.5,0.0,3.6,27.0,1013.3,13.0,12.8,99.0,0.2,0.0,6.8,1011.9,0.0,,0,0,21.714285714285715
2024-10-18 06:00:00,,14.3,12.6,17.5,6.5,0.0,3.6,27.0,1013.3,12.7,12.5,99.0,0.2,3.6,4.7,1012.8,0.0,,0,0,24.0
2024-10-18 07:00:00,,14.3,12.6,17.5,6.5,0.0,3.6,27.0,1013.3,13.4,12.9,97.0,0.0,7.2,13.7,1013.8,0.0,,0,0,62.125
2024-10-18 08:00:00,,14.3,12.6,17.5,6.5,0.0,3.6,27.0,1013.3,14.5,13.7,95.0,0.1,3.6,13.3,1013.9,0.0,,0,0,178.0
2024-10-18 09:00:00,,14.3,12.6,17.5,6.5,0.0,3.6,27.0,1013.3,15.7,14.2,91.0,0.0,3.6,12.6,1013.6,0.0,,0,0,336.57142857142856
2024-10-18 10:00:00,,14.3,12.6,17.5,6.5,0.0,3.6,27.0,1013.3,16.5,13.8,84.0,0.0,7.2,11.5,1013.7,1.0,,0,0,424.0
2024-10-18 11:00:00,,14.3,12.6,17.5,6.5,0.0,3.6,27.0,1013.3,17.1,14.2,83.0,0.0,3.6,9.7,1013.5,1.0,,0,0,403.2857142857143
2024-10-18 12:00:00,,14.3,12.6,17.5,6.5,0.0,3.6,27.0,1013.3,17.5,13.8,79.0,2.4,3.6,11.9,1012.8,2.0,,0,0,347.0
2024-10-18 13:00:00,,14.3,12.6,17.5,6.5,0.0,3.6,27.0,1013.3,17.0,13.7,81.0,2.2,3.6,9.4,1013.1,0.0,,0,0,296.57142857142856
2024-10-18 14:00:00,,14.3,12.6,17.5,6.5,0.0,3.6,27.0,1013.3,16.8,13.7,82.0,0.9,3.6,7.9,1013.9,0.0,,0,0,299.14285714285717
2024-10-18 15:00:00,,14.3,12.6,17.5,6.5,0.0,3.6,27.0,1013.3,15.6,14.8,95.0,0.0,3.6,9.0,1013.9,0.0,,0,0,343.85714285714283
2024-10-18 16:00:00,,14.3,12.6,17.5,6.5,0.0,3.6,27.0,1013.3,15.3,14.5,95.0,0.5,7.2,14.0,1013.7,0.0,,0,0,391.2857142857143
2024-10-18 17:00:00,,14.3,12.6,17.5,6.5,0.0,3.6,27.0,1013.3,14.7,14.2,97.0,0.0,0.0,8.6,1014.1,0.0,,0,0,353.0
2024-10-18 18:00:00,,14.3,12.6,17.5,6.5,0.0,3.6,27.0,1013.3,14.5,14.0,97.0,0.0,0.0,9.4,1015.0,0.0,,0,0,255.0
2024-10-18 19:00:00,,14.3,12.6,17.5,6.5,0.0,3.6,27.0,1013.3,14.0,13.8,99.0,0.0,3.6,10.8,1015.4,0.0,,0,0,182.42857142857142
2024-10-18 20:00:00,,14.3,12.6,17.5,6.5,0.0,3.6,27.0,1013.3,12.9,12.6,98.0,0.0,7.2,15.1,1015.9,0.0,,0,0,181.42857142857142
2024-10-18 21:00:00,,14.3,12.6,17.5,6.5,0.0,3.6,27.0,1013.3,12.8,12.3,97.0,0.0,3.6,27.0,1016.3,0.0,,0,0,160.14285714285714
2024-10-18 22:00:00,,14.3,12.6,17.5,6.5,0.0,3.6,27.0,1013.3,10.5,10.3,99.0,0.0,3.6,27.4,1016.9,0.0,,0,0,122.42857142857143
2024-10-18 23:00:00,,14.3,12.6,17.5,6.5,0.0,3.6,27.0,1013.3,10.5,10.2,98.0,0.0,3.6,31.0,1017.1,0.0,,0,0,87.875
2024-10-19 00:00:00,,11.1,8.2,13.6,2.1,0.0,3.0,31.0,1019.1,9.9,9.7,99.0,0.0,3.6,16.9,1017.2,0.0,,0,0,56.142857142857146
2024-10-19 01:00:00,,11.1,8.2,13.6,2.1,0.0,3.0,31.0,1019.1,9.7,9.7,100.0,0.0,3.6,16.2,1017.5,0.0,,0,0,37.285714285714285
2024-10-19 02:00:00,,11.1,8.2,13.6,2.1,0.0,3.0,31.0,1019.1,8.8,8.8,100.0,0.0,3.6,12.2,1017.9,0.0,,0,0,25.142857142857142
2024-10-19 03:00:00,,11.1,8.2,13.6,2.1,0.0,3.0,31.0,1019.1,8.2,8.1,99.0,0.0,0.0,12.2,1018.3,0.0,,0,0,21.428571428571427
2024-10-19 04:00:00,,11.1,8.2,13.6,2.1,0.0,3.0,31.0,1019.1,8.2,8.2,100.0,0.0,0.0,10.1,1018.5,0.0,,0,0,18.375
2024-10-19 05:00:00,,11.1,8.2,13.6,2.1,0.0,3.0,31.0,1019.1,8.2,8.2,100.0,0.1,0.0,8.6,1018.5,0.0,,0,0,18.428571428571427
2024-10-19 06:00:00,,11.1,8.2,13.6,2.1,0.0,3.0,31.0,1019.1,8.3,8.3,100.0,0.0,0.0,7.9,1018.7,0.0,,0,0,19.857142857142858
2024-10-19 07:00:00,,11.1,8.2,13.6,2.1,0.0,3.0,31.0,1019.1,8.9,8.9,100.0,0.0,0.0,4.3,1018.9,0.0,,1,0,28.142857142857142
2024-10-19 08:00:00,,11.1,8.2,13.6,2.1,0.0,3.0,31.0,1019.1,10.5,10.3,99.0,0.0,3.6,5.8,1019.1,0.0,,1,0,108.0
2024-10-19 09:00:00,,11.1,8.2,13.6,2.1,0.0,3.0,31.0,1019.1,12.2,10.3,88.0,0.0,0.0,9.7,1018.9,30.0,,1,0,339.375
2024-10-19 10:00:00,,11.1,8.2,13.6,2.1,0.0,3.0,31.0,1019.1,13.0,11.1,88.0,0.0,3.6,11.2,1019.1,38.0,,1,0,429.2857142857143
2024-10-19 11:00:00,,11.1,8.2,13.6,2.1,0.0,3.0,31.0,1019.1,13.2,10.9,86.0,0.0,7.2,11.2,1019.0,2.0,,1,0,428.2857142857143
2024-10-19 12:00:00,,11.1,8.2,13.6,2.1,0.0,3.0,31.0,1019.1,13.6,10.9,84.0,0.0,7.2,10.4,1018.9,1.0,,1,0,389.85714285714283
2024-10-19 13:00:00,,11.1,8.2,13.6,2.1,0.0,3.0,31.0,1019.1,13.1,11.3,89.0,0.0,3.6,11.2,1019.2,0.0,,0,0,305.7142857142857
2024-10-19 14:00:00,,11.1,8.2,13.6,2.1,0.0,3.0,31.0,1019.1,12.7,11.3,91.0,0.0,3.6,10.8,1019.8,0.0,,0,0,327.375
2024-10-19 15:00:00,,11.1,8.2,13.6,2.1,0.0,3.0,31.0,1019.1,12.8,11.4,91.0,0.2,3.6,6.1,1020.2,0.0,,0,0,371.14285714285717
2024-10-19 16:00:00,,11.1,8.2,13.6,2.1,0.0,3.0,31.0,1019.1,12.5,11.4,93.0,0.4,3.6,8.6,1020.1,0.0,,0,0,322.85714285714283
2024-10-19 17:00:00,,11.1,8.2,13.6,2.1,0.0,3.0,31.0,1019.1,12.5,11.4,93.0,0.6,3.6,4.7,1020.4,0.0,,0,0,215.42857142857142
2024-10-19 18:00:00,,11.1,8.2,13.6,2.1,0.0,3.0,31.0,1019.1,12.6,11.5,93.0,0.4,3.6,11.9,1020.6,0.0,,0,0,124.57142857142857
2024-10-19 19:00:00,,11.1,8.2,13.6,2.1,0.0,3.0,31.0,1019.1,11.7,11.2,97.0,0.3,3.6,13.0,1020.8,0.0,,0,0,131.875
2024-10-19 20:00:00,,11.1,8.2,13.6,2.1,0.0,3.0,31.0,1019.1,12.9,11.3,90.0,0.1,4.7,15.1,1021.4,0.0,,0,0,122.85714285714286
2024-10-19 21:00:00,,11.1,8.2,13.6,2.1,0.0,3.0,31.0,1019.1,10.7,10.5,99.0,0.0,3.6,8.3,1020.9,0.0,,0,0,107.57142857142857
2024-10-19 22:00:00,,11.1,8.2,13.6,2.1,0.0,3.0,31.0,1019.1,10.0,9.8,99.0,0.0,0.0,8.6,1020.7,0.0,,0,0,96.85714285714286
2024-10-19 23:00:00,,11.1,8.2,13.6,2.1,0.0,3.0,31.0,1019.1,9.4,9.4,100.0,0.0,3.6,10.8,1021.2,0.0,,0,0,86.71428571428571
2024-10-20 00:00:00,,11.1,7.2,15.9,0.0,0.0,2.4,25.6,1023.2,9.6,9.5,99.0,0.0,0.0,9.4,1021.3,0.0,,0,0,55.5
2024-10-20 01:00:00,,11.1,7.2,15.9,0.0,0.0,2.4,25.6,1023.2,9.4,9.4,100.0,0.0,3.6,6.5,1021.2,0.0,,0,0,35.285714285714285
2024-10-20 02:00:00,,11.1,7.2,15.9,0.0,0.0,2.4,25.6,1023.2,8.9,8.9,100.0,0.0,0.0,8.6,1021.1,0.0,,0,0,24.428571428571427
2024-10-20 03:00:00,,11.1,7.2,15.9,0.0,0.0,2.4,25.6,1023.2,8.5,8.5,100.0,0.0,0.0,9.0,1021.8,0.0,,0,0,16.857142857142858
2024-10-20 04:00:00,,11.1,7.2,15.9,0.0,0.0,2.4,25.6,1023.2,8.0,8.0,100.0,0.0,0.0,7.2,1022.3,0.0,,0,0,14.857142857142858
2024-10-20 05:00:00,,11.1,7.2,15.9,0.0,0.0,2.4,25.6,1023.2,7.2,7.2,100.0,0.0,3.6,10.4,1022.4,0.0,,0,0,13.0
2024-10-20 06:00:00,,11.1,7.2,15.9,0.0,0.0,2.4,25.6,1023.2,7.7,7.7,100.0,0.0,0.0,9.0,1022.8,0.0,,0,0,13.285714285714286
2024-10-20 07:00:00,,11.1,7.2,15.9,0.0,0.0,2.4,25.6,1023.2,9.0,8.9,99.0,0.0,0.0,11.2,1023.2,0.0,,0,0,14.0
2024-10-20 08:00:00,,11.1,7.2,15.9,0.0,0.0,2.4,25.6,1023.2,11.2,10.6,96.0,0.0,0.0,6.8,1023.8,11.0,,0,0,16.714285714285715
2024-10-20 09:00:00,,11.1,7.2,15.9,0.0,0.0,2.4,25.6,1023.2,12.2,10.8,91.0,0.0,3.6,6.5,1023.5,2.0,,0,0,31.428571428571427
2024-10-20 10:00:00,,11.1,7.2,15.9,0.0,0.0,2.4,25.6,1023.2,14.4,11.2,81.0,0.0,3.6,10.1,1022.6,38.0,,0,0,39.0
2024-10-20 11:00:00,,11.1,7.2,15.9,0.0,0.0,2.4,25.6,1023.2,15.5,11.1,75.0,0.0,3.6,17.6,1022.2,60.0,,0,0,32.0
2024-10-20 12:00:00,,11.1,7.2,15.9,0.0,0.0,2.4,25.6,1023.2,14.1,10.9,81.0,0.0,10.8,25.6,1023.3,23.0,,0,0,42.285714285714285
2024-10-20 13:00:00,,11.1,7.2,15.9,0.0,0.0,2.4,25.6,1023.2,14.5,11.1,80.0,0.0,7.2,16.9,1023.1,20.0,,0,0,41.714285714285715
2024-10-20 14:00:00,,11.1,7.2,15.9,0.0,0.0,2.4,25.6,1023.2,14.5,11.1,80.0,0.0,7.2,15.8,1023.2,19.0,,0,0,31.428571428571427
2024-10-20 15:00:00,,11.1,7.2,15.9,0.0,0.0,2.4,25.6,1023.2,15.9,13.7,87.0,0.0,3.2,14.4,1023.6,17.0,,0,0,35.875
2024-10-20 16:00:00,,11.1,7.2,15.9,0.0,0.0,2.4,25.6,1023.2,13.7,11.0,84.0,0.0,3.6,7.6,1024.2,1.0,,0,0,34.285714285714285
2024-10-20 17:00:00,,11.1,7.2,15.9,0.0,0.0,2.4,25.6,1023.2,12.2,10.8,91.0,0.0,0.0,8.6,1024.8,0.0,,0,0,37.285714285714285
2024-10-20 18:00:00,,11.1,7.2,15.9,0.0,0.0,2.4,25.6,1023.2,11.5,10.7,95.0,0.0,0.0,8.3,1025.4,0.0,,0,0,49.57142857142857
2024-10-20 19:00:00,,11.1,7.2,15.9,0.0,0.0,2.4,25.6,1023.2,10.7,10.2,97.0,0.0,0.0,11.5,1025.6,0.0,,0,0,61.0
2024-10-20 20:00:00,,11.1,7.2,15.9,0.0,0.0,2.4,25.6,1023.2,9.9,9.6,98.0,0.0,3.6,8.3,1026.1,0.0,,0,0,38.375
2024-10-20 21:00:00,,11.1,7.2,15.9,0.0,0.0,2.4,25.6,1023.2,9.5,9.4,99.0,0.0,0.0,7.9,1026.7,0.0,,0,0,21.571428571428573
2024-10-20 22:00:00,,11.1,7.2,15.9,0.0,0.0,2.4,25.6,1023.2,9.6,9.5,99.0,0.0,0.0,10.1,1026.9,0.0,,0,0,13.571428571428571
2024-10-20 23:00:00,,11.1,7.2,15.9,0.0,0.0,2.4,25.6,1023.2,9.2,9.2,100.0,0.0,3.6,8.6,1027.4,0.0,,0,0,12.142857142857142
2024-10-21 00:00:00,,10.6,7.2,14.7,0.1,0.0,3.5,16.2,1026.9,8.6,8.6,100.0,0.0,3.6,8.6,1028.0,0.0,,0,0,12.0
2024-10-21 01:00:00,,10.6,7.2,14.7,0.1,0.0,3.5,16.2,1026.9,7.9,7.9,100.0,0.0,0.0,12.6,1028.0,0.0,,0,0,11.125
2024-10-21 02:00:00,,10.6,7.2,14.7,0.1,0.0,3.5,16.2,1026.9,8.4,8.4,100.0,0.0,0.0,5.0,1027.8,0.0,,0,0,11.0
2024-10-21 03:00:00,,10.6,7.2,14.7,0.1,0.0,3.5,16.2,1026.9,8.0,8.0,100.0,0.0,3.6,10.8,1028.3,0.0,,0,0,11.0
2024-10-21 04:00:00,,10.6,7.2,14.7,0.1,0.0,3.5,16.2,1026.9,7.2,7.2,100.0,0.0,3.6,6.8,1028.6,0.0,,0,0,11.0
2024-10-21 05:00:00,,10.6,7.2,14.7,0.1,0.0,3.5,16.2,1026.9,7.5,7.4,99.0,0.1,3.6,7.9,1028.8,0.0,,0,0,11.0
2024-10-21 06:00:00,,10.6,7.2,14.7,0.1,0.0,3.5,16.2,1026.9,7.4,7.4,100.0,0.0,3.6,7.6,1028.8,0.0,,0,0,13.0
2024-10-21 07:00:00,,10.6,7.2,14.7,0.1,0.0,3.5,16.2,1026.9,7.2,7.2,100.0,0.0,3.6,5.8,1029.1,0.0,,0,0,62.714285714285715
2024-10-21 08:00:00,,10.6,7.2,14.7,0.1,0.0,3.5,16.2,1026.9,9.9,9.9,100.0,0.0,3.6,5.0,1028.4,22.0,,0,0,143.57142857142858
2024-10-21 09:00:00,,10.6,7.2,14.7,0.1,0.0,3.5,16.2,1026.9,11.1,10.9,99.0,0.0,3.6,7.2,1027.7,59.0,,0,0,334.0
2024-10-21 10:00:00,,10.6,7.2,14.7,0.1,0.0,3.5,16.2,1026.9,13.7,12.1,90.0,0.0,3.6,9.7,1026.8,60.0,,0,0,386.25
2024-10-21 11:00:00,,10.6,7.2,14.7,0.1,0.0,3.5,16.2,1026.9,13.1,11.5,90.0,0.0,10.8,11.9,1026.4,19.0,,0,0,296.0
2024-10-21 12:00:00,,10.6,7.2,14.7,0.1,0.0,3.5,16.2,1026.9,12.4,11.1,92.0,0.0,7.2,10.4,1026.3,0.0,,0,0,211.71428571428572
2024-10-21 13:00:00,,10.6,7.2,14.7,0.1,0.0,3.5,16.2,1026.9,13.2,11.6,90.0,0.0,7.2,10.1,1025.7,0.0,,0,0,198.0
2024-10-21 14:00:00,,10.6,7.2,14.7,0.1,0.0,3.5,16.2,1026.9,14.7,11.8,83.0,0.0,3.6,8.6,1024.9,32.0,,0,0,209.28571428571428
2024-10-21 15:00:00,,10.6,7.2,14.7,0.1,0.0,3.5,16.2,1026.9,14.7,11.7,82.0,0.0,7.2,5.0,1024.5,59.0,,0,0,216.0
2024-10-21 16:00:00,,10.6,7.2,14.7,0.1,0.0,3.5,16.2,1026.9,14.1,12.0,87.0,0.0,3.6,4.0,1024.6,59.0,,0,0,165.57142857142858
2024-10-21 17:00:00,,10.6,7.2,14.7,0.1,0.0,3.5,16.2,1026.9,12.6,11.7,94.0,0.0,0.0,4.0,1025.1,0.0,,0,0,105.14285714285714
2024-10-21 18:00:00,,10.6,7.2,14.7,0.1,0.0,3.5,16.2,1026.9,12.1,11.5,96.0,0.0,3.6,16.2,1025.6,0.0,,0,0,76.0
2024-10-21 19:00:00,,10.6,7.2,14.7,0.1,0.0,3.5,16.2,1026.9,11.2,11.0,99.0,0.0,0.0,7.9,1025.8,0.0,,0,0,78.42857142857143
2024-10-21 20:00:00,,10.6,7.2,14.7,0.1,0.0,3.5,16.2,1026.9,10.6,10.4,99.0,0.0,3.6,7.6,1026.0,0.0,,0,0,68.875
2024-10-21 21:00:00,,10.6,7.2,14.7,0.1,0.0,3.5,16.2,1026.9,10.2,10.0,99.0,0.0,0.0,6.8,1026.5,0.0,,0,0,47.142857142857146
2024-10-21 22:00:00,,10.6,7.2,14.7,0.1,0.0,3.5,16.2,1026.9,9.8,9.8,100.0,0.0,0.0,5.8,1026.7,0.0,,0,0,19.857142857142858
2024-10-21 23:00:00,,10.6,7.2,14.7,0.1,0.0,3.5,16.2,1026.9,9.2,9.1,99.0,0.0,0.0,5.0,1026.9,0.0,,0,0,6.285714285714286
2024-10-22 00:00:00,,13.5,8.9,18.6,17.4,0.0,2.4,27.4,1028.0,8.9,8.8,99.0,0.0,0.0,6.5,1027.2,0.0,,0,0,6.0
2024-10-22 01:00:00,,13.5,8.9,18.6,17.4,0.0,2.4,27.4,1028.0,9.1,9.0,99.0,0.0,0.0,11.2,1027.1,0.0,,0,0,6.0
2024-10-22 02:00:00,,13.5,8.9,18.6,17.4,0.0,2.4,27.4,1028.0,9.2,9.2,100.0,0.0,3.6,7.6,1027.5,0.0,,0,0,6.0
2024-10-22 03:00:00,,13.5,8.9,18.6,17.4,0.0,2.4,27.4,1028.0,10.0,10.0,100.0,0.0,0.0,7.2,1027.7,0.0,,0,0,6.0
2024-10-22 04:00:00,,13.5,8.9,18.6,17.4,0.0,2.4,27.4,1028.0,11.0,11.0,100.0,0.0,7.2,13.0,1027.5,0.0,,0,0,6.0
2024-10-22 05:00:00,,13.5,8.9,18.6,17.4,0.0,2.4,27.4,1028.0,11.2,11.2,100.0,0.0,3.6,7.6,1027.7,0.0,,0,0,6.285714285714286
2024-10-22 06:00:00,,13.5,8.9,18.6,17.4,0.0,2.4,27.4,1028.0,11.4,11.2,99.0,0.0,0.0,6.8,1028.1,0.0,,0,0,16.375
2024-10-22 07:00:00,,13.5,8.9,18.6,17.4,0.0,2.4,27.4,1028.0,11.6,11.6,100.0,0.1,3.6,13.0,1028.6,0.0,,0,0,76.28571428571429
2024-10-22 08:00:00,,13.5,8.9,18.6,17.4,0.0,2.4,27.4,1028.0,12.5,12.0,97.0,0.7,3.6,12.6,1029.1,0.0,,0,0,154.71428571428572
2024-10-22 09:00:00,,13.5,8.9,18.6,17.4,0.0,2.4,27.4,1028.0,13.8,12.4,91.0,0.5,3.6,25.9,1029.1,0.0,,0,0,229.28571428571428
2024-10-22 10:00:00,,13.5,8.9,18.6,17.4,0.0,2.4,27.4,1028.0,15.2,13.6,90.0,0.2,7.6,27.4,1029.6,0.0,,0,0,266.85714285714283
2024-10-22 11:00:00,,13.5,8.9,18.6,17.4,0.0,2.4,27.4,1028.0,16.3,13.6,84.0,0.1,3.6,10.8,1028.2,3.0,,0,0,253.5
2024-10-22 12:00:00,,13.5,8.9,18.6,17.4,0.0,2.4,27.4,1028.0,17.2,13.7,80.0,0.0,0.0,10.8,1027.5,0.0,,0,0,237.85714285714286
2024-10-22 13:00:00,,13.5,8.9,18.6,17.4,0.0,2.4,27.4,1028.0,17.9,15.7,87.0,0.2,3.6,7.6,1027.0,0.0,,0,0,217.14285714285714
2024-10-22 14:00:00,,13.5,8.9,18.6,17.4,0.0,2.4,27.4,1028.0,18.6,15.5,82.0,0.1,3.6,4.0,1027.0,0.0,,0,0,223.71428571428572
2024-10-22 15:00:00,,13.5,8.9,18.6,17.4,0.0,2.4,27.4,1028.0,18.1,15.5,85.0,0.0,0.0,5.0,1027.2,0.0,,0,0,241.85714285714286
2024-10-22 16:00:00,,13.5,8.9,18.6,17.4,0.0,2.4,27.4,1028.0,17.0,15.2,89.0,0.1,3.6,5.0,1027.4,2.0,,0,0,238.25
2024-10-22 17:00:00,,13.5,8.9,18.6,17.4,0.0,2.4,27.4,1028.0,15.5,14.4,93.0,1.9,3.6,8.6,1028.2,0.0,,0,0,185.42857142857142
2024-10-22 18:00:00,,13.5,8.9,18.6,17.4,0.0,2.4,27.4,1028.0,15.1,14.3,95.0,1.7,3.6,13.3,1028.4,0.0,,0,0,139.57142857142858
2024-10-22 19:00:00,,13.5,8.9,18.6,17.4,0.0,2.4,27.4,1028.0,15.4,14.3,93.0,0.8,0.0,11.9,1029.0,0.0,,0,0,145.28571428571428
2024-10-22 20:00:00,,13.5,8.9,18.6,17.4,0.0,2.4,27.4,1028.0,14.5,14.0,97.0,10.0,0.0,18.0,1030.0,0.0,,0,0,128.71428571428572
2024-10-22 21:00:00,,13.5,8.9,18.6,17.4,0.0,2.4,27.4,1028.0,14.3,13.8,97.0,1.0,3.6,13.3,1030.3,0.0,,0,0,87.875
2024-10-22 22:00:00,,13.5,8.9,18.6,17.4,0.0,2.4,27.4,1028.0,14.0,13.4,96.0,0.3,7.2,10.8,1030.4,0.0,,0,0,44.0
2024-10-22 23:00:00,,13.5,8.9,18.6,17.4,0.0,2.4,27.4,1028.0,13.7,13.2,97.0,0.3,3.6,15.1,1030.6,0.0,,0,0,25.857142857142858
2024-10-23 00:00:00,,12.4,11.4,14.0,5.0,0.0,4.1,16.2,1030.9,13.5,13.0,97.0,0.2,7.2,15.5,1030.7,0.0,,0,0,17.714285714285715
2024-10-23 01:00:00,,12.4,11.4,14.0,5.0,0.0,4.1,16.2,1030.9,13.2,12.7,97.0,0.4,3.6,10.1,1030.9,0.0,,0,0,17.0
2024-10-23 02:00:00,,12.4,11.4,14.0,5.0,0.0,4.1,16.2,1030.9,12.7,12.4,98.0,0.1,7.2,12.6,1031.0,0.0,,0,0,17.0
2024-10-23 03:00:00,,12.4,11.4,14.0,5.0,0.0,4.1,16.2,1030.9,12.7,12.5,99.0,0.1,3.6,16.2,1031.0,0.0,,0,0,17.0
2024-10-23 04:00:00,,12.4,11.4,14.0,5.0,0.0,4.1,16.2,1030.9,12.6,12.4,99.0,0.6,3.6,11.5,1030.9,0.0,,0,0,16.714285714285715
2024-10-23 05:00:00,,12.4,11.4,14.0,5.0,0.0,4.1,16.2,1030.9,13.5,13.2,98.0,0.2,9.0,7.9,1031.0,0.0,,0,0,16.0
2024-10-23 06:00:00,,12.4,11.4,14.0,5.0,0.0,4.1,16.2,1030.9,12.1,11.6,97.0,0.1,7.2,10.4,1031.2,0.0,,0,0,18.142857142857142
2024-10-23 07:00:00,,12.4,11.4,14.0,5.0,0.0,4.1,16.2,1030.9,11.8,11.5,98.0,0.0,3.6,12.6,1031.7,0.0,,1,0,66.0
2024-10-23 08:00:00,,12.4,11.4,14.0,5.0,0.0,4.1,16.2,1030.9,11.6,11.1,97.0,0.1,3.6,10.8,1032.1,0.0,,1,0,201.14285714285714
2024-10-23 09:00:00,,12.4,11.4,14.0,5.0,0.0,4.1,16.2,1030.9,11.4,10.9,97.0,0.0,3.6,11.9,1032.5,0.0,,1,0,325.0
2024-10-23 10:00:00,,12.4,11.4,14.0,5.0,0.0,4.1,16.2,1030.9,11.4,10.8,96.0,0.2,3.6,15.1,1032.5,0.0,,1,0,362.3333333333333
2024-10-23 11:00:00,,12.4,11.4,14.0,5.0,0.0,4.1,16.2,1030.9,11.8,11.3,97.0,2.0,0.0,11.5,1032.2,0.0,,1,0,309.14285714285717
2024-10-23 12:00:00,,12.4,11.4,14.0,5.0,0.0,4.1,16.2,1030.9,11.9,11.4,97.0,0.1,3.6,11.2,1031.7,0.0,,1,0,236.85714285714286
2024-10-23 13:00:00,,12.4,11.4,14.0,5.0,0.0,4.1,16.2,1030.9,12.1,11.5,96.0,0.1,3.6,7.6,1031.0,0.0,,0,0,220.42857142857142
2024-10-23 14:00:00,,12.4,11.4,14.0,5.0,0.0,4.1,16.2,1030.9,12.2,11.6,96.0,0.0,3.6,8.6,1030.7,0.0,,0,0,235.85714285714286
2024-10-23 15:00:00,,12.4,11.4,14.0,5.0,0.0,4.1,16.2,1030.9,12.5,11.7,95.0,0.0,3.6,7.2,1030.3,0.0,,0,0,259.0
2024-10-23 16:00:00,,12.4,11.4,14.0,5.0,0.0,4.1,16.2,1030.9,12.6,12.0,96.0,0.0,3.6,8.6,1030.0,0.0,,0,0,222.14285714285714
2024-10-23 17:00:00,,12.4,11.4,14.0,5.0,0.0,4.1,16.2,1030.9,12.5,11.9,96.0,0.0,3.6,9.0,1030.0,0.0,,0,0,149.71428571428572
2024-10-23 18:00:00,,12.4,11.4,14.0,5.0,0.0,4.1,16.2,1030.9,12.2,11.9,98.0,0.0,3.6,11.2,1029.9,0.0,,0,0,153.85714285714286
2024-10-23 19:00:00,,12.4,11.4,14.0,5.0,0.0,4.1,16.2,1030.9,11.9,11.7,99.0,0.1,0.0,9.7,1029.8,0.0,,0,0,271.42857142857144
2024-10-23 20:00:00,,12.4,11.4,14.0,5.0,0.0,4.1,16.2,1030.9,11.7,11.5,99.0,0.1,3.6,10.8,1029.7,0.0,,0,0,310.5
2024-10-23 21:00:00,,12.4,11.4,14.0,5.0,0.0,4.1,16.2,1030.9,11.7,11.4,98.0,0.0,3.6,9.4,1029.5,0.0,,0,0,276.85714285714283
2024-10-23 22:00:00,,12.4,11.4,14.0,5.0,0.0,4.1,16.2,1030.9,11.7,11.5,99.0,0.0,0.0,9.0,1029.1,0.0,,0,0,119.28571428571429
2024-10-23 23:00:00,,12.4,11.4,14.0,5.0,0.0,4.1,16.2,1030.9,11.6,11.3,98.0,0.0,0.0,5.8,1028.9,0.0,,0,0,45.857142857142854
2024-10-24 00:00:00,,12.1,9.9,14.3,0.0,0.0,2.7,13.0,1026.4,11.6,11.4,99.0,0.0,0.0,7.9,1028.6,0.0,,0,0,26.571428571428573
2024-10-24 01:00:00,,12.1,9.9,14.3,0.0,0.0,2.7,13.0,1026.4,11.8,11.5,98.0,0.0,0.0,9.7,1028.3,0.0,,0,0,22.142857142857142
2024-10-24 02:00:00,,12.1,9.9,14.3,0.0,0.0,2.7,13.0,1026.4,11.7,11.2,97.0,0.0,3.6,6.5,1027.8,0.0,,0,0,19.125
2024-10-24 03:00:00,,12.1,9.9,14.3,0.0,0.0,2.7,13.0,1026.4,11.7,11.4,98.0,0.0,0.0,6.1,1027.4,0.0,,0,0,18.0
2024-10-24 04:00:00,,12.1,9.9,14.3,0.0,0.0,2.7,13.0,1026.4,11.5,11.0,97.0,0.0,3.6,6.5,1027.1,0.0,,0,0,18.0
2024-10-24 05:00:00,,12.1,9.9,14.3,0.0,0.0,2.7,13.0,1026.4,11.5,11.0,97.0,0.0,3.6,5.4,1026.7,0.0,,0,0,18.0
2024-10-24 06:00:00,,12.1,9.9,14.3,0.0,0.0,2.7,13.0,1026.4,11.6,11.3,98.0,0.0,0.0,7.9,1026.7,0.0,,0,0,19.142857142857142
2024-10-24 07:00:00,,12.1,9.9,14.3,0.0,0.0,2.7,13.0,1026.4,11.6,11.1,97.0,0.0,3.6,9.7,1027.0,0.0,,0,0,63.75
2024-10-24 08:00:00,,12.1,9.9,14.3,0.0,0.0,2.7,13.0,1026.4,11.8,11.3,97.0,0.0,3.6,8.3,1027.4,0.0,,0,0,151.85714285714286
2024-10-24 09:00:00,,12.1,9.9,14.3,0.0,0.0,2.7,13.0,1026.4,12.5,11.6,94.0,0.0,3.6,6.5,1027.2,0.0,,0,0,241.85714285714286
2024-10-24 10:00:00,,12.1,9.9,14.3,0.0,0.0,2.7,13.0,1026.4,14.1,11.4,84.0,0.0,3.6,8.6,1026.8,17.0,,0,0,303.0
2024-10-24 11:00:00,,12.1,9.9,14.3,0.0,0.0,2.7,13.0,1026.4,14.3,11.1,81.0,0.0,3.6,9.4,1026.4,33.0,,0,0,288.125
2024-10-24 12:00:00,,12.1,9.9,14.3,0.0,0.0,2.7,13.0,1026.4,14.3,11.1,81.0,0.0,7.2,10.1,1025.8,17.0,,0,0,240.85714285714286
2024-10-24 13:00:00,,12.1,9.9,14.3,0.0,0.0,2.7,13.0,1026.4,14.2,11.2,82.0,0.0,7.2,12.2,1025.3,5.0,,0,0,237.0
2024-10-24 14:00:00,,12.1,9.9,14.3,0.0,0.0,2.7,13.0,1026.4,14.3,11.1,81.0,0.0,7.2,13.0,1024.7,7.0,,0,0,261.57142857142856
2024-10-24 15:00:00,,12.1,9.9,14.3,0.0,0.0,2.7,13.0,1026.4,13.8,10.8,82.0,0.0,3.6,11.2,1024.4,0.0,,0,0,257.0
2024-10-24 16:00:00,,12.1,9.9,14.3,0.0,0.0,2.7,13.0,1026.4,13.4,10.8,84.0,0.0,3.6,7.6,1024.1,0.0,,0,0,225.0
2024-10-24 17:00:00,,12.1,9.9,14.3,0.0,0.0,2.7,13.0,1026.4,11.6,10.7,94.0,0.0,3.6,10.4,1024.8,0.0,,0,0,167.75
2024-10-24 18:00:00,,12.1,9.9,14.3,0.0,0.0,2.7,13.0,1026.4,10.5,10.0,97.0,0.0,0.0,8.6,1025.1,0.0,,0,0,140.0
2024-10-24 19:00:00,,12.1,9.9,14.3,0.0,0.0,2.7,13.0,1026.4,10.1,9.9,99.0,0.0,3.6,7.6,1025.1,0.0,,0,0,147.57142857142858
2024-10-24 20:00:00,,12.1,9.9,14.3,0.0,0.0,2.7,13.0,1026.4,9.9,9.7,99.0,0.0,0.0,5.8,1025.0,0.0,,0,0,130.85714285714286
2024-10-24 21:00:00,,12.1,9.9,14.3,0.0,0.0,2.7,13.0,1026.4,9.9,9.9,100.0,0.0,0.0,6.1,1024.5,0.0,,0,0,88.71428571428571
2024-10-24 22:00:00,,12.1,9.9,14.3,0.0,0.0,2.7,13.0,1026.4,8.7,8.6,99.0,0.0,0.0,7.9,1024.2,0.0,,0,0,45.5
2024-10-24 23:00:00,,12.1,9.9,14.3,0.0,0.0,2.7,13.0,1026.4,8.3,8.3,100.0,0.0,0.0,8.3,1023.8,0.0,,0,0,29.857142857142858
2024-10-25 00:00:00,,9.3,7.6,10.7,0.1,0.0,3.3,13.7,1022.1,7.6,7.6,100.0,0.0,0.0,10.4,1023.7,0.0,,0,0,24.571428571428573
2024-10-25 01:00:00,,9.3,7.6,10.7,0.1,0.0,3.3,13.7,1022.1,7.9,7.9,100.0,0.0,3.6,7.6,1023.5,0.0,,0,0,20.857142857142858
2024-10-25 02:00:00,,9.3,7.6,10.7,0.1,0.0,3.3,13.7,1022.1,8.0,8.0,100.0,0.0,3.6,7.2,1023.3,0.0,,0,0,19.285714285714285
2024-10-25 03:00:00,,9.3,7.6,10.7,0.1,0.0,3.3,13.7,1022.1,8.0,8.0,100.0,0.0,3.6,8.6,1023.2,0.0,,0,0,19.0
2024-10-25 04:00:00,,9.3,7.6,10.7,0.1,0.0,3.3,13.7,1022.1,8.1,8.1,100.0,0.1,0.0,9.7,1023.0,0.0,,0,0,19.0
2024-10-25 05:00:00,,9.3,7.6,10.7,0.1,0.0,3.3,13.7,1022.1,8.7,8.7,100.0,0.0,3.6,6.8,1022.6,0.0,,0,0,18.857142857142858
2024-10-25 06:00:00,,9.3,7.6,10.7,0.1,0.0,3.3,13.7,1022.1,8.9,8.9,100.0,0.0,3.6,7.9,1022.4,0.0,,0,0,19.428571428571427
2024-10-25 07:00:00,,9.3,7.6,10.7,0.1,0.0,3.3,13.7,1022.1,9.2,9.2,100.0,0.0,3.6,9.7,1022.4,0.0,,0,0,59.857142857142854
2024-10-25 08:00:00,,9.3,7.6,10.7,0.1,0.0,3.3,13.7,1022.1,9.2,9.2,100.0,0.0,3.6,6.1,1022.7,0.0,,0,0,136.625
2024-10-25 09:00:00,,9.3,7.6,10.7,0.1,0.0,3.3,13.7,1022.1,9.4,9.3,99.0,0.0,3.6,12.2,1022.9,0.0,,0,0,215.0
2024-10-25 10:00:00,,9.3,7.6,10.7,0.1,0.0,3.3,13.7,1022.1,9.2,9.2,100.0,0.0,7.2,11.9,1022.8,0.0,,0,0,257.7142857142857
2024-10-25 11:00:00,,9.3,7.6,10.7,0.1,0.0,3.3,13.7,1022.1,9.6,9.6,100.0,0.0,3.6,10.8,1022.6,2.0,,0,0,246.42857142857142
2024-10-25 12:00:00,,9.3,7.6,10.7,0.1,0.0,3.3,13.7,1022.1,10.3,9.8,97.0,0.0,3.6,13.7,1021.9,0.0,,0,0,230.57142857142858
2024-10-25 13:00:00,,9.3,7.6,10.7,0.1,0.0,3.3,13.7,1022.1,10.4,9.5,94.0,0.0,3.6,12.6,1020.8,0.0,,0,0,266.75
2024-10-25 14:00:00,,9.3,7.6,10.7,0.1,0.0,3.3,13.7,1022.1,10.6,9.8,95.0,0.0,3.6,9.0,1020.6,0.0,,0,0,362.57142857142856
2024-10-25 15:00:00,,9.3,7.6,10.7,0.1,0.0,3.3,13.7,1022.1,10.7,9.8,94.0,0.0,3.6,7.9,1020.1,0.0,,0,0,319.57142857142856
2024-10-25 16:00:00,,9.3,7.6,10.7,0.1,0.0,3.3,13.7,1022.1,10.3,9.7,96.0,0.0,3.6,10.4,1020.0,0.0,,0,0,233.57142857142858
2024-10-25 17:00:00,,9.3,7.6,10.7,0.1,0.0,3.3,13.7,1022.1,10.1,9.8,98.0,0.0,3.6,6.1,1020.4,0.0,,0,0,180.28571428571428
2024-10-25 18:00:00,,9.3,7.6,10.7,0.1,0.0,3.3,13.7,1022.1,9.7,9.7,100.0,0.0,3.6,6.8,1020.9,0.0,,0,0,182.75
2024-10-25 19:00:00,,9.3,7.6,10.7,0.1,0.0,3.3,13.7,1022.1,9.6,9.5,99.0,0.0,3.6,7.6,1020.9,0.0,,0,0,228.71428571428572
2024-10-25 20:00:00,,9.3,7.6,10.7,0.1,0.0,3.3,13.7,1022.1,9.9,9.9,100.0,0.0,3.6,7.9,1021.1,0.0,,0,0,254.42857142857142
2024-10-25 21:00:00,,9.3,7.6,10.7,0.1,0.0,3.3,13.7,1022.1,9.8,9.8,100.0,0.0,7.2,8.3,1021.6,0.0,,0,0,199.14285714285714
2024-10-25 22:00:00,,9.3,7.6,10.7,0.1,0.0,3.3,13.7,1022.1,10.2,10.2,100.0,0.1,3.6,5.8,1021.5,0.0,,0,0,139.42857142857142
2024-10-25 23:00:00,,9.3,7.6,10.7,0.1,0.0,3.3,13.7,1022.1,10.2,10.2,100.0,0.0,0.0,4.3,1021.5,0.0,,0,0,94.0
2024-10-26 00:00:00,holiday,10.2,8.6,12.1,0.1,0.0,3.3,11.9,1018.7,10.0,9.8,99.0,0.0,3.6,5.0,1021.2,0.0,,0,0,63.142857142857146
2024-10-26 01:00:00,holiday,10.2,8.6,12.1,0.1,0.0,3.3,11.9,1018.7,9.9,9.7,99.0,0.0,3.6,9.7,1021.0,0.0,,0,0,45.42857142857143
2024-10-26 02:00:00,holiday,10.2,8.6,12.1,0.1,0.0,3.3,11.9,1018.7,9.9,9.7,99.0,0.0,3.6,11.2,1020.7,0.0,,0,0,38.142857142857146
2024-10-26 03:00:00,holiday,10.2,8.6,12.1,0.1,0.0,3.3,11.9,1018.7,9.7,9.6,99.0,0.0,3.6,11.9,1020.3,0.0,,0,0,33.857142857142854
2024-10-26 04:00:00,holiday,10.2,8.6,12.1,0.1,0.0,3.3,11.9,1018.7,9.5,9.4,99.0,0.0,3.6,11.9,1020.0,0.0,,0,0,31.375
2024-10-26 05:00:00,holiday,10.2,8.6,12.1,0.1,0.0,3.3,11.9,1018.7,9.2,8.9,98.0,0.0,3.6,9.0,1020.0,0.0,,0,0,31.0
2024-10-26 06:00:00,holiday,10.2,8.6,12.1,0.1,0.0,3.3,11.9,1018.7,9.1,8.8,98.0,0.0,0.0,5.8,1019.8,0.0,,0,0,31.0
2024-10-26 07:00:00,holiday,10.2,8.6,12.1,0.1,0.0,3.3,11.9,1018.7,9.2,8.9,98.0,0.0,0.0,6.1,1019.7,0.0,,1,0,31.0
2024-10-26 08:00:00,holiday,10.2,8.6,12.1,0.1,0.0,3.3,11.9,1018.7,9.2,9.1,99.0,0.0,3.6,9.7,1019.7,0.0,,1,0,36.714285714285715
2024-10-26 09:00:00,holiday,10.2,8.6,12.1,0.1,0.0,3.3,11.9,1018.7,9.5,9.4,99.0,0.0,3.6,9.4,1019.2,0.0,,1,0,42.625
2024-10-26 10:00:00,holiday,10.2,8.6,12.1,0.1,0.0,3.3,11.9,1018.7,10.1,9.5,96.0,0.0,3.6,8.6,1018.5,0.0,,1,0,48.714285714285715
2024-10-26 11:00:00,holiday,10.2,8.6,12.1,0.1,0.0,3.3,11.9,1018.7,10.8,9.9,94.0,0.0,3.6,10.1,1017.9,1.0,,1,0,56.142857142857146
2024-10-26 12:00:00,holiday,10.2,8.6,12.1,0.1,0.0,3.3,11.9,1018.7,11.2,9.9,92.0,0.0,3.6,10.4,1017.2,0.0,,1,0,59.0
2024-10-26 13:00:00,holiday,10.2,8.6,12.1,0.1,0.0,3.3,11.9,1018.7,11.9,10.5,91.0,0.0,3.6,11.9,1016.7,0.0,,0,0,61.42857142857143
2024-10-26 14:00:00,holiday,10.2,8.6,12.1,0.1,0.0,3.3,11.9,1018.7,12.1,10.5,90.0,0.0,3.6,11.5,1016.4,0.0,,0,0,88.625
2024-10-26 15:00:00,holiday,10.2,8.6,12.1,0.1,0.0,3.3,11.9,1018.7,11.9,10.5,91.0,0.0,3.6,11.2,1016.5,0.0,,0,0,117.14285714285714
2024-10-26 16:00:00,holiday,10.2,8.6,12.1,0.1,0.0,3.3,11.9,1018.7,11.7,10.4,92.0,0.0,3.6,9.7,1016.5,0.0,,0,0,114.0
2024-10-26 17:00:00,holiday,10.2,8.6,12.1,0.1,0.0,3.3,11.9,1018.7,10.5,10.0,97.0,0.0,3.6,9.0,1017.0,0.0,,0,0,71.0
2024-10-26 18:00:00,holiday,10.2,8.6,12.1,0.1,0.0,3.3,11.9,1018.7,9.9,9.7,99.0,0.0,3.6,10.4,1017.1,0.0,,0,0,77.14285714285714
2024-10-26 19:00:00,holiday,10.2,8.6,12.1,0.1,0.0,3.3,11.9,1018.7,8.8,8.7,99.0,0.0,3.6,9.4,1017.0,0.0,,0,0,106.0
2024-10-26 20:00:00,holiday,10.2,8.6,12.1,0.1,0.0,3.3,11.9,1018.7,8.6,8.5,99.0,0.0,0.0,7.9,1017.1,0.0,,0,0,125.57142857142857
2024-10-26 21:00:00,holiday,10.2,8.6,12.1,0.1,0.0,3.3,11.9,1018.7,11.2,8.6,84.0,0.0,11.2,6.5,1015.9,0.0,,0,0,129.85714285714286
2024-10-26 22:00:00,holiday,10.2,8.6,12.1,0.1,0.0,3.3,11.9,1018.7,8.6,8.6,100.0,0.0,0.0,10.4,1017.5,0.0,,0,0,110.28571428571429
2024-10-26 23:00:00,holiday,10.2,8.6,12.1,0.1,0.0,3.3,11.9,1018.7,9.7,9.6,99.0,0.0,3.6,10.8,1017.3,0.0,,0,0,90.28571428571429
2024-10-27 00:00:00,,12.7,8.4,17.6,0.0,0.0,3.2,16.2,1021.7,8.9,8.8,99.0,0.0,0.0,9.3,1017.4,,,0,0,72.75
2024-10-27 01:00:00,,12.7,8.4,17.6,0.0,0.0,3.2,16.2,1021.7,8.4,8.4,100.0,0.0,3.6,9.3,1017.6,,,0,0,47.142857142857146
2024-10-27 02:00:00,,12.7,8.4,17.6,0.0,0.0,3.2,16.2,1021.7,10.0,6.9,81.0,0.0,10.8,11.5,1016.8,0.0,,0,0,31.0
2024-10-27 03:00:00,,12.7,8.4,17.6,0.0,0.0,3.2,16.2,1021.7,10.1,10.1,100.0,0.0,3.6,11.9,1017.9,0.0,,0,0,23.0
2024-10-27 04:00:00,,12.7,8.4,17.6,0.0,0.0,3.2,16.2,1021.7,10.5,10.3,99.0,0.0,3.6,13.7,1018.7,0.0,,0,0,22.0
2024-10-27 05:00:00,,12.7,8.4,17.6,0.0,0.0,3.2,16.2,1021.7,11.0,10.5,97.0,0.0,3.6,16.2,1019.5,0.0,,0,0,22.0
2024-10-27 06:00:00,,12.7,8.4,17.6,0.0,0.0,3.2,16.2,1021.7,11.1,10.5,96.0,0.0,3.6,16.2,1020.6,0.0,,0,0,22.0
2024-10-27 07:00:00,,12.7,8.4,17.6,0.0,0.0,3.2,16.2,1021.7,11.0,10.4,96.0,0.0,3.6,6.8,1021.8,0.0,,0,0,22.142857142857142
2024-10-27 08:00:00,,12.7,8.4,17.6,0.0,0.0,3.2,16.2,1021.7,13.0,10.5,85.0,0.0,3.6,8.3,1021.8,55.0,,0,0,24.428571428571427
2024-10-27 09:00:00,,12.7,8.4,17.6,0.0,0.0,3.2,16.2,1021.7,13.5,10.5,82.0,0.0,3.6,9.0,1022.7,60.0,,0,0,25.875
2024-10-27 10:00:00,,12.7,8.4,17.6,0.0,0.0,3.2,16.2,1021.7,15.7,11.7,77.0,0.0,4.0,11.2,1024.2,59.0,,0,0,29.428571428571427
2024-10-27 11:00:00,,12.7,8.4,17.6,0.0,0.0,3.2,16.2,1021.7,16.0,11.6,75.0,0.0,3.6,11.5,1022.9,60.0,,0,0,35.285714285714285
2024-10-27 12:00:00,,12.7,8.4,17.6,0.0,0.0,3.2,16.2,1021.7,17.0,11.7,71.0,0.0,3.6,10.1,1022.3,60.0,,0,0,53.57142857142857
2024-10-27 13:00:00,,12.7,8.4,17.6,0.0,0.0,3.2,16.2,1021.7,17.3,11.6,69.0,0.0,3.6,9.4,1022.2,41.0,,0,0,54.285714285714285
2024-10-27 14:00:00,,12.7,8.4,17.6,0.0,0.0,3.2,16.2,1021.7,17.6,11.8,69.0,0.0,3.6,9.4,1022.2,28.0,,0,0,48.857142857142854
2024-10-27 15:00:00,,12.7,8.4,17.6,0.0,0.0,3.2,16.2,1021.7,17.0,11.9,72.0,0.0,3.6,7.2,1022.6,60.0,,0,0,56.0
2024-10-27 16:00:00,,12.7,8.4,17.6,0.0,0.0,3.2,16.2,1021.7,15.1,11.9,81.0,0.0,3.6,5.8,1023.4,38.0,,0,0,49.285714285714285
2024-10-27 17:00:00,,12.7,8.4,17.6,0.0,0.0,3.2,16.2,1021.7,13.1,11.3,89.0,0.0,0.0,7.6,1024.5,0.0,,0,0,41.714285714285715
2024-10-27 18:00:00,,12.7,8.4,17.6,0.0,0.0,3.2,16.2,1021.7,12.8,11.5,92.0,0.0,3.6,7.2,1025.1,0.0,,0,0,50.42857142857143
2024-10-27 19:00:00,,12.7,8.4,17.6,0.0,0.0,3.2,16.2,1021.7,13.0,11.9,93.0,0.0,0.0,5.8,1025.5,0.0,,0,0,54.5
2024-10-27 20:00:00,,12.7,8.4,17.6,0.0,0.0,3.2,16.2,1021.7,13.2,11.9,92.0,0.0,3.6,6.1,1025.8,0.0,,0,0,44.0
2024-10-27 21:00:00,,12.7,8.4,17.6,0.0,0.0,3.2,16.2,1021.7,12.2,11.7,97.0,0.0,0.0,6.8,1026.2,0.0,,0,0,32.42857142857143
2024-10-27 22:00:00,,12.7,8.4,17.6,0.0,0.0,3.2,16.2,1021.7,10.9,10.7,99.0,0.0,3.6,6.5,1026.6,0.0,,0,0,23.571428571428573
2024-10-27 23:00:00,,12.7,8.4,17.6,0.0,0.0,3.2,16.2,1021.7,10.3,10.1,99.0,0.0,0.0,9.4,1026.7,0.0,,0,0,21.285714285714285
2024-10-28 00:00:00,,10.8,8.8,16.5,0.2,0.0,3.1,13.3,1027.3,9.3,9.2,99.0,0.0,0.0,7.2,1027.0,0.0,Josh. Dornbirn At-a-Glance,0,0,21.0
2024-10-28 01:00:00,,10.8,8.8,16.5,0.2,0.0,3.1,13.3,1027.3,9.2,9.2,100.0,0.0,3.6,6.5,1027.3,0.0,Josh. Dornbirn At-a-Glance,0,0,21.0
2024-10-28 02:00:00,,10.8,8.8,16.5,0.2,0.0,3.1,13.3,1027.3,9.2,9.2,100.0,0.1,0.0,7.9,1027.0,0.0,Josh. Dornbirn At-a-Glance,0,0,21.0
2024-10-28 03:00:00,,10.8,8.8,16.5,0.2,0.0,3.1,13.3,1027.3,8.8,8.8,100.0,0.0,3.6,11.9,1027.2,0.0,Josh. Dornbirn At-a-Glance,0,0,21.0
2024-10-28 04:00:00,,10.8,8.8,16.5,0.2,0.0,3.1,13.3,1027.3,8.8,8.8,100.0,0.0,3.6,12.2,1027.7,0.0,Josh. Dornbirn At-a-Glance,0,0,21.0
2024-10-28 05:00:00,,10.8,8.8,16.5,0.2,0.0,3.1,13.3,1027.3,9.6,9.6,100.0,0.1,3.6,7.6,1027.6,0.0,Josh. Dornbirn At-a-Glance,0,0,21.142857142857142
2024-10-28 06:00:00,,10.8,8.8,16.5,0.2,0.0,3.1,13.3,1027.3,9.5,9.5,100.0,0.0,3.6,6.8,1027.6,0.0,Josh. Dornbirn At-a-Glance,0,0,22.125
2024-10-28 07:00:00,,10.8,8.8,16.5,0.2,0.0,3.1,13.3,1027.3,9.7,9.7,100.0,0.0,3.6,8.6,1027.8,0.0,Josh. Dornbirn At-a-Glance,0,0,65.42857142857143
2024-10-28 08:00:00,,10.8,8.8,16.5,0.2,0.0,3.1,13.3,1027.3,9.7,9.6,99.0,0.0,3.6,7.2,1028.2,0.0,Josh. Dornbirn At-a-Glance,0,0,133.85714285714286
2024-10-28 09:00:00,,10.8,8.8,16.5,0.2,0.0,3.1,13.3,1027.3,9.9,9.9,100.0,0.0,3.6,8.6,1028.5,0.0,Josh. Dornbirn At-a-Glance,0,0,341.0
2024-10-28 10:00:00,,10.8,8.8,16.5,0.2,0.0,3.1,13.3,1027.3,16.3,11.0,71.0,0.0,4.0,8.6,1027.3,2.0,Josh. Dornbirn At-a-Glance,0,0,411.2857142857143
2024-10-28 11:00:00,,10.8,8.8,16.5,0.2,0.0,3.1,13.3,1027.3,11.2,11.2,100.0,0.0,3.6,7.9,1027.8,22.0,Josh. Dornbirn At-a-Glance,0,0,349.125
2024-10-28 12:00:00,,10.8,8.8,16.5,0.2,0.0,3.1,13.3,1027.3,11.1,10.9,99.0,0.0,3.6,10.4,1027.5,0.0,Josh. Dornbirn At-a-Glance,0,0,288.7142857142857
2024-10-28 13:00:00,,10.8,8.8,16.5,0.2,0.0,3.1,13.3,1027.3,11.2,10.9,98.0,0.0,7.2,9.4,1027.0,0.0,Josh. Dornbirn At-a-Glance,0,0,257.14285714285717
2024-10-28 14:00:00,,10.8,8.8,16.5,0.2,0.0,3.1,13.3,1027.3,11.7,11.2,97.0,0.0,3.6,8.6,1026.7,0.0,Josh. Dornbirn At-a-Glance,0,0,264.42857142857144
2024-10-28 15:00:00,,10.8,8.8,16.5,0.2,0.0,3.1,13.3,1027.3,16.5,13.8,84.0,0.0,3.2,7.2,1025.7,0.0,Josh. Dornbirn At-a-Glance,0,0,273.0
2024-10-28 16:00:00,,10.8,8.8,16.5,0.2,0.0,3.1,13.3,1027.3,15.8,13.1,84.0,0.0,2.2,5.8,1025.6,0.0,Josh. Dornbirn At-a-Glance,0,0,233.75
2024-10-28 17:00:00,,10.8,8.8,16.5,0.2,0.0,3.1,13.3,1027.3,10.7,10.7,100.0,0.0,3.6,7.2,1026.7,0.0,Josh. Dornbirn At-a-Glance,0,0,215.0
2024-10-28 18:00:00,,10.8,8.8,16.5,0.2,0.0,3.1,13.3,1027.3,10.7,10.7,100.0,0.0,3.6,13.3,1027.2,0.0,Josh. Dornbirn At-a-Glance,0,0,294.85714285714283
2024-10-28 19:00:00,,10.8,8.8,16.5,0.2,0.0,3.1,13.3,1027.3,10.6,10.6,100.0,0.0,3.6,5.8,1027.4,0.0,Josh. Dornbirn At-a-Glance,0,0,416.7142857142857
2024-10-28 20:00:00,,10.8,8.8,16.5,0.2,0.0,3.1,13.3,1027.3,10.4,10.4,100.0,0.0,3.6,5.0,1027.6,0.0,Josh. Dornbirn At-a-Glance,0,0,417.2857142857143
2024-10-28 21:00:00,,10.8,8.8,16.5,0.2,0.0,3.1,13.3,1027.3,10.1,10.1,100.0,0.0,3.6,7.2,1027.8,0.0,Josh. Dornbirn At-a-Glance,0,0,385.0
2024-10-28 22:00:00,,10.8,8.8,16.5,0.2,0.0,3.1,13.3,1027.3,10.0,10.0,100.0,0.0,0.0,7.9,1027.7,0.0,Josh. Dornbirn At-a-Glance,0,0,259.85714285714283
2024-10-28 23:00:00,,10.8,8.8,16.5,0.2,0.0,3.1,13.3,1027.3,9.9,9.9,100.0,0.0,3.6,6.1,1027.7,0.0,Josh. Dornbirn At-a-Glance,0,0,100.0
2024-10-29 00:00:00,,9.6,7.9,14.9,0.1,0.0,3.1,11.2,1028.0,9.3,9.3,100.0,0.0,0.0,5.4,1027.9,0.0,,0,0,74.85714285714286
2024-10-29 01:00:00,,9.6,7.9,14.9,0.1,0.0,3.1,11.2,1028.0,9.0,9.0,100.0,0.1,3.6,10.1,1028.1,0.0,,0,0,71.14285714285714
2024-10-29 02:00:00,,9.6,7.9,14.9,0.1,0.0,3.1,11.2,1028.0,8.8,8.8,100.0,0.0,3.6,7.2,1028.1,0.0,,0,0,70.0
2024-10-29 03:00:00,,9.6,7.9,14.9,0.1,0.0,3.1,11.2,1028.0,8.7,8.7,100.0,0.0,3.6,5.8,1028.0,0.0,,0,0,70.0
2024-10-29 04:00:00,,9.6,7.9,14.9,0.1,0.0,3.1,11.2,1028.0,8.5,8.5,100.0,0.0,0.0,8.3,1028.4,0.0,,0,0,70.0
2024-10-29 05:00:00,,9.6,7.9,14.9,0.1,0.0,3.1,11.2,1028.0,8.1,8.1,100.0,0.0,3.6,7.2,1028.9,0.0,,0,0,70.0
2024-10-29 06:00:00,,9.6,7.9,14.9,0.1,0.0,3.1,11.2,1028.0,7.9,7.9,100.0,0.0,3.6,6.1,1029.1,0.0,,0,0,70.85714285714286
2024-10-29 07:00:00,,9.6,7.9,14.9,0.1,0.0,3.1,11.2,1028.0,8.1,8.1,100.0,0.0,3.6,5.8,1029.3,0.0,,0,0,112.25
2024-10-29 08:00:00,,9.6,7.9,14.9,0.1,0.0,3.1,11.2,1028.0,8.4,8.4,100.0,0.0,3.6,7.6,1029.3,0.0,,0,0,189.71428571428572
2024-10-29 09:00:00,,9.6,7.9,14.9,0.1,0.0,3.1,11.2,1028.0,9.1,9.1,100.0,0.0,0.0,7.9,1028.9,0.0,,0,0,251.0
2024-10-29 10:00:00,,9.6,7.9,14.9,0.1,0.0,3.1,11.2,1028.0,9.0,9.0,100.0,0.0,7.2,7.6,1028.9,23.0,,0,0,279.0
2024-10-29 11:00:00,,9.6,7.9,14.9,0.1,0.0,3.1,11.2,1028.0,9.6,9.6,100.0,0.0,3.6,11.2,1028.5,43.0,,0,0,286.2857142857143
2024-10-29 12:00:00,,9.6,7.9,14.9,0.1,0.0,3.1,11.2,1028.0,10.1,9.9,99.0,0.0,3.6,9.4,1027.9,0.0,,0,0,261.0
2024-10-29 13:00:00,,9.6,7.9,14.9,0.1,0.0,3.1,11.2,1028.0,10.7,9.9,95.0,0.0,3.6,10.1,1027.4,0.0,,0,0,247.42857142857142
2024-10-29 14:00:00,,9.6,7.9,14.9,0.1,0.0,3.1,11.2,1028.0,10.8,10.2,96.0,0.0,7.2,10.1,1027.1,0.0,,0,0,266.57142857142856
2024-10-29 15:00:00,,9.6,7.9,14.9,0.1,0.0,3.1,11.2,1028.0,14.9,12.6,86.0,0.0,3.2,9.4,1026.6,0.0,,0,0,296.57142857142856
2024-10-29 16:00:00,,9.6,7.9,14.9,0.1,0.0,3.1,11.2,1028.0,10.1,10.1,100.0,0.0,3.6,10.4,1027.0,0.0,,0,0,254.71428571428572
2024-10-29 17:00:00,,9.6,7.9,14.9,0.1,0.0,3.1,11.2,1028.0,10.0,10.0,100.0,0.0,0.0,5.4,1027.0,0.0,,0,0,203.125
2024-10-29 18:00:00,,9.6,7.9,14.9,0.1,0.0,3.1,11.2,1028.0,10.1,10.1,100.0,0.0,3.6,9.4,1027.3,0.0,,0,0,203.71428571428572
2024-10-29 19:00:00,,9.6,7.9,14.9,0.1,0.0,3.1,11.2,1028.0,9.8,9.8,100.0,0.0,0.0,5.8,1027.5,0.0,,0,0,265.14285714285717
2024-10-29 20:00:00,,9.6,7.9,14.9,0.1,0.0,3.1,11.2,1028.0,9.6,9.6,100.0,0.0,3.6,7.2,1027.6,0.0,,0,0,266.85714285714283
2024-10-29 21:00:00,,9.6,7.9,14.9,0.1,0.0,3.1,11.2,1028.0,9.4,9.4,100.0,0.0,3.6,9.7,1027.7,0.0,,0,0,233.0
2024-10-29 22:00:00,,9.6,7.9,14.9,0.1,0.0,3.1,11.2,1028.0,9.3,9.3,100.0,0.0,3.6,5.8,1027.7,0.0,,0,0,205.125
2024-10-29 23:00:00,,9.6,7.9,14.9,0.1,0.0,3.1,11.2,1028.0,9.1,9.1,100.0,0.0,3.6,7.2,1027.9,0.0,,0,0,114.71428571428571
2024-10-30 00:00:00,,8.9,7.0,13.0,0.2,0.0,3.8,16.9,1027.9,9.0,9.0,100.0,0.0,3.6,9.7,1027.8,0.0,,0,0,61.0
2024-10-30 01:00:00,,8.9,7.0,13.0,0.2,0.0,3.8,16.9,1027.9,8.7,8.7,100.0,0.1,3.6,8.3,1027.7,0.0,,0,0,59.0
2024-10-30 02:00:00,,8.9,7.0,13.0,0.2,0.0,3.8,16.9,1027.9,8.6,8.6,100.0,0.0,3.6,9.0,1027.6,0.0,,0,0,59.0
2024-10-30 03:00:00,,8.9,7.0,13.0,0.2,0.0,3.8,16.9,1027.9,8.4,8.4,100.0,0.0,3.6,7.6,1027.8,0.0,,0,0,59.125
2024-10-30 04:00:00,,8.9,7.0,13.0,0.2,0.0,3.8,16.9,1027.9,8.1,8.1,100.0,0.0,3.6,10.4,1028.3,0.0,,0,0,59.142857142857146
2024-10-30 05:00:00,,8.9,7.0,13.0,0.2,0.0,3.8,16.9,1027.9,7.0,5.5,90.0,0.0,8.6,12.6,1027.5,0.0,,0,0,59.142857142857146
2024-10-30 06:00:00,,8.9,7.0,13.0,0.2,0.0,3.8,16.9,1027.9,7.9,7.8,99.0,0.0,3.6,6.8,1028.3,0.0,,0,0,61.0
2024-10-30 07:00:00,,8.9,7.0,13.0,0.2,0.0,3.8,16.9,1027.9,7.9,7.8,99.0,0.1,0.0,6.1,1028.8,0.0,,1,0,71.42857142857143
2024-10-30 08:00:00,,8.9,7.0,13.0,0.2,0.0,3.8,16.9,1027.9,8.0,8.0,100.0,0.0,3.6,6.8,1028.9,0.0,,1,0,158.125
2024-10-30 09:00:00,,8.9,7.0,13.0,0.2,0.0,3.8,16.9,1027.9,8.2,8.2,100.0,0.0,3.6,8.6,1028.9,0.0,,1,0,292.57142857142856
2024-10-30 10:00:00,,8.9,7.0,13.0,0.2,0.0,3.8,16.9,1027.9,8.4,8.4,100.0,0.0,3.6,8.6,1028.9,0.0,,1,0,350.57142857142856
2024-10-30 11:00:00,,8.9,7.0,13.0,0.2,0.0,3.8,16.9,1027.9,9.2,9.2,100.0,0.0,3.6,9.0,1028.2,0.0,,1,0,321.2857142857143
2024-10-30 12:00:00,,8.9,7.0,13.0,0.2,0.0,3.8,16.9,1027.9,9.3,9.2,99.0,0.0,7.2,10.1,1027.8,0.0,,1,0,258.57142857142856
2024-10-30 13:00:00,,8.9,7.0,13.0,0.2,0.0,3.8,16.9,1027.9,9.3,9.2,99.0,0.0,3.6,9.4,1027.5,0.0,,0,0,221.25
2024-10-30 14:00:00,,8.9,7.0,13.0,0.2,0.0,3.8,16.9,1027.9,9.4,9.1,98.0,0.0,3.6,9.7,1027.0,0.0,,0,0,238.57142857142858
2024-10-30 15:00:00,,8.9,7.0,13.0,0.2,0.0,3.8,16.9,1027.9,9.7,9.4,98.0,0.0,3.6,10.1,1027.0,0.0,,0,0,238.28571428571428
2024-10-30 16:00:00,,8.9,7.0,13.0,0.2,0.0,3.8,16.9,1027.9,13.0,11.6,91.0,0.0,3.6,5.0,1026.9,0.0,,0,0,204.71428571428572
2024-10-30 17:00:00,,8.9,7.0,13.0,0.2,0.0,3.8,16.9,1027.9,9.6,9.6,100.0,0.0,3.6,7.9,1027.6,0.0,,0,0,170.14285714285714
2024-10-30 18:00:00,,8.9,7.0,13.0,0.2,0.0,3.8,16.9,1027.9,9.3,9.2,99.0,0.0,3.6,9.4,1027.6,0.0,,0,0,172.5
2024-10-30 19:00:00,,8.9,7.0,13.0,0.2,0.0,3.8,16.9,1027.9,9.1,9.1,100.0,0.0,3.6,6.5,1027.9,0.0,,0,0,234.14285714285714
2024-10-30 20:00:00,,8.9,7.0,13.0,0.2,0.0,3.8,16.9,1027.9,9.1,9.1,100.0,0.0,3.6,9.0,1028.1,0.0,,0,0,266.85714285714283
2024-10-30 21:00:00,,8.9,7.0,13.0,0.2,0.0,3.8,16.9,1027.9,8.9,8.8,99.0,0.0,3.6,16.9,1027.9,0.0,,0,0,251.42857142857142
2024-10-30 22:00:00,,8.9,7.0,13.0,0.2,0.0,3.8,16.9,1027.9,8.5,8.5,100.0,0.0,3.6,12.6,1028.4,0.0,,0,0,180.14285714285714
2024-10-30 23:00:00,,8.9,7.0,13.0,0.2,0.0,3.8,16.9,1027.9,8.5,8.5,100.0,0.0,3.6,18.0,1028.4,0.0,,0,0,63.875
2024-10-31 00:00:00,,9.8,6.2,13.5,0.0,0.0,3.5,18.0,1027.9,8.6,8.6,100.0,0.0,0.0,14.0,1028.2,0.0,,0,0,35.57142857142857
2024-10-31 01:00:00,,9.8,6.2,13.5,0.0,0.0,3.5,18.0,1027.9,8.5,8.5,100.0,0.0,3.6,12.2,1028.6,0.0,,0,0,26.714285714285715
2024-10-31 02:00:00,,9.8,6.2,13.5,0.0,0.0,3.5,18.0,1027.9,8.3,8.3,100.0,0.0,3.6,10.1,1028.7,0.0,,0,0,23.0
2024-10-31 03:00:00,,9.8,6.2,13.5,0.0,0.0,3.5,18.0,1027.9,8.7,8.7,100.0,0.0,3.6,6.5,1028.2,0.0,,0,0,23.0
2024-10-31 04:00:00,,9.8,6.2,13.5,0.0,0.0,3.5,18.0,1027.9,8.7,8.6,99.0,0.0,3.6,15.1,1028.2,0.0,,0,0,23.0
2024-10-31 05:00:00,,9.8,6.2,13.5,0.0,0.0,3.5,18.0,1027.9,6.2,5.5,95.0,0.0,7.2,13.0,1027.5,0.0,,0,0,22.285714285714285
2024-10-31 06:00:00,,9.8,6.2,13.5,0.0,0.0,3.5,18.0,1027.9,8.4,8.1,98.0,0.0,3.6,11.5,1028.4,0.0,,0,0,22.285714285714285
2024-10-31 07:00:00,,9.8,6.2,13.5,0.0,0.0,3.5,18.0,1027.9,8.3,7.7,96.0,0.0,3.6,8.3,1029.0,0.0,,0,0,55.142857142857146
2024-10-31 08:00:00,,9.8,6.2,13.5,0.0,0.0,3.5,18.0,1027.9,8.7,7.9,95.0,0.0,0.0,9.0,1029.1,0.0,,0,0,116.28571428571429
2024-10-31 09:00:00,,9.8,6.2,13.5,0.0,0.0,3.5,18.0,1027.9,9.2,8.3,94.0,0.0,3.6,9.4,1029.0,0.0,,0,0,189.625
2024-10-31 10:00:00,,9.8,6.2,13.5,0.0,0.0,3.5,18.0,1027.9,9.6,7.9,89.0,0.0,3.6,10.4,1029.0,0.0,,0,0,247.57142857142858
2024-10-31 11:00:00,,9.8,6.2,13.5,0.0,0.0,3.5,18.0,1027.9,10.6,8.4,86.0,0.0,0.0,10.1,1028.6,0.0,,0,0,235.71428571428572
2024-10-31 12:00:00,,9.8,6.2,13.5,0.0,0.0,3.5,18.0,1027.9,11.3,8.7,84.0,0.0,3.6,8.3,1027.8,0.0,,0,0,206.0
2024-10-31 13:00:00,,9.8,6.2,13.5,0.0,0.0,3.5,18.0,1027.9,12.1,9.1,82.0,0.0,3.6,15.5,1026.9,0.0,,0,0,208.85714285714286
2024-10-31 14:00:00,,9.8,6.2,13.5,0.0,0.0,3.5,18.0,1027.9,11.5,9.2,86.0,0.0,7.2,13.0,1027.1,0.0,,0,0,230.625
2024-10-31 15:00:00,,9.8,6.2,13.5,0.0,0.0,3.5,18.0,1027.9,13.5,11.2,86.0,0.0,4.0,9.7,1027.2,0.0,,0,0,221.57142857142858
2024-10-31 16:00:00,,9.8,6.2,13.5,0.0,0.0,3.5,18.0,1027.9,11.1,9.4,89.0,0.0,3.6,8.3,1026.8,0.0,,0,0,168.42857142857142
2024-10-31 17:00:00,,9.8,6.2,13.5,0.0,0.0,3.5,18.0,1027.9,11.0,9.1,88.0,0.0,3.6,9.7,1027.2,0.0,,0,0,124.14285714285714
2024-10-31 18:00:00,,9.8,6.2,13.5,0.0,0.0,3.5,18.0,1027.9,10.8,9.4,91.0,0.0,3.6,10.8,1027.6,0.0,,0,0,119.57142857142857
2024-10-31 19:00:00,,9.8,6.2,13.5,0.0,0.0,3.5,18.0,1027.9,11.0,9.6,91.0,0.0,3.6,7.9,1027.5,0.0,,0,0,151.85714285714286
2024-10-31 20:00:00,,9.8,6.2,13.5,0.0,0.0,3.5,18.0,1027.9,10.9,9.5,91.0,0.0,3.6,14.4,1027.3,0.0,,0,0,187.75
2024-10-31 21:00:00,,9.8,6.2,13.5,0.0,0.0,3.5,18.0,1027.9,10.5,8.8,89.0,0.0,3.6,16.2,1027.2,0.0,,0,0,225.14285714285714
2024-10-31 22:00:00,,9.8,6.2,13.5,0.0,0.0,3.5,18.0,1027.9,10.2,9.3,94.0,0.0,3.6,10.8,1027.0,0.0,,0,0,216.0
2024-10-31 23:00:00,,9.8,6.2,13.5,0.0,0.0,3.5,18.0,1027.9,9.8,8.4,91.0,0.0,3.6,9.0,1027.0,0.0,,0,0,179.14285714285714
2024-11-01 00:00:00,holiday,9.0,6.4,12.0,0.0,0.0,3.4,14.8,1026.4,9.5,8.1,91.0,0.0,0.0,11.9,1027.0,0.0,,0,0,122.25
2024-11-01 01:00:00,holiday,9.0,6.4,12.0,0.0,0.0,3.4,14.8,1026.4,9.4,8.0,91.0,0.0,3.6,9.7,1026.9,0.0,,0,0,68.28571428571429
2024-11-01 02:00:00,holiday,9.0,6.4,12.0,0.0,0.0,3.4,14.8,1026.4,8.9,8.3,96.0,0.0,0.0,8.3,1027.0,0.0,,0,0,36.142857142857146
2024-11-01 03:00:00,holiday,9.0,6.4,12.0,0.0,0.0,3.4,14.8,1026.4,8.7,7.8,94.0,0.0,0.0,6.8,1026.9,0.0,,0,0,24.142857142857142
2024-11-01 04:00:00,holiday,9.0,6.4,12.0,0.0,0.0,3.4,14.8,1026.4,8.0,7.6,97.0,0.0,3.6,6.5,1027.0,0.0,,0,0,22.142857142857142
2024-11-01 05:00:00,holiday,9.0,6.4,12.0,0.0,0.0,3.4,14.8,1026.4,6.8,6.2,96.0,0.0,3.6,5.4,1027.4,0.0,,0,0,22.0
2024-11-01 06:00:00,holiday,9.0,6.4,12.0,0.0,0.0,3.4,14.8,1026.4,6.8,6.2,96.0,0.0,3.6,5.8,1027.4,0.0,,0,0,22.0
2024-11-01 07:00:00,holiday,9.0,6.4,12.0,0.0,0.0,3.4,14.8,1026.4,7.5,6.9,96.0,0.0,3.6,13.7,1027.4,0.0,,0,0,22.857142857142858
2024-11-01 08:00:00,holiday,9.0,6.4,12.0,0.0,0.0,3.4,14.8,1026.4,7.5,7.1,97.0,0.0,7.2,14.8,1027.7,45.0,,0,0,23.571428571428573
2024-11-01 09:00:00,holiday,9.0,6.4,12.0,0.0,0.0,3.4,14.8,1026.4,9.0,7.4,90.0,0.0,3.6,13.0,1027.1,60.0,,0,0,29.285714285714285
2024-11-01 10:00:00,holiday,9.0,6.4,12.0,0.0,0.0,3.4,14.8,1026.4,10.2,7.1,81.0,0.0,3.6,10.1,1026.9,59.0,,0,0,31.142857142857142
2024-11-01 11:00:00,holiday,9.0,6.4,12.0,0.0,0.0,3.4,14.8,1026.4,12.0,8.1,77.0,0.0,3.6,10.4,1026.0,60.0,,0,0,38.875
2024-11-01 12:00:00,holiday,9.0,6.4,12.0,0.0,0.0,3.4,14.8,1026.4,11.9,8.7,81.0,0.0,7.2,10.4,1025.3,60.0,,0,0,55.42857142857143
2024-11-01 13:00:00,holiday,9.0,6.4,12.0,0.0,0.0,3.4,14.8,1026.4,11.3,8.5,83.0,0.0,7.2,13.0,1025.1,55.0,,0,0,90.57142857142857
2024-11-01 14:00:00,holiday,9.0,6.4,12.0,0.0,0.0,3.4,14.8,1026.4,10.9,8.5,85.0,0.0,7.2,12.2,1024.9,34.0,,0,0,132.14285714285714
2024-11-01 15:00:00,holiday,9.0,6.4,12.0,0.0,0.0,3.4,14.8,1026.4,11.7,8.5,81.0,0.0,3.6,7.2,1024.7,60.0,,0,0,51.0
2024-11-01 16:00:00,holiday,9.0,6.4,12.0,0.0,0.0,3.4,14.8,1026.4,10.2,8.1,87.0,0.0,3.6,5.0,1024.6,37.0,,0,0,47.5
2024-11-01 17:00:00,holiday,9.0,6.4,12.0,0.0,0.0,3.4,14.8,1026.4,9.2,8.4,95.0,0.0,0.0,6.5,1025.2,0.0,,0,0,62.285714285714285
2024-11-01 18:00:00,holiday,9.0,6.4,12.0,0.0,0.0,3.4,14.8,1026.4,9.6,7.7,88.0,0.0,5.8,9.0,1025.3,0.0,,0,0,81.42857142857143
2024-11-01 19:00:00,holiday,9.0,6.4,12.0,0.0,0.0,3.4,14.8,1026.4,8.2,7.8,97.0,0.0,3.6,12.2,1026.0,0.0,,0,0,79.85714285714286
2024-11-01 20:00:00,holiday,9.0,6.4,12.0,0.0,0.0,3.4,14.8,1026.4,7.1,6.7,97.0,0.0,0.0,13.7,1026.7,0.0,,0,0,90.28571428571429
2024-11-01 21:00:00,holiday,9.0,6.4,12.0,0.0,0.0,3.4,14.8,1026.4,6.4,6.3,99.0,0.0,0.0,10.4,1027.2,0.0,,0,0,89.0
2024-11-01 22:00:00,holiday,9.0,6.4,12.0,0.0,0.0,3.4,14.8,1026.4,6.5,6.4,99.0,0.0,3.6,13.0,1027.2,0.0,,0,0,73.85714285714286
2024-11-01 23:00:00,holiday,9.0,6.4,12.0,0.0,0.0,3.4,14.8,1026.4,6.7,6.6,99.0,0.0,3.6,8.3,1026.8,0.0,,0,0,60.857142857142854
2024-11-02 00:00:00,,8.4,4.8,13.4,0.0,0.0,4.3,15.5,1027.7,7.1,4.6,84.0,0.0,7.6,13.3,1025.7,0.0,,0,0,40.714285714285715
2024-11-02 01:00:00,,8.4,4.8,13.4,0.0,0.0,4.3,15.5,1027.7,5.1,5.0,99.0,0.0,3.6,11.2,1027.1,0.0,,0,0,27.142857142857142
2024-11-02 02:00:00,,8.4,4.8,13.4,0.0,0.0,4.3,15.5,1027.7,5.3,5.3,100.0,0.0,0.0,10.1,1026.9,0.0,,0,0,17.125
2024-11-02 03:00:00,,8.4,4.8,13.4,0.0,0.0,4.3,15.5,1027.7,4.8,4.8,100.0,0.0,3.6,6.5,1027.2,0.0,,0,0,12.0
2024-11-02 04:00:00,,8.4,4.8,13.4,0.0,0.0,4.3,15.5,1027.7,5.8,5.8,100.0,0.0,3.6,6.8,1027.0,0.0,,0,0,11.0
2024-11-02 05:00:00,,8.4,4.8,13.4,0.0,0.0,4.3,15.5,1027.7,5.5,5.5,100.0,0.0,3.6,7.9,1027.4,0.0,,0,0,11.0
2024-11-02 06:00:00,,8.4,4.8,13.4,0.0,0.0,4.3,15.5,1027.7,6.2,6.2,100.0,0.0,3.6,11.5,1027.7,0.0,,0,0,11.0
2024-11-02 07:00:00,,8.4,4.8,13.4,0.0,0.0,4.3,15.5,1027.7,7.2,7.2,100.0,0.0,3.6,9.0,1027.8,0.0,,1,0,18.75
2024-11-02 08:00:00,,8.4,4.8,13.4,0.0,0.0,4.3,15.5,1027.7,7.4,7.3,99.0,0.0,3.6,7.2,1028.5,0.0,,1,0,81.14285714285714
2024-11-02 09:00:00,,8.4,4.8,13.4,0.0,0.0,4.3,15.5,1027.7,8.2,7.4,95.0,0.0,3.6,13.3,1028.7,0.0,,1,0,308.57142857142856
2024-11-02 10:00:00,,8.4,4.8,13.4,0.0,0.0,4.3,15.5,1027.7,8.1,7.3,95.0,0.0,3.6,15.5,1028.5,0.0,,1,0,420.2857142857143
2024-11-02 11:00:00,,8.4,4.8,13.4,0.0,0.0,4.3,15.5,1027.7,8.5,7.1,91.0,0.0,3.6,10.4,1028.2,0.0,,1,0,415.85714285714283
2024-11-02 12:00:00,,8.4,4.8,13.4,0.0,0.0,4.3,15.5,1027.7,13.4,9.6,78.0,0.0,7.9,8.3,1027.2,0.0,,1,0,385.125
2024-11-02 13:00:00,,8.4,4.8,13.4,0.0,0.0,4.3,15.5,1027.7,9.6,7.5,87.0,0.0,3.6,11.9,1027.4,0.0,,0,0,312.7142857142857
2024-11-02 14:00:00,,8.4,4.8,13.4,0.0,0.0,4.3,15.5,1027.7,13.3,9.7,79.0,0.0,10.4,7.6,1026.7,0.0,,0,0,256.2857142857143
2024-11-02 15:00:00,,8.4,4.8,13.4,0.0,0.0,4.3,15.5,1027.7,10.1,7.7,85.0,0.0,3.6,13.3,1027.0,0.0,,0,0,217.71428571428572
2024-11-02 16:00:00,,8.4,4.8,13.4,0.0,0.0,4.3,15.5,1027.7,10.0,7.9,87.0,0.0,3.6,13.3,1027.2,0.0,,0,0,137.57142857142858
2024-11-02 17:00:00,,8.4,4.8,13.4,0.0,0.0,4.3,15.5,1027.7,10.0,7.9,87.0,0.0,3.6,10.8,1027.5,0.0,,0,0,81.0
2024-11-02 18:00:00,,8.4,4.8,13.4,0.0,0.0,4.3,15.5,1027.7,10.4,9.5,94.0,0.0,5.4,13.3,1028.2,0.0,,0,0,106.14285714285714
2024-11-02 19:00:00,,8.4,4.8,13.4,0.0,0.0,4.3,15.5,1027.7,10.5,9.4,93.0,0.0,4.7,11.2,1028.3,0.0,,0,0,123.42857142857143
2024-11-02 20:00:00,,8.4,4.8,13.4,0.0,0.0,4.3,15.5,1027.7,9.5,7.9,90.0,0.0,3.6,11.9,1028.9,0.0,,0,0,132.42857142857142
2024-11-02 21:00:00,,8.4,4.8,13.4,0.0,0.0,4.3,15.5,1027.7,10.2,9.3,94.0,0.0,3.6,9.0,1029.2,0.0,,0,0,125.28571428571429
2024-11-02 22:00:00,,8.4,4.8,13.4,0.0,0.0,4.3,15.5,1027.7,9.1,8.0,93.0,0.0,5.0,3.6,1029.7,0.0,,0,0,115.5
2024-11-02 23:00:00,,8.4,4.8,13.4,0.0,0.0,4.3,15.5,1027.7,9.0,8.1,94.0,0.0,0.0,6.5,1030.0,0.0,,0,0,94.28571428571429
2024-11-03 00:00:00,,9.4,6.0,13.2,0.0,0.0,4.0,16.9,1029.3,9.1,8.0,93.0,0.0,2.2,9.3,1030.2,,,0,0,63.857142857142854
2024-11-03 01:00:00,,9.4,6.0,13.2,0.0,0.0,4.0,16.9,1029.3,9.0,7.9,93.0,0.0,4.0,9.3,1030.1,,,0,0,47.714285714285715
2024-11-03 02:00:00,,9.4,6.0,13.2,0.0,0.0,4.0,16.9,1029.3,8.8,7.9,94.0,0.0,4.0,9.3,1029.6,,,0,0,35.285714285714285
2024-11-03 03:00:00,,9.4,6.0,13.2,0.0,0.0,4.0,16.9,1029.3,8.7,7.9,95.0,0.0,4.7,9.3,1029.5,,,0,0,22.25
2024-11-03 04:00:00,,9.4,6.0,13.2,0.0,0.0,4.0,16.9,1029.3,8.5,7.7,95.0,0.0,3.6,9.3,1029.5,,,0,0,18.428571428571427
2024-11-03 05:00:00,,9.4,6.0,13.2,0.0,0.0,4.0,16.9,1029.3,7.8,7.4,97.0,0.0,3.6,9.3,1029.4,,,0,0,18.142857142857142
2024-11-03 06:00:00,,9.4,6.0,13.2,0.0,0.0,4.0,16.9,1029.3,7.5,7.1,97.0,0.0,3.2,7.2,1029.7,0.0,,0,0,19.0
2024-11-03 07:00:00,,9.4,6.0,13.2,0.0,0.0,4.0,16.9,1029.3,7.7,6.6,93.0,0.0,4.0,12.6,1030.4,0.0,,0,0,19.0
2024-11-03 08:00:00,,9.4,6.0,13.2,0.0,0.0,4.0,16.9,1029.3,8.6,6.4,86.0,0.0,3.2,15.8,1030.8,0.0,,0,0,18.625
2024-11-03 09:00:00,,9.4,6.0,13.2,0.0,0.0,4.0,16.9,1029.3,9.8,7.4,85.0,0.0,2.5,16.9,1030.5,0.0,,0,0,23.0
2024-11-03 10:00:00,,9.4,6.0,13.2,0.0,0.0,4.0,16.9,1029.3,11.3,8.5,83.0,0.0,3.2,12.6,1029.9,38.0,,0,0,24.857142857142858
2024-11-03 11:00:00,,9.4,6.0,13.2,0.0,0.0,4.0,16.9,1029.3,12.4,9.2,81.0,0.0,5.0,12.6,1029.4,42.0,,0,0,26.571428571428573
2024-11-03 12:00:00,,9.4,6.0,13.2,0.0,0.0,4.0,16.9,1029.3,13.2,9.6,79.0,0.0,5.4,13.3,1028.7,59.0,,0,0,31.142857142857142
2024-11-03 13:00:00,,9.4,6.0,13.2,0.0,0.0,4.0,16.9,1029.3,11.7,7.4,75.0,0.0,7.2,15.8,1028.4,60.0,,0,0,35.0
2024-11-03 14:00:00,,9.4,6.0,13.2,0.0,0.0,4.0,16.9,1029.3,11.2,7.9,80.0,0.0,7.2,16.6,1028.4,47.0,,0,0,34.285714285714285
2024-11-03 15:00:00,,9.4,6.0,13.2,0.0,0.0,4.0,16.9,1029.3,12.0,10.1,88.0,0.0,3.6,13.7,1028.4,32.0,,0,0,34.857142857142854
2024-11-03 16:00:00,,9.4,6.0,13.2,0.0,0.0,4.0,16.9,1029.3,11.2,9.9,92.0,0.0,2.5,14.4,1028.2,0.0,,0,0,38.57142857142857
2024-11-03 17:00:00,,9.4,6.0,13.2,0.0,0.0,4.0,16.9,1029.3,9.5,8.7,95.0,0.0,4.0,10.4,1028.6,0.0,,0,0,36.142857142857146
2024-11-03 18:00:00,,9.4,6.0,13.2,0.0,0.0,4.0,16.9,1029.3,8.8,8.0,95.0,0.0,4.0,8.3,1028.4,0.0,,0,0,59.875
2024-11-03 19:00:00,,9.4,6.0,13.2,0.0,0.0,4.0,16.9,1029.3,9.3,7.2,87.0,0.0,3.6,7.9,1028.9,0.0,,0,0,61.42857142857143
2024-11-03 20:00:00,,9.4,6.0,13.2,0.0,0.0,4.0,16.9,1029.3,7.3,6.2,93.0,0.0,4.0,11.5,1028.5,0.0,,0,0,34.857142857142854
2024-11-03 21:00:00,,9.4,6.0,13.2,0.0,0.0,4.0,16.9,1029.3,6.6,5.4,92.0,0.0,4.7,11.9,1028.6,0.0,,0,0,21.857142857142858
2024-11-03 22:00:00,,9.4,6.0,13.2,0.0,0.0,4.0,16.9,1029.3,6.0,4.3,89.0,0.0,5.8,10.4,1028.6,0.0,,0,0,13.714285714285714
2024-11-03 23:00:00,,9.4,6.0,13.2,0.0,0.0,4.0,16.9,1029.3,6.1,3.9,86.0,0.0,5.8,9.0,1028.4,0.0,,0,0,12.0
2024-11-04 00:00:00,,7.5,4.6,10.4,0.0,0.0,4.6,15.1,1027.4,5.8,3.0,82.0,0.0,5.8,8.3,1028.3,0.0,,0,0,12.0
2024-11-04 01:00:00,,7.5,4.6,10.4,0.0,0.0,4.6,15.1,1027.4,7.8,6.6,92.0,0.0,3.6,8.3,1028.6,0.0,,0,0,12.0
2024-11-04 02:00:00,,7.5,4.6,10.4,0.0,0.0,4.6,15.1,1027.4,5.7,1.4,74.0,0.0,4.7,7.9,1028.1,0.0,,0,0,12.0
2024-11-04 03:00:00,,7.5,4.6,10.4,0.0,0.0,4.6,15.1,1027.4,4.8,0.9,76.0,0.0,5.0,7.2,1028.0,0.0,,0,0,12.0
2024-11-04 04:00:00,,7.5,4.6,10.4,0.0,0.0,4.6,15.1,1027.4,6.0,0.7,69.0,0.0,5.0,6.8,1028.1,0.0,,0,0,12.0
2024-11-04 05:00:00,,7.5,4.6,10.4,0.0,0.0,4.6,15.1,1027.4,5.3,0.5,71.0,0.0,5.4,5.0,1027.9,0.0,,0,0,13.571428571428571
2024-11-04 06:00:00,,7.5,4.6,10.4,0.0,0.0,4.6,15.1,1027.4,4.6,0.4,74.0,0.0,4.7,9.3,1027.8,,,0,0,16.285714285714285
2024-11-04 07:00:00,,7.5,4.6,10.4,0.0,0.0,4.6,15.1,1027.4,6.0,2.1,76.0,0.0,5.0,7.6,1028.1,0.0,,0,0,69.57142857142857
2024-11-04 08:00:00,,7.5,4.6,10.4,0.0,0.0,4.6,15.1,1027.4,6.9,5.5,91.0,0.0,3.6,5.4,1028.7,0.0,,0,0,159.42857142857142
2024-11-04 09:00:00,,7.5,4.6,10.4,0.0,0.0,4.6,15.1,1027.4,7.8,6.3,90.0,0.0,3.6,7.9,1028.5,0.0,,0,0,376.5
2024-11-04 10:00:00,,7.5,4.6,10.4,0.0,0.0,4.6,15.1,1027.4,8.5,6.1,85.0,0.0,3.6,15.1,1028.4,7.0,,0,0,410.2857142857143
2024-11-04 11:00:00,,7.5,4.6,10.4,0.0,0.0,4.6,15.1,1027.4,9.7,6.6,81.0,0.0,3.6,13.7,1027.8,28.0,,0,0,314.85714285714283
2024-11-04 12:00:00,,7.5,4.6,10.4,0.0,0.0,4.6,15.1,1027.4,10.2,7.1,81.0,0.0,7.2,12.6,1027.0,58.0,,0,0,221.0
2024-11-04 13:00:00,,7.5,4.6,10.4,0.0,0.0,4.6,15.1,1027.4,10.4,7.3,81.0,0.0,7.2,14.4,1026.4,17.0,,0,0,211.0
2024-11-04 14:00:00,,7.5,4.6,10.4,0.0,0.0,4.6,15.1,1027.4,10.2,7.1,81.0,0.0,7.2,12.6,1026.2,50.0,,0,0,253.57142857142858
2024-11-04 15:00:00,,7.5,4.6,10.4,0.0,0.0,4.6,15.1,1027.4,9.6,7.0,84.0,0.0,7.2,13.7,1026.1,8.0,,0,0,251.125
2024-11-04 16:00:00,,7.5,4.6,10.4,0.0,0.0,4.6,15.1,1027.4,8.6,6.9,89.0,0.0,3.6,13.0,1026.3,0.0,,0,0,198.14285714285714
2024-11-04 17:00:00,,7.5,4.6,10.4,0.0,0.0,4.6,15.1,1027.4,8.3,6.9,91.0,0.0,0.0,9.7,1026.9,0.0,,0,0,132.71428571428572
2024-11-04 18:00:00,,7.5,4.6,10.4,0.0,0.0,4.6,15.1,1027.4,7.0,6.7,98.0,0.0,6.1,9.0,1026.4,0.0,,0,0,95.57142857142857
2024-11-04 19:00:00,,7.5,4.6,10.4,0.0,0.0,4.6,15.1,1027.4,7.0,6.4,96.0,0.0,5.0,7.9,1026.4,0.0,,0,0,104.625
2024-11-04 20:00:00,,7.5,4.6,10.4,0.0,0.0,4.6,15.1,1027.4,7.5,6.3,92.0,0.0,3.6,7.6,1026.4,0.0,,0,0,91.85714285714286
2024-11-04 21:00:00,,7.5,4.6,10.4,0.0,0.0,4.6,15.1,1027.4,7.7,6.6,93.0,0.0,0.0,12.2,1026.8,0.0,,0,0,61.42857142857143
2024-11-04 22:00:00,,7.5,4.6,10.4,0.0,0.0,4.6,15.1,1027.4,7.9,7.0,94.0,0.0,3.6,8.6,1026.4,0.0,,0,0,28.714285714285715
2024-11-04 23:00:00,,7.5,4.6,10.4,0.0,0.0,4.6,15.1,1027.4,7.8,6.7,93.0,0.0,3.6,10.4,1026.5,0.0,,0,0,22.142857142857142
2024-11-05 00:00:00,,8.5,4.9,15.0,0.0,0.0,2.9,12.6,1026.4,8.1,7.0,93.0,0.0,3.6,4.7,1026.2,0.0,,0,0,22.0
2024-11-05 01:00:00,,8.5,4.9,15.0,0.0,0.0,2.9,12.6,1026.4,7.9,6.7,92.0,0.0,3.6,7.6,1026.1,0.0,,0,0,22.0
2024-11-05 02:00:00,,8.5,4.9,15.0,0.0,0.0,2.9,12.6,1026.4,7.9,6.4,90.0,0.0,3.6,8.3,1026.1,0.0,,0,0,22.0
2024-11-05 03:00:00,,8.5,4.9,15.0,0.0,0.0,2.9,12.6,1026.4,7.5,6.4,93.0,0.0,3.6,7.6,1026.3,0.0,,0,0,22.0
2024-11-05 04:00:00,,8.5,4.9,15.0,0.0,0.0,2.9,12.6,1026.4,7.5,6.1,91.0,0.0,3.6,10.4,1026.6,0.0,,0,0,22.428571428571427
2024-11-05 05:00:00,,8.5,4.9,15.0,0.0,0.0,2.9,12.6,1026.4,6.9,5.5,91.0,0.0,3.6,9.0,1027.1,0.0,,0,0,24.428571428571427
2024-11-05 06:00:00,,8.5,4.9,15.0,0.0,0.0,2.9,12.6,1026.4,7.0,5.9,93.0,0.0,0.0,12.2,1027.1,0.0,,0,0,29.25
2024-11-05 07:00:00,,8.5,4.9,15.0,0.0,0.0,2.9,12.6,1026.4,6.8,5.7,93.0,0.0,3.6,12.6,1027.3,0.0,,0,0,84.42857142857143
2024-11-05 08:00:00,,8.5,4.9,15.0,0.0,0.0,2.9,12.6,1026.4,8.7,3.9,72.0,0.0,6.5,9.4,1026.7,4.0,,0,0,173.71428571428572
2024-11-05 09:00:00,,8.5,4.9,15.0,0.0,0.0,2.9,12.6,1026.4,11.8,5.7,66.0,0.0,2.9,11.2,1026.6,0.0,,0,0,250.71428571428572
2024-11-05 10:00:00,,8.5,4.9,15.0,0.0,0.0,2.9,12.6,1026.4,6.9,5.5,91.0,0.0,3.6,9.0,1027.6,49.0,,0,0,263.2857142857143
2024-11-05 11:00:00,,8.5,4.9,15.0,0.0,0.0,2.9,12.6,1026.4,14.3,7.6,64.0,0.0,3.6,9.0,1026.1,59.0,,0,0,253.125
2024-11-05 12:00:00,,8.5,4.9,15.0,0.0,0.0,2.9,12.6,1026.4,10.4,7.5,82.0,0.0,0.0,10.1,1025.8,60.0,,0,0,231.28571428571428
2024-11-05 13:00:00,,8.5,4.9,15.0,0.0,0.0,2.9,12.6,1026.4,10.3,7.4,82.0,0.0,7.2,10.4,1025.5,60.0,,0,0,207.14285714285714
2024-11-05 14:00:00,,8.5,4.9,15.0,0.0,0.0,2.9,12.6,1026.4,15.0,10.0,72.0,0.0,3.6,9.4,1024.6,53.0,,0,0,226.42857142857142
2024-11-05 15:00:00,,8.5,4.9,15.0,0.0,0.0,2.9,12.6,1026.4,13.4,11.1,86.0,0.0,2.9,10.8,1024.9,46.0,,0,0,230.71428571428572
2024-11-05 16:00:00,,8.5,4.9,15.0,0.0,0.0,2.9,12.6,1026.4,8.6,7.4,92.0,0.0,3.6,8.6,1025.7,4.0,,0,0,192.5
2024-11-05 17:00:00,,8.5,4.9,15.0,0.0,0.0,2.9,12.6,1026.4,7.2,6.8,97.0,0.0,0.0,6.1,1026.4,0.0,,0,0,152.28571428571428
2024-11-05 18:00:00,,8.5,4.9,15.0,0.0,0.0,2.9,12.6,1026.4,6.7,6.6,99.0,0.0,0.0,4.3,1026.7,0.0,,0,0,121.28571428571429
2024-11-05 19:00:00,,8.5,4.9,15.0,0.0,0.0,2.9,12.6,1026.4,6.4,6.3,99.0,0.0,3.6,5.0,1026.7,0.0,,0,0,136.42857142857142
2024-11-05 20:00:00,,8.5,4.9,15.0,0.0,0.0,2.9,12.6,1026.4,8.1,5.4,83.0,0.0,4.3,6.5,1025.9,0.0,,0,0,117.42857142857143
2024-11-05 21:00:00,,8.5,4.9,15.0,0.0,0.0,2.9,12.6,1026.4,5.0,4.9,99.0,0.0,0.0,4.7,1027.5,0.0,,0,0,88.375
2024-11-05 22:00:00,,8.5,4.9,15.0,0.0,0.0,2.9,12.6,1026.4,4.9,4.8,99.0,0.0,0.0,6.5,1027.7,0.0,,0,0,51.857142857142854
2024-11-05 23:00:00,,8.5,4.9,15.0,0.0,0.0,2.9,12.6,1026.4,5.0,5.0,100.0,0.0,0.0,8.3,1027.8,0.0,,0,0,29.142857142857142
2024-11-06 00:00:00,,7.8,4.2,13.9,0.0,0.0,2.8,11.9,1029.5,4.4,4.4,100.0,0.0,0.0,5.8,1028.1,0.0,,0,0,22.142857142857142
2024-11-06 01:00:00,,7.8,4.2,13.9,0.0,0.0,2.8,11.9,1029.5,4.4,4.4,100.0,0.0,0.0,6.1,1028.3,0.0,,0,0,21.571428571428573
2024-11-06 02:00:00,,7.8,4.2,13.9,0.0,0.0,2.8,11.9,1029.5,4.6,4.6,100.0,0.0,0.0,6.5,1028.3,0.0,,0,0,21.0
2024-11-06 03:00:00,,7.8,4.2,13.9,0.0,0.0,2.8,11.9,1029.5,4.2,4.2,100.0,0.0,0.0,6.8,1028.4,0.0,,0,0,21.0
2024-11-06 04:00:00,,7.8,4.2,13.9,0.0,0.0,2.8,11.9,1029.5,4.8,4.8,100.0,0.0,3.6,6.5,1028.6,0.0,,0,0,20.714285714285715
2024-11-06 05:00:00,,7.8,4.2,13.9,0.0,0.0,2.8,11.9,1029.5,5.9,5.9,100.0,0.0,3.6,6.1,1028.7,0.0,,0,0,20.428571428571427
2024-11-06 06:00:00,,7.8,4.2,13.9,0.0,0.0,2.8,11.9,1029.5,6.1,6.1,100.0,0.0,3.6,9.7,1029.1,0.0,,0,0,22.142857142857142
2024-11-06 07:00:00,,7.8,4.2,13.9,0.0,0.0,2.8,11.9,1029.5,5.9,5.9,100.0,0.0,3.6,5.4,1029.8,0.0,,1,0,77.625
2024-11-06 08:00:00,,7.8,4.2,13.9,0.0,0.0,2.8,11.9,1029.5,9.7,5.5,75.0,0.0,7.2,7.9,1029.5,0.0,,1,0,187.57142857142858
2024-11-06 09:00:00,,7.8,4.2,13.9,0.0,0.0,2.8,11.9,1029.5,12.3,7.0,70.0,0.0,3.2,8.3,1029.8,0.0,,1,0,319.85714285714283
2024-11-06 10:00:00,,7.8,4.2,13.9,0.0,0.0,2.8,11.9,1029.5,7.6,7.6,100.0,0.0,3.6,8.6,1030.7,6.0,,1,0,369.14285714285717
2024-11-06 11:00:00,,7.8,4.2,13.9,0.0,0.0,2.8,11.9,1029.5,8.7,8.7,100.0,0.0,3.6,9.0,1030.1,59.0,,1,0,316.85714285714283
2024-11-06 12:00:00,,7.8,4.2,13.9,0.0,0.0,2.8,11.9,1029.5,9.0,8.2,95.0,0.0,7.2,10.1,1029.8,59.0,,1,0,247.125
2024-11-06 13:00:00,,7.8,4.2,13.9,0.0,0.0,2.8,11.9,1029.5,11.2,8.9,86.0,0.0,3.6,11.9,1029.0,31.0,,0,0,223.57142857142858
2024-11-06 14:00:00,,7.8,4.2,13.9,0.0,0.0,2.8,11.9,1029.5,13.9,9.7,76.0,0.0,4.7,11.5,1029.1,1.0,,0,0,236.28571428571428
2024-11-06 15:00:00,,7.8,4.2,13.9,0.0,0.0,2.8,11.9,1029.5,9.4,8.6,95.0,0.0,3.6,7.9,1029.3,0.0,,0,0,239.0
2024-11-06 16:00:00,,7.8,4.2,13.9,0.0,0.0,2.8,11.9,1029.5,11.6,10.8,95.0,0.0,2.9,6.5,1030.2,0.0,,0,0,210.28571428571428
2024-11-06 17:00:00,,7.8,4.2,13.9,0.0,0.0,2.8,11.9,1029.5,8.4,8.4,100.0,0.0,3.6,6.8,1029.7,0.0,,0,0,168.0
2024-11-06 18:00:00,,7.8,4.2,13.9,0.0,0.0,2.8,11.9,1029.5,8.3,8.3,100.0,0.0,0.0,5.8,1030.1,0.0,,0,0,160.14285714285714
2024-11-06 19:00:00,,7.8,4.2,13.9,0.0,0.0,2.8,11.9,1029.5,10.7,10.5,99.0,0.0,3.2,5.8,1030.7,0.0,,0,0,218.42857142857142
2024-11-06 20:00:00,,7.8,4.2,13.9,0.0,0.0,2.8,11.9,1029.5,7.9,7.9,100.0,0.0,0.0,5.4,1030.4,0.0,,0,0,257.42857142857144
2024-11-06 21:00:00,,7.8,4.2,13.9,0.0,0.0,2.8,11.9,1029.5,7.2,7.2,100.0,0.0,3.6,5.4,1030.7,0.0,,0,0,229.71428571428572
2024-11-06 22:00:00,,7.8,4.2,13.9,0.0,0.0,2.8,11.9,1029.5,6.4,6.4,100.0,0.0,3.6,8.6,1030.7,0.0,,0,0,112.75
2024-11-06 23:00:00,,7.8,4.2,13.9,0.0,0.0,2.8,11.9,1029.5,6.8,6.8,100.0,0.0,3.6,6.5,1030.7,0.0,,0,0,36.142857142857146
2024-11-07 00:00:00,,8.6,6.8,10.9,0.0,0.0,3.5,18.7,1029.8,7.0,7.0,100.0,0.0,3.6,10.1,1030.7,0.0,,0,0,24.714285714285715
2024-11-07 01:00:00,,8.6,6.8,10.9,0.0,0.0,3.5,18.7,1029.8,7.5,7.5,100.0,0.0,3.6,10.8,1030.6,0.0,,0,0,22.0
2024-11-07 02:00:00,,8.6,6.8,10.9,0.0,0.0,3.5,18.7,1029.8,7.7,7.7,100.0,0.0,0.0,7.2,1030.4,0.0,,0,0,22.0
2024-11-07 03:00:00,,8.6,6.8,10.9,0.0,0.0,3.5,18.7,1029.8,7.5,7.5,100.0,0.0,3.6,7.2,1030.2,0.0,,0,0,22.0
2024-11-07 04:00:00,,8.6,6.8,10.9,0.0,0.0,3.5,18.7,1029.8,7.6,7.6,100.0,0.0,7.2,7.9,1030.2,0.0,,0,0,22.0
2024-11-07 05:00:00,,8.6,6.8,10.9,0.0,0.0,3.5,18.7,1029.8,7.4,7.4,100.0,0.0,3.6,12.6,1030.1,0.0,,0,0,22.428571428571427
2024-11-07 06:00:00,,8.6,6.8,10.9,0.0,0.0,3.5,18.7,1029.8,7.5,7.5,100.0,0.0,3.6,15.1,1030.1,0.0,,0,0,25.285714285714285
2024-11-07 07:00:00,,8.6,6.8,10.9,0.0,0.0,3.5,18.7,1029.8,7.5,7.5,100.0,0.0,3.6,13.0,1030.4,0.0,,0,0,79.85714285714286
2024-11-07 08:00:00,,8.6,6.8,10.9,0.0,0.0,3.5,18.7,1029.8,7.5,7.5,100.0,0.0,3.6,17.6,1030.5,0.0,,0,0,175.25
2024-11-07 09:00:00,,8.6,6.8,10.9,0.0,0.0,3.5,18.7,1029.8,7.5,7.5,100.0,0.0,3.6,18.7,1030.6,0.0,,0,0,278.7142857142857
2024-11-07 10:00:00,,8.6,6.8,10.9,0.0,0.0,3.5,18.7,1029.8,8.2,8.1,99.0,0.0,3.6,11.9,1030.4,0.0,,0,0,329.2857142857143
2024-11-07 11:00:00,,8.6,6.8,10.9,0.0,0.0,3.5,18.7,1029.8,9.1,8.6,97.0,0.0,3.6,7.9,1030.0,0.0,,0,0,299.85714285714283
2024-11-07 12:00:00,,8.6,6.8,10.9,0.0,0.0,3.5,18.7,1029.8,10.7,9.0,89.0,0.0,3.6,5.4,1029.2,0.0,,0,0,260.85714285714283
2024-11-07 13:00:00,,8.6,6.8,10.9,0.0,0.0,3.5,18.7,1029.8,10.9,8.1,83.0,0.0,3.6,9.0,1028.9,0.0,,0,0,250.875
2024-11-07 14:00:00,,8.6,6.8,10.9,0.0,0.0,3.5,18.7,1029.8,10.7,8.1,84.0,0.0,3.6,11.5,1028.9,0.0,,0,0,285.7142857142857
2024-11-07 15:00:00,,8.6,6.8,10.9,0.0,0.0,3.5,18.7,1029.8,10.4,8.3,87.0,0.0,3.6,8.3,1028.9,0.0,,0,0,267.2857142857143
2024-11-07 16:00:00,,8.6,6.8,10.9,0.0,0.0,3.5,18.7,1029.8,10.0,7.8,86.0,0.0,3.6,8.6,1029.0,0.0,,0,0,203.85714285714286
2024-11-07 17:00:00,,8.6,6.8,10.9,0.0,0.0,3.5,18.7,1029.8,10.0,7.8,86.0,0.0,3.6,8.3,1029.0,0.0,,0,0,158.85714285714286
2024-11-07 18:00:00,,8.6,6.8,10.9,0.0,0.0,3.5,18.7,1029.8,9.8,8.1,89.0,0.0,3.6,5.4,1029.1,0.0,,0,0,158.125
2024-11-07 19:00:00,,8.6,6.8,10.9,0.0,0.0,3.5,18.7,1029.8,7.2,6.6,96.0,0.0,4.0,5.0,1029.7,0.0,,0,0,171.42857142857142
2024-11-07 20:00:00,,8.6,6.8,10.9,0.0,0.0,3.5,18.7,1029.8,9.6,7.9,89.0,0.0,0.0,6.5,1029.1,0.0,,0,0,135.85714285714286
2024-11-07 21:00:00,,8.6,6.8,10.9,0.0,0.0,3.5,18.7,1029.8,9.6,8.5,93.0,0.0,3.6,13.0,1029.1,0.0,,0,0,97.28571428571429
2024-11-07 22:00:00,,8.6,6.8,10.9,0.0,0.0,3.5,18.7,1029.8,9.8,7.2,84.0,0.0,3.6,13.3,1029.1,0.0,,0,0,64.71428571428571
2024-11-07 23:00:00,,8.6,6.8,10.9,0.0,0.0,3.5,18.7,1029.8,9.6,6.9,83.0,0.0,3.6,11.5,1029.1,0.0,,0,0,36.125
2024-11-08 00:00:00,,7.5,3.8,11.6,0.0,0.0,3.5,18.4,1027.0,9.3,6.4,82.0,0.0,7.2,13.7,1028.7,0.0,Martinimarkt,0,0,27.571428571428573
2024-11-08 01:00:00,,7.5,3.8,11.6,0.0,0.0,3.5,18.4,1027.0,8.9,6.3,84.0,0.0,3.6,9.0,1028.6,0.0,Martinimarkt,0,0,25.571428571428573
2024-11-08 02:00:00,,7.5,3.8,11.6,0.0,0.0,3.5,18.4,1027.0,4.0,1.7,85.0,0.0,4.7,10.8,1029.0,0.0,Martinimarkt,0,0,25.0
2024-11-08 03:00:00,,7.5,3.8,11.6,0.0,0.0,3.5,18.4,1027.0,7.8,6.6,92.0,0.0,3.6,15.1,1028.1,0.0,Martinimarkt,0,0,25.0
2024-11-08 04:00:00,,7.5,3.8,11.6,0.0,0.0,3.5,18.4,1027.0,6.9,5.8,93.0,0.0,3.6,15.5,1027.9,0.0,Martinimarkt,0,0,25.0
2024-11-08 05:00:00,,7.5,3.8,11.6,0.0,0.0,3.5,18.4,1027.0,4.4,1.3,80.0,0.0,5.4,17.6,1028.3,0.0,Martinimarkt,0,0,24.714285714285715
2024-11-08 06:00:00,,7.5,3.8,11.6,0.0,0.0,3.5,18.4,1027.0,3.8,0.8,81.0,0.0,5.4,18.4,1028.0,0.0,Martinimarkt,0,0,30.714285714285715
2024-11-08 07:00:00,,7.5,3.8,11.6,0.0,0.0,3.5,18.4,1027.0,4.5,4.4,99.0,0.0,3.6,17.3,1027.9,0.0,Martinimarkt,0,0,78.0
2024-11-08 08:00:00,,7.5,3.8,11.6,0.0,0.0,3.5,18.4,1027.0,6.7,5.3,91.0,0.0,3.6,7.9,1027.6,26.0,Martinimarkt,0,0,174.57142857142858
2024-11-08 09:00:00,,7.5,3.8,11.6,0.0,0.0,3.5,18.4,1027.0,8.8,3.6,70.0,0.0,3.2,5.4,1027.9,53.0,Martinimarkt,0,0,292.2857142857143
2024-11-08 10:00:00,,7.5,3.8,11.6,0.0,0.0,3.5,18.4,1027.0,10.4,6.0,74.0,0.0,0.0,7.2,1026.5,53.0,Martinimarkt,0,0,369.75
2024-11-08 11:00:00,,7.5,3.8,11.6,0.0,0.0,3.5,18.4,1027.0,11.0,5.3,68.0,0.0,3.6,11.2,1025.6,59.0,Martinimarkt,0,0,382.0
2024-11-08 12:00:00,,7.5,3.8,11.6,0.0,0.0,3.5,18.4,1027.0,11.3,6.6,73.0,0.0,7.2,11.5,1025.1,60.0,Martinimarkt,0,0,346.7142857142857
2024-11-08 13:00:00,,7.5,3.8,11.6,0.0,0.0,3.5,18.4,1027.0,11.6,6.3,70.0,0.0,7.2,14.4,1024.6,60.0,Martinimarkt,0,0,370.57142857142856
2024-11-08 14:00:00,,7.5,3.8,11.6,0.0,0.0,3.5,18.4,1027.0,11.1,7.6,79.0,0.0,4.7,15.5,1025.8,60.0,Martinimarkt,0,0,408.85714285714283
2024-11-08 15:00:00,,7.5,3.8,11.6,0.0,0.0,3.5,18.4,1027.0,10.3,7.0,80.0,0.0,7.2,13.3,1024.9,60.0,Martinimarkt,0,0,415.875
2024-11-08 16:00:00,,7.5,3.8,11.6,0.0,0.0,3.5,18.4,1027.0,8.4,6.4,87.0,0.0,3.6,11.2,1025.4,15.0,Martinimarkt,0,0,415.0
2024-11-08 17:00:00,,7.5,3.8,11.6,0.0,0.0,3.5,18.4,1027.0,6.9,5.8,93.0,0.0,0.0,6.1,1025.9,0.0,Martinimarkt,0,0,413.2857142857143
2024-11-08 18:00:00,,7.5,3.8,11.6,0.0,0.0,3.5,18.4,1027.0,5.6,5.2,97.0,0.0,0.0,6.5,1026.1,0.0,Martinimarkt,0,0,406.14285714285717
2024-11-08 19:00:00,,7.5,3.8,11.6,0.0,0.0,3.5,18.4,1027.0,5.3,5.0,98.0,0.0,0.0,5.8,1026.4,0.0,Martinimarkt,0,0,360.42857142857144
2024-11-08 20:00:00,,7.5,3.8,11.6,0.0,0.0,3.5,18.4,1027.0,4.9,4.8,99.0,0.0,0.0,7.2,1026.7,0.0,Martinimarkt,0,0,306.0
2024-11-08 21:00:00,,7.5,3.8,11.6,0.0,0.0,3.5,18.4,1027.0,4.9,4.8,99.0,0.0,3.6,6.8,1027.0,0.0,Martinimarkt,0,0,260.57142857142856
2024-11-08 22:00:00,,7.5,3.8,11.6,0.0,0.0,3.5,18.4,1027.0,4.4,4.4,100.0,0.0,0.0,7.9,1027.1,0.0,Martinimarkt,0,0,210.71428571428572
2024-11-08 23:00:00,,7.5,3.8,11.6,0.0,0.0,3.5,18.4,1027.0,4.4,1.1,79.0,0.0,7.2,6.5,1026.2,0.0,Martinimarkt,0,0,152.0
2024-11-09 00:00:00,,6.5,3.9,8.2,0.0,0.0,3.3,15.5,1026.8,3.9,3.9,100.0,0.0,3.6,4.0,1027.2,0.0,,0,0,116.14285714285714
2024-11-09 01:00:00,,6.5,3.9,8.2,0.0,0.0,3.3,15.5,1026.8,4.1,4.0,99.0,0.0,0.0,5.8,1027.2,0.0,,0,0,92.0
2024-11-09 02:00:00,,6.5,3.9,8.2,0.0,0.0,3.3,15.5,1026.8,4.3,4.3,100.0,0.0,0.0,5.0,1027.2,0.0,,0,0,80.42857142857143
2024-11-09 03:00:00,,6.5,3.9,8.2,0.0,0.0,3.3,15.5,1026.8,5.0,5.0,100.0,0.0,0.0,6.8,1027.2,0.0,,0,0,67.42857142857143
2024-11-09 04:00:00,,6.5,3.9,8.2,0.0,0.0,3.3,15.5,1026.8,5.7,5.6,99.0,0.0,3.6,7.6,1027.2,0.0,,0,0,65.42857142857143
2024-11-09 05:00:00,,6.5,3.9,8.2,0.0,0.0,3.3,15.5,1026.8,6.1,6.0,99.0,0.0,3.6,6.8,1027.5,0.0,,0,0,65.0
2024-11-09 06:00:00,,6.5,3.9,8.2,0.0,0.0,3.3,15.5,1026.8,6.3,6.0,98.0,0.0,3.6,6.8,1027.4,0.0,,0,0,66.25
2024-11-09 07:00:00,,6.5,3.9,8.2,0.0,0.0,3.3,15.5,1026.8,6.7,6.3,97.0,0.0,3.6,10.1,1027.2,0.0,,1,0,82.0
2024-11-09 08:00:00,,6.5,3.9,8.2,0.0,0.0,3.3,15.5,1026.8,7.0,6.1,94.0,0.0,0.0,11.5,1027.1,0.0,,1,0,238.85714285714286
2024-11-09 09:00:00,,6.5,3.9,8.2,0.0,0.0,3.3,15.5,1026.8,7.1,6.0,93.0,0.0,3.6,12.2,1027.0,0.0,,1,0,401.0
2024-11-09 10:00:00,,6.5,3.9,8.2,0.0,0.0,3.3,15.5,1026.8,7.4,5.9,90.0,0.0,3.6,10.4,1026.9,0.0,,1,0,424.75
2024-11-09 11:00:00,,6.5,3.9,8.2,0.0,0.0,3.3,15.5,1026.8,8.1,5.9,86.0,0.0,3.6,10.8,1026.5,0.0,,1,0,427.42857142857144
2024-11-09 12:00:00,,6.5,3.9,8.2,0.0,0.0,3.3,15.5,1026.8,7.8,6.3,90.0,0.0,7.2,13.3,1026.2,0.0,,1,0,411.85714285714283
2024-11-09 13:00:00,,6.5,3.9,8.2,0.0,0.0,3.3,15.5,1026.8,8.2,6.0,86.0,0.0,7.2,12.6,1025.9,0.0,,0,0,389.7142857142857
2024-11-09 14:00:00,,6.5,3.9,8.2,0.0,0.0,3.3,15.5,1026.8,7.7,6.5,92.0,0.0,7.2,11.9,1025.9,0.0,,0,0,389.85714285714283
2024-11-09 15:00:00,,6.5,3.9,8.2,0.0,0.0,3.3,15.5,1026.8,7.4,6.7,95.0,0.0,3.6,10.1,1025.9,0.0,,0,0,362.85714285714283
2024-11-09 16:00:00,,6.5,3.9,8.2,0.0,0.0,3.3,15.5,1026.8,7.1,6.7,97.0,0.0,3.6,9.4,1026.3,0.0,,0,0,183.75
2024-11-09 17:00:00,,6.5,3.9,8.2,0.0,0.0,3.3,15.5,1026.8,6.9,6.8,99.0,0.0,3.6,8.3,1026.6,0.0,,0,0,93.42857142857143
2024-11-09 18:00:00,,6.5,3.9,8.2,0.0,0.0,3.3,15.5,1026.8,6.9,6.6,98.0,0.0,0.0,9.0,1026.8,0.0,,0,0,94.0
2024-11-09 19:00:00,,6.5,3.9,8.2,0.0,0.0,3.3,15.5,1026.8,6.5,5.1,91.0,0.0,3.6,9.0,1026.2,0.0,,0,0,112.71428571428571
2024-11-09 20:00:00,,6.5,3.9,8.2,0.0,0.0,3.3,15.5,1026.8,7.0,6.7,98.0,0.0,0.0,15.5,1026.9,0.0,,0,0,116.42857142857143
2024-11-09 21:00:00,,6.5,3.9,8.2,0.0,0.0,3.3,15.5,1026.8,7.2,6.5,95.0,0.0,3.6,15.5,1027.1,0.0,,0,0,127.5
2024-11-09 22:00:00,,6.5,3.9,8.2,0.0,0.0,3.3,15.5,1026.8,6.9,6.2,95.0,0.0,3.6,13.3,1027.2,0.0,,0,0,126.14285714285714
2024-11-09 23:00:00,,6.5,3.9,8.2,0.0,0.0,3.3,15.5,1026.8,4.6,2.3,85.0,0.0,4.0,10.8,1026.9,0.0,,0,0,100.28571428571429
2024-11-10 00:00:00,,6.4,4.0,7.9,0.0,0.0,3.9,17.3,1027.5,6.8,5.7,93.0,0.0,3.6,10.4,1027.2,0.0,,0,0,66.71428571428571
2024-11-10 01:00:00,,6.4,4.0,7.9,0.0,0.0,3.9,17.3,1027.5,6.1,5.1,93.0,0.0,3.6,9.0,1027.3,0.0,,0,0,48.857142857142854
2024-11-10 02:00:00,,6.4,4.0,7.9,0.0,0.0,3.9,17.3,1027.5,4.0,1.0,81.0,0.0,5.8,12.6,1026.7,0.0,,0,0,38.75
2024-11-10 03:00:00,,6.4,4.0,7.9,0.0,0.0,3.9,17.3,1027.5,6.1,5.4,95.0,0.0,3.6,17.3,1027.2,0.0,,0,0,34.857142857142854
2024-11-10 04:00:00,,6.4,4.0,7.9,0.0,0.0,3.9,17.3,1027.5,5.8,4.9,94.0,0.0,3.6,16.2,1027.4,0.0,,0,0,33.142857142857146
2024-11-10 05:00:00,,6.4,4.0,7.9,0.0,0.0,3.9,17.3,1027.5,5.2,4.2,93.0,0.0,3.6,16.2,1027.6,0.0,,0,0,32.57142857142857
2024-11-10 06:00:00,,6.4,4.0,7.9,0.0,0.0,3.9,17.3,1027.5,5.1,4.2,94.0,0.0,3.6,16.2,1027.7,0.0,,0,0,32.0
2024-11-10 07:00:00,,6.4,4.0,7.9,0.0,0.0,3.9,17.3,1027.5,5.1,4.4,95.0,0.0,0.0,14.8,1028.1,0.0,,0,0,32.0
2024-11-10 08:00:00,,6.4,4.0,7.9,0.0,0.0,3.9,17.3,1027.5,5.2,4.5,95.0,0.0,3.6,16.2,1028.2,10.0,,0,0,32.57142857142857
2024-11-10 09:00:00,,6.4,4.0,7.9,0.0,0.0,3.9,17.3,1027.5,5.4,4.5,94.0,0.0,0.0,13.0,1028.2,2.0,,0,0,39.57142857142857
2024-11-10 10:00:00,,6.4,4.0,7.9,0.0,0.0,3.9,17.3,1027.5,6.5,4.8,89.0,0.0,3.6,11.9,1027.7,39.0,,0,0,78.14285714285714
2024-11-10 11:00:00,,6.4,4.0,7.9,0.0,0.0,3.9,17.3,1027.5,7.5,5.1,85.0,0.0,7.2,12.2,1027.2,32.0,,0,0,91.71428571428571
2024-11-10 12:00:00,,6.4,4.0,7.9,0.0,0.0,3.9,17.3,1027.5,7.9,5.7,86.0,0.0,7.2,12.6,1026.9,28.0,,0,0,72.875
2024-11-10 13:00:00,,6.4,4.0,7.9,0.0,0.0,3.9,17.3,1027.5,7.9,5.4,84.0,0.0,7.2,14.0,1026.7,0.0,,0,0,57.142857142857146
2024-11-10 14:00:00,,6.4,4.0,7.9,0.0,0.0,3.9,17.3,1027.5,7.8,6.1,89.0,0.0,3.6,15.1,1026.7,0.0,,0,0,54.714285714285715
2024-11-10 15:00:00,,6.4,4.0,7.9,0.0,0.0,3.9,17.3,1027.5,7.3,5.8,90.0,0.0,3.6,13.3,1026.8,0.0,,0,0,58.142857142857146
2024-11-10 16:00:00,,6.4,4.0,7.9,0.0,0.0,3.9,17.3,1027.5,7.1,6.0,93.0,0.0,3.6,10.1,1027.1,0.0,,0,0,59.42857142857143
2024-11-10 17:00:00,,6.4,4.0,7.9,0.0,0.0,3.9,17.3,1027.5,7.0,5.9,93.0,0.0,3.6,7.6,1027.6,0.0,,0,0,84.625
2024-11-10 18:00:00,,6.4,4.0,7.9,0.0,0.0,3.9,17.3,1027.5,7.0,5.9,93.0,0.0,3.6,8.3,1028.1,0.0,,0,0,118.14285714285714
2024-11-10 19:00:00,,6.4,4.0,7.9,0.0,0.0,3.9,17.3,1027.5,7.1,6.0,93.0,0.0,3.6,9.0,1028.1,0.0,,0,0,118.42857142857143
2024-11-10 20:00:00,,6.4,4.0,7.9,0.0,0.0,3.9,17.3,1027.5,7.0,5.9,93.0,0.0,3.6,8.3,1028.3,0.0,,0,0,101.14285714285714
2024-11-10 21:00:00,,6.4,4.0,7.9,0.0,0.0,3.9,17.3,1027.5,6.9,5.8,93.0,0.0,3.6,13.0,1028.5,0.0,,0,0,62.0
2024-11-10 22:00:00,,6.4,4.0,7.9,0.0,0.0,3.9,17.3,1027.5,6.9,5.5,91.0,0.0,3.6,9.4,1028.7,0.0,,0,0,40.75
2024-11-10 23:00:00,,6.4,4.0,7.9,0.0,0.0,3.9,17.3,1027.5,6.9,5.5,91.0,0.0,3.6,10.4,1029.2,0.0,,0,0,31.428571428571427
2024-11-11 00:00:00,,6.8,5.7,7.7,4.6,0.0,3.1,19.4,1028.5,6.8,5.4,91.0,0.0,3.6,11.9,1029.2,0.0,Faschingsauftakt Innenstadt,0,0,31.0
2024-11-11 01:00:00,,6.8,5.7,7.7,4.6,0.0,3.1,19.4,1028.5,6.6,5.2,91.0,0.0,3.6,12.2,1029.3,0.0,Faschingsauftakt Innenstadt,0,0,31.0
2024-11-11 02:00:00,,6.8,5.7,7.7,4.6,0.0,3.1,19.4,1028.5,6.3,5.4,94.0,0.0,4.7,18.7,1029.5,0.0,Faschingsauftakt Innenstadt,0,0,31.0
2024-11-11 03:00:00,,6.8,5.7,7.7,4.6,0.0,3.1,19.4,1028.5,6.3,4.3,87.0,0.0,3.6,13.3,1029.1,0.0,Faschingsauftakt Innenstadt,0,0,31.125
2024-11-11 04:00:00,,6.8,5.7,7.7,4.6,0.0,3.1,19.4,1028.5,6.3,4.8,90.0,0.0,0.0,12.2,1029.2,0.0,Faschingsauftakt Innenstadt,0,0,32.0
2024-11-11 05:00:00,,6.8,5.7,7.7,4.6,0.0,3.1,19.4,1028.5,6.4,4.6,88.0,0.0,3.6,10.1,1029.4,0.0,Faschingsauftakt Innenstadt,0,0,32.0
2024-11-11 06:00:00,,6.8,5.7,7.7,4.6,0.0,3.1,19.4,1028.5,6.1,4.6,90.0,0.0,3.6,12.6,1029.5,0.0,Faschingsauftakt Innenstadt,0,0,34.0
2024-11-11 07:00:00,,6.8,5.7,7.7,4.6,0.0,3.1,19.4,1028.5,5.7,4.0,89.0,0.0,3.6,10.8,1030.1,0.0,Faschingsauftakt Innenstadt,0,0,67.57142857142857
2024-11-11 08:00:00,,6.8,5.7,7.7,4.6,0.0,3.1,19.4,1028.5,6.3,4.0,85.0,0.0,3.6,7.9,1030.3,0.0,Faschingsauftakt Innenstadt,0,0,159.125
2024-11-11 09:00:00,,6.8,5.7,7.7,4.6,0.0,3.1,19.4,1028.5,7.7,4.6,81.0,0.0,4.0,9.4,1030.3,0.0,Faschingsauftakt Innenstadt,0,0,383.57142857142856
2024-11-11 10:00:00,,6.8,5.7,7.7,4.6,0.0,3.1,19.4,1028.5,7.0,4.0,81.0,0.0,3.6,10.1,1029.7,0.0,Faschingsauftakt Innenstadt,0,0,392.85714285714283
2024-11-11 11:00:00,,6.8,5.7,7.7,4.6,0.0,3.1,19.4,1028.5,7.1,3.9,80.0,0.0,3.6,13.0,1029.4,0.0,Faschingsauftakt Innenstadt,0,0,328.85714285714283
2024-11-11 12:00:00,,6.8,5.7,7.7,4.6,0.0,3.1,19.4,1028.5,7.4,4.9,84.0,0.0,3.6,13.0,1029.0,0.0,Faschingsauftakt Innenstadt,0,0,257.85714285714283
2024-11-11 13:00:00,,6.8,5.7,7.7,4.6,0.0,3.1,19.4,1028.5,7.4,4.5,82.0,0.0,3.6,19.4,1028.0,0.0,Faschingsauftakt Innenstadt,0,0,240.375
2024-11-11 14:00:00,,6.8,5.7,7.7,4.6,0.0,3.1,19.4,1028.5,7.5,4.4,81.0,0.0,3.6,18.0,1027.7,0.0,Faschingsauftakt Innenstadt,0,0,262.42857142857144
2024-11-11 15:00:00,,6.8,5.7,7.7,4.6,0.0,3.1,19.4,1028.5,7.5,4.4,81.0,0.0,3.6,8.6,1027.3,0.0,Faschingsauftakt Innenstadt,0,0,272.0
